wind_dir,wind_speed_ms,visibility,phenomena,cloudiness,T,Td,f,Te,Tes,comfort,P,Po,Tmin,Tmax,R,R24,S,datetime_utc,datetime_local,year,month
штиль,0.0,н/о,,н/о,6.9,6.6,98,6.0,6.0,по сезону,1020.4,1015.7,,,,,,2023-09-30 00:00:00,2023-09-30 04:00:00,2023,9
СЗ,1.0,н/о,,н/о,8.2,7.7,97,7.0,7.0,по сезону,1020.8,1016.1,5.5,,,,,2023-09-30 03:00:00,2023-09-30 07:00:00,2023,9
С,1.0,н/о,,н/о,13.2,9.4,78,13.0,13.0,тепло,1021.6,1017.0,,,,,,2023-09-30 06:00:00,2023-09-30 10:00:00,2023,9
С,4.0,н/о,,н/о,16.8,8.0,56,16.0,16.0,тепло,1021.4,1016.9,,,,,,2023-09-30 09:00:00,2023-09-30 13:00:00,2023,9
СВ,1.0,н/о,,н/о,17.0,6.6,50,18.0,18.0,тепло,1021.3,1016.8,,,,,,2023-09-30 12:00:00,2023-09-30 16:00:00,2023,9
штиль,0.0,н/о,,н/о,11.0,7.8,81,10.0,10.0,по сезону,1021.5,1016.9,,17.7,,,,2023-09-30 15:00:00,2023-09-30 19:00:00,2023,9
штиль,0.0,н/о,,н/о,6.9,5.9,93,6.0,6.0,по сезону,1021.7,1017.1,,,,,,2023-09-30 18:00:00,2023-09-30 22:00:00,2023,9
штиль,0.0,н/о,,н/о,4.8,4.4,97,4.0,4.0,по сезону,1021.6,1016.9,,,,,,2023-09-30 21:00:00,2023-10-01 01:00:00,2023,9
штиль,0.0,н/о,,н/о,3.3,3.2,99,2.0,2.0,по сезону,1021.6,1016.8,,,,,,2023-10-01 00:00:00,2023-10-01 04:00:00,2023,10
штиль,0.0,н/о,,н/о,2.7,2.7,100,1.0,1.0,прохладно,1021.6,1016.8,1.5,,,,,2023-10-01 03:00:00,2023-10-01 07:00:00,2023,10
штиль,0.0,н/о,,н/о,13.5,8.9,74,13.0,13.0,тепло,1021.2,1016.7,,,,,,2023-10-01 06:00:00,2023-10-01 10:00:00,2023,10
ЮЗ,2.0,н/о,,н/о,19.2,6.9,45,20.0,20.0,тепло,1019.8,1015.3,,,,,,2023-10-01 09:00:00,2023-10-01 13:00:00,2023,10
Ю,1.0,н/о,,н/о,20.7,6.0,38,23.0,23.0,комфорт,1018.5,1014.1,,,,,,2023-10-01 12:00:00,2023-10-01 16:00:00,2023,10
штиль,0.0,н/о,,н/о,15.8,6.8,55,16.0,16.0,тепло,1017.5,1013.0,,20.9,,,,2023-10-01 15:00:00,2023-10-01 19:00:00,2023,10
Ю,2.0,н/о,,н/о,14.1,5.5,56,14.0,14.0,тепло,1017.4,1012.8,,,,,,2023-10-01 18:00:00,2023-10-01 22:00:00,2023,10
Ю,2.0,н/о,,н/о,12.6,5.1,60,12.0,12.0,тепло,1016.9,1012.4,,,,,,2023-10-01 21:00:00,2023-10-02 01:00:00,2023,10
Ю,1.0,н/о,,н/о,10.4,4.6,67,10.0,10.0,тепло,1016.7,1012.1,,,,,,2023-10-02 00:00:00,2023-10-02 04:00:00,2023,10
Ю,1.0,н/о,,н/о,10.1,4.6,69,10.0,10.0,тепло,1016.6,1012.0,10.0,,,,,2023-10-02 03:00:00,2023-10-02 07:00:00,2023,10
Ю,2.0,н/о,,н/о,14.1,5.7,57,14.0,14.0,тепло,1016.9,1012.3,,,,,,2023-10-02 06:00:00,2023-10-02 10:00:00,2023,10
Ю,3.0,н/о,,н/о,20.9,5.2,36,22.0,22.0,комфорт,1016.2,1011.7,,,,,,2023-10-02 09:00:00,2023-10-02 13:00:00,2023,10
Ю,2.0,н/о,,н/о,21.3,4.5,33,22.0,22.0,комфорт,1015.3,1010.9,,,,,,2023-10-02 12:00:00,2023-10-02 16:00:00,2023,10
штиль,0.0,н/о,,н/о,14.0,8.4,69,14.0,14.0,тепло,1015.4,1010.8,,21.8,,,,2023-10-02 15:00:00,2023-10-02 19:00:00,2023,10
штиль,0.0,н/о,,н/о,10.1,6.5,78,9.0,9.0,тепло,1015.5,1010.9,,,,,,2023-10-02 18:00:00,2023-10-02 22:00:00,2023,10
ЮВ,1.0,н/о,,н/о,8.1,6.8,91,7.0,7.0,по сезону,1015.4,1010.8,,,,,,2023-10-02 21:00:00,2023-10-03 01:00:00,2023,10
штиль,0.0,н/о,,н/о,7.4,6.3,93,6.0,6.0,по сезону,1015.0,1010.4,,,,,,2023-10-03 00:00:00,2023-10-03 04:00:00,2023,10
штиль,0.0,н/о,,н/о,7.1,6.5,96,6.0,6.0,по сезону,1015.1,1010.4,6.6,,,,,2023-10-03 03:00:00,2023-10-03 07:00:00,2023,10
штиль,0.0,н/о,,н/о,15.6,8.3,62,15.0,15.0,тепло,1015.3,1010.8,,,,,,2023-10-03 06:00:00,2023-10-03 10:00:00,2023,10
штиль,0.0,н/о,,н/о,19.9,6.7,42,20.0,20.0,тепло,1015.3,1010.8,,,,,,2023-10-03 09:00:00,2023-10-03 13:00:00,2023,10
штиль,0.0,н/о,,н/о,20.9,5.3,36,21.0,21.0,комфорт,1015.3,1010.9,,,,,,2023-10-03 12:00:00,2023-10-03 16:00:00,2023,10
штиль,0.0,н/о,,н/о,13.6,8.5,71,13.0,13.0,тепло,1016.3,1011.7,,22.0,,,,2023-10-03 15:00:00,2023-10-03 19:00:00,2023,10
штиль,0.0,н/о,,н/о,11.5,9.9,90,11.0,11.0,тепло,1017.7,1013.2,,,,,,2023-10-03 18:00:00,2023-10-03 22:00:00,2023,10
штиль,0.0,н/о,,н/о,9.9,9.5,97,9.0,9.0,тепло,1018.9,1014.3,,,,,,2023-10-03 21:00:00,2023-10-04 01:00:00,2023,10
штиль,0.0,н/о,,н/о,7.0,6.9,99,6.0,6.0,тепло,1019.9,1015.2,,,,,,2023-10-04 00:00:00,2023-10-04 04:00:00,2023,10
штиль,0.0,н/о,,н/о,6.2,6.2,100,5.0,5.0,по сезону,1020.4,1015.7,5.0,,,,,2023-10-04 03:00:00,2023-10-04 07:00:00,2023,10
штиль,0.0,н/о,,н/о,12.9,10.9,88,12.0,12.0,тепло,1021.1,1016.5,,,,,,2023-10-04 06:00:00,2023-10-04 10:00:00,2023,10
СЗ,2.0,н/о,,н/о,16.5,9.7,64,17.0,17.0,тепло,1020.6,1016.1,,,,,,2023-10-04 09:00:00,2023-10-04 13:00:00,2023,10
ЮЗ,2.0,н/о,,н/о,18.1,7.4,50,19.0,19.0,тепло,1019.5,1015.0,,,,,,2023-10-04 12:00:00,2023-10-04 16:00:00,2023,10
штиль,0.0,н/о,,н/о,12.6,6.4,66,12.0,12.0,тепло,1018.7,1014.1,,18.2,,,,2023-10-04 15:00:00,2023-10-04 19:00:00,2023,10
штиль,0.0,н/о,,н/о,8.1,5.1,81,7.0,7.0,по сезону,1018.6,1013.9,,,,,,2023-10-04 18:00:00,2023-10-04 22:00:00,2023,10
ЮЗ,2.0,н/о,,н/о,12.4,6.1,65,12.0,12.0,тепло,1018.1,1013.5,,,,,,2023-10-04 21:00:00,2023-10-05 01:00:00,2023,10
Ю,2.0,н/о,,н/о,7.6,5.4,86,6.0,6.0,тепло,1017.6,1012.9,,,,,,2023-10-05 00:00:00,2023-10-05 04:00:00,2023,10
ЮЗ,1.0,н/о,,н/о,5.9,4.4,90,5.0,5.0,по сезону,1017.0,1012.3,4.1,,,,,2023-10-05 03:00:00,2023-10-05 07:00:00,2023,10
штиль,0.0,н/о,,н/о,13.6,8.3,70,13.0,13.0,тепло,1017.1,1012.5,3.8,,,,,2023-10-05 06:00:00,2023-10-05 10:00:00,2023,10
ЮЗ,2.0,н/о,,н/о,17.1,6.7,50,17.0,17.0,тепло,1016.5,1012.0,,,,,,2023-10-05 09:00:00,2023-10-05 13:00:00,2023,10
З,1.0,н/о,,н/о,16.5,7.0,53,17.0,17.0,тепло,1015.6,1011.1,,,,,,2023-10-05 12:00:00,2023-10-05 16:00:00,2023,10
штиль,0.0,н/о,,н/о,11.5,10.8,95,11.0,11.0,тепло,1014.9,1010.3,,17.5,,,,2023-10-05 15:00:00,2023-10-05 19:00:00,2023,10
штиль,0.0,н/о,,н/о,11.4,10.9,97,11.0,11.0,тепло,1014.3,1009.8,,,,,,2023-10-05 18:00:00,2023-10-05 22:00:00,2023,10
штиль,0.0,н/о,,н/о,11.0,11.0,100,10.0,10.0,тепло,1008.4,1008.4,,,,,,2023-10-05 21:00:00,2023-10-06 01:00:00,2023,10
штиль,0.0,н/о,,н/о,10.6,10.6,100,10.0,10.0,тепло,1012.5,1008.0,,,,,,2023-10-06 00:00:00,2023-10-06 04:00:00,2023,10
штиль,0.0,н/о,,н/о,9.6,9.6,100,9.0,9.0,тепло,1013.0,1008.4,9.6,,13.0,,,2023-10-06 03:00:00,2023-10-06 07:00:00,2023,10
штиль,0.0,н/о,,н/о,11.8,11.0,95,11.0,11.0,тепло,1013.5,1008.9,9.2,,,,,2023-10-06 06:00:00,2023-10-06 10:00:00,2023,10
З,1.0,н/о,,н/о,16.2,10.5,69,17.0,17.0,тепло,1012.7,1008.2,,,,,,2023-10-06 09:00:00,2023-10-06 13:00:00,2023,10
ЮЗ,1.0,н/о,,н/о,16.6,8.6,59,18.0,18.0,тепло,1011.5,1007.0,,,,,,2023-10-06 12:00:00,2023-10-06 16:00:00,2023,10
штиль,0.0,н/о,,н/о,12.0,7.4,73,12.0,12.0,тепло,1011.2,1006.6,,17.4,,,,2023-10-06 15:00:00,2023-10-06 19:00:00,2023,10
Ю,1.0,н/о,,н/о,10.6,7.9,83,10.0,10.0,тепло,1010.0,1005.4,,,,,,2023-10-06 18:00:00,2023-10-06 22:00:00,2023,10
Ю,2.0,н/о,,н/о,8.9,7.0,88,7.0,7.0,тепло,1008.3,1003.7,,,,,,2023-10-06 21:00:00,2023-10-07 01:00:00,2023,10
Ю,2.0,н/о,,н/о,10.0,7.1,82,9.0,9.0,тепло,1006.2,1001.6,,,,,,2023-10-07 00:00:00,2023-10-07 04:00:00,2023,10
Ю,2.0,н/о,,н/о,8.8,8.3,97,7.0,7.0,тепло,1004.4,999.8,8.4,,2.0,,,2023-10-07 03:00:00,2023-10-07 07:00:00,2023,10
ЮЗ,1.0,н/о,,н/о,9.9,9.8,99,9.0,9.0,тепло,1003.5,999.0,,,,,,2023-10-07 06:00:00,2023-10-07 10:00:00,2023,10
З,1.0,н/о,,н/о,12.4,8.1,75,12.0,12.0,тепло,1003.1,998.6,,,,,,2023-10-07 09:00:00,2023-10-07 13:00:00,2023,10
З,2.0,н/о,,н/о,11.0,5.8,70,10.0,10.0,по сезону,1003.0,998.5,,,,,,2023-10-07 12:00:00,2023-10-07 16:00:00,2023,10
ЮЗ,,н/о,,н/о,8.5,4.6,76,7.0,7.0,по сезону,1003.3,998.7,,12.8,2.0,,,2023-10-07 15:00:00,2023-10-07 19:00:00,2023,10
ЮЗ,,н/о,,н/о,6.6,3.5,81,4.0,4.0,по сезону,1002.1,997.5,,,,,,2023-10-07 18:00:00,2023-10-07 22:00:00,2023,10
Ю,,н/о,,н/о,5.0,2.5,84,2.0,2.0,по сезону,998.8,994.2,,,,,,2023-10-07 21:00:00,2023-10-08 01:00:00,2023,10
Ю,4.0,н/о,,н/о,4.6,4.4,99,0.0,0.0,по сезону,993.8,989.2,,,,,,2023-10-08 00:00:00,2023-10-08 04:00:00,2023,10
Ю,,н/о,,н/о,6.4,6.3,99,3.0,3.0,по сезону,988.1,983.5,4.4,,7.0,,,2023-10-08 03:00:00,2023-10-08 07:00:00,2023,10
ЮЗ,,н/о,,н/о,10.8,9.9,94,9.0,9.0,тепло,986.3,981.9,,,,,,2023-10-08 06:00:00,2023-10-08 10:00:00,2023,10
З,,н/о,,н/о,12.9,6.3,64,11.0,11.0,тепло,988.4,983.9,,,,,,2023-10-08 09:00:00,2023-10-08 13:00:00,2023,10
ЮЗ,,н/о,,н/о,11.7,4.6,62,10.0,10.0,тепло,989.9,985.4,,,,,,2023-10-08 12:00:00,2023-10-08 16:00:00,2023,10
ЮЗ,,н/о,,н/о,10.6,4.9,68,8.0,8.0,тепло,991.0,986.5,,12.9,4.0,,,2023-10-08 15:00:00,2023-10-08 19:00:00,2023,10
ЮЗ,,н/о,,н/о,8.5,3.3,70,6.0,6.0,тепло,992.2,987.7,,,,,,2023-10-08 18:00:00,2023-10-08 22:00:00,2023,10
ЮЗ,2.0,н/о,,н/о,5.2,0.3,71,3.0,3.0,по сезону,993.7,989.1,,,,,,2023-10-08 21:00:00,2023-10-09 01:00:00,2023,10
Ю,2.0,н/о,,н/о,3.1,0.4,82,0.0,0.0,по сезону,994.5,989.9,,,,,,2023-10-09 00:00:00,2023-10-09 04:00:00,2023,10
ЮЗ,2.0,н/о,,н/о,3.1,0.4,82,0.0,0.0,по сезону,995.4,990.8,3.1,,,,,2023-10-09 03:00:00,2023-10-09 07:00:00,2023,10
ЮЗ,,н/о,,н/о,5.7,0.8,71,2.0,2.0,по сезону,996.0,991.4,2.8,,,,,2023-10-09 06:00:00,2023-10-09 10:00:00,2023,10
ЮЗ,,н/о,,н/о,7.1,1.0,65,5.0,5.0,по сезону,996.8,992.2,,,,,,2023-10-09 09:00:00,2023-10-09 13:00:00,2023,10
ЮЗ,,н/о,,н/о,7.3,-0.4,58,4.0,4.0,по сезону,997.7,993.2,,,,,,2023-10-09 12:00:00,2023-10-09 16:00:00,2023,10
ЮЗ,,н/о,,н/о,6.3,0.7,67,6.0,6.0,по сезону,999.3,994.7,,7.9,,,,2023-10-09 15:00:00,2023-10-09 19:00:00,2023,10
ЮЗ,,н/о,,н/о,5.9,2.2,77,4.0,4.0,по сезону,1000.2,995.6,,,,,,2023-10-09 18:00:00,2023-10-09 22:00:00,2023,10
ЮЗ,2.0,н/о,,н/о,5.2,2.9,85,3.0,3.0,по сезону,1001.0,996.4,,,,,,2023-10-09 21:00:00,2023-10-10 01:00:00,2023,10
ЮЗ,2.0,н/о,,н/о,5.4,3.6,88,3.0,3.0,по сезону,1002.2,997.6,,,,,,2023-10-10 00:00:00,2023-10-10 04:00:00,2023,10
З,1.0,н/о,,н/о,5.0,3.2,88,4.0,4.0,по сезону,1003.5,998.9,4.8,,0.3,,,2023-10-10 03:00:00,2023-10-10 07:00:00,2023,10
З,1.0,н/о,,н/о,6.5,3.2,79,6.0,6.0,по сезону,1005.2,1000.5,,,,,,2023-10-10 06:00:00,2023-10-10 10:00:00,2023,10
ЮЗ,2.0,н/о,,н/о,6.4,3.6,82,4.0,4.0,прохладно,1006.1,1001.5,,,,,,2023-10-10 09:00:00,2023-10-10 13:00:00,2023,10
З,1.0,н/о,,н/о,6.3,3.3,81,5.0,5.0,прохладно,1007.2,1002.6,,,,,,2023-10-10 12:00:00,2023-10-10 16:00:00,2023,10
штиль,0.0,н/о,,н/о,3.9,2.9,93,3.0,3.0,прохладно,1009.5,1004.8,,7.1,0.8,,,2023-10-10 15:00:00,2023-10-10 19:00:00,2023,10
З,1.0,н/о,,н/о,4.0,3.2,95,2.0,2.0,по сезону,1011.3,1006.6,,,,,,2023-10-10 18:00:00,2023-10-10 22:00:00,2023,10
З,1.0,н/о,,н/о,3.0,2.2,94,1.0,1.0,по сезону,1012.4,1007.7,,,,,,2023-10-10 21:00:00,2023-10-11 01:00:00,2023,10
ЮЗ,1.0,н/о,,н/о,1.5,0.9,96,-1.0,-1.0,по сезону,1013.9,1009.1,,,,,,2023-10-11 00:00:00,2023-10-11 04:00:00,2023,10
штиль,0.0,н/о,,н/о,1.4,0.6,94,0.0,0.0,прохладно,1016.0,1011.3,1.4,,2.0,,,2023-10-11 03:00:00,2023-10-11 07:00:00,2023,10
штиль,0.0,н/о,,н/о,2.2,1.1,92,1.0,1.0,прохладно,1018.4,1013.6,1.3,,,,,2023-10-11 06:00:00,2023-10-11 10:00:00,2023,10
З,1.0,н/о,,н/о,4.8,0.8,75,4.0,4.0,прохладно,1019.5,1014.8,,,,,,2023-10-11 09:00:00,2023-10-11 13:00:00,2023,10
З,1.0,н/о,,н/о,6.3,0.2,65,6.0,6.0,прохладно,1020.2,1015.6,,,,,,2023-10-11 12:00:00,2023-10-11 16:00:00,2023,10
штиль,0.0,н/о,,н/о,5.6,0.3,69,5.0,5.0,по сезону,1022.2,1017.5,,6.4,,,,2023-10-11 15:00:00,2023-10-11 19:00:00,2023,10
штиль,0.0,н/о,,н/о,5.0,1.5,78,4.0,4.0,по сезону,1023.8,1019.1,,,,,,2023-10-11 18:00:00,2023-10-11 22:00:00,2023,10
штиль,0.0,н/о,,н/о,4.7,0.9,76,4.0,4.0,по сезону,1024.3,1019.6,,,,,,2023-10-11 21:00:00,2023-10-12 01:00:00,2023,10
штиль,0.0,н/о,,н/о,4.1,0.4,77,3.0,3.0,по сезону,1024.8,1020.1,,,,,,2023-10-12 00:00:00,2023-10-12 04:00:00,2023,10
Ю,1.0,н/о,,н/о,1.8,-1.2,80,0.0,0.0,прохладно,1025.1,1020.3,1.8,,,,,2023-10-12 03:00:00,2023-10-12 07:00:00,2023,10
ЮЗ,3.0,н/о,,н/о,5.4,-0.9,64,2.0,2.0,по сезону,1024.8,1020.0,1.5,,,,,2023-10-12 06:00:00,2023-10-12 10:00:00,2023,10
ЮЗ,,н/о,,н/о,8.2,0.3,57,5.0,5.0,по сезону,1022.6,1018.0,,,,,,2023-10-12 09:00:00,2023-10-12 13:00:00,2023,10
ЮЗ,,н/о,,н/о,9.3,-2.6,43,7.0,7.0,по сезону,1020.2,1015.6,,,,,,2023-10-12 12:00:00,2023-10-12 16:00:00,2023,10
ЮЗ,,н/о,,н/о,8.7,-3.4,42,6.0,6.0,по сезону,1018.0,1013.4,,10.2,,,,2023-10-12 15:00:00,2023-10-12 19:00:00,2023,10
ЮЗ,,н/о,,н/о,8.2,-1.2,51,5.0,5.0,по сезону,1016.3,1011.6,,,,,,2023-10-12 18:00:00,2023-10-12 22:00:00,2023,10
ЮЗ,,н/о,,н/о,7.9,-0.0,57,5.0,5.0,по сезону,1014.6,1010.0,,,,,,2023-10-12 21:00:00,2023-10-13 01:00:00,2023,10
ЮЗ,,н/о,,н/о,7.1,0.8,64,4.0,4.0,по сезону,1013.9,1009.3,,,,,,2023-10-13 00:00:00,2023-10-13 04:00:00,2023,10
ЮЗ,,н/о,,н/о,7.8,0.3,59,5.0,5.0,по сезону,1012.6,1008.0,6.9,,,,,2023-10-13 03:00:00,2023-10-13 07:00:00,2023,10
Ю,,н/о,,н/о,5.3,4.6,95,3.0,3.0,по сезону,1013.6,1008.9,5.3,,,,,2023-10-13 06:00:00,2023-10-13 10:00:00,2023,10
Ю,,н/о,,н/о,7.1,5.2,88,4.0,4.0,по сезону,1012.5,1007.9,,,,,,2023-10-13 09:00:00,2023-10-13 13:00:00,2023,10
ЮЗ,,н/о,,н/о,8.0,6.2,88,5.0,5.0,прохладно,1012.3,1007.6,,,,,,2023-10-13 12:00:00,2023-10-13 16:00:00,2023,10
ЮЗ,,н/о,,н/о,8.2,6.7,90,7.0,7.0,по сезону,1013.5,1008.9,,8.7,6.0,,,2023-10-13 15:00:00,2023-10-13 19:00:00,2023,10
ЮЗ,3.0,н/о,,н/о,8.7,7.2,90,6.0,6.0,по сезону,1014.6,1009.9,,,,,,2023-10-13 18:00:00,2023-10-13 22:00:00,2023,10
З,1.0,н/о,,н/о,7.3,6.5,95,6.0,6.0,тепло,1015.3,1010.7,,,,,,2023-10-13 21:00:00,2023-10-14 01:00:00,2023,10
З,2.0,н/о,,н/о,7.1,6.3,95,5.0,5.0,тепло,1016.6,1012.0,,,,,,2023-10-14 00:00:00,2023-10-14 04:00:00,2023,10
З,1.0,н/о,,н/о,5.6,4.9,95,4.0,4.0,по сезону,1018.1,1013.4,5.5,,,,,2023-10-14 03:00:00,2023-10-14 07:00:00,2023,10
ЮЗ,2.0,н/о,,н/о,8.7,5.6,81,7.0,7.0,по сезону,1019.6,1015.0,5.0,,,,,2023-10-14 06:00:00,2023-10-14 10:00:00,2023,10
З,1.0,н/о,,н/о,12.4,5.6,63,13.0,13.0,тепло,1020.0,1015.4,,,,,,2023-10-14 09:00:00,2023-10-14 13:00:00,2023,10
З,2.0,н/о,,н/о,13.7,2.8,48,13.0,13.0,тепло,1019.2,1014.7,,,,,,2023-10-14 12:00:00,2023-10-14 16:00:00,2023,10
штиль,0.0,н/о,,н/о,9.8,3.4,64,9.0,9.0,тепло,1018.6,1014.0,,14.2,,,,2023-10-14 15:00:00,2023-10-14 19:00:00,2023,10
ЮЗ,2.0,н/о,,н/о,9.5,3.5,66,8.0,8.0,тепло,1018.1,1013.5,,,,,,2023-10-14 18:00:00,2023-10-14 22:00:00,2023,10
ЮЗ,2.0,н/о,,н/о,9.8,4.0,67,8.0,8.0,тепло,1017.0,1012.3,,,,,,2023-10-14 21:00:00,2023-10-15 01:00:00,2023,10
Ю,1.0,н/о,,н/о,9.5,5.2,75,9.0,9.0,тепло,1016.2,1011.5,,,,,,2023-10-15 00:00:00,2023-10-15 04:00:00,2023,10
Ю,2.0,н/о,,н/о,8.9,6.2,83,7.0,7.0,тепло,1015.8,1011.2,6.6,,,,,2023-10-15 03:00:00,2023-10-15 07:00:00,2023,10
ЮЗ,3.0,н/о,,н/о,11.7,7.5,75,10.0,10.0,тепло,1015.8,1011.3,,,,,,2023-10-15 06:00:00,2023-10-15 10:00:00,2023,10
ЮЗ,,н/о,,н/о,16.7,9.5,62,16.0,16.0,тепло,1014.8,1010.3,,,,,,2023-10-15 09:00:00,2023-10-15 13:00:00,2023,10
ЮЗ,,н/о,,н/о,18.5,9.9,57,19.0,19.0,тепло,1013.8,1009.3,,,,,,2023-10-15 12:00:00,2023-10-15 16:00:00,2023,10
ЮЗ,2.0,н/о,,н/о,15.8,10.3,70,16.0,16.0,тепло,1013.9,1009.4,,18.7,,,,2023-10-15 15:00:00,2023-10-15 19:00:00,2023,10
Ю,3.0,н/о,,н/о,14.2,9.3,72,13.0,13.0,тепло,1014.5,1009.9,,,,,,2023-10-15 18:00:00,2023-10-15 22:00:00,2023,10
Ю,2.0,н/о,,н/о,12.7,8.8,77,12.0,12.0,тепло,1014.6,1010.0,,,,,,2023-10-15 21:00:00,2023-10-16 01:00:00,2023,10
Ю,3.0,н/о,,н/о,9.7,7.1,84,7.0,7.0,тепло,1014.3,1009.7,,,,,,2023-10-16 00:00:00,2023-10-16 04:00:00,2023,10
Ю,3.0,н/о,,н/о,8.6,7.5,93,6.0,6.0,тепло,1014.3,1009.7,8.6,,,,,2023-10-16 03:00:00,2023-10-16 07:00:00,2023,10
Ю,3.0,н/о,,н/о,11.9,8.8,81,10.0,10.0,тепло,1014.6,1010.1,8.5,,,,,2023-10-16 06:00:00,2023-10-16 10:00:00,2023,10
Ю,,н/о,,н/о,15.9,7.1,56,15.0,15.0,тепло,1013.7,1009.2,,,,,,2023-10-16 09:00:00,2023-10-16 13:00:00,2023,10
Ю,,н/о,,н/о,17.4,3.1,38,17.0,17.0,тепло,1011.5,1007.0,,,,,,2023-10-16 12:00:00,2023-10-16 16:00:00,2023,10
Ю,,н/о,,н/о,13.7,1.7,44,13.0,13.0,тепло,1010.5,1005.9,,17.8,,,,2023-10-16 15:00:00,2023-10-16 19:00:00,2023,10
Ю,3.0,н/о,,н/о,12.3,1.5,48,11.0,11.0,тепло,1009.1,1004.6,,,,,,2023-10-16 18:00:00,2023-10-16 22:00:00,2023,10
Ю,,н/о,,н/о,10.5,1.8,55,9.0,9.0,тепло,1008.1,1003.5,,,,,,2023-10-16 21:00:00,2023-10-17 01:00:00,2023,10
Ю,,н/о,,н/о,9.5,1.2,56,7.0,7.0,тепло,1005.4,1000.8,,,,,,2023-10-17 00:00:00,2023-10-17 04:00:00,2023,10
Ю,,н/о,,н/о,7.7,1.4,64,4.0,4.0,по сезону,1001.8,997.2,7.7,,,,,2023-10-17 03:00:00,2023-10-17 07:00:00,2023,10
Ю,,н/о,,н/о,7.2,5.0,86,3.0,3.0,по сезону,999.9,995.3,7.2,,,,,2023-10-17 06:00:00,2023-10-17 10:00:00,2023,10
ЮЗ,,н/о,,н/о,7.1,4.1,81,4.0,4.0,по сезону,1001.5,996.9,,,,,,2023-10-17 09:00:00,2023-10-17 13:00:00,2023,10
ЮЗ,,н/о,,н/о,9.0,3.7,69,9.0,9.0,тепло,1004.3,999.8,,,,,,2023-10-17 12:00:00,2023-10-17 16:00:00,2023,10
ЮЗ,,н/о,,н/о,7.4,3.6,77,7.0,7.0,тепло,1007.4,1002.8,,9.3,2.0,,,2023-10-17 15:00:00,2023-10-17 19:00:00,2023,10
ЮЗ,1.0,н/о,,н/о,5.3,2.0,79,4.0,4.0,по сезону,1009.1,1004.5,,,,,,2023-10-17 18:00:00,2023-10-17 22:00:00,2023,10
ЮЗ,2.0,н/о,,н/о,4.6,1.9,83,2.0,2.0,по сезону,1010.1,1005.5,,,,,,2023-10-17 21:00:00,2023-10-18 01:00:00,2023,10
ЮЗ,3.0,н/о,,н/о,2.7,1.2,90,-1.0,-1.0,по сезону,1010.8,1006.1,,,,,,2023-10-18 00:00:00,2023-10-18 04:00:00,2023,10
ЮЗ,2.0,н/о,,н/о,2.1,0.8,91,-1.0,-1.0,по сезону,1011.6,1006.9,1.8,,,,,2023-10-18 03:00:00,2023-10-18 07:00:00,2023,10
ЮЗ,4.0,н/о,,н/о,3.8,1.5,85,-1.0,-1.0,по сезону,1012.9,1008.2,,,,,,2023-10-18 06:00:00,2023-10-18 10:00:00,2023,10
ЮЗ,,н/о,,н/о,6.9,2.2,72,4.0,4.0,по сезону,1013.5,1008.8,,,,,,2023-10-18 09:00:00,2023-10-18 13:00:00,2023,10
ЮЗ,,н/о,,н/о,8.1,1.8,64,5.0,5.0,по сезону,1013.8,1009.2,,,,,,2023-10-18 12:00:00,2023-10-18 16:00:00,2023,10
ЮЗ,,н/о,,н/о,6.3,0.7,67,6.0,6.0,по сезону,1014.7,1010.0,,8.5,,,,2023-10-18 15:00:00,2023-10-18 19:00:00,2023,10
ЮЗ,2.0,н/о,,н/о,7.2,1.4,67,5.0,5.0,тепло,1014.9,1010.2,,,,,,2023-10-18 18:00:00,2023-10-18 22:00:00,2023,10
ЮЗ,1.0,н/о,,н/о,7.3,4.1,80,6.0,6.0,тепло,1015.5,1010.8,,,,,,2023-10-18 21:00:00,2023-10-19 01:00:00,2023,10
ЮЗ,2.0,н/о,,н/о,6.9,3.2,77,5.0,5.0,тепло,1016.0,1011.3,,,,,,2023-10-19 00:00:00,2023-10-19 04:00:00,2023,10
ЮЗ,2.0,н/о,,н/о,4.9,1.3,77,2.0,2.0,по сезону,1016.8,1012.1,4.9,,,,,2023-10-19 03:00:00,2023-10-19 07:00:00,2023,10
Ю,2.0,н/о,,н/о,5.6,1.1,73,3.0,3.0,по сезону,1018.6,1013.9,4.2,,,,,2023-10-19 06:00:00,2023-10-19 10:00:00,2023,10
Ю,2.0,н/о,,н/о,10.8,2.2,55,10.0,10.0,тепло,1018.4,1013.8,,,,,,2023-10-19 09:00:00,2023-10-19 13:00:00,2023,10
ЮЗ,2.0,н/о,,н/о,10.3,-0.6,47,9.0,9.0,тепло,1017.8,1013.2,,,,,,2023-10-19 12:00:00,2023-10-19 16:00:00,2023,10
Ю,1.0,н/о,,н/о,7.4,-1.2,54,7.0,7.0,тепло,1017.9,1013.2,,11.0,,,,2023-10-19 15:00:00,2023-10-19 19:00:00,2023,10
Ю,1.0,н/о,,н/о,5.7,-1.7,59,5.0,5.0,тепло,1017.6,1012.9,,,,,,2023-10-19 18:00:00,2023-10-19 22:00:00,2023,10
Ю,2.0,н/о,,н/о,4.3,-2.1,63,2.0,2.0,по сезону,1016.9,1012.2,,,,,,2023-10-19 21:00:00,2023-10-20 01:00:00,2023,10
Ю,2.0,н/о,,н/о,3.0,-0.6,77,0.0,0.0,по сезону,1016.1,1011.3,,,,,,2023-10-20 00:00:00,2023-10-20 04:00:00,2023,10
штиль,0.0,н/о,,н/о,3.1,1.2,87,2.0,2.0,по сезону,1015.6,1010.9,1.3,,,,,2023-10-20 03:00:00,2023-10-20 07:00:00,2023,10
штиль,0.0,н/о,,н/о,5.5,2.5,81,5.0,5.0,по сезону,1016.2,1011.5,,,,,,2023-10-20 06:00:00,2023-10-20 10:00:00,2023,10
Ю,1.0,н/о,,н/о,9.0,4.1,71,9.0,9.0,тепло,1015.7,1011.1,,,,,,2023-10-20 09:00:00,2023-10-20 13:00:00,2023,10
штиль,0.0,н/о,,н/о,9.5,4.1,69,9.0,9.0,по сезону,1016.1,1011.5,,,,,,2023-10-20 12:00:00,2023-10-20 16:00:00,2023,10
штиль,0.0,н/о,,н/о,6.9,4.1,82,6.0,6.0,по сезону,1016.3,1011.6,,9.5,,,,2023-10-20 15:00:00,2023-10-20 19:00:00,2023,10
штиль,0.0,н/о,,н/о,6.5,6.0,97,5.0,5.0,по сезону,1015.8,1011.2,,,,,,2023-10-20 18:00:00,2023-10-20 22:00:00,2023,10
ЮВ,1.0,н/о,,н/о,6.4,6.3,99,5.0,5.0,тепло,1013.9,1009.2,,,,,,2023-10-20 21:00:00,2023-10-21 01:00:00,2023,10
штиль,0.0,н/о,,н/о,6.8,6.8,100,6.0,6.0,тепло,1010.8,1006.2,,,,,,2023-10-21 00:00:00,2023-10-21 04:00:00,2023,10
штиль,0.0,н/о,,н/о,6.8,6.8,100,6.0,6.0,тепло,1007.3,1002.7,6.2,,13.0,,,2023-10-21 03:00:00,2023-10-21 07:00:00,2023,10
СВ,3.0,н/о,,н/о,6.5,6.5,100,3.0,3.0,по сезону,1003.4,998.8,,,,,,2023-10-21 06:00:00,2023-10-21 10:00:00,2023,10
С,,н/о,,н/о,5.7,5.7,100,1.0,1.0,по сезону,1001.4,996.8,,,,,,2023-10-21 09:00:00,2023-10-21 13:00:00,2023,10
С,,н/о,,н/о,3.7,2.6,93,-2.0,-2.0,холодно,1003.3,998.6,,,,,,2023-10-21 12:00:00,2023-10-21 16:00:00,2023,10
С,,н/о,,н/о,5.0,2.7,85,-1.0,-1.0,прохладно,1006.9,1002.3,,6.8,17.0,,,2023-10-21 15:00:00,2023-10-21 19:00:00,2023,10
С,,н/о,,н/о,3.1,0.1,81,-3.0,-3.0,прохладно,1010.9,1006.2,,,,,,2023-10-21 18:00:00,2023-10-21 22:00:00,2023,10
С,,н/о,,н/о,1.0,-2.6,77,-5.0,-5.0,холодно,1013.9,1009.2,,,,,,2023-10-21 21:00:00,2023-10-22 01:00:00,2023,10
С,,н/о,,н/о,-0.5,-3.8,78,-6.0,-6.0,холодно,1016.9,1012.1,,,,,,2023-10-22 00:00:00,2023-10-22 04:00:00,2023,10
СЗ,1.0,н/о,,н/о,-0.8,-3.4,83,-3.0,-3.0,прохладно,1018.3,1013.5,-1.2,,,,,2023-10-22 03:00:00,2023-10-22 07:00:00,2023,10
СЗ,4.0,н/о,,н/о,2.1,-2.5,72,-3.0,-3.0,прохладно,1020.5,1015.7,,,,,,2023-10-22 06:00:00,2023-10-22 10:00:00,2023,10
СЗ,4.0,н/о,,н/о,4.6,-1.2,66,1.0,1.0,по сезону,1020.7,1016.0,,,,,,2023-10-22 09:00:00,2023-10-22 13:00:00,2023,10
СЗ,2.0,н/о,,н/о,5.9,-0.5,63,4.0,4.0,по сезону,1021.7,1016.9,,,,,,2023-10-22 12:00:00,2023-10-22 16:00:00,2023,10
штиль,0.0,н/о,,н/о,4.6,-0.8,68,4.0,4.0,по сезону,1022.2,1017.5,,6.5,,,,2023-10-22 15:00:00,2023-10-22 19:00:00,2023,10
штиль,0.0,н/о,,н/о,3.8,-5.0,53,3.0,3.0,по сезону,1022.7,1017.9,,,,,,2023-10-22 18:00:00,2023-10-22 22:00:00,2023,10
штиль,0.0,н/о,,н/о,-0.4,-3.1,82,-1.0,-1.0,по сезону,1022.3,1017.5,,,,,,2023-10-22 21:00:00,2023-10-23 01:00:00,2023,10
штиль,0.0,н/о,,н/о,1.4,-3.6,69,1.0,1.0,по сезону,1021.8,1017.0,,,,,,2023-10-23 00:00:00,2023-10-23 04:00:00,2023,10
штиль,0.0,н/о,,н/о,1.7,-2.6,73,1.0,1.0,по сезону,1020.7,1015.9,-1.3,,,,,2023-10-23 03:00:00,2023-10-23 07:00:00,2023,10
Ю,2.0,н/о,,н/о,3.2,-1.0,74,0.0,0.0,по сезону,1019.4,1014.7,,,,,,2023-10-23 06:00:00,2023-10-23 10:00:00,2023,10
Ю,3.0,н/о,,н/о,4.1,2.3,88,0.0,0.0,прохладно,1016.2,1011.5,,,,,,2023-10-23 09:00:00,2023-10-23 13:00:00,2023,10
Ю,3.0,н/о,,н/о,6.2,2.6,78,3.0,3.0,по сезону,1012.3,1007.6,,,,,,2023-10-23 12:00:00,2023-10-23 16:00:00,2023,10
Ю,3.0,н/о,,н/о,8.0,4.3,77,5.0,5.0,по сезону,1009.7,1005.1,,8.0,0.8,,,2023-10-23 15:00:00,2023-10-23 19:00:00,2023,10
ЮЗ,,н/о,,н/о,8.1,7.2,94,5.0,5.0,тепло,1006.8,1002.2,,,,,,2023-10-23 18:00:00,2023-10-23 22:00:00,2023,10
Ю,,н/о,,н/о,8.6,7.1,90,8.0,8.0,тепло,1003.6,999.0,,,,,,2023-10-23 21:00:00,2023-10-24 01:00:00,2023,10
Ю,2.0,н/о,,н/о,9.6,8.0,90,8.0,8.0,тепло,1001.0,996.5,,,,,,2023-10-24 00:00:00,2023-10-24 04:00:00,2023,10
ЮЗ,3.0,н/о,,н/о,11.1,10.0,93,9.0,9.0,тепло,998.8,994.3,7.9,,4.0,,,2023-10-24 03:00:00,2023-10-24 07:00:00,2023,10
ЮЗ,3.0,н/о,,н/о,11.4,10.6,95,9.0,9.0,тепло,998.0,993.5,,,,,,2023-10-24 06:00:00,2023-10-24 10:00:00,2023,10
ЮЗ,3.0,н/о,,н/о,12.0,11.0,94,10.0,10.0,тепло,997.3,992.8,,,,,,2023-10-24 09:00:00,2023-10-24 13:00:00,2023,10
З,,н/о,,н/о,12.4,10.3,87,11.0,11.0,тепло,996.7,992.2,,,,,,2023-10-24 12:00:00,2023-10-24 16:00:00,2023,10
СЗ,,н/о,,н/о,5.4,4.4,93,1.0,1.0,по сезону,999.4,994.8,,12.9,0.3,,,2023-10-24 15:00:00,2023-10-24 19:00:00,2023,10
С,,н/о,,н/о,2.2,0.9,91,-4.0,-4.0,прохладно,1002.9,998.2,,,,,,2023-10-24 18:00:00,2023-10-24 22:00:00,2023,10
С,,н/о,,н/о,1.5,-0.1,89,-3.0,-3.0,по сезону,1005.5,1000.8,,,,,,2023-10-24 21:00:00,2023-10-25 01:00:00,2023,10
С,,н/о,,н/о,0.4,-2.6,80,-5.0,-5.0,прохладно,1007.8,1003.0,,,,,,2023-10-25 00:00:00,2023-10-25 04:00:00,2023,10
С,,н/о,,н/о,0.0,-2.6,83,-4.0,-4.0,прохладно,1009.5,1004.8,-0.3,,2.0,,,2023-10-25 03:00:00,2023-10-25 07:00:00,2023,10
С,,н/о,,н/о,0.0,-4.1,74,-5.0,-5.0,прохладно,1012.1,1007.3,,,,,,2023-10-25 06:00:00,2023-10-25 10:00:00,2023,10
С,4.0,н/о,,н/о,-0.2,-4.6,72,-5.0,-5.0,холодно,1013.7,1009.0,,,,,,2023-10-25 09:00:00,2023-10-25 13:00:00,2023,10
С,3.0,н/о,,н/о,-0.2,-5.5,67,-5.0,-5.0,очень  холодно,1015.1,1010.3,,,,,,2023-10-25 12:00:00,2023-10-25 16:00:00,2023,10
С,1.0,н/о,,н/о,0.2,-5.1,68,-1.0,-1.0,по сезону,1016.0,1011.2,,0.5,,,,2023-10-25 15:00:00,2023-10-25 19:00:00,2023,10
С,1.0,н/о,,н/о,0.3,-5.5,65,-1.0,-1.0,по сезону,1017.0,1012.2,,,,,,2023-10-25 18:00:00,2023-10-25 22:00:00,2023,10
штиль,0.0,н/о,,н/о,-0.2,-7.2,59,-1.0,-1.0,по сезону,1018.4,1013.6,,,,,,2023-10-25 21:00:00,2023-10-26 01:00:00,2023,10
штиль,0.0,н/о,,н/о,-0.3,-5.8,66,-1.0,-1.0,по сезону,1018.6,1013.8,,,,,,2023-10-26 00:00:00,2023-10-26 04:00:00,2023,10
штиль,0.0,н/о,,н/о,-0.5,-5.1,71,-1.0,-1.0,по сезону,1019.9,1015.1,-0.7,,,,,2023-10-26 03:00:00,2023-10-26 07:00:00,2023,10
штиль,0.0,н/о,,н/о,0.3,-6.0,63,-0.0,-0.0,по сезону,1021.6,1016.8,,,,,,2023-10-26 06:00:00,2023-10-26 10:00:00,2023,10
штиль,0.0,н/о,,н/о,3.0,-6.8,49,3.0,3.0,по сезону,1022.3,1017.5,,,,,,2023-10-26 09:00:00,2023-10-26 13:00:00,2023,10
штиль,0.0,н/о,,н/о,1.8,-7.0,52,1.0,1.0,по сезону,1022.2,1017.4,,,,,,2023-10-26 12:00:00,2023-10-26 16:00:00,2023,10
штиль,0.0,н/о,,н/о,-1.2,-6.6,67,-2.0,-2.0,прохладно,1022.9,1018.0,,3.4,,,,2023-10-26 15:00:00,2023-10-26 19:00:00,2023,10
штиль,0.0,н/о,,н/о,-3.9,-6.9,80,-5.0,-5.0,прохладно,1023.4,1018.5,,,,,,2023-10-26 18:00:00,2023-10-26 22:00:00,2023,10
штиль,0.0,н/о,,н/о,-4.2,-6.0,87,-5.0,-5.0,прохладно,1023.2,1018.3,,,,,,2023-10-26 21:00:00,2023-10-27 01:00:00,2023,10
штиль,0.0,н/о,,н/о,-2.6,-5.3,82,-4.0,-4.0,по сезону,1022.1,1017.2,,,,,,2023-10-27 00:00:00,2023-10-27 04:00:00,2023,10
В,1.0,н/о,,н/о,-2.6,-5.1,83,-5.0,-5.0,прохладно,1020.8,1016.0,-4.2,,,,,2023-10-27 03:00:00,2023-10-27 07:00:00,2023,10
ЮВ,2.0,н/о,,н/о,-0.3,-5.2,69,-4.0,-4.0,прохладно,1019.7,1014.9,,,,,,2023-10-27 06:00:00,2023-10-27 10:00:00,2023,10
В,,н/о,,н/о,-0.2,-3.2,80,-6.0,-6.0,холодно,1017.7,1012.9,,,,,,2023-10-27 09:00:00,2023-10-27 13:00:00,2023,10
В,2.0,н/о,,н/о,-0.9,-1.2,98,-5.0,-5.0,холодно,1015.8,1011.0,,,,,,2023-10-27 12:00:00,2023-10-27 16:00:00,2023,10
В,3.0,н/о,,н/о,-1.0,-1.1,99,-6.0,-6.0,холодно,1014.2,1009.4,,-0.1,,,,2023-10-27 15:00:00,2023-10-27 19:00:00,2023,10
В,2.0,н/о,,н/о,-0.4,-1.1,95,-4.0,-4.0,прохладно,1011.6,1006.8,,,,,,2023-10-27 18:00:00,2023-10-27 22:00:00,2023,10
В,2.0,н/о,,н/о,-0.1,-0.3,99,-4.0,-4.0,по сезону,1009.5,1004.8,,,,,,2023-10-27 21:00:00,2023-10-28 01:00:00,2023,10
В,2.0,н/о,,н/о,0.2,0.2,100,-4.0,-4.0,по сезону,1007.4,1002.6,,,,,,2023-10-28 00:00:00,2023-10-28 04:00:00,2023,10
штиль,0.0,н/о,,н/о,0.4,0.4,100,-1.0,-1.0,по сезону,1006.4,1001.7,-1.0,,0.3,,,2023-10-28 03:00:00,2023-10-28 07:00:00,2023,10
штиль,0.0,н/о,,н/о,0.7,0.7,100,-1.0,-1.0,по сезону,1005.8,1001.1,,,,,,2023-10-28 06:00:00,2023-10-28 10:00:00,2023,10
ЮВ,2.0,н/о,,н/о,2.1,2.1,100,-1.0,-1.0,по сезону,1005.4,1000.7,,,,,,2023-10-28 09:00:00,2023-10-28 13:00:00,2023,10
ЮВ,1.0,н/о,,н/о,3.0,2.7,98,1.0,1.0,по сезону,1004.3,999.6,,,,,,2023-10-28 12:00:00,2023-10-28 16:00:00,2023,10
штиль,0.0,н/о,,н/о,3.1,3.1,100,2.0,2.0,по сезону,1002.8,998.2,,3.1,1.0,,,2023-10-28 15:00:00,2023-10-28 19:00:00,2023,10
ЮВ,2.0,н/о,,н/о,3.6,3.6,100,0.0,0.0,по сезону,998.8,994.2,,,,,,2023-10-28 18:00:00,2023-10-28 22:00:00,2023,10
штиль,0.0,н/о,,н/о,5.2,5.2,100,4.0,4.0,тепло,993.9,989.4,,,,,,2023-10-28 21:00:00,2023-10-29 01:00:00,2023,10
штиль,0.0,н/о,,н/о,5.7,5.7,100,4.0,4.0,тепло,991.4,986.8,,,,,,2023-10-29 00:00:00,2023-10-29 04:00:00,2023,10
ЮЗ,3.0,н/о,,н/о,10.5,10.5,100,8.0,8.0,тепло,990.2,985.7,3.1,,9.0,,,2023-10-29 03:00:00,2023-10-29 07:00:00,2023,10
ЮЗ,2.0,н/о,,н/о,9.8,9.0,95,8.0,8.0,тепло,990.1,985.6,,,,,,2023-10-29 06:00:00,2023-10-29 10:00:00,2023,10
ЮЗ,,н/о,,н/о,7.4,6.7,95,4.0,4.0,тепло,992.0,987.4,,,,,,2023-10-29 09:00:00,2023-10-29 13:00:00,2023,10
ЮЗ,,н/о,,н/о,6.7,6.0,95,3.0,3.0,по сезону,994.4,989.9,,,,,,2023-10-29 12:00:00,2023-10-29 16:00:00,2023,10
З,,н/о,,н/о,4.1,2.7,91,0.0,0.0,по сезону,999.4,994.8,,10.5,6.0,,,2023-10-29 15:00:00,2023-10-29 19:00:00,2023,10
СЗ,,н/о,,н/о,2.5,1.1,90,-2.0,-2.0,по сезону,1003.1,998.4,,,,,,2023-10-29 18:00:00,2023-10-29 22:00:00,2023,10
З,1.0,н/о,,н/о,1.7,0.2,90,-0.0,-0.0,по сезону,1006.6,1001.8,,,,,,2023-10-29 21:00:00,2023-10-30 01:00:00,2023,10
З,1.0,н/о,,н/о,1.6,0.7,94,-0.0,-0.0,по сезону,1009.3,1004.6,,,,,,2023-10-30 00:00:00,2023-10-30 04:00:00,2023,10
З,1.0,н/о,,н/о,2.1,0.4,88,0.0,0.0,по сезону,1012.4,1007.6,1.3,,,,,2023-10-30 03:00:00,2023-10-30 07:00:00,2023,10
З,1.0,н/о,,н/о,2.6,0.5,86,1.0,1.0,по сезону,1015.3,1010.6,,,,,,2023-10-30 06:00:00,2023-10-30 10:00:00,2023,10
СЗ,2.0,н/о,,н/о,3.2,0.7,84,0.0,0.0,по сезону,1017.6,1012.9,,,,,,2023-10-30 09:00:00,2023-10-30 13:00:00,2023,10
З,1.0,н/о,,н/о,2.7,-0.5,79,1.0,1.0,по сезону,1019.7,1014.9,,,,,,2023-10-30 12:00:00,2023-10-30 16:00:00,2023,10
штиль,0.0,н/о,,н/о,2.7,-0.2,81,2.0,2.0,по сезону,1020.6,1015.8,,3.3,,,,2023-10-30 15:00:00,2023-10-30 19:00:00,2023,10
штиль,0.0,н/о,,н/о,2.3,0.3,87,1.0,1.0,по сезону,1019.5,1014.7,,,,,,2023-10-30 18:00:00,2023-10-30 22:00:00,2023,10
ЮЗ,1.0,н/о,,н/о,3.2,0.7,84,2.0,2.0,тепло,1018.6,1013.8,,,,,,2023-10-30 21:00:00,2023-10-31 01:00:00,2023,10
Ю,3.0,н/о,,н/о,4.0,2.2,88,0.0,0.0,по сезону,1016.2,1011.5,,,,,,2023-10-31 00:00:00,2023-10-31 04:00:00,2023,10
ЮЗ,2.0,н/о,,н/о,6.3,4.7,89,4.0,4.0,тепло,1014.0,1009.4,2.3,,,,,2023-10-31 03:00:00,2023-10-31 07:00:00,2023,10
ЮЗ,,н/о,,н/о,8.9,7.5,91,6.0,6.0,тепло,1013.0,1008.4,,,,,,2023-10-31 06:00:00,2023-10-31 10:00:00,2023,10
ЮЗ,,н/о,,н/о,9.4,9.0,97,8.0,8.0,тепло,1013.7,1009.1,,,,,,2023-10-31 09:00:00,2023-10-31 13:00:00,2023,10
З,2.0,н/о,,н/о,12.7,10.3,85,12.0,12.0,тепло,1015.7,1011.1,,,,,,2023-10-31 12:00:00,2023-10-31 16:00:00,2023,10
штиль,0.0,н/о,,н/о,10.5,9.0,90,10.0,10.0,тепло,1018.6,1014.0,,12.7,6.0,,,2023-10-31 15:00:00,2023-10-31 19:00:00,2023,10
штиль,0.0,н/о,,н/о,4.5,4.3,99,3.0,3.0,тепло,1021.0,1016.2,,,,,,2023-10-31 18:00:00,2023-10-31 22:00:00,2023,10
штиль,0.0,н/о,,н/о,2.2,2.2,100,1.0,1.0,по сезону,1022.4,1017.6,,,,,,2023-10-31 21:00:00,2023-11-01 01:00:00,2023,10
штиль,0.0,н/о,,н/о,0.2,0.2,100,-1.0,-1.0,по сезону,1023.0,1018.2,,,,,,2023-11-01 00:00:00,2023-11-01 04:00:00,2023,11
штиль,0.0,н/о,,н/о,1.8,1.8,100,0.0,0.0,по сезону,1022.7,1018.0,-0.7,,,,,2023-11-01 03:00:00,2023-11-01 07:00:00,2023,11
штиль,0.0,н/о,,н/о,4.0,4.0,100,3.0,3.0,тепло,1022.4,1017.7,,,,,,2023-11-01 06:00:00,2023-11-01 10:00:00,2023,11
Ю,1.0,н/о,,н/о,8.6,8.6,100,8.0,8.0,тепло,1020.9,1016.2,,,,,,2023-11-01 09:00:00,2023-11-01 13:00:00,2023,11
штиль,0.0,н/о,,н/о,9.5,9.2,98,9.0,9.0,тепло,1018.7,1014.1,,,,,,2023-11-01 18:00:00,2023-11-01 22:00:00,2023,11
Ю,1.0,н/о,,н/о,8.1,8.1,100,7.0,7.0,тепло,1018.2,1013.6,,,,,,2023-11-01 21:00:00,2023-11-02 01:00:00,2023,11
штиль,0.0,н/о,,н/о,9.5,9.5,100,9.0,9.0,тепло,1017.6,1013.0,,,,,,2023-11-02 00:00:00,2023-11-02 04:00:00,2023,11
Ю,2.0,н/о,,н/о,6.4,6.4,100,4.0,4.0,тепло,1016.4,1011.7,6.4,,,,,2023-11-02 03:00:00,2023-11-02 07:00:00,2023,11
Ю,1.0,н/о,,н/о,7.6,6.0,90,7.0,7.0,тепло,1015.7,1011.1,6.1,,,,,2023-11-02 06:00:00,2023-11-02 10:00:00,2023,11
Ю,3.0,н/о,,н/о,12.3,8.2,76,11.0,11.0,тепло,1013.0,1008.5,,,,,,2023-11-02 09:00:00,2023-11-02 13:00:00,2023,11
Ю,,н/о,,н/о,13.6,8.9,73,13.0,13.0,тепло,1011.3,1006.8,,,,,,2023-11-02 12:00:00,2023-11-02 16:00:00,2023,11
Ю,3.0,н/о,,н/о,12.6,8.0,74,11.0,11.0,тепло,1010.4,1005.9,,14.6,0.3,,,2023-11-02 15:00:00,2023-11-02 19:00:00,2023,11
Ю,2.0,н/о,,н/о,11.8,9.0,83,11.0,11.0,тепло,1009.2,1004.6,,,,,,2023-11-02 18:00:00,2023-11-02 22:00:00,2023,11
Ю,2.0,н/о,,н/о,11.1,10.4,95,10.0,10.0,тепло,1008.5,1003.9,,,,,,2023-11-02 21:00:00,2023-11-03 01:00:00,2023,11
ЮЗ,3.0,н/о,,н/о,11.9,10.7,92,10.0,10.0,тепло,1008.4,1003.9,,,,,,2023-11-03 00:00:00,2023-11-03 04:00:00,2023,11
ЮЗ,1.0,н/о,,н/о,10.2,9.1,93,10.0,10.0,тепло,1009.4,1004.8,10.2,,,,,2023-11-03 03:00:00,2023-11-03 07:00:00,2023,11
З,1.0,н/о,,н/о,9.4,6.9,84,9.0,9.0,тепло,1011.9,1007.3,9.3,,,,,2023-11-03 06:00:00,2023-11-03 10:00:00,2023,11
З,1.0,н/о,,н/о,10.8,7.3,79,11.0,11.0,тепло,1013.9,1009.3,,,,,,2023-11-03 09:00:00,2023-11-03 13:00:00,2023,11
С,5.0,н/о,,н/о,8.8,5.0,77,5.0,5.0,тепло,1015.7,1011.1,,,,,,2023-11-03 12:00:00,2023-11-03 16:00:00,2023,11
С,1.0,н/о,,н/о,3.6,0.8,82,2.0,2.0,по сезону,1019.0,1014.3,,12.1,,,,2023-11-03 15:00:00,2023-11-03 19:00:00,2023,11
штиль,0.0,н/о,,н/о,-0.4,-1.1,95,-2.0,-2.0,по сезону,1020.5,1015.7,,,,,,2023-11-03 18:00:00,2023-11-03 22:00:00,2023,11
штиль,0.0,н/о,,н/о,-1.6,-1.7,99,-3.0,-3.0,по сезону,1021.8,1017.0,,,,,,2023-11-03 21:00:00,2023-11-04 01:00:00,2023,11
штиль,0.0,н/о,,н/о,-2.0,-2.0,100,-3.0,-3.0,по сезону,1023.0,1018.1,,,,,,2023-11-04 00:00:00,2023-11-04 04:00:00,2023,11
штиль,0.0,н/о,,н/о,-0.2,-0.2,100,-2.0,-2.0,по сезону,1024.5,1019.7,-2.7,,,,,2023-11-04 03:00:00,2023-11-04 07:00:00,2023,11
С,2.0,н/о,,н/о,3.6,0.1,78,1.0,1.0,по сезону,1026.0,1021.2,,,,,,2023-11-04 06:00:00,2023-11-04 10:00:00,2023,11
СВ,1.0,н/о,,н/о,5.5,0.3,69,5.0,5.0,тепло,1025.9,1021.2,,,,,,2023-11-04 09:00:00,2023-11-04 13:00:00,2023,11
штиль,0.0,н/о,,н/о,5.7,0.4,69,5.0,5.0,тепло,1025.6,1020.9,,,,,,2023-11-04 12:00:00,2023-11-04 16:00:00,2023,11
штиль,0.0,н/о,,н/о,-0.5,-1.3,94,-2.0,-2.0,по сезону,1026.3,1021.5,,6.3,,,,2023-11-04 15:00:00,2023-11-04 19:00:00,2023,11
штиль,0.0,н/о,,н/о,-2.4,-2.5,99,-4.0,-4.0,по сезону,1027.2,1022.3,,,,,,2023-11-04 18:00:00,2023-11-04 22:00:00,2023,11
штиль,0.0,н/о,,н/о,-3.8,-3.8,100,-5.0,-5.0,по сезону,1027.0,1022.1,,,,,,2023-11-04 21:00:00,2023-11-05 01:00:00,2023,11
штиль,0.0,н/о,,н/о,-4.0,-4.0,100,-5.0,-5.0,по сезону,1027.3,1022.4,,,,,,2023-11-05 00:00:00,2023-11-05 04:00:00,2023,11
штиль,0.0,н/о,,н/о,-4.8,-4.8,100,-6.0,-6.0,по сезону,1026.1,1021.1,-5.4,,,,,2023-11-05 03:00:00,2023-11-05 07:00:00,2023,11
штиль,0.0,н/о,,н/о,-1.2,-1.3,99,-3.0,-3.0,по сезону,1026.4,1021.6,-6.8,,,,,2023-11-05 06:00:00,2023-11-05 10:00:00,2023,11
штиль,0.0,н/о,,н/о,4.6,1.5,80,4.0,4.0,тепло,1025.2,1020.5,,,,,,2023-11-05 09:00:00,2023-11-05 13:00:00,2023,11
штиль,0.0,н/о,,н/о,7.0,4.0,81,6.0,6.0,тепло,1023.7,1019.0,,,,,,2023-11-05 12:00:00,2023-11-05 16:00:00,2023,11
штиль,0.0,н/о,,н/о,4.1,3.2,94,3.0,3.0,тепло,1022.9,1018.2,,7.3,,,,2023-11-05 15:00:00,2023-11-05 19:00:00,2023,11
ЮВ,1.0,н/о,,н/о,5.0,4.6,97,4.0,4.0,тепло,1022.2,1017.5,,,,,,2023-11-05 18:00:00,2023-11-05 22:00:00,2023,11
ЮВ,3.0,н/о,,н/о,5.3,4.8,97,2.0,2.0,тепло,1022.1,1017.4,,,,,,2023-11-05 21:00:00,2023-11-06 01:00:00,2023,11
ЮВ,,н/о,,н/о,6.4,6.0,97,3.0,3.0,тепло,1020.3,1015.6,,,,,,2023-11-06 00:00:00,2023-11-06 04:00:00,2023,11
ЮВ,2.0,н/о,,н/о,6.1,5.6,97,3.0,3.0,тепло,1019.4,1014.7,2.9,,,,,2023-11-06 03:00:00,2023-11-06 07:00:00,2023,11
ЮВ,4.0,н/о,,н/о,5.8,5.3,97,2.0,2.0,тепло,1018.5,1013.8,,,,,,2023-11-06 06:00:00,2023-11-06 10:00:00,2023,11
Ю,,н/о,,н/о,7.9,5.9,87,4.0,4.0,тепло,1016.9,1012.3,,,,,,2023-11-06 09:00:00,2023-11-06 13:00:00,2023,11
ЮВ,3.0,н/о,,н/о,8.4,6.6,88,6.0,6.0,тепло,1015.5,1010.9,,,,,,2023-11-06 12:00:00,2023-11-06 16:00:00,2023,11
ЮВ,1.0,н/о,,н/о,6.9,6.2,95,6.0,6.0,тепло,1014.8,1010.2,,8.8,,,,2023-11-06 15:00:00,2023-11-06 19:00:00,2023,11
Ю,3.0,н/о,,н/о,8.0,6.2,88,5.0,5.0,тепло,1013.2,1008.6,,,,,,2023-11-06 18:00:00,2023-11-06 22:00:00,2023,11
Ю,1.0,н/о,,н/о,6.8,5.1,89,6.0,6.0,тепло,1012.5,1007.8,,,,,,2023-11-06 21:00:00,2023-11-07 01:00:00,2023,11
Ю,3.0,н/о,,н/о,6.4,4.8,89,3.0,3.0,тепло,1010.8,1006.1,,,,,,2023-11-07 00:00:00,2023-11-07 04:00:00,2023,11
ЮВ,1.0,н/о,,н/о,5.5,4.5,93,4.0,4.0,тепло,1009.4,1004.7,5.1,,,,,2023-11-07 03:00:00,2023-11-07 07:00:00,2023,11
ЮВ,2.0,н/о,,н/о,6.6,4.8,88,4.0,4.0,тепло,1008.7,1004.1,,,,,,2023-11-07 06:00:00,2023-11-07 10:00:00,2023,11
ЮВ,1.0,н/о,,н/о,8.0,5.4,84,7.0,7.0,тепло,1007.0,1002.4,,,,,,2023-11-07 09:00:00,2023-11-07 13:00:00,2023,11
штиль,0.0,н/о,,н/о,7.2,6.1,93,6.0,6.0,тепло,1006.3,1001.7,,,,,,2023-11-07 12:00:00,2023-11-07 16:00:00,2023,11
штиль,0.0,н/о,,н/о,6.3,6.2,99,5.0,5.0,тепло,1006.2,1001.6,,8.5,6.0,,,2023-11-07 15:00:00,2023-11-07 19:00:00,2023,11
штиль,0.0,н/о,,н/о,6.2,6.2,100,5.0,5.0,тепло,1005.9,1001.3,,,,,,2023-11-07 18:00:00,2023-11-07 22:00:00,2023,11
штиль,0.0,н/о,,н/о,7.0,7.0,100,6.0,6.0,тепло,1005.7,1001.1,,,,,,2023-11-07 21:00:00,2023-11-08 01:00:00,2023,11
З,1.0,н/о,,н/о,7.9,7.9,100,7.0,7.0,тепло,1006.2,1001.6,,,,,,2023-11-08 00:00:00,2023-11-08 04:00:00,2023,11
З,1.0,н/о,,н/о,7.6,7.3,98,7.0,7.0,тепло,1006.8,1002.2,6.2,,7.0,,,2023-11-08 03:00:00,2023-11-08 07:00:00,2023,11
З,1.0,н/о,,н/о,8.4,7.9,97,7.0,7.0,тепло,1008.3,1003.7,,,,,,2023-11-08 06:00:00,2023-11-08 10:00:00,2023,11
СЗ,3.0,н/о,,н/о,10.1,7.8,86,8.0,8.0,тепло,1009.5,1004.9,,,,,,2023-11-08 09:00:00,2023-11-08 13:00:00,2023,11
СЗ,2.0,н/о,,н/о,9.8,6.3,79,8.0,8.0,тепло,1011.3,1006.7,,,,,,2023-11-08 12:00:00,2023-11-08 16:00:00,2023,11
З,1.0,н/о,,н/о,9.6,7.4,86,9.0,9.0,тепло,1012.4,1007.8,,10.3,,,,2023-11-08 15:00:00,2023-11-08 19:00:00,2023,11
З,1.0,н/о,,н/о,8.7,7.5,92,8.0,8.0,тепло,1013.2,1008.6,,,,,,2023-11-08 18:00:00,2023-11-08 22:00:00,2023,11
ЮЗ,1.0,н/о,,н/о,7.1,6.2,94,6.0,6.0,тепло,1013.8,1009.2,,,,,,2023-11-08 21:00:00,2023-11-09 01:00:00,2023,11
штиль,0.0,н/о,,н/о,4.1,3.3,95,3.0,3.0,тепло,1014.5,1009.8,,,,,,2023-11-09 00:00:00,2023-11-09 04:00:00,2023,11
штиль,0.0,н/о,,н/о,1.4,1.4,100,0.0,0.0,по сезону,1014.6,1009.8,1.4,,,,,2023-11-09 03:00:00,2023-11-09 07:00:00,2023,11
штиль,0.0,н/о,,н/о,4.1,4.1,100,3.0,3.0,тепло,1015.0,1010.3,,,,,,2023-11-09 06:00:00,2023-11-09 10:00:00,2023,11
Ю,1.0,н/о,,н/о,6.3,6.3,100,5.0,5.0,тепло,1013.8,1009.1,,,,,,2023-11-09 09:00:00,2023-11-09 13:00:00,2023,11
штиль,0.0,н/о,,н/о,7.7,7.7,100,7.0,7.0,тепло,1012.1,1007.5,,,,,,2023-11-09 12:00:00,2023-11-09 16:00:00,2023,11
ЮВ,,н/о,,н/о,7.7,7.1,96,5.0,5.0,тепло,1009.9,1005.2,,7.9,2.0,,,2023-11-09 15:00:00,2023-11-09 19:00:00,2023,11
ЮВ,,н/о,,н/о,7.5,6.8,95,3.0,3.0,тепло,1005.7,1001.1,,,,,,2023-11-09 18:00:00,2023-11-09 22:00:00,2023,11
Ю,,н/о,,н/о,8.1,7.9,99,5.0,5.0,тепло,1001.1,996.5,,,,,,2023-11-09 21:00:00,2023-11-10 01:00:00,2023,11
Ю,,н/о,,н/о,9.7,9.5,99,6.0,6.0,тепло,998.2,993.7,,,,,,2023-11-10 00:00:00,2023-11-10 04:00:00,2023,11
Ю,,н/о,,н/о,7.2,6.5,95,4.0,4.0,тепло,999.1,994.5,7.2,,18.0,,,2023-11-10 03:00:00,2023-11-10 07:00:00,2023,11
Ю,,н/о,,н/о,5.4,4.6,95,3.0,3.0,тепло,1001.3,996.7,5.3,,,,,2023-11-10 06:00:00,2023-11-10 10:00:00,2023,11
ЮЗ,1.0,н/о,,н/о,5.6,4.9,95,4.0,4.0,тепло,1002.8,998.2,,,,,,2023-11-10 09:00:00,2023-11-10 13:00:00,2023,11
З,3.0,н/о,,н/о,5.7,5.3,97,2.0,2.0,тепло,1005.4,1000.8,,,,,,2023-11-10 12:00:00,2023-11-10 16:00:00,2023,11
СЗ,4.0,н/о,,н/о,5.3,4.5,95,1.0,1.0,тепло,1009.1,1004.5,,7.2,0.3,,,2023-11-10 15:00:00,2023-11-10 19:00:00,2023,11
СЗ,,н/о,,н/о,5.9,4.3,89,1.0,1.0,тепло,1011.7,1007.1,,,,,,2023-11-10 18:00:00,2023-11-10 22:00:00,2023,11
СЗ,,н/о,,н/о,5.4,3.2,86,1.0,1.0,тепло,1014.7,1010.0,,,,,,2023-11-10 21:00:00,2023-11-11 01:00:00,2023,11
СЗ,,н/о,,н/о,4.3,1.7,83,0.0,0.0,тепло,1017.0,1012.3,,,,,,2023-11-11 00:00:00,2023-11-11 04:00:00,2023,11
СЗ,,н/о,,н/о,2.5,0.4,86,-2.0,-2.0,по сезону,1018.8,1014.1,2.5,,0.5,,,2023-11-11 03:00:00,2023-11-11 07:00:00,2023,11
СЗ,5.0,н/о,,н/о,3.4,0.9,84,-2.0,-2.0,по сезону,1020.5,1015.8,1.9,,,,,2023-11-11 06:00:00,2023-11-11 10:00:00,2023,11
СЗ,5.0,н/о,,н/о,5.5,1.2,74,1.0,1.0,тепло,1021.3,1016.5,,,,,,2023-11-11 09:00:00,2023-11-11 13:00:00,2023,11
З,1.0,н/о,,н/о,6.0,0.6,68,5.0,5.0,тепло,1022.5,1017.8,,,,,,2023-11-11 12:00:00,2023-11-11 16:00:00,2023,11
штиль,0.0,н/о,,н/о,-0.6,-1.2,96,-2.0,-2.0,по сезону,1023.9,1019.1,,6.3,,,,2023-11-11 15:00:00,2023-11-11 19:00:00,2023,11
штиль,0.0,н/о,,н/о,-1.6,-1.6,100,-3.0,-3.0,по сезону,1024.4,1019.5,,,,,,2023-11-11 18:00:00,2023-11-11 22:00:00,2023,11
штиль,0.0,н/о,,н/о,-2.9,-2.9,100,-4.0,-4.0,по сезону,1025.3,1020.4,,,,,,2023-11-11 21:00:00,2023-11-12 01:00:00,2023,11
штиль,0.0,н/о,,н/о,-3.0,-3.0,100,-4.0,-4.0,по сезону,1025.8,1020.9,,,,,,2023-11-12 00:00:00,2023-11-12 04:00:00,2023,11
ЮВ,1.0,н/о,,н/о,-2.7,-2.7,100,-5.0,-5.0,по сезону,1026.4,1021.5,-3.2,,,,,2023-11-12 03:00:00,2023-11-12 07:00:00,2023,11
ЮВ,2.0,н/о,,н/о,-0.1,-0.1,100,-4.0,-4.0,по сезону,1025.2,1020.4,,,,,,2023-11-12 09:00:00,2023-11-12 13:00:00,2023,11
ЮВ,2.0,н/о,,н/о,0.8,0.8,100,-3.0,-3.0,по сезону,1024.9,1020.1,,,,,,2023-11-12 12:00:00,2023-11-12 16:00:00,2023,11
ЮВ,2.0,н/о,,н/о,1.2,0.9,98,-2.0,-2.0,по сезону,1023.7,1019.0,,1.2,,,,2023-11-12 15:00:00,2023-11-12 19:00:00,2023,11
ЮВ,,н/о,,н/о,1.6,1.0,96,-3.0,-3.0,по сезону,1022.4,1017.6,,,,,,2023-11-12 18:00:00,2023-11-12 22:00:00,2023,11
ЮВ,,н/о,,н/о,2.4,1.2,92,-4.0,-4.0,по сезону,1019.9,1015.1,,,,,,2023-11-12 21:00:00,2023-11-13 01:00:00,2023,11
Ю,,н/о,,н/о,4.1,2.1,87,-2.0,-2.0,по сезону,1017.4,1012.7,,,,,,2023-11-13 00:00:00,2023-11-13 04:00:00,2023,11
Ю,,н/о,,н/о,4.8,4.0,95,-1.0,-1.0,тепло,1015.9,1011.2,1.2,,2.0,,,2023-11-13 03:00:00,2023-11-13 07:00:00,2023,11
Ю,,н/о,,н/о,5.0,4.6,97,-0.0,-0.0,тепло,1015.3,1010.6,,,,,,2023-11-13 06:00:00,2023-11-13 10:00:00,2023,11
Ю,,н/о,,н/о,5.9,5.5,97,2.0,2.0,тепло,1015.1,1010.4,,,,,,2023-11-13 09:00:00,2023-11-13 13:00:00,2023,11
Ю,,н/о,,н/о,6.4,5.9,97,3.0,3.0,тепло,1014.2,1009.6,,,,,,2023-11-13 12:00:00,2023-11-13 16:00:00,2023,11
Ю,,н/о,,н/о,6.2,5.7,97,2.0,2.0,тепло,1013.7,1009.0,,6.4,11.0,,,2023-11-13 15:00:00,2023-11-13 19:00:00,2023,11
Ю,,н/о,,н/о,6.7,6.3,97,3.0,3.0,тепло,1013.0,1008.3,,,,,,2023-11-13 18:00:00,2023-11-13 22:00:00,2023,11
Ю,1.0,н/о,,н/о,7.7,6.7,93,7.0,7.0,тепло,1012.4,1007.7,,,,,,2023-11-13 21:00:00,2023-11-14 01:00:00,2023,11
ЮЗ,2.0,н/о,,н/о,5.6,4.6,93,3.0,3.0,тепло,1012.8,1008.1,,,,,,2023-11-14 00:00:00,2023-11-14 04:00:00,2023,11
Ю,1.0,н/о,,н/о,3.6,3.2,97,2.0,2.0,тепло,1013.4,1008.7,3.6,,,,,2023-11-14 03:00:00,2023-11-14 07:00:00,2023,11
штиль,0.0,н/о,,н/о,3.3,3.3,100,2.0,2.0,тепло,1013.8,1009.1,2.9,,,,,2023-11-14 06:00:00,2023-11-14 10:00:00,2023,11
Ю,2.0,н/о,,н/о,4.6,4.4,99,2.0,2.0,тепло,1013.0,1008.3,,,,,,2023-11-14 09:00:00,2023-11-14 13:00:00,2023,11
Ю,2.0,н/о,,н/о,5.5,5.2,98,3.0,3.0,тепло,1011.7,1007.0,,,,,,2023-11-14 12:00:00,2023-11-14 16:00:00,2023,11
штиль,0.0,н/о,,н/о,5.3,5.3,100,4.0,4.0,тепло,1010.2,1005.6,,5.5,,,,2023-11-14 15:00:00,2023-11-14 19:00:00,2023,11
штиль,0.0,н/о,,н/о,5.1,5.1,100,4.0,4.0,тепло,1008.6,1004.0,,,,,,2023-11-14 18:00:00,2023-11-14 22:00:00,2023,11
штиль,0.0,н/о,,н/о,5.1,5.1,100,4.0,4.0,тепло,1006.9,1002.3,,,,,,2023-11-14 21:00:00,2023-11-15 01:00:00,2023,11
штиль,0.0,н/о,,н/о,4.6,4.5,99,3.0,3.0,тепло,1006.6,1001.9,,,,,,2023-11-15 00:00:00,2023-11-15 04:00:00,2023,11
штиль,0.0,н/о,,н/о,3.5,3.3,99,2.0,2.0,тепло,1006.7,1002.0,3.5,,,,,2023-11-15 03:00:00,2023-11-15 07:00:00,2023,11
ЮЗ,2.0,н/о,,н/о,3.2,2.0,92,0.0,0.0,тепло,1007.6,1003.0,3.0,,,,,2023-11-15 06:00:00,2023-11-15 10:00:00,2023,11
Ю,1.0,н/о,,н/о,5.4,2.1,79,4.0,4.0,тепло,1007.6,1002.9,,,,,,2023-11-15 09:00:00,2023-11-15 13:00:00,2023,11
ЮЗ,1.0,н/о,,н/о,5.4,2.8,83,4.0,4.0,тепло,1007.1,1002.5,,,,,,2023-11-15 12:00:00,2023-11-15 16:00:00,2023,11
штиль,0.0,н/о,,н/о,3.9,2.7,92,3.0,3.0,тепло,1006.9,1002.3,,6.6,,,,2023-11-15 15:00:00,2023-11-15 19:00:00,2023,11
Ю,1.0,н/о,,н/о,3.6,3.2,97,2.0,2.0,тепло,1006.4,1001.7,,,,,,2023-11-15 18:00:00,2023-11-15 22:00:00,2023,11
штиль,0.0,н/о,,н/о,3.4,3.3,99,2.0,2.0,тепло,1005.5,1000.9,,,,,,2023-11-15 21:00:00,2023-11-16 01:00:00,2023,11
штиль,0.0,н/о,,н/о,3.2,3.1,99,2.0,2.0,тепло,1004.6,999.9,,,,,,2023-11-16 00:00:00,2023-11-16 04:00:00,2023,11
штиль,0.0,н/о,,н/о,3.4,3.4,100,2.0,2.0,тепло,1004.5,999.8,3.2,,,,,2023-11-16 03:00:00,2023-11-16 07:00:00,2023,11
штиль,0.0,н/о,,н/о,3.4,3.4,100,2.0,2.0,тепло,1005.2,1000.5,,,,,,2023-11-16 06:00:00,2023-11-16 10:00:00,2023,11
С,1.0,н/о,,н/о,4.1,3.9,99,2.0,2.0,тепло,1005.8,1001.1,,,,,,2023-11-16 09:00:00,2023-11-16 13:00:00,2023,11
штиль,0.0,н/о,,н/о,4.3,3.3,93,3.0,3.0,тепло,1006.8,1002.2,,,,,,2023-11-16 12:00:00,2023-11-16 16:00:00,2023,11
С,1.0,н/о,,н/о,4.0,3.0,93,2.0,2.0,тепло,1008.1,1003.5,,4.6,,,,2023-11-16 15:00:00,2023-11-16 19:00:00,2023,11
штиль,0.0,н/о,,н/о,2.9,2.3,96,2.0,2.0,тепло,1009.3,1004.6,,,,,,2023-11-16 18:00:00,2023-11-16 22:00:00,2023,11
штиль,0.0,н/о,,н/о,2.8,2.4,97,2.0,2.0,тепло,1010.6,1005.9,,,,,,2023-11-16 21:00:00,2023-11-17 01:00:00,2023,11
штиль,0.0,н/о,,н/о,1.2,0.5,95,-0.0,-0.0,тепло,1011.4,1006.7,,,,,,2023-11-17 00:00:00,2023-11-17 04:00:00,2023,11
штиль,0.0,н/о,,н/о,-1.4,-1.4,100,-3.0,-3.0,по сезону,1012.8,1008.1,-2.1,,,,,2023-11-17 03:00:00,2023-11-17 07:00:00,2023,11
штиль,0.0,н/о,,н/о,1.6,0.7,94,0.0,0.0,тепло,1013.6,1008.8,,,,,,2023-11-17 06:00:00,2023-11-17 10:00:00,2023,11
СЗ,2.0,н/о,,н/о,2.8,0.9,87,-0.0,-0.0,тепло,1014.1,1009.3,,,,,,2023-11-17 09:00:00,2023-11-17 13:00:00,2023,11
штиль,0.0,н/о,,н/о,2.8,0.8,87,2.0,2.0,тепло,1014.4,1009.7,,,,,,2023-11-17 12:00:00,2023-11-17 16:00:00,2023,11
С,1.0,н/о,,н/о,2.2,0.4,88,1.0,1.0,тепло,1015.3,1010.6,,3.9,,,,2023-11-17 15:00:00,2023-11-17 19:00:00,2023,11
С,2.0,н/о,,н/о,1.2,-0.5,88,-2.0,-2.0,по сезону,1016.2,1011.4,,,,,,2023-11-17 18:00:00,2023-11-17 22:00:00,2023,11
С,2.0,н/о,,н/о,0.3,-1.4,88,-3.0,-3.0,по сезону,1016.8,1012.0,,,,,,2023-11-17 21:00:00,2023-11-18 01:00:00,2023,11
С,4.0,н/о,,н/о,-0.3,-2.4,86,-6.0,-6.0,по сезону,1017.8,1013.0,,,,,,2023-11-18 00:00:00,2023-11-18 04:00:00,2023,11
С,4.0,н/о,,н/о,-1.3,-4.2,81,-7.0,-7.0,по сезону,1018.9,1014.1,-1.3,,,,,2023-11-18 03:00:00,2023-11-18 07:00:00,2023,11
С,4.0,н/о,,н/о,-3.5,-7.3,75,-9.0,-9.0,прохладно,1021.1,1016.2,-3.6,,,,,2023-11-18 06:00:00,2023-11-18 10:00:00,2023,11
С,4.0,н/о,,н/о,-3.4,-8.2,69,-9.0,-9.0,прохладно,1022.3,1017.5,,,,,,2023-11-18 09:00:00,2023-11-18 13:00:00,2023,11
С,2.0,н/о,,н/о,-4.1,-8.1,74,-8.0,-8.0,прохладно,1023.5,1018.6,,,,,,2023-11-18 12:00:00,2023-11-18 16:00:00,2023,11
С,1.0,н/о,,н/о,-5.3,-8.6,78,-8.0,-8.0,прохладно,1025.7,1020.8,,-1.3,,,,2023-11-18 15:00:00,2023-11-18 19:00:00,2023,11
штиль,0.0,н/о,,н/о,-8.4,-9.4,92,-9.0,-9.0,прохладно,1026.9,1021.9,,,,,,2023-11-18 18:00:00,2023-11-18 22:00:00,2023,11
штиль,0.0,н/о,,н/о,-9.2,-9.5,98,-10.0,-10.0,прохладно,1028.1,1023.1,,,,,,2023-11-18 21:00:00,2023-11-19 01:00:00,2023,11
штиль,0.0,н/о,,н/о,-10.2,-10.6,97,-11.0,-11.0,холодно,1028.6,1023.6,,,,,,2023-11-19 00:00:00,2023-11-19 04:00:00,2023,11
штиль,0.0,н/о,,н/о,-9.4,-10.0,95,-10.0,-10.0,прохладно,1028.5,1023.5,-11.2,,,,,2023-11-19 03:00:00,2023-11-19 07:00:00,2023,11
штиль,0.0,н/о,,н/о,-7.1,-7.9,94,-8.0,-8.0,по сезону,1030.1,1025.1,,,,,,2023-11-19 06:00:00,2023-11-19 10:00:00,2023,11
штиль,0.0,н/о,,н/о,-4.4,-7.1,81,-5.0,-5.0,по сезону,1028.8,1023.9,,,,,,2023-11-19 09:00:00,2023-11-19 13:00:00,2023,11
штиль,0.0,н/о,,н/о,-4.6,-7.5,80,-6.0,-6.0,по сезону,1028.5,1023.6,,,,,,2023-11-19 12:00:00,2023-11-19 16:00:00,2023,11
штиль,0.0,н/о,,н/о,-9.0,-9.6,95,-10.0,-10.0,прохладно,1028.2,1023.2,,-3.7,,,,2023-11-19 15:00:00,2023-11-19 19:00:00,2023,11
штиль,0.0,н/о,,н/о,-10.3,-10.6,98,-11.0,-11.0,холодно,1027.5,1022.5,,,,,,2023-11-19 18:00:00,2023-11-19 22:00:00,2023,11
штиль,0.0,н/о,,н/о,-9.5,-9.8,98,-10.0,-10.0,прохладно,1026.3,1021.2,,,,,,2023-11-19 21:00:00,2023-11-20 01:00:00,2023,11
В,1.0,н/о,,н/о,-8.4,-8.9,96,-11.0,-11.0,по сезону,1025.1,1020.1,,,,,,2023-11-20 00:00:00,2023-11-20 04:00:00,2023,11
В,1.0,н/о,,н/о,-7.7,-8.5,94,-10.0,-10.0,по сезону,1022.9,1018.0,-10.9,,,,,2023-11-20 03:00:00,2023-11-20 07:00:00,2023,11
В,3.0,н/о,,н/о,-2.6,-2.6,100,-8.0,-8.0,по сезону,1016.1,1011.2,,,,,,2023-11-20 12:00:00,2023-11-20 16:00:00,2023,11
В,,н/о,,н/о,-1.5,-1.5,100,-8.0,-8.0,по сезону,1012.1,1007.3,,-1.5,,,,2023-11-20 15:00:00,2023-11-20 19:00:00,2023,11
В,4.0,н/о,,н/о,-0.6,-1.4,94,-6.0,-6.0,по сезону,1009.9,1005.2,,,,,,2023-11-20 18:00:00,2023-11-20 22:00:00,2023,11
В,2.0,н/о,,н/о,-0.1,-2.2,86,-4.0,-4.0,по сезону,1007.6,1002.9,,,,,,2023-11-20 21:00:00,2023-11-21 01:00:00,2023,11
В,1.0,н/о,,н/о,-0.0,-1.3,91,-2.0,-2.0,тепло,1005.4,1000.6,,,,,,2023-11-21 00:00:00,2023-11-21 04:00:00,2023,11
штиль,0.0,н/о,,н/о,0.2,-0.2,97,-1.0,-1.0,тепло,1003.7,999.0,-1.5,,,,,2023-11-21 03:00:00,2023-11-21 07:00:00,2023,11
штиль,0.0,н/о,,н/о,0.2,0.1,99,-1.0,-1.0,тепло,1003.5,998.7,,,,,,2023-11-21 06:00:00,2023-11-21 10:00:00,2023,11
СВ,1.0,н/о,,н/о,0.7,0.7,100,-2.0,-2.0,тепло,1001.3,996.6,,,,,,2023-11-21 09:00:00,2023-11-21 13:00:00,2023,11
С,1.0,н/о,,н/о,0.9,0.9,100,-1.0,-1.0,тепло,1000.2,995.5,,,,,,2023-11-21 12:00:00,2023-11-21 16:00:00,2023,11
С,3.0,н/о,,н/о,1.0,1.0,100,-4.0,-4.0,по сезону,998.8,994.1,,1.2,,,,2023-11-21 15:00:00,2023-11-21 19:00:00,2023,11
С,3.0,н/о,,н/о,0.9,0.9,100,-4.0,-4.0,по сезону,996.9,992.2,,,,,,2023-11-21 18:00:00,2023-11-21 22:00:00,2023,11
С,4.0,н/о,,н/о,0.3,0.0,98,-5.0,-5.0,по сезону,995.2,990.5,,,,,,2023-11-21 21:00:00,2023-11-22 01:00:00,2023,11
С,,н/о,,н/о,-0.6,-1.5,94,-8.0,-8.0,по сезону,994.3,989.6,,,,,,2023-11-22 00:00:00,2023-11-22 04:00:00,2023,11
С,,н/о,,н/о,-2.3,-3.5,91,-9.0,-9.0,по сезону,994.6,989.9,-2.3,,,,,2023-11-22 03:00:00,2023-11-22 07:00:00,2023,11
СЗ,,н/о,,н/о,-4.1,-4.8,95,-12.0,-12.0,по сезону,995.7,990.9,-4.1,,,,,2023-11-22 06:00:00,2023-11-22 10:00:00,2023,11
СЗ,,н/о,,н/о,-5.0,-5.4,97,-12.0,-12.0,прохладно,996.7,991.9,,,,,,2023-11-22 09:00:00,2023-11-22 13:00:00,2023,11
СЗ,,н/о,,н/о,-5.8,-6.4,96,-13.0,-13.0,холодно,998.5,993.7,,,,,,2023-11-22 12:00:00,2023-11-22 16:00:00,2023,11
СЗ,,н/о,,н/о,-6.4,-8.9,82,-15.0,-15.0,холодно,1001.0,996.1,,-2.3,,,,2023-11-22 15:00:00,2023-11-22 19:00:00,2023,11
СЗ,,н/о,,н/о,-6.8,-9.5,81,-14.0,-14.0,прохладно,1002.2,997.4,,,,,,2023-11-22 18:00:00,2023-11-22 22:00:00,2023,11
СЗ,,н/о,,н/о,-7.3,-9.5,84,-14.0,-14.0,прохладно,1003.8,998.9,,,,,,2023-11-22 21:00:00,2023-11-23 01:00:00,2023,11
СЗ,,н/о,,н/о,-7.5,-10.2,81,-15.0,-15.0,прохладно,1004.6,999.7,,,,,,2023-11-23 00:00:00,2023-11-23 04:00:00,2023,11
З,3.0,н/о,,н/о,-8.8,-11.0,84,-15.0,-15.0,прохладно,1005.4,1000.5,-8.8,,,,,2023-11-23 03:00:00,2023-11-23 07:00:00,2023,11
З,2.0,н/о,,н/о,-10.0,-12.3,83,-14.0,-14.0,прохладно,1005.9,1001.0,-10.0,,,,,2023-11-23 06:00:00,2023-11-23 10:00:00,2023,11
З,3.0,н/о,,н/о,-9.1,-11.9,80,-15.0,-15.0,холодно,1005.9,1001.0,,,,,,2023-11-23 09:00:00,2023-11-23 13:00:00,2023,11
ЮЗ,2.0,н/о,,н/о,-9.6,-12.0,83,-14.0,-14.0,холодно,1005.0,1000.1,,,,,,2023-11-23 12:00:00,2023-11-23 16:00:00,2023,11
ЮЗ,3.0,н/о,,н/о,-9.9,-11.7,87,-16.0,-16.0,холодно,1005.0,1000.1,,-8.8,,,,2023-11-23 15:00:00,2023-11-23 19:00:00,2023,11
ЮЗ,1.0,н/о,,н/о,-10.3,-12.1,87,-13.0,-13.0,прохладно,1004.1,999.2,,,,,,2023-11-23 18:00:00,2023-11-23 22:00:00,2023,11
ЮЗ,1.0,н/о,,н/о,-11.1,-14.1,78,-13.0,-13.0,прохладно,1003.1,998.1,,,,,,2023-11-23 21:00:00,2023-11-24 01:00:00,2023,11
Ю,1.0,н/о,,н/о,-13.6,-15.0,89,-16.0,-16.0,холодно,1001.1,996.1,,,,,,2023-11-24 00:00:00,2023-11-24 04:00:00,2023,11
Ю,1.0,н/о,,н/о,-12.5,-13.8,90,-15.0,-15.0,прохладно,998.7,993.7,-13.9,,,,,2023-11-24 03:00:00,2023-11-24 07:00:00,2023,11
Ю,3.0,н/о,,н/о,-10.9,-11.7,94,-17.0,-17.0,холодно,996.8,991.9,,,,,,2023-11-24 06:00:00,2023-11-24 10:00:00,2023,11
Ю,5.0,н/о,,н/о,-7.3,-8.1,94,-15.0,-15.0,холодно,994.0,989.2,,,,,,2023-11-24 09:00:00,2023-11-24 13:00:00,2023,11
Ю,3.0,н/о,,н/о,-4.5,-4.9,97,-10.0,-10.0,по сезону,991.2,986.4,,,,,,2023-11-24 12:00:00,2023-11-24 16:00:00,2023,11
Ю,,н/о,,н/о,-3.6,-3.6,100,-10.0,-10.0,по сезону,988.8,984.1,,-3.6,,,,2023-11-24 15:00:00,2023-11-24 19:00:00,2023,11
Ю,3.0,н/о,,н/о,-0.2,-0.2,100,-5.0,-5.0,по сезону,987.0,982.3,,,,,,2023-11-24 18:00:00,2023-11-24 22:00:00,2023,11
ЮЗ,,н/о,,н/о,2.6,1.1,90,-2.0,-2.0,тепло,989.5,984.9,,,,,,2023-11-24 21:00:00,2023-11-25 01:00:00,2023,11
ЮЗ,,н/о,,н/о,2.3,0.9,90,-3.0,-3.0,тепло,992.8,988.2,,,,,,2023-11-25 00:00:00,2023-11-25 04:00:00,2023,11
ЮЗ,,н/о,,н/о,1.3,-0.2,90,-4.0,-4.0,тепло,996.2,991.5,-3.6,,,,,2023-11-25 03:00:00,2023-11-25 07:00:00,2023,11
штиль,,н/о,,н/о,1.0,-0.4,90,-0.0,-0.0,тепло,999.4,994.7,,,,,,2023-11-25 06:00:00,2023-11-25 10:00:00,2023,11
штиль,0.0,н/о,,н/о,2.9,0.8,86,2.0,2.0,тепло,1001.7,997.0,,,,,,2023-11-25 09:00:00,2023-11-25 13:00:00,2023,11
штиль,0.0,н/о,,н/о,2.2,0.6,89,1.0,1.0,тепло,1003.8,999.1,,,,,,2023-11-25 12:00:00,2023-11-25 16:00:00,2023,11
штиль,0.0,н/о,,н/о,0.0,-0.6,96,-1.0,-1.0,тепло,1006.6,1001.9,,3.2,,,,2023-11-25 15:00:00,2023-11-25 19:00:00,2023,11
штиль,0.0,н/о,,н/о,1.3,0.9,97,0.0,0.0,тепло,1009.5,1004.8,,,,,,2023-11-25 18:00:00,2023-11-25 22:00:00,2023,11
штиль,0.0,н/о,,н/о,1.3,1.1,99,-0.0,-0.0,тепло,1010.6,1005.8,,,,,,2023-11-25 21:00:00,2023-11-26 01:00:00,2023,11
штиль,0.0,н/о,,н/о,0.9,0.9,100,-1.0,-1.0,тепло,1010.9,1006.1,,,,,,2023-11-26 00:00:00,2023-11-26 04:00:00,2023,11
штиль,0.0,н/о,,н/о,1.1,1.1,100,-0.0,-0.0,тепло,1010.5,1005.8,-0.4,,,,,2023-11-26 03:00:00,2023-11-26 07:00:00,2023,11
В,1.0,н/о,,н/о,1.3,1.3,100,-1.0,-1.0,тепло,1008.7,1004.0,,,,,,2023-11-26 06:00:00,2023-11-26 10:00:00,2023,11
штиль,0.0,н/о,,н/о,2.7,2.7,100,1.0,1.0,тепло,1007.3,1002.6,,,,,,2023-11-26 09:00:00,2023-11-26 13:00:00,2023,11
штиль,0.0,н/о,,н/о,3.5,2.4,92,2.0,2.0,тепло,1006.6,1001.9,,,,,,2023-11-26 12:00:00,2023-11-26 16:00:00,2023,11
штиль,0.0,н/о,,н/о,0.7,0.6,99,-1.0,-1.0,тепло,1006.9,1002.2,,4.0,,,,2023-11-26 15:00:00,2023-11-26 19:00:00,2023,11
штиль,0.0,н/о,,н/о,-0.2,-0.2,100,-2.0,-2.0,тепло,1005.7,1001.0,,,,,,2023-11-26 18:00:00,2023-11-26 22:00:00,2023,11
штиль,0.0,н/о,,н/о,-1.8,-1.8,100,-3.0,-3.0,тепло,1005.8,1001.0,,,,,,2023-11-26 21:00:00,2023-11-27 01:00:00,2023,11
штиль,0.0,н/о,,н/о,-0.2,-0.2,100,-2.0,-2.0,тепло,1004.8,1000.1,,,,,,2023-11-27 00:00:00,2023-11-27 04:00:00,2023,11
В,1.0,н/о,,н/о,0.4,-0.9,91,-2.0,-2.0,тепло,1004.6,999.9,-3.2,,,,,2023-11-27 03:00:00,2023-11-27 07:00:00,2023,11
штиль,0.0,н/о,,н/о,0.5,-0.5,93,-1.0,-1.0,тепло,1005.4,1000.7,,,,,,2023-11-27 06:00:00,2023-11-27 10:00:00,2023,11
ЮВ,1.0,н/о,,н/о,2.6,0.0,83,1.0,1.0,тепло,1004.0,999.3,,,,,,2023-11-27 09:00:00,2023-11-27 13:00:00,2023,11
штиль,0.0,н/о,,н/о,2.1,-0.2,85,1.0,1.0,тепло,1003.2,998.5,,,,,,2023-11-27 12:00:00,2023-11-27 16:00:00,2023,11
штиль,0.0,н/о,,н/о,1.9,0.2,88,1.0,1.0,тепло,1003.8,999.1,,2.9,,,,2023-11-27 15:00:00,2023-11-27 19:00:00,2023,11
штиль,0.0,н/о,,н/о,1.2,0.3,94,-0.0,-0.0,тепло,1004.4,999.7,,,,,,2023-11-27 18:00:00,2023-11-27 22:00:00,2023,11
штиль,0.0,н/о,,н/о,1.0,0.9,99,-0.0,-0.0,тепло,1004.9,1000.2,,,,,,2023-11-27 21:00:00,2023-11-28 01:00:00,2023,11
штиль,0.0,н/о,,н/о,1.1,1.0,99,-0.0,-0.0,тепло,1006.1,1001.4,,,,,,2023-11-28 00:00:00,2023-11-28 04:00:00,2023,11
штиль,0.0,н/о,,н/о,0.3,0.3,100,-1.0,-1.0,тепло,1007.1,1002.4,0.3,,,,,2023-11-28 03:00:00,2023-11-28 07:00:00,2023,11
штиль,0.0,н/о,,н/о,0.4,0.3,99,-1.0,-1.0,тепло,1009.1,1004.4,-0.4,,,,,2023-11-28 06:00:00,2023-11-28 10:00:00,2023,11
З,1.0,н/о,,н/о,2.1,-0.7,82,1.0,1.0,тепло,1010.7,1006.0,,,,,,2023-11-28 09:00:00,2023-11-28 13:00:00,2023,11
штиль,0.0,н/о,,н/о,1.1,-1.0,86,0.0,0.0,тепло,1012.9,1008.2,,,,,,2023-11-28 12:00:00,2023-11-28 16:00:00,2023,11
штиль,0.0,н/о,,н/о,0.2,-2.7,81,-1.0,-1.0,тепло,1015.7,1010.9,,2.9,,,,2023-11-28 15:00:00,2023-11-28 19:00:00,2023,11
штиль,0.0,н/о,,н/о,-0.2,-4.5,73,-1.0,-1.0,тепло,1017.6,1012.8,,,,,,2023-11-28 18:00:00,2023-11-28 22:00:00,2023,11
штиль,0.0,н/о,,н/о,-0.2,-4.8,71,-1.0,-1.0,тепло,1019.5,1014.7,,,,,,2023-11-28 21:00:00,2023-11-29 01:00:00,2023,11
штиль,0.0,н/о,,н/о,-0.6,-4.4,75,-2.0,-2.0,тепло,1021.2,1016.4,,,,,,2023-11-29 00:00:00,2023-11-29 04:00:00,2023,11
штиль,0.0,н/о,,н/о,-1.1,-2.8,88,-2.0,-2.0,тепло,1021.9,1017.1,-1.2,,,,,2023-11-29 03:00:00,2023-11-29 07:00:00,2023,11
штиль,0.0,н/о,,н/о,-1.1,-2.7,89,-2.0,-2.0,тепло,1023.5,1018.6,-1.5,,,,,2023-11-29 06:00:00,2023-11-29 10:00:00,2023,11
штиль,0.0,н/о,,н/о,-0.5,-4.4,75,-1.0,-1.0,тепло,1024.1,1019.3,,,,,,2023-11-29 09:00:00,2023-11-29 13:00:00,2023,11
штиль,0.0,н/о,,н/о,-0.9,-5.3,72,-2.0,-2.0,по сезону,1024.9,1020.0,,,,,,2023-11-29 12:00:00,2023-11-29 16:00:00,2023,11
штиль,0.0,н/о,,н/о,-5.0,-6.7,88,-6.0,-6.0,по сезону,1025.5,1020.6,,-0.0,,,,2023-11-29 15:00:00,2023-11-29 19:00:00,2023,11
штиль,0.0,н/о,,н/о,-11.1,-11.6,96,-11.0,-11.0,прохладно,1026.0,1021.0,,,,,,2023-11-29 18:00:00,2023-11-29 22:00:00,2023,11
штиль,0.0,н/о,,н/о,-11.6,-11.9,98,-12.0,-12.0,прохладно,1026.1,1021.0,,,,,,2023-11-29 21:00:00,2023-11-30 01:00:00,2023,11
штиль,0.0,н/о,,н/о,-11.7,-12.2,96,-12.0,-12.0,по сезону,1026.0,1020.9,,,,,,2023-11-30 00:00:00,2023-11-30 04:00:00,2023,11
штиль,0.0,н/о,,н/о,-11.5,-12.0,96,-12.0,-12.0,по сезону,1024.7,1019.7,-13.0,,,,,2023-11-30 03:00:00,2023-11-30 07:00:00,2023,11
штиль,0.0,н/о,,н/о,-9.1,-9.4,98,-10.0,-10.0,по сезону,1023.8,1018.9,,,,,,2023-11-30 06:00:00,2023-11-30 10:00:00,2023,11
В,1.0,н/о,,н/о,-5.4,-5.8,97,-8.0,-8.0,по сезону,1022.6,1017.7,,,,,,2023-11-30 09:00:00,2023-11-30 13:00:00,2023,11
штиль,0.0,н/о,,н/о,-3.4,-3.8,97,-5.0,-5.0,по сезону,1021.1,1016.2,,,,,,2023-11-30 12:00:00,2023-11-30 16:00:00,2023,11
штиль,0.0,н/о,,н/о,-0.7,-1.0,98,-2.0,-2.0,тепло,1019.6,1014.8,,-0.7,,,,2023-11-30 15:00:00,2023-11-30 19:00:00,2023,11
штиль,0.0,н/о,,н/о,0.5,-0.4,94,-1.0,-1.0,тепло,1018.3,1013.5,,,,,,2023-11-30 18:00:00,2023-11-30 22:00:00,2023,11
штиль,0.0,н/о,,н/о,0.2,0.2,100,-1.0,-1.0,тепло,1016.9,1012.1,,,,,,2023-11-30 21:00:00,2023-12-01 01:00:00,2023,11
штиль,0.0,н/о,,н/о,0.1,0.1,100,-1.0,-1.0,тепло,1015.3,1010.5,,,,,,2023-12-01 00:00:00,2023-12-01 04:00:00,2023,12
штиль,0.0,н/о,,н/о,0.4,0.4,100,-1.0,-1.0,тепло,1015.6,1010.8,-0.6,,,,,2023-12-01 03:00:00,2023-12-01 07:00:00,2023,12
штиль,0.0,н/о,,н/о,0.8,0.8,100,-1.0,-1.0,тепло,1016.4,1011.7,,,,,,2023-12-01 06:00:00,2023-12-01 10:00:00,2023,12
штиль,0.0,н/о,,н/о,0.9,0.1,94,-0.0,-0.0,тепло,1016.8,1012.0,,,,,,2023-12-01 09:00:00,2023-12-01 13:00:00,2023,12
штиль,0.0,н/о,,н/о,-0.6,-1.9,91,-2.0,-2.0,тепло,1016.5,1011.7,,,,,,2023-12-01 12:00:00,2023-12-01 16:00:00,2023,12
штиль,0.0,н/о,,н/о,-4.9,-4.9,100,-6.0,-6.0,по сезону,1016.2,1011.3,,1.4,,,,2023-12-01 15:00:00,2023-12-01 19:00:00,2023,12
штиль,0.0,н/о,,н/о,-5.1,-5.1,100,-6.0,-6.0,по сезону,1013.2,1008.4,,,,,,2023-12-01 18:00:00,2023-12-01 22:00:00,2023,12
штиль,0.0,н/о,,н/о,-4.1,-4.2,99,-5.0,-5.0,тепло,1010.5,1005.7,,,,,,2023-12-01 21:00:00,2023-12-02 01:00:00,2023,12
штиль,0.0,н/о,,н/о,-1.3,-1.3,100,-3.0,-3.0,тепло,1004.9,1000.2,,,,,,2023-12-02 00:00:00,2023-12-02 04:00:00,2023,12
ЮВ,1.0,н/о,,н/о,-0.2,-0.2,100,-3.0,-3.0,тепло,997.7,993.0,-5.9,,,,,2023-12-02 03:00:00,2023-12-02 07:00:00,2023,12
З,2.0,н/о,,н/о,0.8,0.8,100,-3.0,-3.0,тепло,996.5,991.8,,,,,,2023-12-02 06:00:00,2023-12-02 10:00:00,2023,12
З,,н/о,,н/о,1.0,-1.2,85,-3.0,-3.0,тепло,998.8,994.1,,,,,,2023-12-02 09:00:00,2023-12-02 13:00:00,2023,12
З,,н/о,,н/о,0.1,-2.5,83,-5.0,-5.0,по сезону,1001.9,997.2,,,,,,2023-12-02 12:00:00,2023-12-02 16:00:00,2023,12
З,,н/о,,н/о,-2.6,-5.8,79,-9.0,-9.0,по сезону,1006.6,1001.8,,1.1,,,,2023-12-02 15:00:00,2023-12-02 19:00:00,2023,12
З,,н/о,,н/о,-3.2,-5.6,83,-7.0,-7.0,по сезону,1009.8,1005.0,,,,,,2023-12-02 18:00:00,2023-12-02 22:00:00,2023,12
З,2.0,н/о,,н/о,-3.4,-5.4,86,-8.0,-8.0,по сезону,1013.3,1008.5,,,,,,2023-12-02 21:00:00,2023-12-03 01:00:00,2023,12
СЗ,3.0,н/о,,н/о,-3.2,-5.6,83,-8.0,-8.0,по сезону,1015.9,1011.1,,,,,,2023-12-03 00:00:00,2023-12-03 04:00:00,2023,12
С,1.0,н/о,,н/о,-4.9,-6.4,89,-7.0,-7.0,по сезону,1018.6,1013.7,-4.9,,,,,2023-12-03 03:00:00,2023-12-03 07:00:00,2023,12
штиль,0.0,н/о,,н/о,-5.4,-6.1,95,-6.0,-6.0,по сезону,1021.2,1016.3,-9.5,,,,,2023-12-03 06:00:00,2023-12-03 10:00:00,2023,12
СВ,1.0,н/о,,н/о,-4.6,-6.0,90,-7.0,-7.0,по сезону,1021.7,1016.8,,,,,,2023-12-03 09:00:00,2023-12-03 13:00:00,2023,12
В,2.0,н/о,,н/о,-5.2,-6.3,92,-10.0,-10.0,по сезону,1021.3,1016.4,,,,,,2023-12-03 12:00:00,2023-12-03 16:00:00,2023,12
ЮВ,2.0,н/о,,н/о,-5.2,-5.6,97,-10.0,-10.0,по сезону,1019.7,1014.8,,-4.4,,,,2023-12-03 15:00:00,2023-12-03 19:00:00,2023,12
ЮВ,3.0,н/о,,н/о,-4.1,-4.3,99,-10.0,-10.0,по сезону,1016.6,1011.7,,,,,,2023-12-03 18:00:00,2023-12-03 22:00:00,2023,12
ЮВ,4.0,н/о,,н/о,-2.4,-2.5,99,-9.0,-9.0,по сезону,1012.6,1007.8,,,,,,2023-12-03 21:00:00,2023-12-04 01:00:00,2023,12
Ю,3.0,н/о,,н/о,-0.1,-0.2,99,-5.0,-5.0,тепло,1008.4,1003.6,,,,,,2023-12-04 00:00:00,2023-12-04 04:00:00,2023,12
Ю,2.0,н/о,,н/о,1.2,1.2,100,-3.0,-3.0,тепло,1006.6,1001.9,-5.3,,,,,2023-12-04 03:00:00,2023-12-04 07:00:00,2023,12
ЮЗ,2.0,н/о,,н/о,2.4,1.2,92,-1.0,-1.0,тепло,1008.2,1003.5,,,,,,2023-12-04 06:00:00,2023-12-04 10:00:00,2023,12
ЮЗ,,н/о,,н/о,2.6,-0.4,81,1.0,1.0,тепло,1008.6,1003.9,,,,,,2023-12-04 09:00:00,2023-12-04 13:00:00,2023,12
З,,н/о,,н/о,0.7,-2.6,79,-3.0,-3.0,тепло,1009.6,1004.8,,,,,,2023-12-04 12:00:00,2023-12-04 16:00:00,2023,12
З,,н/о,,н/о,-1.6,-6.1,71,-3.0,-3.0,тепло,1012.2,1007.4,,2.7,,,,2023-12-04 15:00:00,2023-12-04 19:00:00,2023,12
З,,н/о,,н/о,-3.4,-7.4,74,-9.0,-9.0,по сезону,1014.3,1009.5,,,,,,2023-12-04 18:00:00,2023-12-04 22:00:00,2023,12
З,,н/о,,н/о,-4.4,-8.0,76,-8.0,-8.0,по сезону,1015.9,1011.0,,,,,,2023-12-04 21:00:00,2023-12-05 01:00:00,2023,12
СЗ,2.0,н/о,,н/о,-5.0,-9.0,73,-9.0,-9.0,по сезону,1016.6,1011.7,,,,,,2023-12-05 00:00:00,2023-12-05 04:00:00,2023,12
З,3.0,н/о,,н/о,-5.0,-8.3,78,-10.0,-10.0,по сезону,1017.6,1012.7,-5.0,,,,,2023-12-05 03:00:00,2023-12-05 07:00:00,2023,12
З,2.0,н/о,,н/о,-5.1,-7.9,81,-9.0,-9.0,по сезону,1018.9,1014.1,-5.1,,,,,2023-12-05 06:00:00,2023-12-05 10:00:00,2023,12
З,3.0,н/о,,н/о,-5.3,-8.2,80,-11.0,-11.0,по сезону,1019.4,1014.5,,,,,,2023-12-05 09:00:00,2023-12-05 13:00:00,2023,12
З,3.0,н/о,,н/о,-5.4,-8.8,77,-11.0,-11.0,по сезону,1020.3,1015.4,,,,,,2023-12-05 12:00:00,2023-12-05 16:00:00,2023,12
З,2.0,н/о,,н/о,-6.9,-9.8,80,-11.0,-11.0,по сезону,1021.9,1017.0,,-4.8,,,,2023-12-05 15:00:00,2023-12-05 19:00:00,2023,12
З,3.0,н/о,,н/о,-7.7,-10.4,81,-13.0,-13.0,по сезону,1023.2,1018.3,,,,,,2023-12-05 18:00:00,2023-12-05 22:00:00,2023,12
СЗ,2.0,н/о,,н/о,-7.3,-9.9,82,-12.0,-12.0,по сезону,1024.5,1019.6,,,,,,2023-12-05 21:00:00,2023-12-06 01:00:00,2023,12
штиль,0.0,н/о,,н/о,-8.2,-9.9,88,-9.0,-9.0,по сезону,1026.5,1021.5,,,,,,2023-12-06 00:00:00,2023-12-06 04:00:00,2023,12
З,1.0,н/о,,н/о,-7.6,-9.2,88,-10.0,-10.0,по сезону,1027.9,1022.9,-8.4,,,,,2023-12-06 03:00:00,2023-12-06 07:00:00,2023,12
З,1.0,н/о,,н/о,-7.9,-9.2,90,-10.0,-10.0,по сезону,1029.7,1024.7,-8.7,,,,,2023-12-06 06:00:00,2023-12-06 10:00:00,2023,12
СЗ,1.0,н/о,,н/о,-7.3,-9.8,82,-10.0,-10.0,по сезону,1031.1,1026.1,,,,,,2023-12-06 09:00:00,2023-12-06 13:00:00,2023,12
СЗ,1.0,н/о,,н/о,-7.1,-9.5,83,-9.0,-9.0,по сезону,1032.4,1027.5,,,,,,2023-12-06 12:00:00,2023-12-06 16:00:00,2023,12
штиль,0.0,н/о,,н/о,-8.7,-10.0,90,-9.0,-9.0,по сезону,1034.2,1029.2,,-6.6,,,,2023-12-06 15:00:00,2023-12-06 19:00:00,2023,12
штиль,0.0,н/о,,н/о,-8.9,-10.0,92,-10.0,-10.0,по сезону,1035.6,1030.6,,,,,,2023-12-06 18:00:00,2023-12-06 22:00:00,2023,12
штиль,0.0,н/о,,н/о,-9.0,-11.1,85,-10.0,-10.0,по сезону,1036.6,1031.5,,,,,,2023-12-06 21:00:00,2023-12-07 01:00:00,2023,12
штиль,0.0,н/о,,н/о,-9.3,-10.8,89,-10.0,-10.0,по сезону,1037.6,1032.5,,,,,,2023-12-07 00:00:00,2023-12-07 04:00:00,2023,12
штиль,0.0,н/о,,н/о,-9.6,-11.3,87,-10.0,-10.0,по сезону,1038.5,1033.4,-9.6,,,,,2023-12-07 03:00:00,2023-12-07 07:00:00,2023,12
штиль,0.0,н/о,,н/о,-9.6,-10.4,94,-10.0,-10.0,по сезону,1039.4,1034.4,-10.3,,,,,2023-12-07 06:00:00,2023-12-07 10:00:00,2023,12
штиль,0.0,н/о,,н/о,-9.1,-11.5,83,-10.0,-10.0,по сезону,1040.2,1035.1,,,,,,2023-12-07 09:00:00,2023-12-07 13:00:00,2023,12
штиль,0.0,н/о,,н/о,-9.5,-12.8,77,-10.0,-10.0,по сезону,1040.4,1035.3,,,,,,2023-12-07 12:00:00,2023-12-07 16:00:00,2023,12
штиль,0.0,н/о,,н/о,-10.4,-12.3,86,-11.0,-11.0,по сезону,1041.2,1036.1,,-8.9,,,,2023-12-07 15:00:00,2023-12-07 19:00:00,2023,12
штиль,0.0,н/о,,н/о,-12.7,-14.2,89,-13.0,-13.0,прохладно,1042.1,1037.0,,,,,,2023-12-07 18:00:00,2023-12-07 22:00:00,2023,12
штиль,0.0,н/о,,н/о,-17.2,-18.1,93,-17.0,-17.0,холодно,1042.6,1037.4,,,,,,2023-12-07 21:00:00,2023-12-08 01:00:00,2023,12
штиль,0.0,н/о,,н/о,-18.1,-19.2,91,-18.0,-18.0,очень  холодно,1043.1,1037.8,,,,,,2023-12-08 00:00:00,2023-12-08 04:00:00,2023,12
штиль,0.0,н/о,,н/о,-18.0,-19.2,90,-18.0,-18.0,очень  холодно,1043.9,1038.6,-18.4,,,,,2023-12-08 03:00:00,2023-12-08 07:00:00,2023,12
ЮВ,1.0,н/о,,н/о,-18.0,-19.5,88,-21.0,-21.0,очень  холодно,1045.0,1039.7,,,,,,2023-12-08 06:00:00,2023-12-08 10:00:00,2023,12
штиль,0.0,н/о,,н/о,-17.6,-20.1,81,-18.0,-18.0,очень  холодно,1044.9,1039.6,,,,,,2023-12-08 09:00:00,2023-12-08 13:00:00,2023,12
штиль,0.0,н/о,,н/о,-18.0,-20.7,79,-18.0,-18.0,очень  холодно,1044.9,1039.6,,,,,,2023-12-08 12:00:00,2023-12-08 16:00:00,2023,12
штиль,0.0,н/о,,н/о,-20.9,-22.8,85,-21.0,-21.0,очень  холодно,1045.5,1040.1,,-17.0,,,,2023-12-08 15:00:00,2023-12-08 19:00:00,2023,12
штиль,0.0,н/о,,н/о,-23.0,-24.6,87,-23.0,-23.0,очень  холодно,1046.4,1041.0,,,,,,2023-12-08 18:00:00,2023-12-08 22:00:00,2023,12
штиль,0.0,н/о,,н/о,-23.2,-24.8,87,-23.0,-23.0,очень  холодно,1046.6,1041.2,,,,,,2023-12-08 21:00:00,2023-12-09 01:00:00,2023,12
штиль,0.0,н/о,,н/о,-24.0,-25.7,86,-24.0,-24.0,очень  холодно,1046.8,1041.4,,,,,,2023-12-09 00:00:00,2023-12-09 04:00:00,2023,12
штиль,0.0,н/о,,н/о,-24.6,-26.5,84,-25.0,-25.0,очень  холодно,1046.9,1041.5,-25.7,,,,,2023-12-09 03:00:00,2023-12-09 07:00:00,2023,12
штиль,0.0,н/о,,н/о,-23.2,-25.0,85,-23.0,-23.0,очень  холодно,1047.3,1041.9,,,,,,2023-12-09 06:00:00,2023-12-09 10:00:00,2023,12
В,1.0,н/о,,н/о,-20.2,-22.4,83,-23.0,-23.0,очень  холодно,1046.5,1041.2,,,,,,2023-12-09 09:00:00,2023-12-09 13:00:00,2023,12
В,1.0,н/о,,н/о,-19.1,-21.8,79,-22.0,-22.0,очень  холодно,1046.0,1040.7,,,,,,2023-12-09 12:00:00,2023-12-09 16:00:00,2023,12
В,2.0,н/о,,н/о,-19.4,-21.6,83,-25.0,-25.0,очень  холодно,1045.3,1040.0,,-18.9,,,,2023-12-09 15:00:00,2023-12-09 19:00:00,2023,12
В,2.0,н/о,,н/о,-19.4,-21.4,84,-25.0,-25.0,очень  холодно,1044.8,1039.5,,,,,,2023-12-09 18:00:00,2023-12-09 22:00:00,2023,12
В,2.0,н/о,,н/о,-19.6,-22.2,80,-25.0,-25.0,очень  холодно,1043.7,1038.4,,,,,,2023-12-09 21:00:00,2023-12-10 01:00:00,2023,12
В,2.0,н/о,,н/о,-19.4,-21.7,82,-25.0,-25.0,очень  холодно,1043.2,1037.9,,,,,,2023-12-10 00:00:00,2023-12-10 04:00:00,2023,12
В,3.0,н/о,,н/о,-19.2,-21.5,82,-27.0,-27.0,очень  холодно,1042.3,1037.0,-19.6,,,,,2023-12-10 03:00:00,2023-12-10 07:00:00,2023,12
В,3.0,н/о,,н/о,-19.2,-21.8,80,-27.0,-27.0,очень  холодно,1042.6,1037.3,,,,,,2023-12-10 06:00:00,2023-12-10 10:00:00,2023,12
В,3.0,н/о,,н/о,-17.2,-21.0,72,-24.0,-24.0,очень  холодно,1042.0,1036.8,,,,,,2023-12-10 09:00:00,2023-12-10 13:00:00,2023,12
В,2.0,н/о,,н/о,-17.0,-20.9,72,-22.0,-22.0,очень  холодно,1042.0,1036.7,,,,,,2023-12-10 12:00:00,2023-12-10 16:00:00,2023,12
В,2.0,н/о,,н/о,-18.9,-22.3,74,-25.0,-25.0,очень  холодно,1042.6,1037.3,,-16.3,,,,2023-12-10 15:00:00,2023-12-10 19:00:00,2023,12
В,2.0,н/о,,н/о,-20.2,-23.2,77,-26.0,-26.0,очень  холодно,1043.4,1038.1,,,,,,2023-12-10 18:00:00,2023-12-10 22:00:00,2023,12
штиль,0.0,н/о,,н/о,-21.6,-24.2,79,-22.0,-22.0,очень  холодно,1044.6,1039.2,,,,,,2023-12-10 21:00:00,2023-12-11 01:00:00,2023,12
В,2.0,н/о,,н/о,-22.4,-25.1,79,-29.0,-29.0,очень  холодно,1045.3,1039.9,,,,,,2023-12-11 00:00:00,2023-12-11 04:00:00,2023,12
штиль,0.0,н/о,,н/о,-22.8,-25.2,81,-23.0,-23.0,очень  холодно,1046.4,1041.0,-23.4,,,,,2023-12-11 03:00:00,2023-12-11 07:00:00,2023,12
штиль,0.0,н/о,,н/о,-22.2,-24.8,79,-22.0,-22.0,очень  холодно,1047.5,1042.1,,,,,,2023-12-11 06:00:00,2023-12-11 10:00:00,2023,12
В,3.0,н/о,,н/о,-18.1,-21.8,73,-25.0,-25.0,очень  холодно,1047.9,1042.6,,,,,,2023-12-11 09:00:00,2023-12-11 13:00:00,2023,12
В,1.0,н/о,,н/о,-18.0,-21.5,74,-21.0,-21.0,очень  холодно,1048.1,1042.8,,,,,,2023-12-11 12:00:00,2023-12-11 16:00:00,2023,12
В,2.0,н/о,,н/о,-18.6,-21.5,78,-24.0,-24.0,очень  холодно,1048.9,1043.6,,-16.9,,,,2023-12-11 15:00:00,2023-12-11 19:00:00,2023,12
ЮВ,3.0,н/о,,н/о,-15.4,-19.5,71,-22.0,-22.0,очень  холодно,1049.1,1043.9,,,,,,2023-12-11 18:00:00,2023-12-11 22:00:00,2023,12
ЮВ,,н/о,,н/о,-15.6,-19.8,70,-24.0,-24.0,очень  холодно,1049.6,1044.3,,,,,,2023-12-11 21:00:00,2023-12-12 01:00:00,2023,12
ЮВ,,н/о,,н/о,-17.6,-21.9,69,-27.0,-27.0,очень  холодно,1050.0,1044.7,,,,,,2023-12-12 00:00:00,2023-12-12 04:00:00,2023,12
ЮВ,,н/о,,н/о,-19.4,-23.9,67,-25.0,-25.0,очень  холодно,1050.5,1045.2,-19.4,,,,,2023-12-12 03:00:00,2023-12-12 07:00:00,2023,12
ЮВ,,н/о,,н/о,-19.8,-24.5,66,-27.0,-27.0,очень  холодно,1050.9,1045.5,-19.8,,,,,2023-12-12 06:00:00,2023-12-12 10:00:00,2023,12
ЮВ,,н/о,,н/о,-18.5,-24.1,61,-27.0,-27.0,очень  холодно,1050.5,1045.2,,,,,,2023-12-12 09:00:00,2023-12-12 13:00:00,2023,12
ЮВ,,н/о,,н/о,-18.1,-23.1,65,-27.0,-27.0,очень  холодно,1049.5,1044.2,,,,,,2023-12-12 12:00:00,2023-12-12 16:00:00,2023,12
ЮВ,4.0,н/о,,н/о,-17.5,-21.9,68,-26.0,-26.0,очень  холодно,1048.8,1043.5,,-17.5,,,,2023-12-12 15:00:00,2023-12-12 19:00:00,2023,12
ЮВ,,н/о,,н/о,-17.8,-22.4,67,-27.0,-27.0,очень  холодно,1048.4,1043.1,,,,,,2023-12-12 18:00:00,2023-12-12 22:00:00,2023,12
ЮВ,,н/о,,н/о,-18.8,-23.0,69,-26.0,-26.0,очень  холодно,1048.0,1042.7,,,,,,2023-12-12 21:00:00,2023-12-13 01:00:00,2023,12
ЮВ,2.0,н/о,,н/о,-19.1,-23.0,71,-25.0,-25.0,очень  холодно,1046.9,1041.6,,,,,,2023-12-13 00:00:00,2023-12-13 04:00:00,2023,12
ЮВ,3.0,н/о,,н/о,-18.6,-23.3,66,-26.0,-26.0,очень  холодно,1046.0,1040.7,-19.1,,,,,2023-12-13 03:00:00,2023-12-13 07:00:00,2023,12
ЮВ,,н/о,,н/о,-17.9,-23.3,63,-25.0,-25.0,очень  холодно,1045.9,1040.6,,,,,,2023-12-13 06:00:00,2023-12-13 10:00:00,2023,12
ЮВ,4.0,н/о,,н/о,-15.5,-21.1,62,-23.0,-23.0,очень  холодно,1044.6,1039.4,,,,,,2023-12-13 09:00:00,2023-12-13 13:00:00,2023,12
ЮВ,,н/о,,н/о,-14.4,-19.9,63,-22.0,-22.0,очень  холодно,1042.8,1037.6,,,,,,2023-12-13 12:00:00,2023-12-13 16:00:00,2023,12
ЮВ,3.0,н/о,,н/о,-13.5,-18.5,66,-20.0,-20.0,холодно,1042.0,1036.8,,-13.5,,,,2023-12-13 15:00:00,2023-12-13 19:00:00,2023,12
ЮВ,3.0,н/о,,н/о,-12.9,-17.5,68,-19.0,-19.0,холодно,1041.0,1035.9,,,,,,2023-12-13 18:00:00,2023-12-13 22:00:00,2023,12
ЮВ,2.0,н/о,,н/о,-12.2,-17.2,66,-17.0,-17.0,прохладно,1040.9,1035.7,,,,,,2023-12-13 21:00:00,2023-12-14 01:00:00,2023,12
ЮВ,3.0,н/о,,н/о,-11.7,-16.7,66,-18.0,-18.0,прохладно,1040.3,1035.2,,,,,,2023-12-14 00:00:00,2023-12-14 04:00:00,2023,12
ЮВ,4.0,н/о,,н/о,-11.8,-16.6,67,-19.0,-19.0,прохладно,1039.6,1034.5,-13.5,,,,,2023-12-14 03:00:00,2023-12-14 07:00:00,2023,12
ЮВ,3.0,н/о,,н/о,-11.7,-16.6,67,-18.0,-18.0,прохладно,1039.7,1034.6,,,,,,2023-12-14 06:00:00,2023-12-14 10:00:00,2023,12
ЮВ,3.0,н/о,,н/о,-10.7,-16.2,64,-17.0,-17.0,прохладно,1039.5,1034.4,,,,,,2023-12-14 09:00:00,2023-12-14 13:00:00,2023,12
ЮВ,1.0,н/о,,н/о,-10.0,-15.2,66,-12.0,-12.0,по сезону,1038.6,1033.5,,,,,,2023-12-14 12:00:00,2023-12-14 16:00:00,2023,12
ЮВ,2.0,н/о,,н/о,-10.0,-14.1,72,-14.0,-14.0,по сезону,1038.3,1033.2,,-9.6,,,,2023-12-14 15:00:00,2023-12-14 19:00:00,2023,12
штиль,0.0,н/о,,н/о,-11.9,-15.5,75,-12.0,-12.0,по сезону,1037.6,1032.5,,,,,,2023-12-14 18:00:00,2023-12-14 22:00:00,2023,12
штиль,0.0,н/о,,н/о,-18.2,-19.4,90,-18.0,-18.0,прохладно,1037.6,1032.4,,,,,,2023-12-14 21:00:00,2023-12-15 01:00:00,2023,12
штиль,0.0,н/о,,н/о,-19.0,-20.4,89,-19.0,-19.0,прохладно,1037.0,1031.8,,,,,,2023-12-15 00:00:00,2023-12-15 04:00:00,2023,12
штиль,0.0,н/о,,н/о,-18.0,-19.6,87,-18.0,-18.0,прохладно,1035.6,1030.4,-20.9,,,,,2023-12-15 03:00:00,2023-12-15 07:00:00,2023,12
ЮВ,1.0,н/о,,н/о,-15.6,-17.7,84,-18.0,-18.0,прохладно,1035.0,1029.8,,,,,,2023-12-15 06:00:00,2023-12-15 10:00:00,2023,12
ЮВ,2.0,н/о,,н/о,-10.3,-17.2,57,-15.0,-15.0,по сезону,1033.4,1028.3,,,,,,2023-12-15 09:00:00,2023-12-15 13:00:00,2023,12
В,1.0,н/о,,н/о,-11.5,-16.7,65,-14.0,-14.0,по сезону,1031.3,1026.2,,,,,,2023-12-15 12:00:00,2023-12-15 16:00:00,2023,12
ЮВ,1.0,н/о,,н/о,-14.1,-17.2,77,-17.0,-17.0,прохладно,1029.8,1024.7,,-10.2,,,,2023-12-15 15:00:00,2023-12-15 19:00:00,2023,12
штиль,0.0,н/о,,н/о,-18.1,-19.7,87,-18.0,-18.0,прохладно,1028.7,1023.5,,,,,,2023-12-15 18:00:00,2023-12-15 22:00:00,2023,12
штиль,0.0,н/о,,н/о,-18.6,-19.7,91,-19.0,-19.0,прохладно,1027.4,1022.3,,,,,,2023-12-15 21:00:00,2023-12-16 01:00:00,2023,12
штиль,0.0,н/о,,н/о,-15.3,-16.8,88,-15.0,-15.0,по сезону,1025.7,1020.6,,,,,,2023-12-16 00:00:00,2023-12-16 04:00:00,2023,12
ЮВ,1.0,н/о,,н/о,-11.3,-14.3,78,-14.0,-14.0,по сезону,1024.3,1019.3,-19.5,,,,,2023-12-16 03:00:00,2023-12-16 07:00:00,2023,12
Ю,3.0,н/о,,н/о,-11.0,-11.9,93,-17.0,-17.0,прохладно,1023.5,1018.5,,,,,,2023-12-16 06:00:00,2023-12-16 10:00:00,2023,12
Ю,3.0,н/о,,н/о,-9.7,-10.6,93,-16.0,-16.0,прохладно,1022.9,1017.9,,,,,,2023-12-16 09:00:00,2023-12-16 13:00:00,2023,12
Ю,1.0,н/о,,н/о,-9.2,-10.8,88,-12.0,-12.0,по сезону,1022.6,1017.6,,,,,,2023-12-16 12:00:00,2023-12-16 16:00:00,2023,12
штиль,0.0,н/о,,н/о,-9.1,-9.9,94,-10.0,-10.0,по сезону,1022.7,1017.7,,-9.1,,,,2023-12-16 15:00:00,2023-12-16 19:00:00,2023,12
штиль,0.0,н/о,,н/о,-8.5,-9.4,93,-9.0,-9.0,по сезону,1022.3,1017.3,,,,,,2023-12-16 18:00:00,2023-12-16 22:00:00,2023,12
штиль,0.0,н/о,,н/о,-8.5,-9.2,95,-9.0,-9.0,по сезону,1022.8,1017.8,,,,,,2023-12-16 21:00:00,2023-12-17 01:00:00,2023,12
ЮЗ,1.0,н/о,,н/о,-10.4,-11.5,92,-13.0,-13.0,по сезону,1023.1,1018.0,,,,,,2023-12-17 00:00:00,2023-12-17 04:00:00,2023,12
З,2.0,н/о,,н/о,-14.0,-15.0,92,-19.0,-19.0,холодно,1022.7,1017.6,-14.2,,,,,2023-12-17 03:00:00,2023-12-17 07:00:00,2023,12
штиль,0.0,н/о,,н/о,-12.3,-13.3,92,-12.0,-12.0,по сезону,1022.7,1017.6,-15.6,,,,,2023-12-17 06:00:00,2023-12-17 10:00:00,2023,12
штиль,0.0,н/о,,н/о,-9.2,-10.9,87,-10.0,-10.0,по сезону,1022.0,1017.0,,,,,,2023-12-17 09:00:00,2023-12-17 13:00:00,2023,12
ЮЗ,1.0,н/о,,н/о,-8.4,-9.6,91,-11.0,-11.0,по сезону,1021.0,1016.0,,,,,,2023-12-17 12:00:00,2023-12-17 16:00:00,2023,12
Ю,1.0,н/о,,н/о,-8.2,-8.8,95,-11.0,-11.0,по сезону,1019.8,1014.8,,-8.2,,,,2023-12-17 15:00:00,2023-12-17 19:00:00,2023,12
Ю,1.0,н/о,,н/о,-6.8,-7.4,95,-9.0,-9.0,по сезону,1016.4,1011.5,,,,,,2023-12-17 18:00:00,2023-12-17 22:00:00,2023,12
Ю,,н/о,,н/о,-5.5,-6.3,94,-13.0,-13.0,по сезону,1011.8,1006.9,,,,,,2023-12-17 21:00:00,2023-12-18 01:00:00,2023,12
Ю,,н/о,,н/о,-4.3,-4.5,99,-10.0,-10.0,по сезону,1009.1,1004.3,,,,,,2023-12-18 00:00:00,2023-12-18 04:00:00,2023,12
ЮЗ,2.0,н/о,,н/о,-2.0,-2.0,100,-6.0,-6.0,по сезону,1008.0,1003.2,-8.5,,,,,2023-12-18 03:00:00,2023-12-18 07:00:00,2023,12
ЮЗ,3.0,н/о,,н/о,-0.5,-1.4,94,-5.0,-5.0,по сезону,1008.3,1003.6,,,,,,2023-12-18 06:00:00,2023-12-18 10:00:00,2023,12
З,2.0,н/о,,н/о,0.8,-1.4,85,-3.0,-3.0,тепло,1008.8,1004.1,,,,,,2023-12-18 09:00:00,2023-12-18 13:00:00,2023,12
штиль,0.0,н/о,,н/о,1.1,-1.2,85,0.0,0.0,тепло,1009.6,1004.8,,,,,,2023-12-18 12:00:00,2023-12-18 16:00:00,2023,12
штиль,0.0,н/о,,н/о,0.4,-1.4,88,-1.0,-1.0,тепло,1009.9,1005.1,,1.4,,,,2023-12-18 15:00:00,2023-12-18 19:00:00,2023,12
штиль,0.0,н/о,,н/о,0.2,-1.9,86,-1.0,-1.0,тепло,1009.6,1004.8,,,,,,2023-12-18 18:00:00,2023-12-18 22:00:00,2023,12
ЮЗ,1.0,н/о,,н/о,-0.2,-2.5,84,-2.0,-2.0,тепло,1009.0,1004.3,,,,,,2023-12-18 21:00:00,2023-12-19 01:00:00,2023,12
штиль,0.0,н/о,,н/о,-0.5,-3.2,82,-2.0,-2.0,тепло,1009.1,1004.3,,,,,,2023-12-19 00:00:00,2023-12-19 04:00:00,2023,12
З,1.0,н/о,,н/о,-0.9,-3.1,85,-3.0,-3.0,тепло,1009.6,1004.8,-0.9,,,,,2023-12-19 03:00:00,2023-12-19 07:00:00,2023,12
З,1.0,н/о,,н/о,-0.8,-2.8,86,-3.0,-3.0,тепло,1011.4,1006.6,-1.2,,,,,2023-12-19 06:00:00,2023-12-19 10:00:00,2023,12
З,1.0,н/о,,н/о,0.2,-2.0,85,-2.0,-2.0,тепло,1013.2,1008.5,,,,,,2023-12-19 09:00:00,2023-12-19 13:00:00,2023,12
штиль,0.0,н/о,,н/о,0.9,-2.9,76,0.0,0.0,тепло,1014.6,1009.8,,,,,,2023-12-19 12:00:00,2023-12-19 16:00:00,2023,12
ЮЗ,1.0,н/о,,н/о,0.3,-3.4,76,-1.0,-1.0,тепло,1015.6,1010.8,,0.9,,,,2023-12-19 15:00:00,2023-12-19 19:00:00,2023,12
Ю,2.0,н/о,,н/о,-0.1,-2.9,81,-4.0,-4.0,по сезону,1013.5,1008.7,,,,,,2023-12-19 18:00:00,2023-12-19 22:00:00,2023,12
ЮЗ,,н/о,,н/о,0.5,-1.1,89,-6.0,-6.0,по сезону,1011.6,1006.8,,,,,,2023-12-19 21:00:00,2023-12-20 01:00:00,2023,12
ЮЗ,,н/о,,н/о,0.2,-0.3,96,-5.0,-5.0,тепло,1009.1,1004.4,,,,,,2023-12-20 00:00:00,2023-12-20 04:00:00,2023,12
ЮЗ,,н/о,,н/о,0.4,0.4,100,-3.0,-3.0,тепло,1006.8,1002.1,-0.2,,,,,2023-12-20 03:00:00,2023-12-20 07:00:00,2023,12
ЮЗ,,н/о,,н/о,1.0,1.0,100,-1.0,-1.0,тепло,1007.2,1002.4,,,,,,2023-12-20 06:00:00,2023-12-20 10:00:00,2023,12
ЮЗ,,н/о,,н/о,2.3,2.3,100,-1.0,-1.0,тепло,1007.4,1002.7,,,,,,2023-12-20 09:00:00,2023-12-20 13:00:00,2023,12
штиль,,н/о,,н/о,2.3,1.7,96,1.0,1.0,тепло,1008.4,1003.7,,,,,,2023-12-20 12:00:00,2023-12-20 16:00:00,2023,12
штиль,0.0,н/о,,н/о,2.2,1.9,98,1.0,1.0,тепло,1009.0,1004.3,,2.4,,,,2023-12-20 15:00:00,2023-12-20 19:00:00,2023,12
штиль,0.0,н/о,,н/о,2.2,2.0,99,1.0,1.0,тепло,1010.1,1005.4,,,,,,2023-12-20 18:00:00,2023-12-20 22:00:00,2023,12
штиль,0.0,н/о,,н/о,2.3,2.3,100,1.0,1.0,тепло,1011.3,1006.6,,,,,,2023-12-20 21:00:00,2023-12-21 01:00:00,2023,12
штиль,0.0,н/о,,н/о,2.6,1.9,95,1.0,1.0,тепло,1012.5,1007.7,,,,,,2023-12-21 00:00:00,2023-12-21 04:00:00,2023,12
штиль,0.0,н/о,,н/о,3.1,2.0,92,2.0,2.0,тепло,1012.2,1007.5,2.0,,,,,2023-12-21 03:00:00,2023-12-21 07:00:00,2023,12
штиль,0.0,н/о,,н/о,3.6,3.1,97,2.0,2.0,тепло,1012.7,1008.0,,,,,,2023-12-21 06:00:00,2023-12-21 10:00:00,2023,12
Ю,1.0,н/о,,н/о,4.6,3.3,91,3.0,3.0,тепло,1012.5,1007.8,,,,,,2023-12-21 09:00:00,2023-12-21 13:00:00,2023,12
Ю,,н/о,,н/о,3.2,2.5,95,-2.0,-2.0,тепло,1012.0,1007.3,,,,,,2023-12-21 12:00:00,2023-12-21 16:00:00,2023,12
Ю,,н/о,,н/о,2.9,2.4,97,-0.0,-0.0,тепло,1011.9,1007.2,,4.6,,,,2023-12-21 15:00:00,2023-12-21 19:00:00,2023,12
Ю,1.0,н/о,,н/о,2.8,2.1,95,1.0,1.0,тепло,1010.7,1006.0,,,,,,2023-12-21 18:00:00,2023-12-21 22:00:00,2023,12
штиль,0.0,н/о,,н/о,2.5,1.4,92,1.0,1.0,тепло,1010.2,1005.5,,,,,,2023-12-21 21:00:00,2023-12-22 01:00:00,2023,12
штиль,0.0,н/о,,н/о,2.0,1.2,94,1.0,1.0,тепло,1009.6,1004.9,,,,,,2023-12-22 00:00:00,2023-12-22 04:00:00,2023,12
Ю,1.0,н/о,,н/о,1.7,1.4,98,-0.0,-0.0,тепло,1008.9,1004.2,1.6,,,,,2023-12-22 03:00:00,2023-12-22 07:00:00,2023,12
Ю,,н/о,,н/о,1.2,0.7,96,-3.0,-3.0,тепло,1009.0,1004.3,1.2,,,,,2023-12-22 06:00:00,2023-12-22 10:00:00,2023,12
Ю,,н/о,,н/о,1.0,0.6,97,-4.0,-4.0,тепло,1008.6,1003.9,,,,,,2023-12-22 09:00:00,2023-12-22 13:00:00,2023,12
Ю,,н/о,,н/о,0.8,0.5,98,-4.0,-4.0,тепло,1007.7,1003.0,,,,,,2023-12-22 12:00:00,2023-12-22 16:00:00,2023,12
Ю,,н/о,,н/о,0.6,0.3,98,-5.0,-5.0,тепло,1007.4,1002.7,,1.8,,,,2023-12-22 15:00:00,2023-12-22 19:00:00,2023,12
ЮВ,,н/о,,н/о,0.5,0.2,98,-4.0,-4.0,тепло,1006.9,1002.2,,,,,,2023-12-22 18:00:00,2023-12-22 22:00:00,2023,12
ЮВ,4.0,н/о,,н/о,0.3,-0.1,97,-5.0,-5.0,тепло,1005.8,1001.1,,,,,,2023-12-22 21:00:00,2023-12-23 01:00:00,2023,12
ЮВ,4.0,н/о,,н/о,-0.2,-0.4,99,-6.0,-6.0,тепло,1004.7,1000.0,,,,,,2023-12-23 00:00:00,2023-12-23 04:00:00,2023,12
В,4.0,н/о,,н/о,-1.0,-1.5,96,-7.0,-7.0,тепло,1003.2,998.4,-1.0,,,,,2023-12-23 03:00:00,2023-12-23 07:00:00,2023,12
ЮВ,2.0,н/о,,н/о,-1.2,-1.6,97,-5.0,-5.0,тепло,1002.5,997.8,-1.2,,,,,2023-12-23 06:00:00,2023-12-23 10:00:00,2023,12
В,2.0,н/о,,н/о,-1.0,-1.7,95,-5.0,-5.0,тепло,1000.5,995.8,,,,,,2023-12-23 09:00:00,2023-12-23 13:00:00,2023,12
ЮВ,2.0,н/о,,н/о,-1.1,-2.6,90,-5.0,-5.0,тепло,998.9,994.2,,,,,,2023-12-23 12:00:00,2023-12-23 16:00:00,2023,12
ЮВ,1.0,н/о,,н/о,-1.2,-2.7,90,-3.0,-3.0,тепло,997.9,993.1,,-0.9,,,,2023-12-23 15:00:00,2023-12-23 19:00:00,2023,12
ЮВ,2.0,н/о,,н/о,-1.5,-2.7,92,-5.0,-5.0,тепло,997.2,992.5,,,,,,2023-12-23 18:00:00,2023-12-23 22:00:00,2023,12
штиль,0.0,н/о,,н/о,-1.5,-2.0,96,-3.0,-3.0,тепло,996.4,991.7,,,,,,2023-12-23 21:00:00,2023-12-24 01:00:00,2023,12
ЮВ,1.0,н/о,,н/о,-1.5,-2.2,95,-4.0,-4.0,тепло,995.2,990.5,,,,,,2023-12-24 00:00:00,2023-12-24 04:00:00,2023,12
ЮВ,1.0,н/о,,н/о,-1.5,-1.6,99,-4.0,-4.0,тепло,994.9,990.2,-1.6,,,,,2023-12-24 03:00:00,2023-12-24 07:00:00,2023,12
штиль,0.0,н/о,,н/о,-1.1,-1.1,100,-3.0,-3.0,тепло,995.6,990.9,,,,,,2023-12-24 06:00:00,2023-12-24 10:00:00,2023,12
штиль,0.0,н/о,,н/о,-0.2,-0.4,99,-2.0,-2.0,тепло,994.6,989.9,,,,,,2023-12-24 09:00:00,2023-12-24 13:00:00,2023,12
штиль,0.0,н/о,,н/о,-0.1,-0.5,97,-1.0,-1.0,тепло,992.8,988.1,,,,,,2023-12-24 12:00:00,2023-12-24 16:00:00,2023,12
штиль,0.0,н/о,,н/о,-0.4,-0.6,99,-2.0,-2.0,тепло,992.0,987.3,,0.2,,,,2023-12-24 15:00:00,2023-12-24 19:00:00,2023,12
штиль,0.0,н/о,,н/о,-0.2,-0.2,100,-2.0,-2.0,тепло,991.9,987.3,,,,,,2023-12-24 18:00:00,2023-12-24 22:00:00,2023,12
штиль,0.0,н/о,,н/о,-0.3,-0.3,100,-2.0,-2.0,тепло,990.7,986.1,,,,,,2023-12-24 21:00:00,2023-12-25 01:00:00,2023,12
штиль,0.0,н/о,,н/о,-0.3,-0.3,100,-2.0,-2.0,тепло,990.5,985.8,,,,,,2023-12-25 00:00:00,2023-12-25 04:00:00,2023,12
З,1.0,н/о,,н/о,-0.6,-0.6,100,-3.0,-3.0,тепло,990.7,986.0,-0.8,,,,,2023-12-25 03:00:00,2023-12-25 07:00:00,2023,12
З,1.0,н/о,,н/о,-0.8,-0.8,100,-3.0,-3.0,тепло,992.8,988.1,-0.8,,,,,2023-12-25 06:00:00,2023-12-25 10:00:00,2023,12
штиль,0.0,н/о,,н/о,-1.1,-1.1,100,-3.0,-3.0,тепло,994.9,990.2,,,,,,2023-12-25 09:00:00,2023-12-25 13:00:00,2023,12
штиль,0.0,н/о,,н/о,-1.9,-1.9,100,-3.0,-3.0,тепло,996.1,991.4,,,,,,2023-12-25 12:00:00,2023-12-25 16:00:00,2023,12
штиль,0.0,н/о,,н/о,-1.9,-2.0,99,-3.0,-3.0,тепло,996.4,991.7,,-0.6,,,,2023-12-25 15:00:00,2023-12-25 19:00:00,2023,12
штиль,0.0,н/о,,н/о,-1.9,-2.6,95,-3.0,-3.0,тепло,996.0,991.3,,,,,,2023-12-25 18:00:00,2023-12-25 22:00:00,2023,12
штиль,0.0,н/о,,н/о,-2.1,-3.2,92,-3.0,-3.0,тепло,995.7,991.0,,,,,,2023-12-25 21:00:00,2023-12-26 01:00:00,2023,12
штиль,0.0,н/о,,н/о,-1.8,-2.9,92,-3.0,-3.0,тепло,996.1,991.4,,,,,,2023-12-26 00:00:00,2023-12-26 04:00:00,2023,12
штиль,0.0,н/о,,н/о,-1.8,-2.9,92,-3.0,-3.0,тепло,996.0,991.2,-2.2,,,,,2023-12-26 03:00:00,2023-12-26 07:00:00,2023,12
штиль,0.0,н/о,,н/о,-2.7,-3.6,94,-4.0,-4.0,тепло,995.1,990.4,,,,,,2023-12-26 09:00:00,2023-12-26 13:00:00,2023,12
штиль,0.0,н/о,,н/о,-1.8,-2.0,99,-3.0,-3.0,тепло,993.9,989.2,,,,,,2023-12-26 12:00:00,2023-12-26 16:00:00,2023,12
штиль,0.0,н/о,,н/о,-1.5,-1.7,99,-3.0,-3.0,тепло,994.1,989.4,,-1.5,,,,2023-12-26 15:00:00,2023-12-26 19:00:00,2023,12
штиль,0.0,н/о,,н/о,-1.2,-1.4,99,-3.0,-3.0,тепло,994.0,989.3,,,,,,2023-12-26 18:00:00,2023-12-26 22:00:00,2023,12
штиль,0.0,н/о,,н/о,-0.6,-1.1,96,-2.0,-2.0,тепло,995.2,990.5,,,,,,2023-12-26 21:00:00,2023-12-27 01:00:00,2023,12
штиль,0.0,н/о,,н/о,-0.1,-0.4,98,-2.0,-2.0,тепло,997.0,992.3,,,,,,2023-12-27 00:00:00,2023-12-27 04:00:00,2023,12
штиль,0.0,н/о,,н/о,-0.8,-1.7,94,-2.0,-2.0,тепло,999.4,994.7,-1.7,,,,,2023-12-27 03:00:00,2023-12-27 07:00:00,2023,12
штиль,0.0,н/о,,н/о,0.1,-0.7,94,-1.0,-1.0,тепло,1000.3,995.6,,,,,,2023-12-27 06:00:00,2023-12-27 10:00:00,2023,12
штиль,0.0,н/о,,н/о,0.5,-1.6,86,-1.0,-1.0,тепло,1001.3,996.6,,,,,,2023-12-27 09:00:00,2023-12-27 13:00:00,2023,12
штиль,0.0,н/о,,н/о,-0.2,-1.5,91,-1.0,-1.0,тепло,1001.4,996.7,,,,,,2023-12-27 12:00:00,2023-12-27 16:00:00,2023,12
штиль,0.0,н/о,,н/о,-1.1,-1.9,94,-2.0,-2.0,тепло,1001.1,996.4,,0.9,,,,2023-12-27 15:00:00,2023-12-27 19:00:00,2023,12
штиль,0.0,н/о,,н/о,-1.1,-1.6,96,-2.0,-2.0,тепло,1000.5,995.7,,,,,,2023-12-27 18:00:00,2023-12-27 22:00:00,2023,12
штиль,0.0,н/о,,н/о,-1.4,-1.4,100,-3.0,-3.0,тепло,999.3,994.6,,,,,,2023-12-27 21:00:00,2023-12-28 01:00:00,2023,12
штиль,0.0,н/о,,н/о,-1.6,-1.6,100,-3.0,-3.0,тепло,998.1,993.4,,,,,,2023-12-28 00:00:00,2023-12-28 04:00:00,2023,12
штиль,0.0,н/о,,н/о,-3.1,-3.1,100,-4.0,-4.0,тепло,997.8,993.1,-3.1,,,,,2023-12-28 03:00:00,2023-12-28 07:00:00,2023,12
штиль,0.0,н/о,,н/о,-3.1,-4.3,91,-4.0,-4.0,тепло,998.4,993.6,-3.4,,,,,2023-12-28 06:00:00,2023-12-28 10:00:00,2023,12
СЗ,4.0,н/о,,н/о,-3.6,-5.3,88,-10.0,-10.0,по сезону,999.7,994.9,,,,,,2023-12-28 09:00:00,2023-12-28 13:00:00,2023,12
СЗ,,н/о,,н/о,-3.7,-5.0,91,-11.0,-11.0,по сезону,1000.9,996.1,,,,,,2023-12-28 12:00:00,2023-12-28 16:00:00,2023,12
СЗ,,н/о,,н/о,-3.8,-5.8,86,-11.0,-11.0,по сезону,1003.8,999.0,,-2.6,,,,2023-12-28 15:00:00,2023-12-28 19:00:00,2023,12
СЗ,,н/о,,н/о,-3.7,-6.5,81,-11.0,-11.0,по сезону,1005.0,1000.2,,,,,,2023-12-28 18:00:00,2023-12-28 22:00:00,2023,12
штиль,,н/о,,н/о,-5.0,-6.8,87,-6.0,-6.0,по сезону,1006.4,1001.6,,,,,,2023-12-28 21:00:00,2023-12-29 01:00:00,2023,12
штиль,0.0,н/о,,н/о,-5.6,-8.2,82,-6.0,-6.0,по сезону,1007.2,1002.4,,,,,,2023-12-29 00:00:00,2023-12-29 04:00:00,2023,12
штиль,0.0,н/о,,н/о,-6.3,-8.0,88,-7.0,-7.0,по сезону,1007.3,1002.4,-6.4,,,,,2023-12-29 03:00:00,2023-12-29 07:00:00,2023,12
штиль,0.0,н/о,,н/о,-4.3,-7.6,78,-5.0,-5.0,по сезону,1007.4,1002.6,-6.6,,,,,2023-12-29 06:00:00,2023-12-29 10:00:00,2023,12
штиль,0.0,н/о,,н/о,-3.0,-7.3,72,-4.0,-4.0,тепло,1007.1,1002.3,,,,,,2023-12-29 09:00:00,2023-12-29 13:00:00,2023,12
штиль,0.0,н/о,,н/о,-3.2,-5.7,83,-4.0,-4.0,по сезону,1007.0,1002.2,,,,,,2023-12-29 12:00:00,2023-12-29 16:00:00,2023,12
штиль,0.0,н/о,,н/о,-3.4,-5.5,85,-4.0,-4.0,тепло,1006.9,1002.1,,-2.9,,,,2023-12-29 15:00:00,2023-12-29 19:00:00,2023,12
штиль,0.0,н/о,,н/о,-3.2,-4.0,94,-4.0,-4.0,тепло,1006.6,1001.8,,,,,,2023-12-29 18:00:00,2023-12-29 22:00:00,2023,12
штиль,0.0,н/о,,н/о,-3.1,-3.4,98,-4.0,-4.0,тепло,1006.5,1001.7,,,,,,2023-12-29 21:00:00,2023-12-30 01:00:00,2023,12
штиль,0.0,н/о,,н/о,-3.2,-3.3,99,-5.0,-5.0,тепло,1006.4,1001.6,,,,,,2023-12-30 00:00:00,2023-12-30 04:00:00,2023,12
штиль,0.0,н/о,,н/о,-3.2,-3.2,100,-5.0,-5.0,тепло,1006.6,1001.8,-3.6,,,,,2023-12-30 03:00:00,2023-12-30 07:00:00,2023,12
штиль,0.0,н/о,,н/о,-2.5,-2.5,100,-4.0,-4.0,тепло,1007.0,1002.2,,,,,,2023-12-30 06:00:00,2023-12-30 10:00:00,2023,12
штиль,0.0,н/о,,н/о,1.8,1.5,98,1.0,1.0,тепло,1006.3,1001.6,,,,,,2023-12-30 09:00:00,2023-12-30 13:00:00,2023,12
штиль,0.0,н/о,,н/о,1.2,1.1,99,-0.0,-0.0,тепло,1005.1,1000.4,,,,,,2023-12-30 12:00:00,2023-12-30 16:00:00,2023,12
штиль,0.0,н/о,,н/о,2.3,1.7,96,1.0,1.0,тепло,1005.3,1000.6,,2.3,,,,2023-12-30 15:00:00,2023-12-30 19:00:00,2023,12
штиль,0.0,н/о,,н/о,2.6,1.7,94,1.0,1.0,тепло,1005.9,1001.2,,,,,,2023-12-30 18:00:00,2023-12-30 22:00:00,2023,12
штиль,0.0,н/о,,н/о,2.9,1.6,91,2.0,2.0,тепло,1007.3,1002.6,,,,,,2023-12-30 21:00:00,2023-12-31 01:00:00,2023,12
штиль,0.0,н/о,,н/о,2.5,1.3,92,1.0,1.0,тепло,1007.6,1002.9,,,,,,2023-12-31 00:00:00,2023-12-31 04:00:00,2023,12
штиль,0.0,н/о,,н/о,1.7,0.9,94,0.0,0.0,тепло,1007.0,1002.3,1.6,,,,,2023-12-31 03:00:00,2023-12-31 07:00:00,2023,12
штиль,0.0,н/о,,н/о,1.4,1.1,98,0.0,0.0,тепло,1004.5,999.8,1.2,,,,,2023-12-31 06:00:00,2023-12-31 10:00:00,2023,12
Ю,,н/о,,н/о,2.0,1.8,99,-3.0,-3.0,тепло,1000.2,995.6,,,,,,2023-12-31 09:00:00,2023-12-31 13:00:00,2023,12
ЮЗ,,н/о,,н/о,2.1,1.7,97,-2.0,-2.0,тепло,997.9,993.2,,,,,,2023-12-31 12:00:00,2023-12-31 16:00:00,2023,12
ЮЗ,,н/о,,н/о,2.7,1.4,91,-2.0,-2.0,тепло,996.1,991.4,,2.8,,,,2023-12-31 15:00:00,2023-12-31 19:00:00,2023,12
З,,н/о,,н/о,2.4,0.7,89,1.0,1.0,тепло,997.2,992.5,,,,,,2023-12-31 18:00:00,2023-12-31 22:00:00,2023,12
ЮЗ,,н/о,,н/о,2.4,0.6,88,-3.0,-3.0,тепло,998.0,993.3,,,,,,2023-12-31 21:00:00,2024-01-01 01:00:00,2023,12
штиль,0.0,н/о,,н/о,1.4,0.8,96,0.0,0.0,тепло,1000.1,995.4,1.3,,,,,2024-01-01 06:00:00,2024-01-01 10:00:00,2024,1
СЗ,,н/о,,н/о,-2.4,-5.0,82,-8.0,-8.0,тепло,1002.3,997.5,,,,,,2024-01-01 09:00:00,2024-01-01 13:00:00,2024,1
СЗ,,н/о,,н/о,-6.2,-9.8,76,-13.0,-13.0,по сезону,1006.4,1001.5,,,,,,2024-01-01 12:00:00,2024-01-01 16:00:00,2024,1
СЗ,,н/о,,н/о,-8.7,-11.7,79,-16.0,-16.0,по сезону,1010.8,1005.9,,2.2,,,,2024-01-01 15:00:00,2024-01-01 19:00:00,2024,1
СЗ,,н/о,,н/о,-9.7,-11.9,84,-14.0,-14.0,по сезону,1014.3,1009.3,,,,,,2024-01-01 18:00:00,2024-01-01 22:00:00,2024,1
СЗ,2.0,н/о,,н/о,-11.1,-13.2,84,-16.0,-16.0,по сезону,1016.5,1011.5,,,,,,2024-01-01 21:00:00,2024-01-02 01:00:00,2024,1
С,2.0,н/о,,н/о,-12.5,-14.5,85,-17.0,-17.0,по сезону,1018.4,1013.3,,,,,,2024-01-02 00:00:00,2024-01-02 04:00:00,2024,1
штиль,0.0,н/о,,н/о,-12.7,-14.4,87,-13.0,-13.0,по сезону,1018.9,1013.9,-12.7,,,,,2024-01-02 03:00:00,2024-01-02 07:00:00,2024,1
штиль,0.0,н/о,,н/о,-12.2,-13.8,88,-12.0,-12.0,по сезону,1019.7,1014.7,,,,,,2024-01-02 06:00:00,2024-01-02 10:00:00,2024,1
штиль,0.0,н/о,,н/о,-11.2,-12.7,89,-11.0,-11.0,по сезону,1018.6,1013.6,,,,,,2024-01-02 09:00:00,2024-01-02 13:00:00,2024,1
В,2.0,н/о,,н/о,-12.1,-13.1,92,-17.0,-17.0,прохладно,1016.3,1011.3,,,,,,2024-01-02 12:00:00,2024-01-02 16:00:00,2024,1
В,3.0,н/о,,н/о,-13.7,-14.6,93,-20.0,-20.0,прохладно,1013.1,1008.1,,-11.2,,,,2024-01-02 15:00:00,2024-01-02 19:00:00,2024,1
В,3.0,н/о,,н/о,-12.3,-13.0,94,-18.0,-18.0,по сезону,1008.8,1003.8,,,,,,2024-01-02 18:00:00,2024-01-02 22:00:00,2024,1
СВ,1.0,н/о,,н/о,-10.4,-11.0,95,-13.0,-13.0,по сезону,1005.4,1000.4,,,,,,2024-01-02 21:00:00,2024-01-03 01:00:00,2024,1
С,2.0,н/о,,н/о,-9.4,-9.9,96,-14.0,-14.0,по сезону,1004.3,999.4,,,,,,2024-01-03 00:00:00,2024-01-03 04:00:00,2024,1
СВ,2.0,н/о,,н/о,-9.5,-9.8,98,-14.0,-14.0,по сезону,1003.5,998.6,-13.7,,,,,2024-01-03 03:00:00,2024-01-03 07:00:00,2024,1
С,2.0,н/о,,н/о,-8.9,-9.2,98,-14.0,-14.0,по сезону,1003.7,998.9,,,,,,2024-01-03 06:00:00,2024-01-03 10:00:00,2024,1
штиль,0.0,н/о,,н/о,-8.1,-8.4,98,-9.0,-9.0,по сезону,1003.4,998.6,,,,,,2024-01-03 09:00:00,2024-01-03 13:00:00,2024,1
С,4.0,н/о,,н/о,-8.2,-8.9,95,-15.0,-15.0,по сезону,1001.6,996.7,,,,,,2024-01-03 12:00:00,2024-01-03 16:00:00,2024,1
С,3.0,н/о,,н/о,-10.5,-11.1,95,-16.0,-16.0,по сезону,1000.9,996.0,,-7.8,,,,2024-01-03 15:00:00,2024-01-03 19:00:00,2024,1
СЗ,2.0,н/о,,н/о,-11.3,-12.0,95,-16.0,-16.0,по сезону,1000.3,995.4,,,,,,2024-01-03 18:00:00,2024-01-03 22:00:00,2024,1
З,1.0,н/о,,н/о,-12.8,-13.7,93,-15.0,-15.0,по сезону,1001.2,996.3,,,,,,2024-01-03 21:00:00,2024-01-04 01:00:00,2024,1
СЗ,2.0,н/о,,н/о,-15.2,-16.8,88,-20.0,-20.0,прохладно,1002.7,997.7,,,,,,2024-01-04 00:00:00,2024-01-04 04:00:00,2024,1
З,2.0,н/о,,н/о,-17.1,-19.3,83,-22.0,-22.0,прохладно,1003.8,998.7,-17.2,,,,,2024-01-04 03:00:00,2024-01-04 07:00:00,2024,1
СЗ,2.0,н/о,,н/о,-16.9,-19.7,79,-22.0,-22.0,прохладно,1005.3,1000.2,,,,,,2024-01-04 06:00:00,2024-01-04 10:00:00,2024,1
штиль,0.0,н/о,,н/о,-18.1,-21.5,75,-18.0,-18.0,по сезону,1006.7,1001.6,,,,,,2024-01-04 09:00:00,2024-01-04 13:00:00,2024,1
штиль,0.0,н/о,,н/о,-17.0,-20.2,76,-17.0,-17.0,по сезону,1007.1,1002.1,,,,,,2024-01-04 12:00:00,2024-01-04 16:00:00,2024,1
штиль,0.0,н/о,,н/о,-19.5,-21.5,84,-20.0,-20.0,прохладно,1007.9,1002.8,,-16.7,,,,2024-01-04 15:00:00,2024-01-04 19:00:00,2024,1
штиль,0.0,н/о,,н/о,-22.4,-23.9,88,-22.0,-22.0,холодно,1008.7,1003.5,,,,,,2024-01-04 18:00:00,2024-01-04 22:00:00,2024,1
штиль,0.0,н/о,,н/о,-24.8,-26.6,85,-25.0,-25.0,очень  холодно,1009.8,1004.6,,,,,,2024-01-04 21:00:00,2024-01-05 01:00:00,2024,1
штиль,0.0,н/о,,н/о,-25.2,-27.0,85,-25.0,-25.0,очень  холодно,1010.3,1005.0,,,,,,2024-01-05 00:00:00,2024-01-05 04:00:00,2024,1
штиль,0.0,н/о,,н/о,-20.0,-21.4,89,-20.0,-20.0,прохладно,1009.8,1004.7,-26.4,,,,,2024-01-05 03:00:00,2024-01-05 07:00:00,2024,1
штиль,0.0,н/о,,н/о,-18.1,-19.5,89,-18.0,-18.0,по сезону,1010.5,1005.4,,,,,,2024-01-05 06:00:00,2024-01-05 10:00:00,2024,1
штиль,0.0,н/о,,н/о,-15.7,-18.0,82,-16.0,-16.0,по сезону,1010.1,1005.0,,,,,,2024-01-05 09:00:00,2024-01-05 13:00:00,2024,1
штиль,0.0,н/о,,н/о,-14.6,-16.9,83,-15.0,-15.0,по сезону,1010.6,1005.6,,,,,,2024-01-05 12:00:00,2024-01-05 16:00:00,2024,1
С,2.0,н/о,,н/о,-14.8,-17.0,83,-20.0,-20.0,прохладно,1012.0,1007.0,,-14.5,,,,2024-01-05 15:00:00,2024-01-05 19:00:00,2024,1
С,1.0,н/о,,н/о,-14.9,-16.9,85,-17.0,-17.0,по сезону,1012.7,1007.6,,,,,,2024-01-05 18:00:00,2024-01-05 22:00:00,2024,1
штиль,0.0,н/о,,н/о,-14.3,-16.1,86,-14.0,-14.0,по сезону,1013.8,1008.7,,,,,,2024-01-05 21:00:00,2024-01-06 01:00:00,2024,1
штиль,0.0,н/о,,н/о,-14.3,-16.1,86,-14.0,-14.0,по сезону,1014.2,1009.2,,,,,,2024-01-06 00:00:00,2024-01-06 04:00:00,2024,1
штиль,0.0,н/о,,н/о,-13.7,-16.3,81,-14.0,-14.0,по сезону,1014.4,1009.4,-14.9,,,,,2024-01-06 03:00:00,2024-01-06 07:00:00,2024,1
штиль,0.0,н/о,,н/о,-13.1,-15.0,86,-13.0,-13.0,по сезону,1014.5,1009.5,,,,,,2024-01-06 06:00:00,2024-01-06 10:00:00,2024,1
штиль,0.0,н/о,,н/о,-12.6,-14.8,84,-13.0,-13.0,по сезону,1014.8,1009.8,,,,,,2024-01-06 09:00:00,2024-01-06 13:00:00,2024,1
штиль,0.0,н/о,,н/о,-11.6,-13.6,85,-12.0,-12.0,по сезону,1014.9,1009.9,,,,,,2024-01-06 12:00:00,2024-01-06 16:00:00,2024,1
штиль,0.0,н/о,,н/о,-11.9,-13.5,88,-12.0,-12.0,по сезону,1015.0,1010.0,,-11.5,,,,2024-01-06 15:00:00,2024-01-06 19:00:00,2024,1
штиль,0.0,н/о,,н/о,-12.1,-13.6,89,-12.0,-12.0,по сезону,1015.0,1010.0,,,,,,2024-01-06 18:00:00,2024-01-06 22:00:00,2024,1
штиль,0.0,н/о,,н/о,-11.3,-12.8,89,-11.0,-11.0,по сезону,1014.4,1009.5,,,,,,2024-01-06 21:00:00,2024-01-07 01:00:00,2024,1
штиль,0.0,н/о,,н/о,-12.4,-14.3,86,-12.0,-12.0,по сезону,1014.2,1009.2,,,,,,2024-01-07 00:00:00,2024-01-07 04:00:00,2024,1
штиль,0.0,н/о,,н/о,-13.4,-15.2,86,-13.0,-13.0,по сезону,1013.7,1008.7,-13.4,,,,,2024-01-07 03:00:00,2024-01-07 07:00:00,2024,1
С,1.0,н/о,,н/о,-14.8,-15.9,91,-17.0,-17.0,прохладно,1014.1,1009.0,-14.8,,,,,2024-01-07 06:00:00,2024-01-07 10:00:00,2024,1
СЗ,2.0,н/о,,н/о,-15.4,-17.3,85,-20.0,-20.0,холодно,1014.3,1009.2,,,,,,2024-01-07 09:00:00,2024-01-07 13:00:00,2024,1
СЗ,1.0,н/о,,н/о,-16.4,-19.7,76,-19.0,-19.0,холодно,1015.6,1010.5,,,,,,2024-01-07 12:00:00,2024-01-07 16:00:00,2024,1
штиль,0.0,н/о,,н/о,-18.8,-21.2,81,-19.0,-19.0,холодно,1017.8,1012.6,,-13.5,,,,2024-01-07 15:00:00,2024-01-07 19:00:00,2024,1
СЗ,1.0,н/о,,н/о,-18.9,-21.1,83,-22.0,-22.0,очень  холодно,1018.8,1013.7,,,,,,2024-01-07 18:00:00,2024-01-07 22:00:00,2024,1
СЗ,2.0,н/о,,н/о,-20.5,-22.7,82,-26.0,-26.0,очень  холодно,1020.5,1015.3,,,,,,2024-01-07 21:00:00,2024-01-08 01:00:00,2024,1
СЗ,1.0,н/о,,н/о,-21.8,-24.1,82,-25.0,-25.0,очень  холодно,1022.0,1016.8,,,,,,2024-01-08 00:00:00,2024-01-08 04:00:00,2024,1
штиль,0.0,н/о,,н/о,-22.7,-24.9,82,-23.0,-23.0,очень  холодно,1023.3,1018.1,-24.0,,,,,2024-01-08 03:00:00,2024-01-08 07:00:00,2024,1
штиль,0.0,н/о,,н/о,-20.4,-29.2,45,-20.0,-20.0,холодно,1024.5,1019.2,-28.2,,,,,2024-01-08 06:00:00,2024-01-08 10:00:00,2024,1
штиль,0.0,н/о,,н/о,-18.0,-21.4,75,-18.0,-18.0,холодно,1024.0,1018.9,,,,,,2024-01-08 09:00:00,2024-01-08 13:00:00,2024,1
штиль,0.0,н/о,,н/о,-18.5,-21.4,78,-19.0,-19.0,очень  холодно,1023.6,1018.5,,,,,,2024-01-08 12:00:00,2024-01-08 16:00:00,2024,1
штиль,0.0,н/о,,н/о,-19.8,-21.8,84,-20.0,-20.0,очень  холодно,1023.9,1018.7,,-17.2,,,,2024-01-08 15:00:00,2024-01-08 19:00:00,2024,1
штиль,0.0,н/о,,н/о,-19.4,-21.2,86,-19.0,-19.0,холодно,1023.3,1018.1,,,,,,2024-01-08 18:00:00,2024-01-08 22:00:00,2024,1
штиль,0.0,н/о,,н/о,-17.9,-19.0,91,-18.0,-18.0,холодно,1021.7,1016.6,,,,,,2024-01-08 21:00:00,2024-01-09 01:00:00,2024,1
штиль,0.0,н/о,,н/о,-19.6,-21.0,89,-20.0,-20.0,очень  холодно,1019.8,1014.7,,,,,,2024-01-09 00:00:00,2024-01-09 04:00:00,2024,1
штиль,0.0,н/о,,н/о,-19.0,-20.5,88,-19.0,-19.0,холодно,1017.5,1012.3,-20.0,,,,,2024-01-09 03:00:00,2024-01-09 07:00:00,2024,1
штиль,0.0,н/о,,н/о,-20.9,-22.6,86,-21.0,-21.0,очень  холодно,1015.5,1010.3,-20.9,,,,,2024-01-09 06:00:00,2024-01-09 10:00:00,2024,1
штиль,0.0,н/о,,н/о,-17.9,-20.5,80,-18.0,-18.0,холодно,1012.8,1007.7,,,,,,2024-01-09 09:00:00,2024-01-09 13:00:00,2024,1
штиль,0.0,н/о,,н/о,-16.9,-18.6,87,-17.0,-17.0,холодно,1010.3,1005.2,,-15.4,,,,2024-01-09 15:00:00,2024-01-09 19:00:00,2024,1
штиль,0.0,н/о,,н/о,-15.7,-17.5,86,-16.0,-16.0,прохладно,1009.8,1004.8,,,,,,2024-01-09 18:00:00,2024-01-09 22:00:00,2024,1
СЗ,2.0,н/о,,н/о,-15.5,-17.7,83,-21.0,-21.0,очень  холодно,1009.8,1004.8,,,,,,2024-01-09 21:00:00,2024-01-10 01:00:00,2024,1
штиль,0.0,н/о,,н/о,-14.6,-16.8,83,-15.0,-15.0,по сезону,1009.9,1004.9,,,,,,2024-01-10 00:00:00,2024-01-10 04:00:00,2024,1
штиль,0.0,н/о,,н/о,-13.6,-15.1,88,-14.0,-14.0,по сезону,1008.6,1003.6,,,,,,2024-01-10 06:00:00,2024-01-10 10:00:00,2024,1
штиль,0.0,н/о,,н/о,-13.8,-16.0,83,-14.0,-14.0,по сезону,1008.6,1003.6,,,,,,2024-01-10 09:00:00,2024-01-10 13:00:00,2024,1
штиль,0.0,н/о,,н/о,-14.2,-16.4,83,-14.0,-14.0,по сезону,1009.9,1004.8,,,,,,2024-01-10 12:00:00,2024-01-10 16:00:00,2024,1
штиль,0.0,н/о,,н/о,-14.4,-17.1,80,-14.0,-14.0,по сезону,1012.1,1007.1,,-11.8,,,,2024-01-10 15:00:00,2024-01-10 19:00:00,2024,1
штиль,0.0,н/о,,н/о,-17.5,-20.0,81,-18.0,-18.0,по сезону,1014.0,1008.9,,,,,,2024-01-10 18:00:00,2024-01-10 22:00:00,2024,1
штиль,0.0,н/о,,н/о,-19.7,-20.9,90,-20.0,-20.0,прохладно,1015.0,1009.8,,,,,,2024-01-10 21:00:00,2024-01-11 01:00:00,2024,1
штиль,0.0,н/о,,н/о,-23.2,-24.9,86,-23.0,-23.0,холодно,1015.0,1009.7,,,,,,2024-01-11 00:00:00,2024-01-11 04:00:00,2024,1
штиль,0.0,н/о,,н/о,-20.3,-21.8,88,-20.0,-20.0,прохладно,1014.3,1009.2,-25.1,,,,,2024-01-11 03:00:00,2024-01-11 07:00:00,2024,1
штиль,0.0,н/о,,н/о,-25.1,-26.9,85,-25.0,-25.0,очень  холодно,1013.0,1007.7,-26.7,,,,,2024-01-11 06:00:00,2024-01-11 10:00:00,2024,1
Ю,3.0,н/о,,н/о,-19.6,-22.0,81,-27.0,-27.0,очень  холодно,1009.2,1004.1,,,,,,2024-01-11 09:00:00,2024-01-11 13:00:00,2024,1
Ю,,н/о,,н/о,-15.2,-17.5,83,-23.0,-23.0,очень  холодно,1003.7,998.7,,,,,,2024-01-11 12:00:00,2024-01-11 16:00:00,2024,1
Ю,,н/о,,н/о,-14.1,-15.7,88,-19.0,-19.0,прохладно,998.1,993.1,,-13.7,,,,2024-01-11 15:00:00,2024-01-11 19:00:00,2024,1
Ю,,н/о,,н/о,-12.1,-13.1,92,-19.0,-19.0,прохладно,994.8,989.9,,,,,,2024-01-11 18:00:00,2024-01-11 22:00:00,2024,1
Ю,,н/о,,н/о,-10.0,-10.9,93,-18.0,-18.0,по сезону,991.2,986.4,,,,,,2024-01-11 21:00:00,2024-01-12 01:00:00,2024,1
Ю,,н/о,,н/о,-7.0,-7.5,96,-15.0,-15.0,по сезону,987.9,983.2,,,,,,2024-01-12 00:00:00,2024-01-12 04:00:00,2024,1
СЗ,4.0,н/о,,н/о,-6.7,-7.0,98,-14.0,-14.0,по сезону,987.3,982.6,-14.1,,,,,2024-01-12 03:00:00,2024-01-12 07:00:00,2024,1
З,3.0,н/о,,н/о,-12.5,-14.4,86,-19.0,-19.0,по сезону,991.3,986.5,,,,,,2024-01-12 06:00:00,2024-01-12 10:00:00,2024,1
З,2.0,н/о,,н/о,-13.5,-17.4,72,-18.0,-18.0,по сезону,993.9,989.0,,,,,,2024-01-12 09:00:00,2024-01-12 13:00:00,2024,1
СЗ,2.0,н/о,,н/о,-14.2,-18.5,70,-19.0,-19.0,прохладно,995.9,991.0,,,,,,2024-01-12 12:00:00,2024-01-12 16:00:00,2024,1
штиль,0.0,н/о,,н/о,-16.0,-18.6,80,-16.0,-16.0,по сезону,997.7,992.7,,-6.7,,,,2024-01-12 15:00:00,2024-01-12 19:00:00,2024,1
штиль,0.0,н/о,,н/о,-17.9,-20.6,79,-18.0,-18.0,по сезону,999.3,994.2,,,,,,2024-01-12 18:00:00,2024-01-12 22:00:00,2024,1
З,1.0,н/о,,н/о,-23.1,-25.0,84,-26.0,-26.0,очень  холодно,1003.1,997.9,-23.1,,,,,2024-01-13 03:00:00,2024-01-13 07:00:00,2024,1
штиль,0.0,н/о,,н/о,-24.4,-26.5,83,-24.0,-24.0,холодно,1004.9,999.7,-24.4,,,,,2024-01-13 06:00:00,2024-01-13 10:00:00,2024,1
З,1.0,н/о,,н/о,-21.4,-24.3,77,-25.0,-25.0,очень  холодно,1006.0,1000.9,,,,,,2024-01-13 09:00:00,2024-01-13 13:00:00,2024,1
З,1.0,н/о,,н/о,-19.5,-22.7,76,-22.0,-22.0,очень  холодно,1007.3,1002.2,,,,,,2024-01-13 12:00:00,2024-01-13 16:00:00,2024,1
З,1.0,н/о,,н/о,-20.4,-22.9,80,-23.0,-23.0,очень  холодно,1009.3,1004.2,,-19.5,,,,2024-01-13 15:00:00,2024-01-13 19:00:00,2024,1
З,1.0,н/о,,н/о,-19.9,-22.2,82,-23.0,-23.0,холодно,1011.1,1005.9,,,,,,2024-01-13 18:00:00,2024-01-13 22:00:00,2024,1
З,2.0,н/о,,н/о,-18.4,-20.8,81,-24.0,-24.0,холодно,1012.7,1007.5,,,,,,2024-01-13 21:00:00,2024-01-14 01:00:00,2024,1
З,3.0,н/о,,н/о,-19.4,-21.4,84,-27.0,-27.0,очень  холодно,1014.5,1009.4,,,,,,2024-01-14 00:00:00,2024-01-14 04:00:00,2024,1
З,4.0,н/о,,н/о,-19.1,-21.0,85,-28.0,-28.0,очень  холодно,1015.5,1010.4,-20.5,,,,,2024-01-14 03:00:00,2024-01-14 07:00:00,2024,1
ЮЗ,,н/о,,н/о,-18.2,-20.0,86,-21.0,-21.0,прохладно,1018.4,1013.2,,,,,,2024-01-14 06:00:00,2024-01-14 10:00:00,2024,1
З,1.0,н/о,,н/о,-15.0,-18.3,76,-18.0,-18.0,прохладно,1020.1,1015.0,,,,,,2024-01-14 09:00:00,2024-01-14 13:00:00,2024,1
штиль,0.0,н/о,,н/о,-14.0,-17.5,75,-14.0,-14.0,по сезону,1021.7,1016.6,,,,,,2024-01-14 12:00:00,2024-01-14 16:00:00,2024,1
Ю,1.0,н/о,,н/о,-16.4,-18.5,84,-19.0,-19.0,прохладно,1022.8,1017.6,,-13.6,,,,2024-01-14 15:00:00,2024-01-14 19:00:00,2024,1
Ю,2.0,н/о,,н/о,-17.0,-18.8,86,-22.0,-22.0,холодно,1023.4,1018.3,,,,,,2024-01-14 18:00:00,2024-01-14 22:00:00,2024,1
Ю,,н/о,,н/о,-14.9,-17.5,80,-24.0,-24.0,холодно,1020.6,1015.5,,,,,,2024-01-15 06:00:00,2024-01-15 10:00:00,2024,1
Ю,,н/о,,н/о,-13.5,-15.3,86,-24.0,-24.0,очень  холодно,1019.2,1014.2,,,,,,2024-01-15 09:00:00,2024-01-15 13:00:00,2024,1
Ю,,н/о,,н/о,-12.4,-14.2,86,-23.0,-23.0,очень  холодно,1017.8,1012.8,,,,,,2024-01-15 12:00:00,2024-01-15 16:00:00,2024,1
Ю,,н/о,,н/о,-11.6,-12.8,91,-21.0,-21.0,холодно,1017.3,1012.3,,-11.6,,,,2024-01-15 15:00:00,2024-01-15 19:00:00,2024,1
Ю,,н/о,,н/о,-10.9,-11.9,92,-20.0,-20.0,прохладно,1017.3,1012.3,,,,,,2024-01-15 18:00:00,2024-01-15 22:00:00,2024,1
Ю,,н/о,,н/о,-9.6,-10.7,92,-19.0,-19.0,по сезону,1017.0,1012.0,,,,,,2024-01-15 21:00:00,2024-01-16 01:00:00,2024,1
Ю,,н/о,,н/о,-10.0,-11.2,91,-19.0,-19.0,прохладно,1017.0,1012.1,,,,,,2024-01-16 00:00:00,2024-01-16 04:00:00,2024,1
Ю,,н/о,,н/о,-9.2,-10.3,92,-18.0,-18.0,по сезону,1016.4,1011.4,-11.6,,,,,2024-01-16 03:00:00,2024-01-16 07:00:00,2024,1
Ю,,н/о,,н/о,-8.1,-9.6,89,-15.0,-15.0,по сезону,1016.8,1011.9,,,,,,2024-01-16 06:00:00,2024-01-16 10:00:00,2024,1
Ю,,н/о,,н/о,-7.9,-9.5,88,-16.0,-16.0,по сезону,1016.2,1011.3,,,,,,2024-01-16 09:00:00,2024-01-16 13:00:00,2024,1
Ю,,н/о,,н/о,-6.9,-8.2,90,-13.0,-13.0,по сезону,1015.7,1010.8,,,,,,2024-01-16 12:00:00,2024-01-16 16:00:00,2024,1
Ю,3.0,н/о,,н/о,-5.7,-6.7,93,-11.0,-11.0,по сезону,1014.9,1010.0,,-5.7,,,,2024-01-16 15:00:00,2024-01-16 19:00:00,2024,1
Ю,,н/о,,н/о,-6.7,-8.7,86,-14.0,-14.0,по сезону,1012.4,1007.5,,,,,,2024-01-16 18:00:00,2024-01-16 22:00:00,2024,1
Ю,,н/о,,н/о,-8.4,-9.9,89,-14.0,-14.0,по сезону,1012.5,1007.5,,,,,,2024-01-16 21:00:00,2024-01-17 01:00:00,2024,1
ЮВ,,н/о,,н/о,-8.4,-10.1,88,-15.0,-15.0,по сезону,1010.7,1005.8,,,,,,2024-01-17 00:00:00,2024-01-17 04:00:00,2024,1
Ю,,н/о,,н/о,-8.8,-10.4,88,-17.0,-17.0,прохладно,1007.1,1002.2,-8.9,,,,,2024-01-17 03:00:00,2024-01-17 07:00:00,2024,1
Ю,,н/о,,н/о,-8.9,-9.5,95,-17.0,-17.0,прохладно,1006.7,1001.8,-9.2,,,,,2024-01-17 06:00:00,2024-01-17 10:00:00,2024,1
ЮЗ,,н/о,,н/о,-2.5,-3.8,91,-7.0,-7.0,по сезону,1008.0,1003.2,,,,,,2024-01-17 09:00:00,2024-01-17 13:00:00,2024,1
ЮЗ,,н/о,,н/о,-2.9,-5.6,82,-8.0,-8.0,по сезону,1010.8,1006.0,,,,,,2024-01-17 12:00:00,2024-01-17 16:00:00,2024,1
ЮЗ,2.0,н/о,,н/о,-7.3,-10.0,81,-12.0,-12.0,по сезону,1016.6,1011.7,,,,,,2024-01-17 18:00:00,2024-01-17 22:00:00,2024,1
ЮЗ,2.0,н/о,,н/о,-8.0,-11.5,76,-12.0,-12.0,по сезону,1019.1,1014.2,,,,,,2024-01-17 21:00:00,2024-01-18 01:00:00,2024,1
штиль,0.0,н/о,,н/о,-11.6,-13.9,83,-12.0,-12.0,по сезону,1020.8,1015.7,,,,,,2024-01-18 00:00:00,2024-01-18 04:00:00,2024,1
штиль,0.0,н/о,,н/о,-16.7,-17.7,92,-17.0,-17.0,прохладно,1021.7,1016.6,-16.7,,,,,2024-01-18 03:00:00,2024-01-18 07:00:00,2024,1
штиль,0.0,н/о,,н/о,-13.0,-14.1,91,-13.0,-13.0,по сезону,1023.6,1018.5,-17.8,,,,,2024-01-18 06:00:00,2024-01-18 10:00:00,2024,1
штиль,0.0,н/о,,н/о,-9.5,-12.2,81,-10.0,-10.0,по сезону,1024.8,1019.8,,,,,,2024-01-18 09:00:00,2024-01-18 13:00:00,2024,1
штиль,0.0,н/о,,н/о,-9.3,-12.4,78,-10.0,-10.0,по сезону,1025.1,1020.2,,,,,,2024-01-18 12:00:00,2024-01-18 16:00:00,2024,1
штиль,0.0,н/о,,н/о,-13.5,-14.7,91,-14.0,-14.0,по сезону,1027.2,1022.1,,-8.8,,,,2024-01-18 15:00:00,2024-01-18 19:00:00,2024,1
Ю,2.0,н/о,,н/о,-15.5,-16.7,90,-21.0,-21.0,очень  холодно,1027.4,1022.2,,,,,,2024-01-18 18:00:00,2024-01-18 22:00:00,2024,1
Ю,1.0,н/о,,н/о,-16.2,-17.3,91,-19.0,-19.0,холодно,1027.4,1022.2,,,,,,2024-01-18 21:00:00,2024-01-19 01:00:00,2024,1
ЮВ,1.0,н/о,,н/о,-14.9,-16.3,89,-17.0,-17.0,холодно,1025.7,1020.6,,,,,,2024-01-19 00:00:00,2024-01-19 04:00:00,2024,1
ЮВ,2.0,н/о,,н/о,-10.6,-11.8,91,-15.0,-15.0,прохладно,1023.5,1018.5,-17.1,,,,,2024-01-19 03:00:00,2024-01-19 07:00:00,2024,1
Ю,,н/о,,н/о,-4.6,-6.0,90,-11.0,-11.0,по сезону,1022.0,1017.1,,,,,,2024-01-19 06:00:00,2024-01-19 10:00:00,2024,1
Ю,,н/о,,н/о,-4.2,-8.5,72,-12.0,-12.0,по сезону,1020.9,1016.0,,,,,,2024-01-19 09:00:00,2024-01-19 13:00:00,2024,1
Ю,,н/о,,н/о,-4.7,-8.4,75,-12.0,-12.0,по сезону,1020.3,1015.4,,,,,,2024-01-19 12:00:00,2024-01-19 16:00:00,2024,1
Ю,,н/о,,н/о,-4.1,-5.0,93,-10.0,-10.0,по сезону,1018.6,1013.8,,,,,,2024-01-19 21:00:00,2024-01-20 01:00:00,2024,1
Ю,3.0,н/о,,н/о,-4.1,-5.0,93,-10.0,-10.0,по сезону,1018.4,1013.5,,,,,,2024-01-20 00:00:00,2024-01-20 04:00:00,2024,1
Ю,3.0,н/о,,н/о,-3.9,-4.4,96,-9.0,-9.0,тепло,1017.9,1013.1,-4.9,,,,,2024-01-20 03:00:00,2024-01-20 07:00:00,2024,1
Ю,,н/о,,н/о,-4.0,-4.7,95,-10.0,-10.0,по сезону,1017.2,1012.3,,,,,,2024-01-20 06:00:00,2024-01-20 10:00:00,2024,1
Ю,,н/о,,н/о,-5.1,-6.2,92,-12.0,-12.0,по сезону,1016.1,1011.3,,,,,,2024-01-20 09:00:00,2024-01-20 13:00:00,2024,1
Ю,,н/о,,н/о,-5.2,-6.2,93,-12.0,-12.0,по сезону,1015.1,1010.3,,,,,,2024-01-20 12:00:00,2024-01-20 16:00:00,2024,1
Ю,,н/о,,н/о,-4.7,-5.5,94,-12.0,-12.0,по сезону,1013.6,1008.7,,-3.8,,,,2024-01-20 15:00:00,2024-01-20 19:00:00,2024,1
Ю,,н/о,,н/о,-3.5,-4.1,96,-10.0,-10.0,по сезону,1013.5,1008.7,,,,,,2024-01-20 18:00:00,2024-01-20 22:00:00,2024,1
Ю,,н/о,,н/о,-2.6,-2.9,98,-8.0,-8.0,тепло,1012.8,1008.0,,,,,,2024-01-20 21:00:00,2024-01-21 01:00:00,2024,1
Ю,,н/о,,н/о,-1.4,-1.6,99,-7.0,-7.0,тепло,1011.2,1006.4,,,,,,2024-01-21 00:00:00,2024-01-21 04:00:00,2024,1
Ю,2.0,н/о,,н/о,-0.6,-0.6,100,-5.0,-5.0,тепло,1010.1,1005.4,-4.7,,,,,2024-01-21 03:00:00,2024-01-21 07:00:00,2024,1
штиль,0.0,н/о,,н/о,0.1,0.1,100,-1.0,-1.0,тепло,1010.9,1006.2,,,,,,2024-01-21 06:00:00,2024-01-21 10:00:00,2024,1
З,2.0,н/о,,н/о,-3.7,-3.9,99,-8.0,-8.0,тепло,1016.2,1011.4,,,,,,2024-01-21 09:00:00,2024-01-21 13:00:00,2024,1
З,2.0,н/о,,н/о,-4.9,-6.2,91,-9.0,-9.0,по сезону,1020.4,1015.5,,,,,,2024-01-21 12:00:00,2024-01-21 16:00:00,2024,1
З,1.0,н/о,,н/о,-5.8,-7.2,90,-8.0,-8.0,тепло,1023.8,1018.8,,0.1,,,,2024-01-21 15:00:00,2024-01-21 19:00:00,2024,1
З,1.0,н/о,,н/о,-8.7,-10.3,88,-11.0,-11.0,по сезону,1027.1,1022.1,,,,,,2024-01-21 18:00:00,2024-01-21 22:00:00,2024,1
СЗ,1.0,н/о,,н/о,-12.0,-13.9,86,-14.0,-14.0,по сезону,1030.0,1025.0,,,,,,2024-01-21 21:00:00,2024-01-22 01:00:00,2024,1
штиль,0.0,н/о,,н/о,-14.0,-15.6,88,-14.0,-14.0,по сезону,1031.7,1026.6,,,,,,2024-01-22 00:00:00,2024-01-22 04:00:00,2024,1
штиль,0.0,н/о,,н/о,-15.1,-16.6,88,-15.0,-15.0,по сезону,1033.7,1028.6,-15.2,,,,,2024-01-22 03:00:00,2024-01-22 07:00:00,2024,1
штиль,0.0,н/о,,н/о,-20.5,-21.6,91,-21.0,-21.0,прохладно,1036.3,1031.0,-22.4,,,,,2024-01-22 06:00:00,2024-01-22 10:00:00,2024,1
штиль,0.0,н/о,,н/о,-13.4,-15.2,86,-13.0,-13.0,по сезону,1037.5,1032.3,,,,,,2024-01-22 09:00:00,2024-01-22 13:00:00,2024,1
штиль,0.0,н/о,,н/о,-11.1,-13.0,86,-11.0,-11.0,по сезону,1037.8,1032.7,,,,,,2024-01-22 12:00:00,2024-01-22 16:00:00,2024,1
СЗ,2.0,н/о,,н/о,-15.1,-16.8,87,-20.0,-20.0,прохладно,1039.3,1034.1,,-10.9,,,,2024-01-22 15:00:00,2024-01-22 19:00:00,2024,1
штиль,0.0,н/о,,н/о,-20.8,-21.9,91,-21.0,-21.0,прохладно,1040.8,1035.5,,,,,,2024-01-22 18:00:00,2024-01-22 22:00:00,2024,1
штиль,0.0,н/о,,н/о,-22.6,-24.2,87,-23.0,-23.0,холодно,1041.0,1035.7,,,,,,2024-01-22 21:00:00,2024-01-23 01:00:00,2024,1
штиль,0.0,н/о,,н/о,-25.5,-27.4,84,-26.0,-26.0,очень  холодно,1041.0,1035.6,,,,,,2024-01-23 00:00:00,2024-01-23 04:00:00,2024,1
штиль,0.0,н/о,,н/о,-27.2,-29.3,82,-27.0,-27.0,очень  холодно,1040.6,1035.2,-27.2,,,,,2024-01-23 03:00:00,2024-01-23 07:00:00,2024,1
штиль,0.0,н/о,,н/о,-25.7,-27.5,85,-26.0,-26.0,очень  холодно,1041.0,1035.6,,,,,,2024-01-23 06:00:00,2024-01-23 10:00:00,2024,1
штиль,0.0,н/о,,н/о,-17.8,-19.3,88,-18.0,-18.0,по сезону,1040.3,1035.0,,,,,,2024-01-23 09:00:00,2024-01-23 13:00:00,2024,1
штиль,0.0,н/о,,н/о,-15.1,-16.4,90,-15.0,-15.0,по сезону,1038.8,1033.6,,,,,,2024-01-23 12:00:00,2024-01-23 16:00:00,2024,1
штиль,0.0,н/о,,н/о,-17.8,-18.9,91,-18.0,-18.0,по сезону,1038.2,1033.0,,-14.1,,,,2024-01-23 15:00:00,2024-01-23 19:00:00,2024,1
штиль,0.0,н/о,,н/о,-22.3,-23.8,88,-22.0,-22.0,прохладно,1037.5,1032.2,,,,,,2024-01-23 18:00:00,2024-01-23 22:00:00,2024,1
штиль,0.0,н/о,,н/о,-24.3,-26.0,86,-24.0,-24.0,холодно,1036.6,1031.3,,,,,,2024-01-23 21:00:00,2024-01-24 01:00:00,2024,1
штиль,0.0,н/о,,н/о,-26.7,-28.7,83,-27.0,-27.0,очень  холодно,1034.9,1029.5,,,,,,2024-01-24 00:00:00,2024-01-24 04:00:00,2024,1
штиль,0.0,н/о,,н/о,-27.9,-30.1,81,-28.0,-28.0,очень  холодно,1032.6,1027.2,-28.4,,,,,2024-01-24 03:00:00,2024-01-24 07:00:00,2024,1
штиль,0.0,н/о,,н/о,-25.6,-27.4,85,-26.0,-26.0,очень  холодно,1031.3,1025.9,,,,,,2024-01-24 06:00:00,2024-01-24 10:00:00,2024,1
штиль,0.0,н/о,,н/о,-14.2,-15.3,91,-14.0,-14.0,по сезону,1028.5,1023.4,,,,,,2024-01-24 09:00:00,2024-01-24 13:00:00,2024,1
Ю,1.0,н/о,,н/о,-12.6,-15.3,80,-15.0,-15.0,по сезону,1026.0,1021.0,,,,,,2024-01-24 12:00:00,2024-01-24 16:00:00,2024,1
Ю,1.0,н/о,,н/о,-10.6,-14.2,75,-13.0,-13.0,по сезону,1024.1,1019.0,,-10.6,,,,2024-01-24 15:00:00,2024-01-24 19:00:00,2024,1
Ю,1.0,н/о,,н/о,-9.2,-13.6,70,-11.0,-11.0,по сезону,1022.0,1017.1,,,,,,2024-01-24 18:00:00,2024-01-24 22:00:00,2024,1
ЮЗ,1.0,н/о,,н/о,-10.0,-13.9,73,-12.0,-12.0,по сезону,1020.6,1015.6,,,,,,2024-01-24 21:00:00,2024-01-25 01:00:00,2024,1
ЮЗ,2.0,н/о,,н/о,-9.7,-13.8,72,-14.0,-14.0,по сезону,1019.3,1014.3,,,,,,2024-01-25 00:00:00,2024-01-25 04:00:00,2024,1
ЮЗ,1.0,н/о,,н/о,-10.0,-11.7,87,-12.0,-12.0,по сезону,1018.5,1013.5,-10.6,,,,,2024-01-25 03:00:00,2024-01-25 07:00:00,2024,1
ЮЗ,1.0,н/о,,н/о,-9.3,-11.8,82,-12.0,-12.0,по сезону,1018.1,1013.2,,,,,,2024-01-25 06:00:00,2024-01-25 10:00:00,2024,1
ЮЗ,2.0,н/о,,н/о,-7.9,-11.1,78,-12.0,-12.0,по сезону,1018.3,1013.3,,,,,,2024-01-25 09:00:00,2024-01-25 13:00:00,2024,1
ЮЗ,3.0,н/о,,н/о,-7.5,-11.4,74,-13.0,-13.0,по сезону,1018.4,1013.4,,,,,,2024-01-25 12:00:00,2024-01-25 16:00:00,2024,1
Ю,1.0,н/о,,н/о,-11.7,-13.6,86,-14.0,-14.0,по сезону,1019.4,1014.4,,-7.1,,,,2024-01-25 15:00:00,2024-01-25 19:00:00,2024,1
Ю,1.0,н/о,,н/о,-13.9,-14.8,93,-16.0,-16.0,по сезону,1020.2,1015.1,,,,,,2024-01-25 18:00:00,2024-01-25 22:00:00,2024,1
Ю,1.0,н/о,,н/о,-12.2,-13.2,92,-14.0,-14.0,по сезону,1020.2,1015.1,,,,,,2024-01-25 21:00:00,2024-01-26 01:00:00,2024,1
ЮВ,1.0,н/о,,н/о,-10.0,-10.6,95,-12.0,-12.0,по сезону,1020.1,1015.1,,,,,,2024-01-26 00:00:00,2024-01-26 04:00:00,2024,1
Ю,2.0,н/о,,н/о,-8.4,-8.9,96,-13.0,-13.0,по сезону,1020.4,1015.4,-13.9,,,,,2024-01-26 03:00:00,2024-01-26 07:00:00,2024,1
ЮВ,2.0,н/о,,н/о,-7.5,-7.8,98,-12.0,-12.0,по сезону,1021.0,1016.1,,,,,,2024-01-26 06:00:00,2024-01-26 10:00:00,2024,1
Ю,2.0,н/о,,н/о,-5.7,-6.9,91,-10.0,-10.0,по сезону,1022.2,1017.3,,,,,,2024-01-26 09:00:00,2024-01-26 13:00:00,2024,1
Ю,2.0,н/о,,н/о,-4.6,-5.8,91,-9.0,-9.0,по сезону,1022.4,1017.5,,,,,,2024-01-26 12:00:00,2024-01-26 16:00:00,2024,1
Ю,2.0,н/о,,н/о,-5.2,-7.0,87,-10.0,-10.0,по сезону,1023.3,1018.4,,-4.4,,,,2024-01-26 15:00:00,2024-01-26 19:00:00,2024,1
Ю,1.0,н/о,,н/о,-6.8,-10.3,76,-9.0,-9.0,по сезону,1023.9,1018.9,,,,,,2024-01-26 18:00:00,2024-01-26 22:00:00,2024,1
ЮВ,2.0,н/о,,н/о,-10.8,-13.8,79,-15.0,-15.0,по сезону,1024.4,1019.4,,,,,,2024-01-26 21:00:00,2024-01-27 01:00:00,2024,1
ЮВ,1.0,н/о,,н/о,-11.5,-13.9,82,-14.0,-14.0,по сезону,1024.6,1019.5,,,,,,2024-01-27 00:00:00,2024-01-27 04:00:00,2024,1
штиль,0.0,н/о,,н/о,-13.6,-14.7,91,-14.0,-14.0,по сезону,1025.0,1019.9,-15.4,,,,,2024-01-27 03:00:00,2024-01-27 07:00:00,2024,1
В,1.0,н/о,,н/о,-11.2,-13.1,86,-13.0,-13.0,по сезону,1025.7,1020.6,,,,,,2024-01-27 06:00:00,2024-01-27 10:00:00,2024,1
штиль,0.0,н/о,,н/о,-7.9,-9.7,87,-9.0,-9.0,по сезону,1029.4,1024.4,,,,,,2024-01-28 00:00:00,2024-01-28 04:00:00,2024,1
штиль,0.0,н/о,,н/о,-7.9,-9.8,86,-9.0,-9.0,по сезону,1030.4,1025.4,-8.0,,,,,2024-01-28 03:00:00,2024-01-28 07:00:00,2024,1
штиль,0.0,н/о,,н/о,-7.4,-9.3,86,-8.0,-8.0,по сезону,1030.8,1025.8,-8.0,,,,,2024-01-28 06:00:00,2024-01-28 10:00:00,2024,1
штиль,0.0,н/о,,н/о,-5.5,-8.8,78,-6.0,-6.0,по сезону,1031.5,1026.5,,,,,,2024-01-28 09:00:00,2024-01-28 13:00:00,2024,1
штиль,0.0,н/о,,н/о,-5.2,-8.5,78,-6.0,-6.0,по сезону,1031.8,1026.8,,,,,,2024-01-28 12:00:00,2024-01-28 16:00:00,2024,1
штиль,0.0,н/о,,н/о,-5.6,-8.0,83,-6.0,-6.0,по сезону,1032.6,1027.6,,-5.0,,,,2024-01-28 15:00:00,2024-01-28 19:00:00,2024,1
штиль,0.0,н/о,,н/о,-5.5,-7.8,84,-6.0,-6.0,тепло,1033.2,1028.3,,,,,,2024-01-28 18:00:00,2024-01-28 22:00:00,2024,1
штиль,0.0,н/о,,н/о,-5.6,-8.4,81,-6.0,-6.0,тепло,1033.3,1028.3,,,,,,2024-01-28 21:00:00,2024-01-29 01:00:00,2024,1
штиль,0.0,н/о,,н/о,-6.1,-8.2,85,-7.0,-7.0,по сезону,1034.1,1029.1,,,,,,2024-01-29 00:00:00,2024-01-29 04:00:00,2024,1
штиль,0.0,н/о,,н/о,-6.5,-8.3,87,-7.0,-7.0,по сезону,1034.2,1029.2,-6.5,,,,,2024-01-29 03:00:00,2024-01-29 07:00:00,2024,1
штиль,0.0,н/о,,н/о,-6.1,-7.6,89,-7.0,-7.0,по сезону,1034.6,1029.6,,,,,,2024-01-29 06:00:00,2024-01-29 10:00:00,2024,1
штиль,0.0,н/о,,н/о,-3.0,-6.4,77,-4.0,-4.0,тепло,1034.5,1029.6,,,,,,2024-01-29 09:00:00,2024-01-29 13:00:00,2024,1
штиль,0.0,н/о,,н/о,-2.8,-5.9,79,-4.0,-4.0,тепло,1033.7,1028.8,,,,,,2024-01-29 12:00:00,2024-01-29 16:00:00,2024,1
штиль,0.0,н/о,,н/о,-3.3,-4.3,93,-5.0,-5.0,по сезону,1033.1,1028.2,,-2.5,,,,2024-01-29 15:00:00,2024-01-29 19:00:00,2024,1
штиль,0.0,н/о,,н/о,-2.8,-3.8,93,-4.0,-4.0,тепло,1032.2,1027.3,,,,,,2024-01-29 18:00:00,2024-01-29 22:00:00,2024,1
ЮЗ,1.0,н/о,,н/о,-2.4,-3.8,90,-5.0,-5.0,тепло,1030.2,1025.3,,,,,,2024-01-29 21:00:00,2024-01-30 01:00:00,2024,1
З,1.0,н/о,,н/о,-2.5,-3.9,90,-5.0,-5.0,тепло,1027.0,1022.1,,,,,,2024-01-30 00:00:00,2024-01-30 04:00:00,2024,1
ЮЗ,2.0,н/о,,н/о,-2.6,-3.9,91,-7.0,-7.0,тепло,1023.9,1019.0,-3.3,,,,,2024-01-30 03:00:00,2024-01-30 07:00:00,2024,1
З,2.0,н/о,,н/о,-1.9,-3.4,89,-6.0,-6.0,тепло,1021.4,1016.6,,,,,,2024-01-30 06:00:00,2024-01-30 10:00:00,2024,1
СЗ,3.0,н/о,,н/о,-1.7,-4.0,84,-7.0,-7.0,тепло,1019.9,1015.1,,,,,,2024-01-30 09:00:00,2024-01-30 13:00:00,2024,1
З,2.0,н/о,,н/о,-2.7,-3.4,95,-7.0,-7.0,тепло,1019.0,1014.2,,,,,,2024-01-30 12:00:00,2024-01-30 16:00:00,2024,1
СЗ,2.0,н/о,,н/о,-2.0,-3.1,92,-6.0,-6.0,тепло,1019.5,1014.7,,-1.7,,,,2024-01-30 15:00:00,2024-01-30 19:00:00,2024,1
СЗ,2.0,н/о,,н/о,-0.5,-1.6,92,-4.0,-4.0,тепло,1020.7,1015.8,,,,,,2024-01-30 18:00:00,2024-01-30 22:00:00,2024,1
СЗ,4.0,н/о,,н/о,0.1,-2.5,83,-5.0,-5.0,тепло,1021.5,1016.7,,,,,,2024-01-30 21:00:00,2024-01-31 01:00:00,2024,1
СЗ,,н/о,,н/о,-1.2,-3.3,86,-6.0,-6.0,тепло,1022.2,1017.4,,,,,,2024-01-31 00:00:00,2024-01-31 04:00:00,2024,1
СЗ,2.0,н/о,,н/о,-2.3,-4.1,87,-6.0,-6.0,тепло,1023.4,1018.6,-2.3,,,,,2024-01-31 03:00:00,2024-01-31 07:00:00,2024,1
СЗ,2.0,н/о,,н/о,-2.4,-4.1,88,-6.0,-6.0,тепло,1024.5,1019.7,-2.7,,,,,2024-01-31 06:00:00,2024-01-31 10:00:00,2024,1
З,1.0,н/о,,н/о,-1.1,-3.3,85,-3.0,-3.0,тепло,1024.5,1019.6,,,,,,2024-01-31 09:00:00,2024-01-31 13:00:00,2024,1
З,1.0,н/о,,н/о,-0.9,-4.0,79,-3.0,-3.0,тепло,1024.1,1019.2,,,,,,2024-01-31 12:00:00,2024-01-31 16:00:00,2024,1
З,1.0,н/о,,н/о,-2.2,-4.5,84,-4.0,-4.0,тепло,1023.4,1018.6,,-0.3,,,,2024-01-31 15:00:00,2024-01-31 19:00:00,2024,1
штиль,0.0,н/о,,н/о,-10.3,-10.7,97,-11.0,-11.0,тепло,1020.3,1015.4,,,,,,2024-02-01 00:00:00,2024-02-01 04:00:00,2024,2
Ю,1.0,н/о,,н/о,-11.0,-11.5,96,-13.0,-13.0,по сезону,1018.9,1013.9,-11.9,,,,,2024-02-01 03:00:00,2024-02-01 07:00:00,2024,2
штиль,0.0,н/о,,н/о,-9.7,-10.5,94,-10.0,-10.0,тепло,1017.7,1012.8,,,,,,2024-02-01 06:00:00,2024-02-01 10:00:00,2024,2
Ю,1.0,н/о,,н/о,-6.5,-7.4,93,-9.0,-9.0,тепло,1015.1,1010.2,,,,,,2024-02-01 09:00:00,2024-02-01 13:00:00,2024,2
Ю,1.0,н/о,,н/о,-4.6,-5.2,96,-7.0,-7.0,тепло,1013.1,1008.3,,,,,,2024-02-01 12:00:00,2024-02-01 16:00:00,2024,2
штиль,0.0,н/о,,н/о,-4.0,-4.5,96,-5.0,-5.0,тепло,1011.2,1006.4,,-4.0,,,,2024-02-01 15:00:00,2024-02-01 19:00:00,2024,2
Ю,2.0,н/о,,н/о,-2.4,-2.5,99,-7.0,-7.0,тепло,1008.5,1003.7,,,,,,2024-02-01 18:00:00,2024-02-01 22:00:00,2024,2
Ю,1.0,н/о,,н/о,-2.6,-2.6,100,-5.0,-5.0,тепло,1006.3,1001.5,,,,,,2024-02-01 21:00:00,2024-02-02 01:00:00,2024,2
Ю,1.0,н/о,,н/о,-2.4,-2.4,100,-5.0,-5.0,тепло,1004.4,999.6,,,,,,2024-02-02 00:00:00,2024-02-02 04:00:00,2024,2
Ю,1.0,н/о,,н/о,-2.1,-2.1,100,-5.0,-5.0,тепло,1002.6,997.8,-4.0,,,,,2024-02-02 03:00:00,2024-02-02 07:00:00,2024,2
Ю,1.0,н/о,,н/о,-1.9,-1.9,100,-4.0,-4.0,тепло,1002.2,997.5,,,,,,2024-02-02 06:00:00,2024-02-02 10:00:00,2024,2
ЮЗ,2.0,н/о,,н/о,-0.4,-1.2,94,-4.0,-4.0,тепло,1001.7,996.9,,,,,,2024-02-02 09:00:00,2024-02-02 13:00:00,2024,2
штиль,0.0,н/о,,н/о,0.5,-0.5,93,-1.0,-1.0,тепло,1000.4,995.7,,,,,,2024-02-02 12:00:00,2024-02-02 16:00:00,2024,2
Ю,1.0,н/о,,н/о,0.7,0.2,96,-1.0,-1.0,тепло,1000.0,995.3,,0.7,,,,2024-02-02 15:00:00,2024-02-02 19:00:00,2024,2
З,2.0,н/о,,н/о,-3.9,-6.1,85,-8.0,-8.0,тепло,999.4,994.6,-4.0,,,,,2024-02-03 06:00:00,2024-02-03 10:00:00,2024,2
ЮЗ,2.0,н/о,,н/о,-3.1,-6.5,77,-7.0,-7.0,тепло,999.9,995.1,,,,,,2024-02-03 09:00:00,2024-02-03 13:00:00,2024,2
ЮЗ,3.0,н/о,,н/о,-3.4,-6.2,81,-9.0,-9.0,по сезону,999.6,994.8,,,,,,2024-02-03 12:00:00,2024-02-03 16:00:00,2024,2
ЮЗ,2.0,н/о,,н/о,-4.2,-6.4,85,-8.0,-8.0,тепло,1000.6,995.8,,-0.9,,,,2024-02-03 15:00:00,2024-02-03 19:00:00,2024,2
ЮЗ,2.0,н/о,,н/о,-4.2,-6.8,82,-8.0,-8.0,тепло,1001.2,996.4,,,,,,2024-02-03 18:00:00,2024-02-03 22:00:00,2024,2
ЮЗ,2.0,н/о,,н/о,-6.5,-8.4,86,-11.0,-11.0,по сезону,1001.2,996.4,,,,,,2024-02-03 21:00:00,2024-02-04 01:00:00,2024,2
ЮЗ,2.0,н/о,,н/о,-6.6,-8.2,88,-11.0,-11.0,тепло,1000.8,995.9,,,,,,2024-02-04 00:00:00,2024-02-04 04:00:00,2024,2
Ю,1.0,н/о,,н/о,-6.1,-7.3,91,-9.0,-9.0,тепло,999.9,995.1,-7.2,,,,,2024-02-04 03:00:00,2024-02-04 07:00:00,2024,2
Ю,2.0,н/о,,н/о,-6.2,-7.2,93,-11.0,-11.0,тепло,997.6,992.8,,,,,,2024-02-04 06:00:00,2024-02-04 10:00:00,2024,2
Ю,3.0,н/о,,н/о,-3.2,-3.5,98,-9.0,-9.0,тепло,994.5,989.8,,,,,,2024-02-04 09:00:00,2024-02-04 13:00:00,2024,2
Ю,2.0,н/о,,н/о,-1.3,-1.6,98,-5.0,-5.0,тепло,991.3,986.6,,,,,,2024-02-04 12:00:00,2024-02-04 16:00:00,2024,2
Ю,2.0,н/о,,н/о,0.3,0.2,99,-4.0,-4.0,тепло,989.3,984.6,,0.3,,,,2024-02-04 15:00:00,2024-02-04 19:00:00,2024,2
ЮЗ,2.0,н/о,,н/о,1.2,1.0,99,-2.0,-2.0,тепло,987.7,983.1,,,,,,2024-02-04 18:00:00,2024-02-04 22:00:00,2024,2
ЮЗ,,н/о,,н/о,1.4,0.1,91,-4.0,-4.0,тепло,988.4,983.7,,,,,,2024-02-04 21:00:00,2024-02-05 01:00:00,2024,2
ЮЗ,,н/о,,н/о,1.4,-0.8,85,-3.0,-3.0,тепло,988.8,984.2,,,,,,2024-02-05 00:00:00,2024-02-05 04:00:00,2024,2
ЮЗ,2.0,н/о,,н/о,0.1,-1.8,87,-4.0,-4.0,тепло,989.8,985.2,0.0,,,,,2024-02-05 03:00:00,2024-02-05 07:00:00,2024,2
ЮЗ,3.0,н/о,,н/о,-0.6,-2.6,86,-5.0,-5.0,тепло,990.7,986.1,-0.9,,,,,2024-02-05 06:00:00,2024-02-05 10:00:00,2024,2
ЮЗ,3.0,н/о,,н/о,-0.2,-1.8,89,-5.0,-5.0,тепло,990.7,986.1,,,,,,2024-02-05 09:00:00,2024-02-05 13:00:00,2024,2
ЮЗ,2.0,н/о,,н/о,0.4,-2.1,83,-3.0,-3.0,тепло,990.7,986.1,,,,,,2024-02-05 12:00:00,2024-02-05 16:00:00,2024,2
Ю,2.0,н/о,,н/о,-1.6,-2.9,91,-6.0,-6.0,тепло,990.9,986.2,,1.6,,,,2024-02-05 15:00:00,2024-02-05 19:00:00,2024,2
Ю,,н/о,,н/о,-0.4,-1.8,90,-7.0,-7.0,тепло,989.1,984.4,,,,,,2024-02-05 18:00:00,2024-02-05 22:00:00,2024,2
Ю,,н/о,,н/о,-1.2,-1.6,97,-7.0,-7.0,тепло,986.9,982.3,,,,,,2024-02-05 21:00:00,2024-02-06 01:00:00,2024,2
Ю,3.0,н/о,,н/о,-0.5,-0.8,98,-6.0,-6.0,тепло,984.0,979.3,,,,,,2024-02-06 00:00:00,2024-02-06 04:00:00,2024,2
Ю,3.0,н/о,,н/о,0.3,0.3,100,-5.0,-5.0,тепло,981.4,976.8,-2.1,,,,,2024-02-06 03:00:00,2024-02-06 07:00:00,2024,2
Ю,2.0,н/о,,н/о,0.9,0.3,96,-3.0,-3.0,тепло,981.2,976.6,,,,,,2024-02-06 06:00:00,2024-02-06 10:00:00,2024,2
Ю,1.0,н/о,,н/о,1.7,-0.2,87,-0.0,-0.0,тепло,980.6,976.0,,,,,,2024-02-06 09:00:00,2024-02-06 13:00:00,2024,2
ЮЗ,1.0,н/о,,н/о,0.9,-2.1,80,-1.0,-1.0,тепло,981.3,976.7,,,,,,2024-02-06 12:00:00,2024-02-06 16:00:00,2024,2
СЗ,,н/о,,н/о,-2.3,-3.8,89,-10.0,-10.0,по сезону,982.8,978.2,,1.9,,,,2024-02-06 15:00:00,2024-02-06 19:00:00,2024,2
СЗ,,н/о,,н/о,-6.3,-8.5,84,-14.0,-14.0,по сезону,984.4,979.7,,,,,,2024-02-06 18:00:00,2024-02-06 22:00:00,2024,2
СЗ,,н/о,,н/о,-8.3,-10.6,83,-17.0,-17.0,по сезону,985.0,980.2,,,,,,2024-02-06 21:00:00,2024-02-07 01:00:00,2024,2
СЗ,,н/о,,н/о,-9.5,-12.1,81,-16.0,-16.0,по сезону,984.6,979.8,,,,,,2024-02-07 00:00:00,2024-02-07 04:00:00,2024,2
СЗ,,н/о,,н/о,-10.5,-12.9,82,-18.0,-18.0,по сезону,985.6,980.7,-10.5,,,,,2024-02-07 03:00:00,2024-02-07 07:00:00,2024,2
СЗ,,н/о,,н/о,-9.4,-11.7,83,-16.0,-16.0,по сезону,987.0,982.1,,,,,,2024-02-07 06:00:00,2024-02-07 10:00:00,2024,2
СЗ,,н/о,,н/о,-7.6,-10.9,77,-14.0,-14.0,по сезону,989.1,984.3,,,,,,2024-02-07 09:00:00,2024-02-07 13:00:00,2024,2
З,3.0,н/о,,н/о,-6.0,-10.0,73,-11.0,-11.0,по сезону,991.5,986.7,,,,,,2024-02-07 12:00:00,2024-02-07 16:00:00,2024,2
З,2.0,н/о,,н/о,-7.4,-13.1,64,-12.0,-12.0,по сезону,993.7,988.9,,-6.0,,,,2024-02-07 15:00:00,2024-02-07 19:00:00,2024,2
З,2.0,н/о,,н/о,-7.9,-12.1,72,-12.0,-12.0,по сезону,993.8,988.9,,,,,,2024-02-07 18:00:00,2024-02-07 22:00:00,2024,2
Ю,1.0,н/о,,н/о,-6.8,-9.8,79,-9.0,-9.0,по сезону,992.6,987.8,,,,,,2024-02-07 21:00:00,2024-02-08 01:00:00,2024,2
Ю,3.0,н/о,,н/о,-5.7,-6.3,96,-11.0,-11.0,по сезону,987.6,982.9,,,,,,2024-02-08 00:00:00,2024-02-08 04:00:00,2024,2
ЮЗ,1.0,н/о,,н/о,-0.6,-0.6,100,-3.0,-3.0,тепло,984.4,979.7,-8.6,,,,,2024-02-08 03:00:00,2024-02-08 07:00:00,2024,2
ЮЗ,3.0,н/о,,н/о,2.4,1.9,96,-2.0,-2.0,тепло,983.4,978.9,,,,,,2024-02-08 06:00:00,2024-02-08 10:00:00,2024,2
З,,н/о,,н/о,2.9,-2.5,68,-2.0,-2.0,тепло,983.8,979.2,,,,,,2024-02-08 09:00:00,2024-02-08 13:00:00,2024,2
З,,н/о,,н/о,-1.5,-4.9,78,-7.0,-7.0,по сезону,987.6,982.9,,,,,,2024-02-08 12:00:00,2024-02-08 16:00:00,2024,2
З,,н/о,,н/о,-5.6,-9.2,76,-10.0,-10.0,по сезону,993.4,988.7,,3.6,,,,2024-02-08 15:00:00,2024-02-08 19:00:00,2024,2
З,3.0,н/о,,н/о,-7.8,-11.2,77,-13.0,-13.0,по сезону,996.1,991.3,,,,,,2024-02-08 18:00:00,2024-02-08 22:00:00,2024,2
З,3.0,н/о,,н/о,-10.1,-12.7,81,-16.0,-16.0,по сезону,998.0,993.2,,,,,,2024-02-08 21:00:00,2024-02-09 01:00:00,2024,2
З,,н/о,,н/о,-10.3,-13.2,79,-16.0,-16.0,прохладно,999.0,994.1,,,,,,2024-02-09 00:00:00,2024-02-09 04:00:00,2024,2
З,3.0,н/о,,н/о,-11.1,-13.8,80,-17.0,-17.0,прохладно,999.4,994.5,-11.1,,,,,2024-02-09 03:00:00,2024-02-09 07:00:00,2024,2
З,2.0,н/о,,н/о,-11.4,-14.5,78,-16.0,-16.0,прохладно,1000.9,996.0,-11.8,,,,,2024-02-09 06:00:00,2024-02-09 10:00:00,2024,2
З,3.0,н/о,,н/о,-9.7,-14.5,68,-15.0,-15.0,прохладно,1002.0,997.1,,,,,,2024-02-09 09:00:00,2024-02-09 13:00:00,2024,2
З,2.0,н/о,,н/о,-7.5,-13.2,64,-12.0,-12.0,по сезону,1002.1,997.2,,,,,,2024-02-09 12:00:00,2024-02-09 16:00:00,2024,2
З,2.0,н/о,,н/о,-9.0,-13.8,68,-13.0,-13.0,по сезону,1003.5,998.6,,-7.5,,,,2024-02-09 15:00:00,2024-02-09 19:00:00,2024,2
З,1.0,н/о,,н/о,-10.5,-14.7,71,-13.0,-13.0,по сезону,1006.4,1001.5,,,,,,2024-02-09 18:00:00,2024-02-09 22:00:00,2024,2
З,3.0,н/о,,н/о,-11.9,-15.5,75,-18.0,-18.0,холодно,1008.5,1003.5,,,,,,2024-02-09 21:00:00,2024-02-10 01:00:00,2024,2
ЮЗ,1.0,н/о,,н/о,-13.2,-15.3,84,-16.0,-16.0,по сезону,1010.4,1005.4,,,,,,2024-02-10 00:00:00,2024-02-10 04:00:00,2024,2
штиль,0.0,н/о,,н/о,-14.0,-15.7,87,-14.0,-14.0,по сезону,1012.2,1007.2,-14.0,,,,,2024-02-10 03:00:00,2024-02-10 07:00:00,2024,2
штиль,0.0,н/о,,н/о,-15.1,-16.4,90,-15.0,-15.0,по сезону,1015.0,1010.0,-16.4,,,,,2024-02-10 06:00:00,2024-02-10 10:00:00,2024,2
З,1.0,н/о,,н/о,-10.0,-13.7,74,-12.0,-12.0,по сезону,1016.7,1011.8,,,,,,2024-02-10 09:00:00,2024-02-10 13:00:00,2024,2
штиль,0.0,н/о,,н/о,-9.2,-14.4,66,-10.0,-10.0,по сезону,1018.6,1013.6,,,,,,2024-02-10 12:00:00,2024-02-10 16:00:00,2024,2
штиль,0.0,н/о,,н/о,-15.7,-18.3,80,-16.0,-16.0,по сезону,1021.4,1016.3,,-9.0,,,,2024-02-10 15:00:00,2024-02-10 19:00:00,2024,2
штиль,0.0,н/о,,н/о,-18.8,-20.0,90,-19.0,-19.0,по сезону,1024.0,1018.8,,,,,,2024-02-10 18:00:00,2024-02-10 22:00:00,2024,2
штиль,0.0,н/о,,н/о,-22.0,-23.6,87,-22.0,-22.0,по сезону,1026.5,1021.2,,,,,,2024-02-10 21:00:00,2024-02-11 01:00:00,2024,2
штиль,0.0,н/о,,н/о,-25.2,-27.2,83,-25.0,-25.0,холодно,1028.1,1022.8,,,,,,2024-02-11 00:00:00,2024-02-11 04:00:00,2024,2
штиль,0.0,н/о,,н/о,-27.5,-29.8,81,-28.0,-28.0,очень  холодно,1029.5,1024.1,-27.5,,,,,2024-02-11 03:00:00,2024-02-11 07:00:00,2024,2
штиль,0.0,н/о,,н/о,-22.5,-24.0,88,-23.0,-23.0,прохладно,1031.7,1026.4,-27.9,,,,,2024-02-11 06:00:00,2024-02-11 10:00:00,2024,2
штиль,0.0,н/о,,н/о,-16.2,-17.3,91,-16.0,-16.0,по сезону,1032.5,1027.3,,,,,,2024-02-11 09:00:00,2024-02-11 13:00:00,2024,2
штиль,0.0,н/о,,н/о,-11.4,-15.4,72,-12.0,-12.0,по сезону,1032.4,1027.3,,,,,,2024-02-11 12:00:00,2024-02-11 16:00:00,2024,2
штиль,0.0,н/о,,н/о,-16.7,-19.1,82,-17.0,-17.0,по сезону,1032.8,1027.6,,-11.3,,,,2024-02-11 15:00:00,2024-02-11 19:00:00,2024,2
штиль,0.0,н/о,,н/о,-20.5,-21.8,89,-21.0,-21.0,прохладно,1033.2,1028.0,,,,,,2024-02-11 18:00:00,2024-02-11 22:00:00,2024,2
штиль,0.0,н/о,,н/о,-20.6,-22.2,87,-21.0,-21.0,по сезону,1033.6,1028.3,,,,,,2024-02-11 21:00:00,2024-02-12 01:00:00,2024,2
штиль,0.0,н/о,,н/о,-21.4,-23.0,87,-21.0,-21.0,по сезону,1032.5,1027.3,,,,,,2024-02-12 00:00:00,2024-02-12 04:00:00,2024,2
штиль,0.0,н/о,,н/о,-21.1,-22.8,86,-21.0,-21.0,по сезону,1031.1,1025.8,-22.8,,,,,2024-02-12 03:00:00,2024-02-12 07:00:00,2024,2
В,2.0,н/о,,н/о,-12.0,-15.3,76,-17.0,-17.0,прохладно,1025.9,1020.8,,,,,,2024-02-12 12:00:00,2024-02-12 16:00:00,2024,2
В,2.0,н/о,,н/о,-10.6,-13.1,82,-15.0,-15.0,по сезону,1023.2,1018.2,,-10.6,,,,2024-02-12 15:00:00,2024-02-12 19:00:00,2024,2
ЮВ,2.0,н/о,,н/о,-8.4,-9.3,93,-13.0,-13.0,по сезону,1020.3,1015.3,,,,,,2024-02-12 18:00:00,2024-02-12 22:00:00,2024,2
ЮВ,1.0,н/о,,н/о,-7.4,-8.0,95,-10.0,-10.0,тепло,1017.1,1012.2,,,,,,2024-02-12 21:00:00,2024-02-13 01:00:00,2024,2
штиль,0.0,н/о,,н/о,-6.5,-6.8,98,-8.0,-8.0,тепло,1014.0,1009.1,,,,,,2024-02-13 00:00:00,2024-02-13 04:00:00,2024,2
штиль,0.0,н/о,,н/о,-5.3,-5.5,98,-6.0,-6.0,тепло,1012.3,1007.4,-10.6,,,,,2024-02-13 03:00:00,2024-02-13 07:00:00,2024,2
штиль,0.0,н/о,,н/о,-4.2,-4.4,99,-5.0,-5.0,тепло,1012.7,1007.9,,,,,,2024-02-13 06:00:00,2024-02-13 10:00:00,2024,2
штиль,0.0,н/о,,н/о,-0.7,-0.8,99,-2.0,-2.0,тепло,1013.3,1008.5,,,,,,2024-02-13 09:00:00,2024-02-13 13:00:00,2024,2
штиль,0.0,н/о,,н/о,-2.0,-2.8,94,-3.0,-3.0,тепло,1015.6,1010.8,,,,,,2024-02-13 12:00:00,2024-02-13 16:00:00,2024,2
штиль,0.0,н/о,,н/о,-4.5,-6.5,86,-6.0,-6.0,тепло,1019.2,1014.3,,-0.7,,,,2024-02-13 15:00:00,2024-02-13 19:00:00,2024,2
штиль,0.0,н/о,,н/о,-6.6,-9.0,83,-7.0,-7.0,тепло,1021.9,1017.0,,,,,,2024-02-13 18:00:00,2024-02-13 22:00:00,2024,2
С,3.0,н/о,,н/о,-10.3,-12.4,85,-16.0,-16.0,по сезону,1024.3,1019.2,,,,,,2024-02-13 21:00:00,2024-02-14 01:00:00,2024,2
С,2.0,н/о,,н/о,-13.4,-14.7,90,-18.0,-18.0,по сезону,1026.2,1021.1,,,,,,2024-02-14 00:00:00,2024-02-14 04:00:00,2024,2
С,2.0,н/о,,н/о,-15.7,-16.8,91,-21.0,-21.0,по сезону,1027.6,1022.5,-15.7,,,,,2024-02-14 03:00:00,2024-02-14 07:00:00,2024,2
С,2.0,н/о,,н/о,-15.9,-17.3,89,-21.0,-21.0,по сезону,1029.9,1024.7,-17.0,,,,,2024-02-14 06:00:00,2024-02-14 10:00:00,2024,2
С,2.0,н/о,,н/о,-12.1,-14.7,81,-17.0,-17.0,по сезону,1030.6,1025.5,,,,,,2024-02-14 09:00:00,2024-02-14 13:00:00,2024,2
С,3.0,н/о,,н/о,-11.4,-14.6,77,-17.0,-17.0,прохладно,1031.4,1026.3,,,,,,2024-02-14 12:00:00,2024-02-14 16:00:00,2024,2
С,3.0,н/о,,н/о,-15.0,-17.4,82,-22.0,-22.0,холодно,1033.5,1028.4,,-11.2,,,,2024-02-14 15:00:00,2024-02-14 19:00:00,2024,2
С,2.0,н/о,,н/о,-17.1,-19.2,84,-22.0,-22.0,прохладно,1035.5,1030.3,,,,,,2024-02-14 18:00:00,2024-02-14 22:00:00,2024,2
С,1.0,н/о,,н/о,-19.5,-21.2,86,-22.0,-22.0,прохладно,1037.0,1031.8,,,,,,2024-02-14 21:00:00,2024-02-15 01:00:00,2024,2
штиль,0.0,н/о,,н/о,-21.0,-22.7,86,-21.0,-21.0,по сезону,1038.5,1033.2,,,,,,2024-02-15 00:00:00,2024-02-15 04:00:00,2024,2
С,1.0,н/о,,н/о,-24.2,-25.9,86,-28.0,-28.0,очень  холодно,1040.5,1035.1,-24.2,,,,,2024-02-15 03:00:00,2024-02-15 07:00:00,2024,2
С,1.0,н/о,,н/о,-21.8,-24.0,82,-25.0,-25.0,холодно,1042.7,1037.4,-24.8,,,,,2024-02-15 06:00:00,2024-02-15 10:00:00,2024,2
СВ,2.0,н/о,,н/о,-16.2,-21.7,62,-21.0,-21.0,прохладно,1044.1,1038.9,,,,,,2024-02-15 09:00:00,2024-02-15 13:00:00,2024,2
СВ,2.0,н/о,,н/о,-14.2,-21.4,54,-19.0,-19.0,холодно,1044.8,1039.6,,,,,,2024-02-15 12:00:00,2024-02-15 16:00:00,2024,2
штиль,0.0,н/о,,н/о,-20.2,-24.2,70,-20.0,-20.0,прохладно,1046.2,1040.9,,-14.1,,,,2024-02-15 15:00:00,2024-02-15 19:00:00,2024,2
штиль,0.0,н/о,,н/о,-21.0,-23.2,82,-21.0,-21.0,прохладно,1047.6,1042.2,,,,,,2024-02-15 18:00:00,2024-02-15 22:00:00,2024,2
штиль,0.0,н/о,,н/о,-23.4,-26.4,76,-23.0,-23.0,прохладно,1049.1,1043.7,,,,,,2024-02-15 21:00:00,2024-02-16 01:00:00,2024,2
штиль,0.0,н/о,,н/о,-25.9,-28.1,82,-26.0,-26.0,очень  холодно,1050.6,1045.1,,,,,,2024-02-16 00:00:00,2024-02-16 04:00:00,2024,2
штиль,0.0,н/о,,н/о,-26.6,-29.0,80,-27.0,-27.0,очень  холодно,1051.6,1046.1,-26.9,,,,,2024-02-16 03:00:00,2024-02-16 07:00:00,2024,2
штиль,0.0,н/о,,н/о,-24.0,-26.9,77,-24.0,-24.0,холодно,1052.3,1046.9,,,,,,2024-02-16 06:00:00,2024-02-16 10:00:00,2024,2
В,1.0,н/о,,н/о,-19.0,-24.1,64,-22.0,-22.0,холодно,1051.9,1046.6,,,,,,2024-02-16 09:00:00,2024-02-16 13:00:00,2024,2
ЮВ,2.0,н/о,,н/о,-14.2,-20.9,57,-19.0,-19.0,холодно,1050.5,1045.3,,,,,,2024-02-16 12:00:00,2024-02-16 16:00:00,2024,2
В,1.0,н/о,,н/о,-15.4,-19.9,68,-18.0,-18.0,прохладно,1049.6,1044.3,,-14.0,,,,2024-02-16 15:00:00,2024-02-16 19:00:00,2024,2
штиль,0.0,н/о,,н/о,-15.3,-19.6,70,-15.0,-15.0,по сезону,1048.4,1043.1,,,,,,2024-02-16 18:00:00,2024-02-16 22:00:00,2024,2
ЮВ,1.0,н/о,,н/о,-14.6,-19.4,67,-17.0,-17.0,по сезону,1047.1,1041.9,,,,,,2024-02-16 21:00:00,2024-02-17 01:00:00,2024,2
ЮВ,1.0,н/о,,н/о,-14.8,-18.9,71,-17.0,-17.0,по сезону,1045.5,1040.3,,,,,,2024-02-17 00:00:00,2024-02-17 04:00:00,2024,2
штиль,0.0,н/о,,н/о,-15.1,-18.6,75,-15.0,-15.0,по сезону,1044.3,1039.1,-15.5,,,,,2024-02-17 03:00:00,2024-02-17 07:00:00,2024,2
штиль,0.0,н/о,,н/о,-13.8,-17.9,71,-14.0,-14.0,по сезону,1044.4,1039.2,,,,,,2024-02-17 06:00:00,2024-02-17 10:00:00,2024,2
Ю,2.0,н/о,,н/о,-11.1,-17.1,61,-16.0,-16.0,по сезону,1043.0,1037.9,,,,,,2024-02-17 09:00:00,2024-02-17 13:00:00,2024,2
Ю,3.0,н/о,,н/о,-9.4,-15.3,62,-15.0,-15.0,прохладно,1040.7,1035.6,,,,,,2024-02-17 12:00:00,2024-02-17 16:00:00,2024,2
Ю,2.0,н/о,,н/о,-9.9,-14.5,69,-14.0,-14.0,по сезону,1039.9,1034.8,,-9.4,,,,2024-02-17 15:00:00,2024-02-17 19:00:00,2024,2
Ю,2.0,н/о,,н/о,-12.5,-15.7,77,-17.0,-17.0,по сезону,1039.6,1034.5,,,,,,2024-02-17 18:00:00,2024-02-17 22:00:00,2024,2
Ю,3.0,н/о,,н/о,-12.6,-15.4,80,-19.0,-19.0,прохладно,1038.3,1033.2,,,,,,2024-02-17 21:00:00,2024-02-18 01:00:00,2024,2
Ю,2.0,н/о,,н/о,-11.8,-14.6,80,-16.0,-16.0,по сезону,1037.0,1031.9,,,,,,2024-02-18 00:00:00,2024-02-18 04:00:00,2024,2
Ю,3.0,н/о,,н/о,-11.4,-14.0,81,-17.0,-17.0,по сезону,1035.3,1030.2,-13.1,,,,,2024-02-18 03:00:00,2024-02-18 07:00:00,2024,2
Ю,3.0,н/о,,н/о,-10.0,-12.9,79,-16.0,-16.0,по сезону,1034.8,1029.7,,,,,,2024-02-18 06:00:00,2024-02-18 10:00:00,2024,2
Ю,3.0,н/о,,н/о,-7.7,-11.6,74,-13.0,-13.0,по сезону,1033.2,1028.2,,,,,,2024-02-18 09:00:00,2024-02-18 13:00:00,2024,2
Ю,,н/о,,н/о,-7.3,-11.2,74,-13.0,-13.0,по сезону,1031.3,1026.3,,,,,,2024-02-18 12:00:00,2024-02-18 16:00:00,2024,2
Ю,4.0,н/о,,н/о,-8.3,-11.2,80,-15.0,-15.0,прохладно,1029.9,1024.9,,-6.9,,,,2024-02-18 15:00:00,2024-02-18 19:00:00,2024,2
Ю,3.0,н/о,,н/о,-7.8,-11.1,77,-13.0,-13.0,по сезону,1029.2,1024.2,,,,,,2024-02-18 18:00:00,2024-02-18 22:00:00,2024,2
Ю,3.0,н/о,,н/о,-7.1,-10.6,76,-13.0,-13.0,по сезону,1028.2,1023.2,,,,,,2024-02-18 21:00:00,2024-02-19 01:00:00,2024,2
Ю,3.0,н/о,,н/о,-6.5,-10.6,73,-12.0,-12.0,по сезону,1026.9,1021.9,,,,,,2024-02-19 00:00:00,2024-02-19 04:00:00,2024,2
Ю,4.0,н/о,,н/о,-6.9,-10.5,75,-13.0,-13.0,по сезону,1026.2,1021.2,-8.4,,,,,2024-02-19 03:00:00,2024-02-19 07:00:00,2024,2
Ю,3.0,н/о,,н/о,-6.9,-10.4,76,-12.0,-12.0,по сезону,1026.7,1021.8,,,,,,2024-02-19 06:00:00,2024-02-19 10:00:00,2024,2
Ю,4.0,н/о,,н/о,-6.5,-9.9,77,-13.0,-13.0,по сезону,1027.0,1022.0,,,,,,2024-02-19 09:00:00,2024-02-19 13:00:00,2024,2
Ю,3.0,н/о,,н/о,-7.2,-9.4,84,-13.0,-13.0,прохладно,1027.3,1022.3,,,,,,2024-02-19 12:00:00,2024-02-19 16:00:00,2024,2
Ю,1.0,н/о,,н/о,-8.2,-10.3,85,-11.0,-11.0,по сезону,1028.2,1023.2,,-6.2,,,,2024-02-19 15:00:00,2024-02-19 19:00:00,2024,2
штиль,0.0,н/о,,н/о,-10.3,-11.9,88,-11.0,-11.0,по сезону,1029.5,1024.5,,,,,,2024-02-19 18:00:00,2024-02-19 22:00:00,2024,2
штиль,0.0,н/о,,н/о,-12.1,-13.3,91,-12.0,-12.0,по сезону,1030.4,1025.3,,,,,,2024-02-19 21:00:00,2024-02-20 01:00:00,2024,2
штиль,0.0,н/о,,н/о,-17.7,-18.8,91,-18.0,-18.0,по сезону,1031.1,1026.0,,,,,,2024-02-20 00:00:00,2024-02-20 04:00:00,2024,2
штиль,0.0,н/о,,н/о,-15.4,-16.4,92,-15.0,-15.0,по сезону,1031.8,1026.7,-18.9,,,,,2024-02-20 03:00:00,2024-02-20 07:00:00,2024,2
штиль,0.0,н/о,,н/о,-12.5,-13.8,90,-13.0,-13.0,по сезону,1033.1,1028.0,,,,,,2024-02-20 06:00:00,2024-02-20 10:00:00,2024,2
штиль,0.0,н/о,,н/о,-10.2,-13.8,75,-10.0,-10.0,по сезону,1033.8,1028.7,,,,,,2024-02-20 09:00:00,2024-02-20 13:00:00,2024,2
СВ,1.0,н/о,,н/о,-9.6,-13.1,76,-12.0,-12.0,по сезону,1033.9,1028.9,,,,,,2024-02-20 12:00:00,2024-02-20 16:00:00,2024,2
штиль,0.0,н/о,,н/о,-14.9,-17.1,83,-15.0,-15.0,по сезону,1034.3,1029.1,,-9.2,,,,2024-02-20 15:00:00,2024-02-20 19:00:00,2024,2
штиль,0.0,н/о,,н/о,-18.6,-19.8,90,-19.0,-19.0,по сезону,1034.6,1029.4,,,,,,2024-02-20 18:00:00,2024-02-20 22:00:00,2024,2
штиль,0.0,н/о,,н/о,-23.3,-25.0,86,-23.0,-23.0,прохладно,1035.2,1029.9,,,,,,2024-02-20 21:00:00,2024-02-21 01:00:00,2024,2
штиль,0.0,н/о,,н/о,-23.3,-25.1,85,-23.0,-23.0,прохладно,1035.4,1030.1,,,,,,2024-02-21 00:00:00,2024-02-21 04:00:00,2024,2
штиль,0.0,н/о,,н/о,-24.4,-26.4,83,-24.0,-24.0,холодно,1035.1,1029.7,-24.4,,,,,2024-02-21 03:00:00,2024-02-21 07:00:00,2024,2
штиль,0.0,н/о,,н/о,-20.2,-21.9,86,-20.0,-20.0,прохладно,1035.9,1030.6,-25.3,,,,,2024-02-21 06:00:00,2024-02-21 10:00:00,2024,2
штиль,0.0,н/о,,н/о,-14.8,-17.9,77,-15.0,-15.0,по сезону,1035.8,1030.6,,,,,,2024-02-21 09:00:00,2024-02-21 13:00:00,2024,2
Ю,1.0,н/о,,н/о,-10.8,-14.7,73,-13.0,-13.0,по сезону,1035.3,1030.2,,,,,,2024-02-21 12:00:00,2024-02-21 16:00:00,2024,2
штиль,0.0,н/о,,н/о,-14.9,-17.3,82,-15.0,-15.0,по сезону,1035.5,1030.3,,-10.4,,,,2024-02-21 15:00:00,2024-02-21 19:00:00,2024,2
Ю,1.0,н/о,,н/о,-18.2,-19.5,89,-21.0,-21.0,прохладно,1035.6,1030.4,,,,,,2024-02-21 18:00:00,2024-02-21 22:00:00,2024,2
ЮВ,1.0,н/о,,н/о,-24.7,-26.4,86,-28.0,-28.0,очень  холодно,1036.5,1031.1,-27.2,,,,,2024-02-22 03:00:00,2024-02-22 07:00:00,2024,2
ЮВ,1.0,н/о,,н/о,-19.9,-21.8,85,-23.0,-23.0,холодно,1037.2,1031.9,,,,,,2024-02-22 06:00:00,2024-02-22 10:00:00,2024,2
Ю,1.0,н/о,,н/о,-13.9,-19.1,65,-16.0,-16.0,по сезону,1037.3,1032.1,,,,,,2024-02-22 09:00:00,2024-02-22 13:00:00,2024,2
Ю,1.0,н/о,,н/о,-12.3,-20.3,51,-15.0,-15.0,прохладно,1037.0,1031.9,,,,,,2024-02-22 12:00:00,2024-02-22 16:00:00,2024,2
штиль,0.0,н/о,,н/о,-24.3,-26.3,83,-24.0,-24.0,холодно,1037.9,1032.5,,,,,,2024-02-22 21:00:00,2024-02-23 01:00:00,2024,2
штиль,0.0,н/о,,н/о,-26.9,-29.2,81,-27.0,-27.0,очень  холодно,1038.8,1033.4,,,,,,2024-02-23 00:00:00,2024-02-23 04:00:00,2024,2
штиль,0.0,н/о,,н/о,-25.9,-28.0,82,-26.0,-26.0,очень  холодно,1039.5,1034.1,-27.4,,,,,2024-02-23 03:00:00,2024-02-23 07:00:00,2024,2
штиль,0.0,н/о,,н/о,-21.1,-23.1,84,-21.0,-21.0,прохладно,1040.6,1035.3,,,,,,2024-02-23 06:00:00,2024-02-23 10:00:00,2024,2
штиль,0.0,н/о,,н/о,-13.5,-20.9,54,-14.0,-14.0,по сезону,1040.9,1035.7,,,,,,2024-02-23 09:00:00,2024-02-23 13:00:00,2024,2
Ю,1.0,н/о,,н/о,-12.2,-20.4,50,-14.0,-14.0,по сезону,1041.0,1035.9,,,,,,2024-02-23 12:00:00,2024-02-23 16:00:00,2024,2
Ю,1.0,н/о,,н/о,-15.9,-20.6,67,-19.0,-19.0,холодно,1042.4,1037.2,,-12.2,,,,2024-02-23 15:00:00,2024-02-23 19:00:00,2024,2
штиль,0.0,н/о,,н/о,-22.9,-25.1,82,-23.0,-23.0,холодно,1043.3,1037.9,,,,,,2024-02-23 18:00:00,2024-02-23 22:00:00,2024,2
штиль,0.0,н/о,,н/о,-25.7,-28.1,80,-26.0,-26.0,очень  холодно,1043.6,1038.2,,,,,,2024-02-23 21:00:00,2024-02-24 01:00:00,2024,2
ЮВ,1.0,н/о,,н/о,-27.2,-29.5,81,-31.0,-31.0,опасность  обморожения,1044.5,1039.1,,,,,,2024-02-24 00:00:00,2024-02-24 04:00:00,2024,2
ЮВ,1.0,н/о,,н/о,-26.9,-29.3,80,-31.0,-31.0,опасность  обморожения,1045.7,1040.2,-29.3,,,,,2024-02-24 03:00:00,2024-02-24 07:00:00,2024,2
штиль,0.0,н/о,,н/о,-21.2,-24.1,77,-21.0,-21.0,прохладно,1046.5,1041.1,,,,,,2024-02-24 06:00:00,2024-02-24 10:00:00,2024,2
штиль,0.0,н/о,,н/о,-14.2,-20.5,59,-14.0,-14.0,по сезону,1046.3,1041.1,,,,,,2024-02-24 09:00:00,2024-02-24 13:00:00,2024,2
штиль,0.0,н/о,,н/о,-8.3,-20.8,36,-8.0,-8.0,по сезону,1046.4,1041.3,,,,,,2024-02-24 12:00:00,2024-02-24 16:00:00,2024,2
Ю,1.0,н/о,,н/о,-14.2,-21.7,53,-17.0,-17.0,прохладно,1047.1,1041.9,,-8.3,,,,2024-02-24 15:00:00,2024-02-24 19:00:00,2024,2
ЮВ,1.0,н/о,,н/о,-19.2,-23.0,72,-22.0,-22.0,холодно,1047.7,1042.4,,,,,,2024-02-24 18:00:00,2024-02-24 22:00:00,2024,2
штиль,0.0,н/о,,н/о,-25.4,-27.8,80,-25.0,-25.0,очень  холодно,1048.0,1042.6,,,,,,2024-02-24 21:00:00,2024-02-25 01:00:00,2024,2
штиль,0.0,н/о,,н/о,-27.7,-30.0,81,-28.0,-28.0,очень  холодно,1048.7,1043.2,,,,,,2024-02-25 00:00:00,2024-02-25 04:00:00,2024,2
штиль,0.0,н/о,,н/о,-28.1,-30.6,79,-28.0,-28.0,очень  холодно,1048.9,1043.4,-28.9,,,,,2024-02-25 03:00:00,2024-02-25 07:00:00,2024,2
штиль,0.0,н/о,,н/о,-20.1,-23.7,73,-20.0,-20.0,прохладно,1049.1,1043.8,-29.8,,,,,2024-02-25 06:00:00,2024-02-25 10:00:00,2024,2
штиль,0.0,н/о,,н/о,-13.3,-19.5,60,-13.0,-13.0,по сезону,1048.7,1043.6,,,,,,2024-02-25 09:00:00,2024-02-25 13:00:00,2024,2
Ю,1.0,н/о,,н/о,-7.9,-19.9,37,-10.0,-10.0,по сезону,1048.0,1042.9,,,,,,2024-02-25 12:00:00,2024-02-25 16:00:00,2024,2
Ю,1.0,н/о,,н/о,-13.0,-16.9,72,-15.0,-15.0,по сезону,1047.9,1042.7,,-6.9,,,,2024-02-25 15:00:00,2024-02-25 19:00:00,2024,2
штиль,0.0,н/о,,н/о,-18.7,-20.9,83,-19.0,-19.0,прохладно,1047.7,1042.4,,,,,,2024-02-25 18:00:00,2024-02-25 22:00:00,2024,2
штиль,0.0,н/о,,н/о,-22.9,-24.6,86,-23.0,-23.0,холодно,1047.3,1041.9,,,,,,2024-02-25 21:00:00,2024-02-26 01:00:00,2024,2
штиль,0.0,н/о,,н/о,-25.5,-27.6,82,-26.0,-26.0,очень  холодно,1047.0,1041.6,,,,,,2024-02-26 00:00:00,2024-02-26 04:00:00,2024,2
штиль,0.0,н/о,,н/о,-26.7,-29.2,79,-27.0,-27.0,очень  холодно,1046.8,1041.3,-26.7,,,,,2024-02-26 03:00:00,2024-02-26 07:00:00,2024,2
штиль,0.0,н/о,,н/о,-17.7,-19.8,84,-18.0,-18.0,прохладно,1046.9,1041.6,-27.8,,,,,2024-02-26 06:00:00,2024-02-26 10:00:00,2024,2
штиль,0.0,н/о,,н/о,-11.5,-16.0,69,-12.0,-12.0,по сезону,1046.2,1041.1,,,,,,2024-02-26 09:00:00,2024-02-26 13:00:00,2024,2
штиль,0.0,н/о,,н/о,-5.9,-15.5,47,-6.0,-6.0,по сезону,1045.0,1040.0,,,,,,2024-02-26 12:00:00,2024-02-26 16:00:00,2024,2
Ю,1.0,н/о,,н/о,-11.5,-16.0,69,-14.0,-14.0,по сезону,1044.8,1039.7,,-5.5,,,,2024-02-26 15:00:00,2024-02-26 19:00:00,2024,2
штиль,0.0,н/о,,н/о,-18.9,-20.9,84,-19.0,-19.0,прохладно,1044.8,1039.5,,,,,,2024-02-26 18:00:00,2024-02-26 22:00:00,2024,2
штиль,0.0,н/о,,н/о,-20.1,-21.7,87,-20.0,-20.0,холодно,1044.3,1039.0,,,,,,2024-02-26 21:00:00,2024-02-27 01:00:00,2024,2
штиль,0.0,н/о,,н/о,-23.7,-25.5,85,-24.0,-24.0,очень  холодно,1045.0,1039.6,,,,,,2024-02-27 00:00:00,2024-02-27 04:00:00,2024,2
штиль,0.0,н/о,,н/о,-23.2,-25.0,85,-23.0,-23.0,очень  холодно,1045.0,1039.6,-25.5,,,,,2024-02-27 03:00:00,2024-02-27 07:00:00,2024,2
штиль,0.0,н/о,,н/о,-17.6,-19.4,86,-18.0,-18.0,прохладно,1044.9,1039.6,,,,,,2024-02-27 06:00:00,2024-02-27 10:00:00,2024,2
штиль,0.0,н/о,,н/о,-10.0,-14.9,67,-10.0,-10.0,по сезону,1044.4,1039.3,,,,,,2024-02-27 09:00:00,2024-02-27 13:00:00,2024,2
штиль,0.0,н/о,,н/о,-6.8,-12.8,62,-7.0,-7.0,по сезону,1043.3,1038.3,,,,,,2024-02-27 12:00:00,2024-02-27 16:00:00,2024,2
штиль,0.0,н/о,,н/о,-11.4,-15.5,72,-12.0,-12.0,по сезону,1042.7,1037.5,,-5.9,,,,2024-02-27 15:00:00,2024-02-27 19:00:00,2024,2
штиль,0.0,н/о,,н/о,-17.0,-20.5,74,-17.0,-17.0,прохладно,1042.4,1037.1,,,,,,2024-02-27 18:00:00,2024-02-27 22:00:00,2024,2
штиль,0.0,н/о,,н/о,-18.6,-21.3,79,-19.0,-19.0,холодно,1042.6,1037.3,,,,,,2024-02-27 21:00:00,2024-02-28 01:00:00,2024,2
штиль,0.0,н/о,,н/о,-22.6,-25.3,79,-23.0,-23.0,очень  холодно,1042.6,1037.3,,,,,,2024-02-28 00:00:00,2024-02-28 04:00:00,2024,2
штиль,0.0,н/о,,н/о,-21.7,-23.4,86,-22.0,-22.0,очень  холодно,1042.7,1037.3,-24.2,,,,,2024-02-28 03:00:00,2024-02-28 07:00:00,2024,2
штиль,0.0,н/о,,н/о,-18.3,-21.5,76,-18.0,-18.0,холодно,1043.0,1037.7,-24.7,,,,,2024-02-28 06:00:00,2024-02-28 10:00:00,2024,2
штиль,0.0,н/о,,н/о,-7.4,-16.6,48,-8.0,-8.0,по сезону,1042.3,1037.2,,,,,,2024-02-28 09:00:00,2024-02-28 13:00:00,2024,2
Ю,1.0,н/о,,н/о,-2.7,-19.0,27,-4.0,-4.0,по сезону,1041.0,1036.0,,,,,,2024-02-28 12:00:00,2024-02-28 16:00:00,2024,2
штиль,0.0,н/о,,н/о,-9.0,-17.1,52,-9.0,-9.0,по сезону,1040.9,1035.8,,-2.4,,,,2024-02-28 15:00:00,2024-02-28 19:00:00,2024,2
штиль,0.0,н/о,,н/о,-15.0,-17.8,79,-15.0,-15.0,прохладно,1040.5,1035.3,,,,,,2024-02-28 18:00:00,2024-02-28 22:00:00,2024,2
штиль,0.0,н/о,,н/о,-19.0,-20.8,86,-19.0,-19.0,холодно,1039.7,1034.4,,,,,,2024-02-28 21:00:00,2024-02-29 01:00:00,2024,2
штиль,0.0,н/о,,н/о,-20.1,-21.7,87,-20.0,-20.0,прохладно,1039.2,1033.9,,,,,,2024-02-29 00:00:00,2024-02-29 04:00:00,2024,2
штиль,0.0,н/о,,н/о,-13.9,-16.0,84,-14.0,-14.0,по сезону,1038.6,1033.5,-21.6,,,,,2024-02-29 06:00:00,2024-02-29 10:00:00,2024,2
штиль,0.0,н/о,,н/о,-4.7,-12.8,53,-5.0,-5.0,тепло,1037.3,1032.4,,,,,,2024-02-29 09:00:00,2024-02-29 13:00:00,2024,2
ЮЗ,1.0,н/о,,н/о,-1.4,-13.9,38,-3.0,-3.0,тепло,1036.7,1031.8,,,,,,2024-02-29 12:00:00,2024-02-29 16:00:00,2024,2
штиль,0.0,н/о,,н/о,-6.5,-11.7,67,-7.0,-7.0,по сезону,1036.0,1031.0,,-0.4,,,,2024-02-29 15:00:00,2024-02-29 19:00:00,2024,2
Ю,1.0,н/о,,н/о,-10.1,-12.8,81,-12.0,-12.0,по сезону,1035.9,1030.8,,,,,,2024-02-29 18:00:00,2024-02-29 22:00:00,2024,2
штиль,0.0,н/о,,н/о,-14.9,-16.1,91,-15.0,-15.0,по сезону,1035.6,1030.5,,,,,,2024-02-29 21:00:00,2024-03-01 01:00:00,2024,2
ЮВ,1.0,н/о,,н/о,-14.3,-15.2,93,-17.0,-17.0,по сезону,1035.6,1030.4,,,,,,2024-03-01 00:00:00,2024-03-01 04:00:00,2024,3
штиль,0.0,н/о,,н/о,-17.1,-18.3,90,-17.0,-17.0,по сезону,1035.7,1030.5,-18.2,,,,,2024-03-01 03:00:00,2024-03-01 07:00:00,2024,3
штиль,0.0,н/о,,н/о,-13.0,-14.0,92,-13.0,-13.0,по сезону,1035.8,1030.7,-18.5,,,,,2024-03-01 06:00:00,2024-03-01 10:00:00,2024,3
З,1.0,н/о,,н/о,-3.1,-6.2,79,-5.0,-5.0,тепло,1035.2,1030.3,,,,,,2024-03-01 09:00:00,2024-03-01 13:00:00,2024,3
ЮЗ,1.0,н/о,,н/о,-1.7,-5.9,73,-4.0,-4.0,по сезону,1034.6,1029.7,,,,,,2024-03-01 12:00:00,2024-03-01 16:00:00,2024,3
штиль,0.0,н/о,,н/о,-4.6,-6.8,85,-6.0,-6.0,по сезону,1034.5,1029.6,,-0.9,,,,2024-03-01 15:00:00,2024-03-01 19:00:00,2024,3
штиль,0.0,н/о,,н/о,-9.2,-9.9,95,-10.0,-10.0,по сезону,1034.6,1029.6,,,,,,2024-03-01 18:00:00,2024-03-01 22:00:00,2024,3
штиль,0.0,н/о,,н/о,-11.3,-12.2,93,-11.0,-11.0,по сезону,1034.9,1029.8,,,,,,2024-03-02 00:00:00,2024-03-02 04:00:00,2024,3
штиль,0.0,н/о,,н/о,-12.8,-13.6,94,-13.0,-13.0,по сезону,1035.0,1029.8,-13.1,,,,,2024-03-02 03:00:00,2024-03-02 07:00:00,2024,3
штиль,0.0,н/о,,н/о,-10.6,-11.8,91,-11.0,-11.0,по сезону,1035.9,1030.8,-15.1,,,,,2024-03-02 06:00:00,2024-03-02 10:00:00,2024,3
штиль,0.0,н/о,,н/о,-2.8,-7.6,69,-4.0,-4.0,тепло,1035.5,1030.6,,,,,,2024-03-02 09:00:00,2024-03-02 13:00:00,2024,3
штиль,0.0,н/о,,н/о,0.8,-5.9,61,0.0,0.0,тепло,1035.4,1030.5,,,,,,2024-03-02 12:00:00,2024-03-02 16:00:00,2024,3
штиль,0.0,н/о,,н/о,-4.3,-8.4,73,-5.0,-5.0,по сезону,1036.0,1031.0,,1.2,,,,2024-03-02 15:00:00,2024-03-02 19:00:00,2024,3
штиль,0.0,н/о,,н/о,-9.6,-11.4,87,-10.0,-10.0,по сезону,1036.4,1031.3,,,,,,2024-03-02 18:00:00,2024-03-02 22:00:00,2024,3
штиль,0.0,н/о,,н/о,-12.6,-13.4,94,-13.0,-13.0,по сезону,1036.5,1031.4,,,,,,2024-03-02 21:00:00,2024-03-03 01:00:00,2024,3
штиль,0.0,н/о,,н/о,-15.0,-16.0,92,-15.0,-15.0,по сезону,1036.7,1031.5,,,,,,2024-03-03 00:00:00,2024-03-03 04:00:00,2024,3
штиль,0.0,н/о,,н/о,-15.5,-16.6,91,-16.0,-16.0,по сезону,1036.8,1031.6,-16.9,,,,,2024-03-03 03:00:00,2024-03-03 07:00:00,2024,3
штиль,0.0,н/о,,н/о,-12.4,-13.4,92,-12.0,-12.0,по сезону,1037.0,1031.9,,,,,,2024-03-03 06:00:00,2024-03-03 10:00:00,2024,3
штиль,0.0,н/о,,н/о,-7.5,-10.6,78,-8.0,-8.0,по сезону,1036.5,1031.5,,,,,,2024-03-03 09:00:00,2024-03-03 13:00:00,2024,3
Ю,1.0,н/о,,н/о,-3.4,-8.3,69,-5.0,-5.0,по сезону,1035.3,1030.3,,,,,,2024-03-03 12:00:00,2024-03-03 16:00:00,2024,3
штиль,0.0,н/о,,н/о,-5.3,-8.0,81,-6.0,-6.0,по сезону,1034.8,1029.8,,-2.6,,,,2024-03-03 15:00:00,2024-03-03 19:00:00,2024,3
штиль,0.0,н/о,,н/о,-11.4,-12.4,92,-12.0,-12.0,по сезону,1033.7,1028.6,,,,,,2024-03-03 18:00:00,2024-03-03 22:00:00,2024,3
штиль,0.0,н/о,,н/о,-15.9,-17.0,91,-16.0,-16.0,по сезону,1033.6,1028.4,,,,,,2024-03-03 21:00:00,2024-03-04 01:00:00,2024,3
штиль,0.0,н/о,,н/о,-16.1,-17.3,90,-16.0,-16.0,по сезону,1033.0,1027.8,,,,,,2024-03-04 00:00:00,2024-03-04 04:00:00,2024,3
штиль,0.0,н/о,,н/о,-13.1,-14.0,93,-13.0,-13.0,по сезону,1032.3,1027.2,-17.4,,,,,2024-03-04 03:00:00,2024-03-04 07:00:00,2024,3
штиль,0.0,н/о,,н/о,-11.5,-12.6,92,-12.0,-12.0,по сезону,1032.0,1026.9,,,,,,2024-03-04 06:00:00,2024-03-04 10:00:00,2024,3
штиль,0.0,н/о,,н/о,-5.2,-8.9,75,-6.0,-6.0,по сезону,1030.5,1025.5,,,,,,2024-03-04 09:00:00,2024-03-04 13:00:00,2024,3
Ю,1.0,н/о,,н/о,-4.6,-9.6,68,-7.0,-7.0,по сезону,1029.4,1024.4,,,,,,2024-03-04 12:00:00,2024-03-04 16:00:00,2024,3
Ю,1.0,н/о,,н/о,-8.7,-11.2,82,-11.0,-11.0,по сезону,1028.6,1023.6,,-3.8,,,,2024-03-04 15:00:00,2024-03-04 19:00:00,2024,3
штиль,0.0,н/о,,н/о,-11.3,-12.7,89,-11.0,-11.0,по сезону,1027.7,1022.7,,,,,,2024-03-04 18:00:00,2024-03-04 22:00:00,2024,3
штиль,0.0,н/о,,н/о,-12.8,-13.7,93,-13.0,-13.0,по сезону,1026.5,1021.4,,,,,,2024-03-04 21:00:00,2024-03-05 01:00:00,2024,3
штиль,0.0,н/о,,н/о,-14.8,-15.8,92,-15.0,-15.0,по сезону,1025.6,1020.5,,,,,,2024-03-05 00:00:00,2024-03-05 04:00:00,2024,3
штиль,0.0,н/о,,н/о,-12.1,-12.9,94,-12.0,-12.0,по сезону,1025.1,1020.0,-15.5,,,,,2024-03-05 03:00:00,2024-03-05 07:00:00,2024,3
штиль,0.0,н/о,,н/о,-12.2,-13.2,92,-12.0,-12.0,по сезону,1025.0,1019.9,,,,,,2024-03-05 06:00:00,2024-03-05 10:00:00,2024,3
ЮЗ,2.0,н/о,,н/о,-6.3,-9.6,77,-11.0,-11.0,по сезону,1023.9,1018.9,,,,,,2024-03-05 09:00:00,2024-03-05 13:00:00,2024,3
ЮЗ,1.0,н/о,,н/о,-4.7,-8.6,74,-7.0,-7.0,по сезону,1023.0,1018.1,,,,,,2024-03-05 12:00:00,2024-03-05 16:00:00,2024,3
штиль,0.0,н/о,,н/о,-7.1,-8.9,87,-8.0,-8.0,по сезону,1023.3,1018.4,,-4.3,,,,2024-03-05 15:00:00,2024-03-05 19:00:00,2024,3
штиль,0.0,н/о,,н/о,-8.1,-9.0,93,-9.0,-9.0,по сезону,1023.3,1018.4,,,,,,2024-03-05 18:00:00,2024-03-05 22:00:00,2024,3
штиль,0.0,н/о,,н/о,-8.9,-9.6,95,-10.0,-10.0,по сезону,1023.2,1018.2,,,,,,2024-03-05 21:00:00,2024-03-06 01:00:00,2024,3
штиль,0.0,н/о,,н/о,-8.5,-9.1,95,-9.0,-9.0,по сезону,1023.1,1018.1,,,,,,2024-03-06 00:00:00,2024-03-06 04:00:00,2024,3
штиль,0.0,н/о,,н/о,-8.3,-8.9,95,-9.0,-9.0,по сезону,1023.1,1018.2,-9.2,,,,,2024-03-06 03:00:00,2024-03-06 07:00:00,2024,3
штиль,0.0,н/о,,н/о,-6.6,-7.8,91,-8.0,-8.0,по сезону,1023.8,1018.9,-9.5,,,,,2024-03-06 06:00:00,2024-03-06 10:00:00,2024,3
С,1.0,н/о,,н/о,-1.5,-6.2,70,-3.0,-3.0,тепло,1023.3,1018.5,,,,,,2024-03-06 09:00:00,2024-03-06 13:00:00,2024,3
С,3.0,н/о,,н/о,-2.0,-6.9,69,-7.0,-7.0,по сезону,1023.3,1018.4,,,,,,2024-03-06 12:00:00,2024-03-06 16:00:00,2024,3
СВ,1.0,н/о,,н/о,-3.4,-7.3,74,-5.0,-5.0,по сезону,1023.8,1018.9,,-0.8,,,,2024-03-06 15:00:00,2024-03-06 19:00:00,2024,3
штиль,0.0,н/о,,н/о,-10.6,-12.5,86,-11.0,-11.0,по сезону,1024.5,1019.5,,,,,,2024-03-06 18:00:00,2024-03-06 22:00:00,2024,3
штиль,0.0,н/о,,н/о,-13.4,-14.2,94,-13.0,-13.0,по сезону,1024.7,1019.6,,,,,,2024-03-06 21:00:00,2024-03-07 01:00:00,2024,3
штиль,0.0,н/о,,н/о,-14.7,-15.5,94,-15.0,-15.0,по сезону,1024.7,1019.6,,,,,,2024-03-07 00:00:00,2024-03-07 04:00:00,2024,3
штиль,0.0,н/о,,н/о,-12.7,-13.6,93,-13.0,-13.0,по сезону,1024.9,1019.8,-16.6,,,,,2024-03-07 03:00:00,2024-03-07 07:00:00,2024,3
штиль,0.0,н/о,,н/о,-8.5,-10.8,83,-9.0,-9.0,по сезону,1024.9,1019.9,,,,,,2024-03-07 06:00:00,2024-03-07 10:00:00,2024,3
С,2.0,н/о,,н/о,-2.9,-7.3,72,-7.0,-7.0,по сезону,1024.3,1019.4,,,,,,2024-03-07 09:00:00,2024-03-07 13:00:00,2024,3
штиль,0.0,н/о,,н/о,-1.8,-7.2,67,-3.0,-3.0,по сезону,1023.2,1018.4,,,,,,2024-03-07 12:00:00,2024-03-07 16:00:00,2024,3
З,1.0,н/о,,н/о,-3.5,-7.4,74,-6.0,-6.0,по сезону,1022.3,1017.4,,-1.2,,,,2024-03-07 15:00:00,2024-03-07 19:00:00,2024,3
З,1.0,н/о,,н/о,-5.2,-7.9,81,-7.0,-7.0,по сезону,1021.9,1017.0,,,,,,2024-03-07 18:00:00,2024-03-07 22:00:00,2024,3
штиль,0.0,н/о,,н/о,-7.4,-9.6,84,-8.0,-8.0,по сезону,1020.6,1015.7,,,,,,2024-03-07 21:00:00,2024-03-08 01:00:00,2024,3
штиль,0.0,н/о,,н/о,-12.3,-13.4,91,-12.0,-12.0,по сезону,1018.9,1013.8,,,,,,2024-03-08 00:00:00,2024-03-08 04:00:00,2024,3
штиль,0.0,н/о,,н/о,-11.5,-12.9,89,-12.0,-12.0,по сезону,1017.1,1012.1,-12.7,,,,,2024-03-08 03:00:00,2024-03-08 07:00:00,2024,3
ЮЗ,1.0,н/о,,н/о,-6.4,-11.4,68,-9.0,-9.0,по сезону,1015.6,1010.7,,,,,,2024-03-08 06:00:00,2024-03-08 10:00:00,2024,3
ЮЗ,2.0,н/о,,н/о,-5.0,-10.8,64,-9.0,-9.0,по сезону,1013.8,1008.9,,,,,,2024-03-08 09:00:00,2024-03-08 13:00:00,2024,3
ЮЗ,3.0,н/о,,н/о,-3.6,-8.7,68,-9.0,-9.0,по сезону,1012.3,1007.4,,,,,,2024-03-08 12:00:00,2024-03-08 16:00:00,2024,3
Ю,1.0,н/о,,н/о,-5.6,-8.7,79,-8.0,-8.0,по сезону,1011.0,1006.1,,-2.8,,,,2024-03-08 15:00:00,2024-03-08 19:00:00,2024,3
штиль,0.0,н/о,,н/о,-6.6,-8.6,86,-7.0,-7.0,по сезону,1010.3,1005.4,,,,,,2024-03-08 18:00:00,2024-03-08 22:00:00,2024,3
Ю,1.0,н/о,,н/о,-8.4,-9.8,90,-11.0,-11.0,по сезону,1009.1,1004.2,,,,,,2024-03-08 21:00:00,2024-03-09 01:00:00,2024,3
штиль,0.0,н/о,,н/о,-7.4,-8.8,90,-8.0,-8.0,по сезону,1008.1,1003.2,,,,,,2024-03-09 00:00:00,2024-03-09 04:00:00,2024,3
штиль,0.0,н/о,,н/о,-8.1,-8.8,95,-9.0,-9.0,по сезону,1007.9,1003.0,-9.4,,,,,2024-03-09 03:00:00,2024-03-09 07:00:00,2024,3
штиль,0.0,н/о,,н/о,-5.6,-7.0,90,-7.0,-7.0,по сезону,1008.1,1003.3,,,,,,2024-03-09 06:00:00,2024-03-09 10:00:00,2024,3
штиль,0.0,н/о,,н/о,-2.3,-5.4,79,-3.0,-3.0,по сезону,1008.0,1003.2,,,,,,2024-03-09 09:00:00,2024-03-09 13:00:00,2024,3
СЗ,1.0,н/о,,н/о,-1.6,-4.6,80,-4.0,-4.0,по сезону,1008.4,1003.6,,,,,,2024-03-09 12:00:00,2024-03-09 16:00:00,2024,3
штиль,0.0,н/о,,н/о,-2.7,-4.1,90,-4.0,-4.0,по сезону,1009.1,1004.3,,-0.5,,,,2024-03-09 15:00:00,2024-03-09 19:00:00,2024,3
штиль,0.0,н/о,,н/о,-2.7,-3.4,95,-4.0,-4.0,по сезону,1009.8,1005.0,,,,,,2024-03-09 18:00:00,2024-03-09 22:00:00,2024,3
С,2.0,н/о,,н/о,-3.9,-4.5,96,-8.0,-8.0,по сезону,1010.8,1006.0,,,,,,2024-03-09 21:00:00,2024-03-10 01:00:00,2024,3
штиль,0.0,н/о,,н/о,-8.6,-9.1,96,-9.0,-9.0,по сезону,1012.3,1007.4,,,,,,2024-03-10 00:00:00,2024-03-10 04:00:00,2024,3
СЗ,1.0,н/о,,н/о,-6.1,-6.8,95,-9.0,-9.0,по сезону,1013.2,1008.3,-10.1,,,,,2024-03-10 03:00:00,2024-03-10 07:00:00,2024,3
СЗ,1.0,н/о,,н/о,-3.5,-5.2,88,-6.0,-6.0,по сезону,1015.0,1010.2,,,,,,2024-03-10 06:00:00,2024-03-10 10:00:00,2024,3
З,1.0,н/о,,н/о,-1.2,-4.8,76,-3.0,-3.0,тепло,1015.7,1010.9,,,,,,2024-03-10 09:00:00,2024-03-10 13:00:00,2024,3
З,1.0,н/о,,н/о,-0.3,-4.9,71,-2.0,-2.0,по сезону,1016.3,1011.5,,,,,,2024-03-10 12:00:00,2024-03-10 16:00:00,2024,3
штиль,0.0,н/о,,н/о,-1.9,-5.3,78,-3.0,-3.0,тепло,1017.2,1012.4,,-0.3,,,,2024-03-10 15:00:00,2024-03-10 19:00:00,2024,3
штиль,0.0,н/о,,н/о,-3.8,-6.0,85,-5.0,-5.0,по сезону,1018.2,1013.4,,,,,,2024-03-10 18:00:00,2024-03-10 22:00:00,2024,3
штиль,0.0,н/о,,н/о,-4.6,-6.2,89,-6.0,-6.0,тепло,1018.6,1013.8,,,,,,2024-03-10 21:00:00,2024-03-11 01:00:00,2024,3
штиль,0.0,н/о,,н/о,-7.2,-7.9,95,-8.0,-8.0,по сезону,1018.7,1013.8,,,,,,2024-03-11 00:00:00,2024-03-11 04:00:00,2024,3
штиль,0.0,н/о,,н/о,-9.0,-9.5,96,-10.0,-10.0,по сезону,1019.4,1014.4,-9.0,,,,,2024-03-11 03:00:00,2024-03-11 07:00:00,2024,3
С,1.0,н/о,,н/о,-5.5,-6.9,90,-8.0,-8.0,по сезону,1020.6,1015.7,-9.1,,,,,2024-03-11 06:00:00,2024-03-11 10:00:00,2024,3
С,2.0,н/о,,н/о,-3.2,-7.5,72,-7.0,-7.0,по сезону,1021.0,1016.2,,,,,,2024-03-11 09:00:00,2024-03-11 13:00:00,2024,3
С,2.0,н/о,,н/о,-3.5,-8.6,68,-7.0,-7.0,по сезону,1020.8,1016.0,,,,,,2024-03-11 12:00:00,2024-03-11 16:00:00,2024,3
штиль,0.0,н/о,,н/о,-6.2,-13.3,57,-7.0,-7.0,по сезону,1021.2,1016.3,,-2.5,,,,2024-03-11 15:00:00,2024-03-11 19:00:00,2024,3
штиль,0.0,н/о,,н/о,-10.7,-13.9,77,-11.0,-11.0,по сезону,1021.6,1016.6,,,,,,2024-03-11 18:00:00,2024-03-11 22:00:00,2024,3
штиль,0.0,н/о,,н/о,-12.5,-14.3,86,-13.0,-13.0,по сезону,1021.1,1016.0,,,,,,2024-03-11 21:00:00,2024-03-12 01:00:00,2024,3
штиль,0.0,н/о,,н/о,-12.3,-14.3,85,-12.0,-12.0,по сезону,1020.0,1014.9,,,,,,2024-03-12 00:00:00,2024-03-12 04:00:00,2024,3
ЮВ,1.0,н/о,,н/о,-12.4,-13.5,91,-15.0,-15.0,прохладно,1019.2,1014.2,-15.3,,,,,2024-03-12 03:00:00,2024-03-12 07:00:00,2024,3
ЮЗ,1.0,н/о,,н/о,-5.9,-8.0,85,-8.0,-8.0,по сезону,1019.1,1014.2,,,,,,2024-03-12 06:00:00,2024-03-12 10:00:00,2024,3
З,1.0,н/о,,н/о,-3.0,-6.2,79,-5.0,-5.0,по сезону,1018.9,1014.0,,,,,,2024-03-12 09:00:00,2024-03-12 13:00:00,2024,3
З,1.0,н/о,,н/о,-1.1,-4.4,78,-3.0,-3.0,по сезону,1019.0,1014.2,,,,,,2024-03-12 12:00:00,2024-03-12 16:00:00,2024,3
З,1.0,н/о,,н/о,-0.8,-3.3,83,-3.0,-3.0,по сезону,1020.0,1015.2,,-0.4,,,,2024-03-12 15:00:00,2024-03-12 19:00:00,2024,3
З,1.0,н/о,,н/о,-0.4,-2.0,89,-3.0,-3.0,тепло,1021.2,1016.4,,,,,,2024-03-12 18:00:00,2024-03-12 22:00:00,2024,3
штиль,0.0,н/о,,н/о,-0.3,-2.1,88,-2.0,-2.0,тепло,1022.3,1017.5,,,,,,2024-03-12 21:00:00,2024-03-13 01:00:00,2024,3
С,1.0,н/о,,н/о,-1.1,-3.6,83,-3.0,-3.0,тепло,1024.1,1019.3,,,,,,2024-03-13 00:00:00,2024-03-13 04:00:00,2024,3
штиль,0.0,н/о,,н/о,-7.2,-9.3,85,-8.0,-8.0,по сезону,1026.8,1021.9,-7.4,,,,,2024-03-13 03:00:00,2024-03-13 07:00:00,2024,3
штиль,0.0,н/о,,н/о,-2.5,-7.3,70,-3.0,-3.0,тепло,1028.6,1023.7,-7.7,,,,,2024-03-13 06:00:00,2024-03-13 10:00:00,2024,3
З,1.0,н/о,,н/о,0.8,-5.6,62,-1.0,-1.0,тепло,1029.6,1024.8,,,,,,2024-03-13 09:00:00,2024-03-13 13:00:00,2024,3
З,1.0,н/о,,н/о,1.2,-4.5,66,-0.0,-0.0,тепло,1029.9,1025.1,,,,,,2024-03-13 12:00:00,2024-03-13 16:00:00,2024,3
ЮЗ,1.0,н/о,,н/о,0.7,-5.6,63,-1.0,-1.0,тепло,1030.2,1025.4,,3.5,,,,2024-03-13 15:00:00,2024-03-13 19:00:00,2024,3
ЮЗ,1.0,н/о,,н/о,-1.1,-6.3,68,-3.0,-3.0,тепло,1030.5,1025.7,,,,,,2024-03-13 18:00:00,2024-03-13 22:00:00,2024,3
ЮЗ,2.0,н/о,,н/о,-2.8,-7.5,70,-7.0,-7.0,по сезону,1030.6,1025.7,,,,,,2024-03-13 21:00:00,2024-03-14 01:00:00,2024,3
ЮЗ,2.0,н/о,,н/о,-4.4,-8.5,73,-8.0,-8.0,по сезону,1031.5,1026.6,,,,,,2024-03-14 00:00:00,2024-03-14 04:00:00,2024,3
ЮЗ,2.0,н/о,,н/о,-5.4,-9.1,75,-10.0,-10.0,по сезону,1032.1,1027.2,-5.4,,,,,2024-03-14 03:00:00,2024-03-14 07:00:00,2024,3
ЮЗ,2.0,н/о,,н/о,-3.1,-7.9,69,-7.0,-7.0,по сезону,1033.0,1028.1,-5.5,,,,,2024-03-14 06:00:00,2024-03-14 10:00:00,2024,3
ЮЗ,2.0,н/о,,н/о,-0.8,-6.1,67,-4.0,-4.0,по сезону,1033.4,1028.5,,,,,,2024-03-14 09:00:00,2024-03-14 13:00:00,2024,3
ЮЗ,3.0,н/о,,н/о,0.1,-4.4,72,-4.0,-4.0,по сезону,1032.7,1027.8,,,,,,2024-03-14 12:00:00,2024-03-14 16:00:00,2024,3
Ю,1.0,н/о,,н/о,-2.5,-5.0,83,-5.0,-5.0,по сезону,1032.2,1027.3,,0.7,,,,2024-03-14 15:00:00,2024-03-14 19:00:00,2024,3
ЮЗ,1.0,н/о,,н/о,-4.5,-5.4,93,-7.0,-7.0,по сезону,1032.6,1027.6,,,,,,2024-03-14 18:00:00,2024-03-14 22:00:00,2024,3
Ю,1.0,н/о,,н/о,-3.6,-4.1,96,-6.0,-6.0,по сезону,1033.1,1028.2,,,,,,2024-03-14 21:00:00,2024-03-15 01:00:00,2024,3
ЮЗ,1.0,н/о,,н/о,-5.8,-6.1,98,-8.0,-8.0,по сезону,1033.4,1028.4,,,,,,2024-03-15 00:00:00,2024-03-15 04:00:00,2024,3
ЮЗ,1.0,н/о,,н/о,-5.7,-5.8,99,-8.0,-8.0,по сезону,1033.4,1028.5,-5.9,,,,,2024-03-15 03:00:00,2024-03-15 07:00:00,2024,3
Ю,1.0,н/о,,н/о,-3.1,-5.5,83,-5.0,-5.0,по сезону,1034.1,1029.2,-6.3,,,,,2024-03-15 06:00:00,2024-03-15 10:00:00,2024,3
ЮЗ,3.0,н/о,,н/о,0.8,-4.1,70,-3.0,-3.0,по сезону,1033.9,1029.0,,,,,,2024-03-15 09:00:00,2024-03-15 13:00:00,2024,3
Ю,2.0,н/о,,н/о,1.8,-3.2,69,-1.0,-1.0,по сезону,1032.8,1027.9,,,,,,2024-03-15 12:00:00,2024-03-15 16:00:00,2024,3
Ю,1.0,н/о,,н/о,-1.0,-4.2,79,-3.0,-3.0,по сезону,1032.3,1027.4,,3.4,,,,2024-03-15 15:00:00,2024-03-15 19:00:00,2024,3
Ю,2.0,н/о,,н/о,-4.2,-5.5,91,-8.0,-8.0,по сезону,1032.6,1027.7,,,,,,2024-03-15 18:00:00,2024-03-15 22:00:00,2024,3
Ю,1.0,н/о,,н/о,-6.5,-7.6,92,-9.0,-9.0,по сезону,1032.7,1027.7,,,,,,2024-03-15 21:00:00,2024-03-16 01:00:00,2024,3
Ю,1.0,н/о,,н/о,-7.6,-8.7,92,-10.0,-10.0,по сезону,1032.2,1027.2,,,,,,2024-03-16 00:00:00,2024-03-16 04:00:00,2024,3
штиль,0.0,н/о,,н/о,-12.3,-12.9,95,-12.0,-12.0,по сезону,1032.8,1027.7,-12.9,,,,,2024-03-16 03:00:00,2024-03-16 07:00:00,2024,3
штиль,0.0,н/о,,н/о,-6.9,-8.6,88,-8.0,-8.0,по сезону,1033.3,1028.3,,,,,,2024-03-16 06:00:00,2024-03-16 10:00:00,2024,3
В,1.0,н/о,,н/о,-1.1,-5.2,74,-3.0,-3.0,по сезону,1032.3,1027.4,,,,,,2024-03-16 09:00:00,2024-03-16 13:00:00,2024,3
В,1.0,н/о,,н/о,1.0,-3.6,71,-1.0,-1.0,по сезону,1031.5,1026.6,,,,,,2024-03-16 12:00:00,2024-03-16 16:00:00,2024,3
штиль,0.0,н/о,,н/о,-2.1,-5.0,80,-3.0,-3.0,по сезону,1030.8,1025.9,,1.6,,,,2024-03-16 15:00:00,2024-03-16 19:00:00,2024,3
ЮВ,1.0,н/о,,н/о,-5.1,-6.9,87,-7.0,-7.0,по сезону,1030.2,1025.3,,,,,,2024-03-16 18:00:00,2024-03-16 22:00:00,2024,3
штиль,0.0,н/о,,н/о,-8.1,-9.0,93,-9.0,-9.0,по сезону,1029.9,1024.9,,,,,,2024-03-16 21:00:00,2024-03-17 01:00:00,2024,3
штиль,0.0,н/о,,н/о,-10.6,-11.3,95,-11.0,-11.0,по сезону,1029.4,1024.4,,,,,,2024-03-17 00:00:00,2024-03-17 04:00:00,2024,3
штиль,0.0,н/о,,н/о,-9.8,-11.0,91,-10.0,-10.0,по сезону,1027.9,1022.9,-10.7,,,,,2024-03-17 03:00:00,2024-03-17 07:00:00,2024,3
В,1.0,н/о,,н/о,-6.0,-10.3,72,-8.0,-8.0,по сезону,1027.1,1022.1,,,,,,2024-03-17 06:00:00,2024-03-17 10:00:00,2024,3
В,1.0,н/о,,н/о,-1.1,-10.3,50,-3.0,-3.0,по сезону,1025.8,1021.0,,,,,,2024-03-17 09:00:00,2024-03-17 13:00:00,2024,3
В,1.0,н/о,,н/о,1.0,-10.5,42,0.0,0.0,по сезону,1024.3,1019.5,,,,,,2024-03-17 12:00:00,2024-03-17 16:00:00,2024,3
штиль,0.0,н/о,,н/о,-1.1,-9.9,51,-2.0,-2.0,по сезону,1022.9,1018.1,,1.1,,,,2024-03-17 15:00:00,2024-03-17 19:00:00,2024,3
ЮВ,1.0,н/о,,н/о,-3.2,-8.8,65,-5.0,-5.0,по сезону,1022.0,1017.1,,,,,,2024-03-17 18:00:00,2024-03-17 22:00:00,2024,3
штиль,0.0,н/о,,н/о,-9.6,-11.2,88,-10.0,-10.0,по сезону,1020.9,1015.9,,,,,,2024-03-17 21:00:00,2024-03-18 01:00:00,2024,3
штиль,0.0,н/о,,н/о,-9.0,-10.9,86,-10.0,-10.0,по сезону,1019.4,1014.4,,,,,,2024-03-18 00:00:00,2024-03-18 04:00:00,2024,3
штиль,0.0,н/о,,н/о,-7.3,-11.6,71,-8.0,-8.0,по сезону,1018.0,1013.1,-10.7,,,,,2024-03-18 03:00:00,2024-03-18 07:00:00,2024,3
штиль,0.0,н/о,,н/о,-4.5,-10.9,61,-5.0,-5.0,по сезону,1017.6,1012.8,,,,,,2024-03-18 06:00:00,2024-03-18 10:00:00,2024,3
штиль,0.0,н/о,,н/о,0.3,-10.6,44,0.0,0.0,тепло,1016.7,1011.9,,,,,,2024-03-18 09:00:00,2024-03-18 13:00:00,2024,3
С,2.0,н/о,,н/о,1.9,-8.1,47,-1.0,-1.0,по сезону,1015.5,1010.8,,,,,,2024-03-18 12:00:00,2024-03-18 16:00:00,2024,3
С,2.0,н/о,,н/о,0.2,-9.2,49,-3.0,-3.0,по сезону,1016.0,1011.2,,2.0,,,,2024-03-18 15:00:00,2024-03-18 19:00:00,2024,3
штиль,0.0,н/о,,н/о,-2.1,-9.3,58,-3.0,-3.0,по сезону,1017.4,1012.6,,,,,,2024-03-18 18:00:00,2024-03-18 22:00:00,2024,3
штиль,0.0,н/о,,н/о,-5.1,-9.9,69,-6.0,-6.0,по сезону,1018.0,1013.1,,,,,,2024-03-18 21:00:00,2024-03-19 01:00:00,2024,3
штиль,0.0,н/о,,н/о,-10.1,-11.5,89,-10.0,-10.0,по сезону,1019.1,1014.1,,,,,,2024-03-19 00:00:00,2024-03-19 04:00:00,2024,3
штиль,0.0,н/о,,н/о,-11.8,-12.5,95,-12.0,-12.0,прохладно,1020.1,1015.1,-13.5,,,,,2024-03-19 03:00:00,2024-03-19 07:00:00,2024,3
С,2.0,н/о,,н/о,-2.4,-8.7,62,-6.0,-6.0,по сезону,1021.6,1016.7,,,,,,2024-03-19 06:00:00,2024-03-19 10:00:00,2024,3
С,1.0,н/о,,н/о,2.5,-4.8,59,1.0,1.0,тепло,1022.4,1017.6,,,,,,2024-03-19 09:00:00,2024-03-19 13:00:00,2024,3
С,3.0,н/о,,н/о,3.8,-2.9,62,0.0,0.0,по сезону,1022.7,1017.9,,,,,,2024-03-19 12:00:00,2024-03-19 16:00:00,2024,3
СВ,2.0,н/о,,н/о,2.2,-2.9,69,-1.0,-1.0,по сезону,1023.8,1019.0,,3.9,,,,2024-03-19 15:00:00,2024-03-19 19:00:00,2024,3
штиль,0.0,н/о,,н/о,-1.8,-4.3,83,-3.0,-3.0,по сезону,1025.2,1020.3,,,,,,2024-03-19 18:00:00,2024-03-19 22:00:00,2024,3
штиль,0.0,н/о,,н/о,-4.6,-5.8,91,-6.0,-6.0,по сезону,1026.0,1021.1,,,,,,2024-03-19 21:00:00,2024-03-20 01:00:00,2024,3
штиль,0.0,н/о,,н/о,-6.7,-7.1,97,-8.0,-8.0,по сезону,1026.3,1021.4,,,,,,2024-03-20 00:00:00,2024-03-20 04:00:00,2024,3
штиль,0.0,н/о,,н/о,-11.1,-11.7,95,-11.0,-11.0,по сезону,1026.7,1021.7,-11.1,,,,,2024-03-20 03:00:00,2024-03-20 07:00:00,2024,3
В,1.0,н/о,,н/о,-2.7,-4.8,85,-5.0,-5.0,по сезону,1027.6,1022.8,-11.5,,,,,2024-03-20 06:00:00,2024-03-20 10:00:00,2024,3
В,1.0,н/о,,н/о,1.2,-3.4,71,-0.0,-0.0,тепло,1027.7,1022.9,,,,,,2024-03-20 09:00:00,2024-03-20 13:00:00,2024,3
штиль,0.0,н/о,,н/о,2.8,-4.3,60,2.0,2.0,тепло,1027.0,1022.2,,,,,,2024-03-20 12:00:00,2024-03-20 16:00:00,2024,3
штиль,0.0,н/о,,н/о,1.1,-5.8,60,1.0,1.0,тепло,1026.6,1021.8,,4.0,,,,2024-03-20 15:00:00,2024-03-20 19:00:00,2024,3
штиль,0.0,н/о,,н/о,-5.3,-6.6,91,-6.0,-6.0,по сезону,1027.9,1023.0,,,,,,2024-03-20 18:00:00,2024-03-20 22:00:00,2024,3
штиль,0.0,н/о,,н/о,-7.4,-8.1,95,-8.0,-8.0,по сезону,1027.7,1022.7,,,,,,2024-03-20 21:00:00,2024-03-21 01:00:00,2024,3
штиль,0.0,н/о,,н/о,-10.3,-11.0,95,-11.0,-11.0,по сезону,1027.9,1022.9,,,,,,2024-03-21 00:00:00,2024-03-21 04:00:00,2024,3
штиль,0.0,н/о,,н/о,-12.5,-13.2,94,-13.0,-13.0,прохладно,1028.2,1023.1,-12.5,,,,,2024-03-21 03:00:00,2024-03-21 07:00:00,2024,3
штиль,0.0,н/о,,н/о,-4.0,-5.9,87,-5.0,-5.0,по сезону,1028.2,1023.3,-12.6,,,,,2024-03-21 06:00:00,2024-03-21 10:00:00,2024,3
штиль,0.0,н/о,,н/о,2.0,-2.9,70,1.0,1.0,тепло,1027.7,1022.9,,,,,,2024-03-21 09:00:00,2024-03-21 13:00:00,2024,3
Ю,1.0,н/о,,н/о,4.5,-2.7,60,4.0,4.0,тепло,1027.0,1022.2,,,,,,2024-03-21 12:00:00,2024-03-21 16:00:00,2024,3
штиль,0.0,н/о,,н/о,0.7,-3.7,72,-0.0,-0.0,тепло,1026.1,1021.3,,5.3,,,,2024-03-21 15:00:00,2024-03-21 19:00:00,2024,3
штиль,0.0,н/о,,н/о,-3.3,-4.7,90,-4.0,-4.0,по сезону,1025.9,1021.0,,,,,,2024-03-21 18:00:00,2024-03-21 22:00:00,2024,3
штиль,0.0,н/о,,н/о,-5.1,-6.2,92,-6.0,-6.0,по сезону,1025.6,1020.7,,,,,,2024-03-21 21:00:00,2024-03-22 01:00:00,2024,3
штиль,0.0,н/о,,н/о,-8.5,-9.1,95,-9.0,-9.0,по сезону,1025.0,1020.0,,,,,,2024-03-22 00:00:00,2024-03-22 04:00:00,2024,3
штиль,0.0,н/о,,н/о,-7.7,-8.3,95,-9.0,-9.0,по сезону,1024.3,1019.3,-8.9,,,,,2024-03-22 03:00:00,2024-03-22 07:00:00,2024,3
штиль,0.0,н/о,,н/о,-2.3,-5.9,76,-3.0,-3.0,по сезону,1024.1,1019.2,,,,,,2024-03-22 06:00:00,2024-03-22 10:00:00,2024,3
ЮВ,2.0,н/о,,н/о,4.4,-13.3,26,3.0,3.0,тепло,1022.7,1018.0,,,,,,2024-03-22 09:00:00,2024-03-22 13:00:00,2024,3
ЮВ,1.0,н/о,,н/о,5.7,-11.5,28,6.0,6.0,тепло,1021.3,1016.6,,,,,,2024-03-22 12:00:00,2024-03-22 16:00:00,2024,3
Ю,1.0,н/о,,н/о,2.3,-10.1,39,2.0,2.0,тепло,1020.1,1015.3,,6.4,,,,2024-03-22 15:00:00,2024-03-22 19:00:00,2024,3
штиль,0.0,н/о,,н/о,-2.3,-10.1,55,-3.0,-3.0,по сезону,1019.7,1014.9,,,,,,2024-03-22 18:00:00,2024-03-22 22:00:00,2024,3
штиль,0.0,н/о,,н/о,-7.5,-9.6,85,-8.0,-8.0,по сезону,1019.3,1014.4,,,,,,2024-03-22 21:00:00,2024-03-23 01:00:00,2024,3
штиль,0.0,н/о,,н/о,-9.3,-11.4,85,-10.0,-10.0,по сезону,1018.5,1013.5,,,,,,2024-03-23 00:00:00,2024-03-23 04:00:00,2024,3
штиль,0.0,н/о,,н/о,-12.0,-13.9,86,-12.0,-12.0,прохладно,1018.2,1013.2,-12.0,,,,,2024-03-23 03:00:00,2024-03-23 07:00:00,2024,3
штиль,0.0,н/о,,н/о,-4.0,-9.2,67,-5.0,-5.0,по сезону,1017.7,1012.9,-12.5,,,,,2024-03-23 06:00:00,2024-03-23 10:00:00,2024,3
ЮЗ,2.0,н/о,,н/о,4.5,-7.9,40,3.0,3.0,тепло,1016.4,1011.7,,,,,,2024-03-23 09:00:00,2024-03-23 13:00:00,2024,3
Ю,1.0,н/о,,н/о,4.5,-6.7,44,4.0,4.0,тепло,1014.9,1010.2,,,,,,2024-03-23 12:00:00,2024-03-23 16:00:00,2024,3
Ю,1.0,н/о,,н/о,0.8,-5.8,61,-1.0,-1.0,по сезону,1013.8,1009.0,,5.2,,,,2024-03-23 15:00:00,2024-03-23 19:00:00,2024,3
Ю,2.0,н/о,,н/о,-2.2,-5.4,79,-6.0,-6.0,по сезону,1013.2,1008.4,,,,,,2024-03-23 18:00:00,2024-03-23 22:00:00,2024,3
Ю,1.0,н/о,,н/о,-3.1,-4.7,89,-5.0,-5.0,по сезону,1012.4,1007.6,,,,,,2024-03-23 21:00:00,2024-03-24 01:00:00,2024,3
Ю,2.0,н/о,,н/о,-1.6,-3.2,89,-6.0,-6.0,по сезону,1011.4,1006.6,,,,,,2024-03-24 00:00:00,2024-03-24 04:00:00,2024,3
Ю,2.0,н/о,,н/о,-0.4,-1.5,92,-4.0,-4.0,по сезону,1010.1,1005.4,-3.4,,,,,2024-03-24 03:00:00,2024-03-24 07:00:00,2024,3
ЮЗ,2.0,н/о,,н/о,3.2,-0.1,79,0.0,0.0,тепло,1010.8,1006.1,,,,,,2024-03-24 06:00:00,2024-03-24 10:00:00,2024,3
ЮЗ,3.0,н/о,,н/о,2.5,-0.1,83,-2.0,-2.0,по сезону,1011.6,1006.9,,,,,,2024-03-24 09:00:00,2024-03-24 13:00:00,2024,3
ЮЗ,2.0,н/о,,н/о,2.7,0.2,84,-0.0,-0.0,по сезону,1012.1,1007.4,,,,,,2024-03-24 12:00:00,2024-03-24 16:00:00,2024,3
Ю,1.0,н/о,,н/о,2.2,0.2,87,1.0,1.0,тепло,1012.2,1007.5,,3.5,,,,2024-03-24 15:00:00,2024-03-24 19:00:00,2024,3
штиль,0.0,н/о,,н/о,2.3,0.6,89,1.0,1.0,тепло,1013.0,1008.3,,,,,,2024-03-24 18:00:00,2024-03-24 22:00:00,2024,3
Ю,1.0,н/о,,н/о,1.9,0.8,92,0.0,0.0,тепло,1013.9,1009.2,,,,,,2024-03-24 21:00:00,2024-03-25 01:00:00,2024,3
Ю,1.0,н/о,,н/о,1.8,0.7,92,-0.0,-0.0,тепло,1013.7,1009.0,,,,,,2024-03-25 00:00:00,2024-03-25 04:00:00,2024,3
Ю,2.0,н/о,,н/о,1.4,0.4,93,-2.0,-2.0,тепло,1013.3,1008.5,1.4,,,,,2024-03-25 03:00:00,2024-03-25 07:00:00,2024,3
Ю,2.0,н/о,,н/о,2.9,0.9,87,-0.0,-0.0,тепло,1014.7,1010.0,1.3,,,,,2024-03-25 06:00:00,2024-03-25 10:00:00,2024,3
Ю,3.0,н/о,,н/о,4.4,1.7,83,1.0,1.0,по сезону,1015.2,1010.5,,,,,,2024-03-25 09:00:00,2024-03-25 13:00:00,2024,3
Ю,2.0,н/о,,н/о,5.9,1.6,74,4.0,4.0,тепло,1014.1,1009.4,,,,,,2024-03-25 12:00:00,2024-03-25 16:00:00,2024,3
Ю,2.0,н/о,,н/о,2.9,1.0,87,-0.0,-0.0,по сезону,1013.4,1008.7,,6.7,,,,2024-03-25 15:00:00,2024-03-25 19:00:00,2024,3
Ю,1.0,н/о,,н/о,2.0,0.6,90,0.0,0.0,тепло,1013.9,1009.1,,,,,,2024-03-25 18:00:00,2024-03-25 22:00:00,2024,3
штиль,0.0,н/о,,н/о,-0.5,-1.1,96,-2.0,-2.0,тепло,1012.5,1007.7,,,,,,2024-03-25 21:00:00,2024-03-26 01:00:00,2024,3
штиль,0.0,н/о,,н/о,0.8,0.3,96,-1.0,-1.0,тепло,1010.9,1006.2,,,,,,2024-03-26 00:00:00,2024-03-26 04:00:00,2024,3
С,1.0,н/о,,н/о,1.2,0.1,92,-1.0,-1.0,тепло,1009.0,1004.3,-0.6,,,,,2024-03-26 03:00:00,2024-03-26 07:00:00,2024,3
штиль,0.0,н/о,,н/о,2.5,0.5,87,1.0,1.0,тепло,1006.6,1001.9,,,,,,2024-03-26 06:00:00,2024-03-26 10:00:00,2024,3
С,3.0,н/о,,н/о,2.1,1.2,94,-2.0,-2.0,по сезону,1003.7,999.0,,,,,,2024-03-26 09:00:00,2024-03-26 13:00:00,2024,3
С,5.0,н/о,,н/о,2.3,1.9,97,-3.0,-3.0,по сезону,999.1,994.5,,,,,,2024-03-26 12:00:00,2024-03-26 16:00:00,2024,3
С,,н/о,,н/о,2.3,2.1,99,-3.0,-3.0,по сезону,996.1,991.4,,2.8,,,,2024-03-26 15:00:00,2024-03-26 19:00:00,2024,3
С,,н/о,,н/о,2.1,1.9,99,-3.0,-3.0,по сезону,993.9,989.3,,,,,,2024-03-26 18:00:00,2024-03-26 22:00:00,2024,3
С,3.0,н/о,,н/о,2.4,2.3,99,-2.0,-2.0,по сезону,991.5,986.8,,,,,,2024-03-26 21:00:00,2024-03-27 01:00:00,2024,3
С,4.0,н/о,,н/о,2.8,2.8,100,-2.0,-2.0,тепло,988.7,984.1,,,,,,2024-03-27 00:00:00,2024-03-27 04:00:00,2024,3
С,3.0,н/о,,н/о,2.6,2.6,100,-2.0,-2.0,по сезону,987.2,982.6,2.0,,,,,2024-03-27 03:00:00,2024-03-27 07:00:00,2024,3
СЗ,4.0,н/о,,н/о,2.3,2.3,100,-3.0,-3.0,по сезону,987.3,982.7,,,,,,2024-03-27 06:00:00,2024-03-27 10:00:00,2024,3
СЗ,3.0,н/о,,н/о,2.6,2.1,97,-2.0,-2.0,по сезону,987.9,983.3,,,,,,2024-03-27 09:00:00,2024-03-27 13:00:00,2024,3
СЗ,4.0,н/о,,н/о,2.0,1.2,94,-3.0,-3.0,по сезону,989.7,985.1,,,,,,2024-03-27 12:00:00,2024-03-27 16:00:00,2024,3
СЗ,,н/о,,н/о,1.3,0.6,95,-4.0,-4.0,по сезону,992.6,987.9,,2.7,,,,2024-03-27 15:00:00,2024-03-27 19:00:00,2024,3
СЗ,,н/о,,н/о,0.7,0.3,97,-5.0,-5.0,по сезону,995.4,990.7,,,,,,2024-03-27 18:00:00,2024-03-27 22:00:00,2024,3
СЗ,,н/о,,н/о,0.2,-0.3,96,-7.0,-7.0,по сезону,997.6,992.9,,,,,,2024-03-27 21:00:00,2024-03-28 01:00:00,2024,3
СЗ,,н/о,,н/о,0.3,-1.2,90,-6.0,-6.0,по сезону,1000.1,995.4,,,,,,2024-03-28 00:00:00,2024-03-28 04:00:00,2024,3
СЗ,,н/о,,н/о,0.1,-1.7,88,-7.0,-7.0,по сезону,1002.8,998.0,-0.0,,,,,2024-03-28 03:00:00,2024-03-28 07:00:00,2024,3
СЗ,,н/о,,н/о,0.6,-2.1,82,-5.0,-5.0,по сезону,1005.3,1000.6,,,,,,2024-03-28 06:00:00,2024-03-28 10:00:00,2024,3
СЗ,,н/о,,н/о,1.3,-2.1,78,-4.0,-4.0,по сезону,1007.5,1002.7,,,,,,2024-03-28 09:00:00,2024-03-28 13:00:00,2024,3
СЗ,,н/о,,н/о,2.2,-1.4,77,-3.0,-3.0,по сезону,1009.8,1005.1,,,,,,2024-03-28 12:00:00,2024-03-28 16:00:00,2024,3
СЗ,,н/о,,н/о,2.9,-3.0,65,-1.0,-1.0,по сезону,1011.7,1007.0,,3.3,,,,2024-03-28 15:00:00,2024-03-28 19:00:00,2024,3
СЗ,1.0,н/о,,н/о,0.4,-4.1,72,-1.0,-1.0,по сезону,1014.1,1009.3,,,,,,2024-03-28 18:00:00,2024-03-28 22:00:00,2024,3
СЗ,2.0,н/о,,н/о,0.8,-4.5,68,-2.0,-2.0,по сезону,1015.3,1010.5,,,,,,2024-03-28 21:00:00,2024-03-29 01:00:00,2024,3
СЗ,1.0,н/о,,н/о,0.6,-4.4,69,-1.0,-1.0,тепло,1016.2,1011.4,,,,,,2024-03-29 00:00:00,2024-03-29 04:00:00,2024,3
штиль,0.0,н/о,,н/о,-4.4,-5.1,95,-6.0,-6.0,по сезону,1017.6,1012.7,-4.5,,,,,2024-03-29 03:00:00,2024-03-29 07:00:00,2024,3
штиль,0.0,н/о,,н/о,3.4,-4.0,58,3.0,3.0,тепло,1018.5,1013.8,,,,,,2024-03-29 06:00:00,2024-03-29 10:00:00,2024,3
штиль,0.0,н/о,,н/о,7.2,-5.9,39,7.0,7.0,тепло,1018.6,1013.9,,,,,,2024-03-29 09:00:00,2024-03-29 13:00:00,2024,3
ЮЗ,1.0,н/о,,н/о,8.7,-4.7,38,9.0,9.0,тепло,1018.0,1013.3,,,,,,2024-03-29 12:00:00,2024-03-29 16:00:00,2024,3
штиль,0.0,н/о,,н/о,5.4,-2.1,58,5.0,5.0,тепло,1018.3,1013.6,,9.0,,,,2024-03-29 15:00:00,2024-03-29 19:00:00,2024,3
Ю,1.0,н/о,,н/о,1.2,-1.9,80,-1.0,-1.0,по сезону,1018.2,1013.4,,,,,,2024-03-29 18:00:00,2024-03-29 22:00:00,2024,3
Ю,2.0,н/о,,н/о,0.5,-1.9,84,-3.0,-3.0,по сезону,1018.2,1013.4,,,,,,2024-03-29 21:00:00,2024-03-30 01:00:00,2024,3
Ю,1.0,н/о,,н/о,0.5,-1.6,86,-1.0,-1.0,тепло,1017.9,1013.1,,,,,,2024-03-30 00:00:00,2024-03-30 04:00:00,2024,3
Ю,2.0,н/о,,н/о,0.8,-1.9,82,-3.0,-3.0,по сезону,1017.6,1012.8,-0.1,,,,,2024-03-30 03:00:00,2024-03-30 07:00:00,2024,3
Ю,3.0,н/о,,н/о,3.7,-1.0,71,0.0,0.0,по сезону,1017.6,1012.9,,,,,,2024-03-30 06:00:00,2024-03-30 10:00:00,2024,3
Ю,2.0,н/о,,н/о,4.3,-0.3,72,2.0,2.0,по сезону,1018.4,1013.6,,,,,,2024-03-30 09:00:00,2024-03-30 13:00:00,2024,3
Ю,3.0,н/о,,н/о,3.6,0.4,80,-0.0,-0.0,по сезону,1018.9,1014.1,,,,,,2024-03-30 12:00:00,2024-03-30 16:00:00,2024,3
Ю,3.0,н/о,,н/о,3.5,2.3,92,-1.0,-1.0,по сезону,1019.4,1014.7,,4.5,,,,2024-03-30 15:00:00,2024-03-30 19:00:00,2024,3
Ю,2.0,н/о,,н/о,2.9,2.4,97,-0.0,-0.0,по сезону,1020.4,1015.6,,,,,,2024-03-30 18:00:00,2024-03-30 22:00:00,2024,3
Ю,2.0,н/о,,н/о,2.6,1.9,95,-1.0,-1.0,по сезону,1020.2,1015.5,,,,,,2024-03-30 21:00:00,2024-03-31 01:00:00,2024,3
Ю,1.0,н/о,,н/о,2.8,2.0,94,1.0,1.0,тепло,1020.4,1015.7,,,,,,2024-03-31 00:00:00,2024-03-31 04:00:00,2024,3
Ю,1.0,н/о,,н/о,2.3,2.2,99,0.0,0.0,тепло,1020.0,1015.2,2.3,,,,,2024-03-31 03:00:00,2024-03-31 07:00:00,2024,3
Ю,1.0,н/о,,н/о,3.0,3.0,100,1.0,1.0,по сезону,1020.0,1015.3,2.3,,,,,2024-03-31 06:00:00,2024-03-31 10:00:00,2024,3
штиль,0.0,н/о,,н/о,4.6,4.4,99,3.0,3.0,по сезону,1020.7,1016.0,,,,,,2024-03-31 09:00:00,2024-03-31 13:00:00,2024,3
штиль,0.0,н/о,,н/о,5.1,4.2,94,4.0,4.0,по сезону,1021.0,1016.2,,,,,,2024-03-31 12:00:00,2024-03-31 16:00:00,2024,3
штиль,0.0,н/о,,н/о,4.5,3.9,96,3.0,3.0,по сезону,1020.7,1016.0,,5.6,,,,2024-03-31 15:00:00,2024-03-31 19:00:00,2024,3
штиль,0.0,н/о,,н/о,1.4,1.4,100,0.0,0.0,по сезону,1021.4,1016.7,,,,,,2024-03-31 18:00:00,2024-03-31 22:00:00,2024,3
штиль,0.0,н/о,,н/о,0.4,0.4,100,-1.0,-1.0,по сезону,1022.4,1017.6,,,,,,2024-03-31 21:00:00,2024-04-01 01:00:00,2024,3
штиль,0.0,н/о,,н/о,1.3,1.3,100,-0.0,-0.0,тепло,1022.7,1017.9,,,,,,2024-04-01 00:00:00,2024-04-01 04:00:00,2024,4
штиль,0.0,н/о,,н/о,0.4,0.4,100,-1.0,-1.0,по сезону,1023.8,1019.0,-0.0,,,,,2024-04-01 03:00:00,2024-04-01 07:00:00,2024,4
штиль,0.0,н/о,,н/о,0.8,0.8,100,-1.0,-1.0,по сезону,1024.7,1019.9,-0.1,,,,,2024-04-01 06:00:00,2024-04-01 10:00:00,2024,4
штиль,0.0,н/о,,н/о,4.4,4.4,100,3.0,3.0,по сезону,1025.0,1020.3,,,,,,2024-04-01 09:00:00,2024-04-01 13:00:00,2024,4
Ю,1.0,н/о,,н/о,9.0,5.0,76,8.0,8.0,тепло,1024.4,1019.7,,,,,,2024-04-01 12:00:00,2024-04-01 16:00:00,2024,4
Ю,1.0,н/о,,н/о,1.7,1.7,100,-0.0,-0.0,по сезону,1023.8,1019.0,,9.1,,,,2024-04-01 15:00:00,2024-04-01 19:00:00,2024,4
штиль,0.0,н/о,,н/о,0.9,0.9,100,-1.0,-1.0,по сезону,1023.6,1018.8,,,,,,2024-04-01 18:00:00,2024-04-01 22:00:00,2024,4
штиль,0.0,н/о,,н/о,1.0,1.0,100,-0.0,-0.0,по сезону,1022.5,1017.7,,,,,,2024-04-01 21:00:00,2024-04-02 01:00:00,2024,4
штиль,0.0,н/о,,н/о,1.2,1.2,100,-0.0,-0.0,тепло,1021.7,1016.9,,,,,,2024-04-02 00:00:00,2024-04-02 04:00:00,2024,4
штиль,0.0,н/о,,н/о,1.5,1.5,100,0.0,0.0,по сезону,1021.0,1016.2,0.9,,,,,2024-04-02 03:00:00,2024-04-02 07:00:00,2024,4
Ю,1.0,н/о,,н/о,5.8,5.8,100,4.0,4.0,тепло,1020.2,1015.5,,,,,,2024-04-02 06:00:00,2024-04-02 10:00:00,2024,4
Ю,3.0,н/о,,н/о,10.4,6.6,77,8.0,8.0,тепло,1019.2,1014.6,,,,,,2024-04-02 09:00:00,2024-04-02 13:00:00,2024,4
Ю,2.0,н/о,,н/о,14.0,9.4,74,14.0,14.0,тепло,1018.1,1013.5,,,,,,2024-04-02 12:00:00,2024-04-02 16:00:00,2024,4
Ю,1.0,н/о,,н/о,12.7,7.7,72,13.0,13.0,тепло,1017.2,1012.7,,15.0,,,,2024-04-02 15:00:00,2024-04-02 19:00:00,2024,4
Ю,1.0,н/о,,н/о,8.9,6.4,84,8.0,8.0,тепло,1017.6,1012.9,,,,,,2024-04-02 18:00:00,2024-04-02 22:00:00,2024,4
Ю,2.0,н/о,,н/о,8.1,4.8,80,6.0,6.0,тепло,1017.0,1012.4,,,,,,2024-04-02 21:00:00,2024-04-03 01:00:00,2024,4
Ю,3.0,н/о,,н/о,7.0,4.4,84,4.0,4.0,тепло,1016.6,1011.9,,,,,,2024-04-03 00:00:00,2024-04-03 04:00:00,2024,4
Ю,3.0,н/о,,н/о,6.8,3.7,81,4.0,4.0,тепло,1016.6,1011.9,6.6,,,,,2024-04-03 03:00:00,2024-04-03 07:00:00,2024,4
Ю,4.0,н/о,,н/о,9.6,4.5,70,7.0,7.0,тепло,1017.1,1012.5,,,,,,2024-04-03 06:00:00,2024-04-03 10:00:00,2024,4
Ю,3.0,н/о,,н/о,14.8,6.2,56,14.0,14.0,тепло,1016.6,1012.1,,,,,,2024-04-03 09:00:00,2024-04-03 13:00:00,2024,4
Ю,4.0,н/о,,н/о,16.2,8.1,59,16.0,16.0,тепло,1015.7,1011.2,,,,,,2024-04-03 12:00:00,2024-04-03 16:00:00,2024,4
Ю,,н/о,,н/о,13.7,7.7,67,13.0,13.0,тепло,1014.8,1010.2,,16.5,,,,2024-04-03 15:00:00,2024-04-03 19:00:00,2024,4
Ю,1.0,н/о,,н/о,9.8,5.8,76,9.0,9.0,тепло,1015.0,1010.4,,,,,,2024-04-03 18:00:00,2024-04-03 22:00:00,2024,4
Ю,4.0,н/о,,н/о,8.5,4.6,76,5.0,5.0,тепло,1015.0,1010.4,,,,,,2024-04-03 21:00:00,2024-04-04 01:00:00,2024,4
Ю,3.0,н/о,,н/о,7.0,3.9,81,4.0,4.0,тепло,1014.9,1010.2,,,,,,2024-04-04 00:00:00,2024-04-04 04:00:00,2024,4
Ю,,н/о,,н/о,7.0,3.8,80,5.0,5.0,тепло,1014.7,1010.0,6.9,,,,,2024-04-04 03:00:00,2024-04-04 07:00:00,2024,4
Ю,3.0,н/о,,н/о,11.7,5.8,67,10.0,10.0,тепло,1014.6,1010.0,,,,,,2024-04-04 06:00:00,2024-04-04 10:00:00,2024,4
ЮВ,3.0,н/о,,н/о,15.9,7.7,58,16.0,16.0,тепло,1013.3,1008.8,,,,,,2024-04-04 09:00:00,2024-04-04 13:00:00,2024,4
Ю,4.0,н/о,,н/о,17.3,7.6,53,17.0,17.0,тепло,1013.3,1008.8,,,,,,2024-04-04 12:00:00,2024-04-04 16:00:00,2024,4
штиль,0.0,н/о,,н/о,16.0,6.7,54,16.0,16.0,тепло,1013.0,1008.5,,17.8,,,,2024-04-04 15:00:00,2024-04-04 19:00:00,2024,4
Ю,1.0,н/о,,н/о,10.6,6.5,76,10.0,10.0,тепло,1013.3,1008.7,,,,,,2024-04-04 18:00:00,2024-04-04 22:00:00,2024,4
Ю,1.0,н/о,,н/о,8.9,5.6,80,8.0,8.0,тепло,1012.6,1008.0,,,,,,2024-04-04 21:00:00,2024-04-05 01:00:00,2024,4
штиль,0.0,н/о,,н/о,4.1,3.2,94,3.0,3.0,тепло,1012.8,1008.1,,,,,,2024-04-05 00:00:00,2024-04-05 04:00:00,2024,4
штиль,0.0,н/о,,н/о,4.4,4.1,98,3.0,3.0,тепло,1012.7,1008.0,3.4,,,,,2024-04-05 03:00:00,2024-04-05 07:00:00,2024,4
штиль,0.0,н/о,,н/о,9.9,6.0,77,9.0,9.0,тепло,1013.1,1008.5,,,,,,2024-04-05 06:00:00,2024-04-05 10:00:00,2024,4
Ю,2.0,н/о,,н/о,12.0,7.2,72,11.0,11.0,тепло,1013.2,1008.6,,,,,,2024-04-05 09:00:00,2024-04-05 13:00:00,2024,4
Ю,3.0,н/о,,н/о,14.8,8.3,65,14.0,14.0,тепло,1013.2,1008.7,,,,,,2024-04-05 12:00:00,2024-04-05 16:00:00,2024,4
ЮВ,1.0,н/о,,н/о,13.7,9.0,73,14.0,14.0,тепло,1013.2,1008.7,,15.5,0.3,,,2024-04-05 15:00:00,2024-04-05 19:00:00,2024,4
СЗ,1.0,н/о,,н/о,8.2,7.2,93,7.0,7.0,тепло,1014.4,1009.8,,,,,,2024-04-05 18:00:00,2024-04-05 22:00:00,2024,4
С,2.0,н/о,,н/о,6.9,5.9,93,5.0,5.0,тепло,1014.9,1010.3,,,,,,2024-04-05 21:00:00,2024-04-06 01:00:00,2024,4
С,3.0,н/о,,н/о,4.4,3.8,96,1.0,1.0,тепло,1015.3,1010.6,,,,,,2024-04-06 00:00:00,2024-04-06 04:00:00,2024,4
С,3.0,н/о,,н/о,4.0,3.9,99,0.0,0.0,по сезону,1015.4,1010.7,3.9,,,,,2024-04-06 03:00:00,2024-04-06 07:00:00,2024,4
С,3.0,н/о,,н/о,5.8,5.5,98,2.0,2.0,по сезону,1015.9,1011.2,,,,,,2024-04-06 06:00:00,2024-04-06 10:00:00,2024,4
СВ,2.0,н/о,,н/о,10.0,8.4,90,8.0,8.0,тепло,1015.8,1011.2,,,,,,2024-04-06 09:00:00,2024-04-06 13:00:00,2024,4
СВ,2.0,н/о,,н/о,10.7,9.8,94,9.0,9.0,тепло,1015.2,1010.6,,,,,,2024-04-06 12:00:00,2024-04-06 16:00:00,2024,4
С,1.0,н/о,,н/о,8.6,8.3,98,8.0,8.0,тепло,1015.4,1010.8,,11.4,2.0,,,2024-04-06 15:00:00,2024-04-06 19:00:00,2024,4
С,2.0,н/о,,н/о,6.7,6.7,100,4.0,4.0,тепло,1015.5,1010.8,,,,,,2024-04-06 18:00:00,2024-04-06 22:00:00,2024,4
С,2.0,н/о,,н/о,5.2,5.2,100,2.0,2.0,тепло,1015.1,1010.4,,,,,,2024-04-06 21:00:00,2024-04-07 01:00:00,2024,4
СЗ,2.0,н/о,,н/о,5.1,5.1,100,2.0,2.0,тепло,1015.2,1010.5,,,,,,2024-04-07 00:00:00,2024-04-07 04:00:00,2024,4
СЗ,2.0,н/о,,н/о,4.4,4.4,100,1.0,1.0,по сезону,1016.1,1011.4,4.4,,12.0,,,2024-04-07 03:00:00,2024-04-07 07:00:00,2024,4
СЗ,3.0,н/о,,н/о,4.4,4.4,100,1.0,1.0,по сезону,1017.5,1012.8,3.8,,,,,2024-04-07 06:00:00,2024-04-07 10:00:00,2024,4
СЗ,3.0,н/о,,н/о,4.7,3.6,93,1.0,1.0,по сезону,1018.3,1013.6,,,,,,2024-04-07 09:00:00,2024-04-07 13:00:00,2024,4
СЗ,3.0,н/о,,н/о,5.6,3.9,89,2.0,2.0,по сезону,1018.6,1013.9,,,,,,2024-04-07 12:00:00,2024-04-07 16:00:00,2024,4
З,2.0,н/о,,н/о,5.2,3.2,87,3.0,3.0,по сезону,1019.3,1014.6,,6.2,0.3,,,2024-04-07 15:00:00,2024-04-07 19:00:00,2024,4
З,1.0,н/о,,н/о,4.0,3.0,93,2.0,2.0,по сезону,1020.7,1016.0,,,,,,2024-04-07 18:00:00,2024-04-07 22:00:00,2024,4
ЮВ,1.0,н/о,,н/о,4.5,3.3,92,3.0,3.0,тепло,1020.3,1015.6,,,,,,2024-04-07 21:00:00,2024-04-08 01:00:00,2024,4
З,1.0,н/о,,н/о,6.2,3.5,83,5.0,5.0,тепло,1019.7,1015.1,,,,,,2024-04-08 00:00:00,2024-04-08 04:00:00,2024,4
З,2.0,н/о,,н/о,5.9,3.7,86,3.0,3.0,тепло,1020.6,1015.9,2.9,,,,,2024-04-08 03:00:00,2024-04-08 07:00:00,2024,4
ЮЗ,2.0,н/о,,н/о,16.7,9.0,60,17.0,17.0,тепло,1016.7,1012.2,,17.5,,,,2024-04-08 15:00:00,2024-04-08 19:00:00,2024,4
ЮЗ,3.0,н/о,,н/о,14.9,8.7,66,14.0,14.0,тепло,1015.9,1011.4,,,,,,2024-04-08 18:00:00,2024-04-08 22:00:00,2024,4
З,3.0,н/о,,н/о,13.3,8.3,72,12.0,12.0,тепло,1015.1,1010.5,,,,,,2024-04-08 21:00:00,2024-04-09 01:00:00,2024,4
З,3.0,н/о,,н/о,12.5,8.6,77,11.0,11.0,тепло,1014.7,1010.1,,,,,,2024-04-09 00:00:00,2024-04-09 04:00:00,2024,4
З,2.0,н/о,,н/о,11.9,8.7,81,11.0,11.0,тепло,1015.6,1011.1,11.5,,,,,2024-04-09 03:00:00,2024-04-09 07:00:00,2024,4
СЗ,2.0,н/о,,н/о,13.8,8.5,70,13.0,13.0,тепло,1017.2,1012.7,,,,,,2024-04-09 06:00:00,2024-04-09 10:00:00,2024,4
З,3.0,н/о,,н/о,16.6,8.7,60,16.0,16.0,тепло,1017.7,1013.2,,,,,,2024-04-09 09:00:00,2024-04-09 13:00:00,2024,4
З,2.0,н/о,,н/о,17.4,8.3,55,18.0,18.0,тепло,1017.5,1013.0,,,,,,2024-04-09 12:00:00,2024-04-09 16:00:00,2024,4
З,2.0,н/о,,н/о,16.6,6.7,52,17.0,17.0,тепло,1017.5,1013.0,,18.2,,,,2024-04-09 15:00:00,2024-04-09 19:00:00,2024,4
ЮВ,2.0,н/о,,н/о,11.1,7.1,76,10.0,10.0,тепло,1018.1,1013.5,,,,,,2024-04-09 18:00:00,2024-04-09 22:00:00,2024,4
штиль,0.0,н/о,,н/о,6.0,5.2,95,5.0,5.0,тепло,1018.5,1013.8,,,,,,2024-04-09 21:00:00,2024-04-10 01:00:00,2024,4
штиль,0.0,н/о,,н/о,4.0,4.0,100,3.0,3.0,тепло,1018.5,1013.7,,,,,,2024-04-10 00:00:00,2024-04-10 04:00:00,2024,4
СЗ,1.0,н/о,,н/о,5.6,5.6,100,4.0,4.0,тепло,1018.6,1013.9,3.7,,,,,2024-04-10 03:00:00,2024-04-10 07:00:00,2024,4
штиль,0.0,н/о,,н/о,8.5,8.5,100,7.0,7.0,тепло,1019.2,1014.6,,,,,,2024-04-10 06:00:00,2024-04-10 10:00:00,2024,4
штиль,0.0,н/о,,н/о,9.0,9.0,100,8.0,8.0,тепло,1020.1,1015.4,,,,,,2024-04-10 09:00:00,2024-04-10 13:00:00,2024,4
СВ,2.0,н/о,,н/о,13.1,12.0,93,12.0,12.0,тепло,1020.2,1015.6,,,,,,2024-04-10 12:00:00,2024-04-10 16:00:00,2024,4
СЗ,1.0,н/о,,н/о,13.7,9.8,77,14.0,14.0,тепло,1020.7,1016.1,,14.4,7.0,,,2024-04-10 15:00:00,2024-04-10 19:00:00,2024,4
штиль,0.0,н/о,,н/о,6.4,6.1,98,5.0,5.0,тепло,1022.4,1017.7,,,,,,2024-04-10 18:00:00,2024-04-10 22:00:00,2024,4
ЮВ,1.0,н/о,,н/о,4.1,4.1,100,2.0,2.0,по сезону,1023.6,1018.8,,,,,,2024-04-10 21:00:00,2024-04-11 01:00:00,2024,4
штиль,0.0,н/о,,н/о,2.3,2.3,100,1.0,1.0,по сезону,1024.2,1019.4,,,,,,2024-04-11 00:00:00,2024-04-11 04:00:00,2024,4
штиль,0.0,н/о,,н/о,1.7,1.7,100,0.0,0.0,по сезону,1025.1,1020.3,1.5,,,,,2024-04-11 03:00:00,2024-04-11 07:00:00,2024,4
ЮЗ,4.0,н/о,,н/о,18.4,7.4,49,19.0,19.0,тепло,1022.5,1018.0,,,,,,2024-04-11 12:00:00,2024-04-11 16:00:00,2024,4
ЮЗ,,н/о,,н/о,16.8,8.0,56,17.0,17.0,тепло,1020.8,1016.3,,19.1,,,,2024-04-11 15:00:00,2024-04-11 19:00:00,2024,4
Ю,3.0,н/о,,н/о,14.0,8.4,69,13.0,13.0,тепло,1019.3,1014.7,,,,,,2024-04-11 18:00:00,2024-04-11 22:00:00,2024,4
ЮЗ,,н/о,,н/о,14.0,10.0,77,13.0,13.0,тепло,1017.3,1012.7,,,,,,2024-04-11 21:00:00,2024-04-12 01:00:00,2024,4
Ю,,н/о,,н/о,13.5,11.0,85,13.0,13.0,тепло,1015.9,1011.3,,,,,,2024-04-12 00:00:00,2024-04-12 04:00:00,2024,4
Ю,1.0,н/о,,н/о,11.6,10.4,92,11.0,11.0,тепло,1014.4,1009.8,11.4,,,,,2024-04-12 03:00:00,2024-04-12 07:00:00,2024,4
СЗ,1.0,н/о,,н/о,16.0,12.1,78,17.0,17.0,тепло,1013.7,1009.2,,,,,,2024-04-12 06:00:00,2024-04-12 10:00:00,2024,4
З,4.0,н/о,,н/о,20.8,11.3,54,23.0,23.0,комфорт,1011.5,1007.1,,,,,,2024-04-12 09:00:00,2024-04-12 13:00:00,2024,4
З,3.0,н/о,,н/о,21.5,4.5,33,22.0,22.0,комфорт,1009.2,1004.8,,,,,,2024-04-12 12:00:00,2024-04-12 16:00:00,2024,4
З,,н/о,,н/о,21.0,0.6,26,21.0,21.0,комфорт,1006.9,1002.5,,22.5,,,,2024-04-12 15:00:00,2024-04-12 19:00:00,2024,4
З,1.0,н/о,,н/о,12.8,3.3,52,13.0,13.0,тепло,1007.2,1002.7,,,,,,2024-04-12 18:00:00,2024-04-12 22:00:00,2024,4
З,1.0,н/о,,н/о,10.4,3.4,62,10.0,10.0,тепло,1007.2,1002.6,,,,,,2024-04-12 21:00:00,2024-04-13 01:00:00,2024,4
З,2.0,н/о,,н/о,11.9,1.0,47,11.0,11.0,тепло,1006.6,1002.1,,,,,,2024-04-13 00:00:00,2024-04-13 04:00:00,2024,4
З,1.0,н/о,,н/о,10.4,3.1,61,10.0,10.0,тепло,1006.8,1002.3,9.7,,,,,2024-04-13 03:00:00,2024-04-13 07:00:00,2024,4
З,4.0,н/о,,н/о,13.3,4.1,54,12.0,12.0,тепло,1006.3,1001.8,,,,,,2024-04-13 06:00:00,2024-04-13 10:00:00,2024,4
СЗ,2.0,н/о,,н/о,6.1,2.2,76,4.0,4.0,тепло,1013.2,1008.5,,,,,,2024-04-14 00:00:00,2024-04-14 04:00:00,2024,4
СЗ,1.0,н/о,,н/о,5.5,2.2,79,4.0,4.0,по сезону,1014.5,1009.8,5.2,,,,,2024-04-14 03:00:00,2024-04-14 07:00:00,2024,4
СЗ,2.0,н/о,,н/о,7.9,0.5,59,6.0,6.0,по сезону,1015.7,1011.1,,,,,,2024-04-14 06:00:00,2024-04-14 10:00:00,2024,4
СВ,1.0,н/о,,н/о,10.5,-1.8,42,11.0,11.0,тепло,1015.2,1010.6,,,,,,2024-04-14 09:00:00,2024-04-14 13:00:00,2024,4
ЮЗ,2.0,н/о,,н/о,12.5,-3.4,33,12.0,12.0,тепло,1014.2,1009.7,,,,,,2024-04-14 12:00:00,2024-04-14 16:00:00,2024,4
Ю,2.0,н/о,,н/о,8.7,-1.6,48,7.0,7.0,тепло,1014.3,1009.6,,,,,,2024-04-14 18:00:00,2024-04-14 22:00:00,2024,4
Ю,4.0,н/о,,н/о,9.3,4.1,70,7.0,7.0,тепло,1013.2,1008.6,,,,,,2024-04-14 21:00:00,2024-04-15 01:00:00,2024,4
Ю,3.0,н/о,,н/о,7.8,5.1,83,5.0,5.0,тепло,1012.1,1007.5,,,,,,2024-04-15 00:00:00,2024-04-15 04:00:00,2024,4
Ю,5.0,н/о,,н/о,6.9,5.2,89,3.0,3.0,по сезону,1010.4,1005.8,6.9,,1.0,,,2024-04-15 03:00:00,2024-04-15 07:00:00,2024,4
Ю,,н/о,,н/о,7.7,5.9,88,4.0,4.0,по сезону,1008.9,1004.2,6.9,,,,,2024-04-15 06:00:00,2024-04-15 10:00:00,2024,4
Ю,,н/о,,н/о,12.7,7.1,69,10.0,10.0,по сезону,1005.0,1000.4,,,,,,2024-04-15 09:00:00,2024-04-15 13:00:00,2024,4
Ю,,н/о,,н/о,23.9,9.9,41,25.0,25.0,комфорт,1005.1,1000.7,,,,,,2024-04-17 15:00:00,2024-04-17 19:00:00,2024,4
Ю,,н/о,,н/о,21.4,9.6,47,23.0,23.0,комфорт,1005.8,1001.4,,,,,,2024-04-17 18:00:00,2024-04-17 22:00:00,2024,4
ЮЗ,,н/о,,н/о,20.7,10.5,52,22.0,22.0,комфорт,1006.2,1001.8,,,,,,2024-04-17 21:00:00,2024-04-18 01:00:00,2024,4
ЮЗ,,н/о,,н/о,18.5,9.2,55,19.0,19.0,тепло,1007.7,1003.2,,,,,,2024-04-18 00:00:00,2024-04-18 04:00:00,2024,4
ЮЗ,,н/о,,н/о,16.0,8.7,62,16.0,16.0,тепло,1008.7,1004.2,16.0,,,,,2024-04-18 03:00:00,2024-04-18 07:00:00,2024,4
Ю,3.0,н/о,,н/о,18.1,9.8,58,18.0,18.0,тепло,1010.0,1005.5,15.9,,,,,2024-04-18 06:00:00,2024-04-18 10:00:00,2024,4
Ю,,н/о,,н/о,20.7,11.0,54,23.0,23.0,комфорт,1010.2,1005.8,,,,,,2024-04-18 09:00:00,2024-04-18 13:00:00,2024,4
Ю,,н/о,,н/о,25.6,7.7,32,26.0,26.0,жарко,1009.5,1005.1,,,,,,2024-04-18 12:00:00,2024-04-18 16:00:00,2024,4
Ю,,н/о,,н/о,24.8,5.4,29,24.0,24.0,комфорт,1009.3,1004.9,,26.4,,,,2024-04-18 15:00:00,2024-04-18 19:00:00,2024,4
Ю,1.0,н/о,,н/о,17.4,9.1,58,18.0,18.0,тепло,1010.2,1005.7,,,,,,2024-04-18 18:00:00,2024-04-18 22:00:00,2024,4
Ю,3.0,н/о,,н/о,18.5,10.0,58,19.0,19.0,тепло,1010.5,1006.1,,,,,,2024-04-18 21:00:00,2024-04-19 01:00:00,2024,4
Ю,3.0,н/о,,н/о,16.2,9.3,64,16.0,16.0,тепло,1010.8,1006.3,,,,,,2024-04-19 00:00:00,2024-04-19 04:00:00,2024,4
Ю,4.0,н/о,,н/о,15.8,7.6,58,15.0,15.0,тепло,1010.2,1005.7,15.2,,,,,2024-04-19 03:00:00,2024-04-19 07:00:00,2024,4
Ю,4.0,н/о,,н/о,22.8,8.6,40,24.0,24.0,комфорт,1009.9,1005.5,,,,,,2024-04-19 06:00:00,2024-04-19 10:00:00,2024,4
Ю,,н/о,,н/о,28.7,4.5,21,27.0,27.0,жарко,1009.4,1005.1,,,,,,2024-04-19 09:00:00,2024-04-19 13:00:00,2024,4
Ю,,н/о,,н/о,29.5,3.4,19,27.0,27.0,жарко,1009.1,1004.8,,,,,,2024-04-19 12:00:00,2024-04-19 16:00:00,2024,4
Ю,,н/о,,н/о,26.4,4.8,25,26.0,26.0,жарко,1009.7,1005.4,,29.9,,,,2024-04-19 15:00:00,2024-04-19 19:00:00,2024,4
Ю,3.0,н/о,,н/о,22.3,10.2,46,24.0,24.0,комфорт,1010.5,1006.1,,,,,,2024-04-19 18:00:00,2024-04-19 22:00:00,2024,4
Ю,2.0,н/о,,н/о,17.6,10.7,64,18.0,18.0,тепло,1012.2,1007.7,,,,,,2024-04-19 21:00:00,2024-04-20 01:00:00,2024,4
З,2.0,н/о,,н/о,16.7,10.5,67,17.0,17.0,тепло,1015.0,1010.5,,,,,,2024-04-20 00:00:00,2024-04-20 04:00:00,2024,4
З,2.0,н/о,,н/о,16.1,9.7,66,16.0,16.0,тепло,1017.4,1012.9,13.1,,,,,2024-04-20 03:00:00,2024-04-20 07:00:00,2024,4
С,3.0,н/о,,н/о,17.1,10.1,63,17.0,17.0,тепло,1018.9,1014.4,,,,,,2024-04-20 06:00:00,2024-04-20 10:00:00,2024,4
СВ,2.0,н/о,,н/о,18.4,8.8,54,19.0,19.0,тепло,1019.7,1015.3,,,,,,2024-04-20 09:00:00,2024-04-20 13:00:00,2024,4
С,2.0,н/о,,н/о,18.3,10.0,58,19.0,19.0,тепло,1020.1,1015.6,,,,,,2024-04-20 12:00:00,2024-04-20 16:00:00,2024,4
СЗ,2.0,н/о,,н/о,17.3,10.6,65,18.0,18.0,тепло,1019.3,1014.8,,18.6,,,,2024-04-20 15:00:00,2024-04-20 19:00:00,2024,4
С,2.0,н/о,,н/о,14.7,9.8,72,14.0,14.0,тепло,1020.6,1016.1,,,,,,2024-04-20 18:00:00,2024-04-20 22:00:00,2024,4
С,2.0,н/о,,н/о,14.0,9.4,74,14.0,14.0,тепло,1021.1,1016.6,,,,,,2024-04-20 21:00:00,2024-04-21 01:00:00,2024,4
СЗ,2.0,н/о,,н/о,10.6,8.6,87,9.0,9.0,тепло,1021.3,1016.7,,,,,,2024-04-21 00:00:00,2024-04-21 04:00:00,2024,4
С,2.0,н/о,,н/о,13.6,10.2,80,13.0,13.0,тепло,1021.7,1017.2,10.5,,,,,2024-04-21 03:00:00,2024-04-21 07:00:00,2024,4
С,5.0,н/о,,н/о,17.2,11.2,68,17.0,17.0,тепло,1022.0,1017.5,,,,,,2024-04-21 06:00:00,2024-04-21 10:00:00,2024,4
В,4.0,н/о,,н/о,25.6,13.8,48,28.0,28.0,жарко,1020.9,1016.6,,,,,,2024-04-21 09:00:00,2024-04-21 13:00:00,2024,4
ЮВ,,н/о,,н/о,29.1,9.2,29,29.0,29.0,жарко,1019.2,1014.9,,,,,,2024-04-21 12:00:00,2024-04-21 16:00:00,2024,4
В,3.0,н/о,,н/о,27.0,9.1,32,27.0,27.0,жарко,1018.6,1014.2,,29.6,,,,2024-04-21 15:00:00,2024-04-21 19:00:00,2024,4
штиль,0.0,н/о,,н/о,18.3,12.2,68,19.0,19.0,тепло,1019.1,1014.7,,,,,,2024-04-21 18:00:00,2024-04-21 22:00:00,2024,4
ЮЗ,1.0,н/о,,н/о,14.8,12.0,83,15.0,15.0,тепло,1019.5,1014.9,,,,,,2024-04-21 21:00:00,2024-04-22 01:00:00,2024,4
штиль,0.0,н/о,,н/о,13.7,11.7,88,13.0,13.0,тепло,1019.2,1014.6,,,,,,2024-04-22 00:00:00,2024-04-22 04:00:00,2024,4
ЮВ,1.0,н/о,,н/о,14.9,12.5,86,15.0,15.0,тепло,1019.1,1014.6,12.3,,,,,2024-04-22 03:00:00,2024-04-22 07:00:00,2024,4
В,3.0,н/о,,н/о,21.9,13.4,58,25.0,25.0,комфорт,1018.8,1014.4,,,,,,2024-04-22 06:00:00,2024-04-22 10:00:00,2024,4
ЮВ,,н/о,,н/о,27.9,7.9,28,27.0,27.0,жарко,1017.4,1013.0,,,,,,2024-04-22 09:00:00,2024-04-22 13:00:00,2024,4
ЮВ,,н/о,,н/о,28.7,5.3,23,27.0,27.0,жарко,1016.3,1012.0,,,,,,2024-04-22 12:00:00,2024-04-22 16:00:00,2024,4
Ю,,н/о,,н/о,26.6,5.3,26,26.0,26.0,жарко,1016.0,1011.7,,29.2,,,,2024-04-22 15:00:00,2024-04-22 19:00:00,2024,4
Ю,1.0,н/о,,н/о,17.2,9.8,62,18.0,18.0,тепло,1016.6,1012.1,,,,,,2024-04-22 18:00:00,2024-04-22 22:00:00,2024,4
ЮЗ,1.0,н/о,,н/о,14.5,8.8,69,15.0,15.0,тепло,1016.3,1011.8,,,,,,2024-04-22 21:00:00,2024-04-23 01:00:00,2024,4
штиль,0.0,н/о,,н/о,10.8,9.7,93,10.0,10.0,тепло,1015.7,1011.1,,,,,,2024-04-23 00:00:00,2024-04-23 04:00:00,2024,4
штиль,0.0,н/о,,н/о,10.4,10.2,99,10.0,10.0,тепло,1015.5,1010.9,9.1,,,,,2024-04-23 03:00:00,2024-04-23 07:00:00,2024,4
СВ,2.0,н/о,,н/о,19.8,12.6,63,22.0,22.0,комфорт,1014.7,1010.3,,,,,,2024-04-23 06:00:00,2024-04-23 10:00:00,2024,4
ЮВ,1.0,н/о,,н/о,24.4,10.6,42,26.0,26.0,жарко,1014.3,1009.9,,,,,,2024-04-23 09:00:00,2024-04-23 13:00:00,2024,4
З,2.0,н/о,,н/о,22.6,10.8,47,25.0,25.0,комфорт,1013.6,1009.2,,,,,,2024-04-23 12:00:00,2024-04-23 16:00:00,2024,4
З,2.0,н/о,,н/о,13.7,11.8,88,13.0,13.0,тепло,1014.5,1009.9,,,,,,2024-04-23 21:00:00,2024-04-24 01:00:00,2024,4
З,4.0,н/о,,н/о,15.6,6.6,55,15.0,15.0,тепло,1015.6,1011.1,,,,,,2024-04-24 06:00:00,2024-04-24 10:00:00,2024,4
СЗ,5.0,н/о,,н/о,18.2,6.9,48,18.0,18.0,тепло,1016.4,1011.9,,,,,,2024-04-24 09:00:00,2024-04-24 13:00:00,2024,4
СЗ,3.0,н/о,,н/о,17.4,4.4,42,17.0,17.0,тепло,1017.5,1013.0,,19.9,,,,2024-04-24 15:00:00,2024-04-24 19:00:00,2024,4
СЗ,3.0,н/о,,н/о,13.7,2.2,46,13.0,13.0,тепло,1019.2,1014.6,,,,,,2024-04-24 18:00:00,2024-04-24 22:00:00,2024,4
СЗ,1.0,н/о,,н/о,7.8,3.7,75,7.0,7.0,по сезону,1020.9,1016.2,,,,,,2024-04-24 21:00:00,2024-04-25 01:00:00,2024,4
ЮЗ,1.0,н/о,,н/о,6.6,3.9,83,6.0,6.0,тепло,1021.5,1016.8,,,,,,2024-04-25 00:00:00,2024-04-25 04:00:00,2024,4
С,1.0,н/о,,н/о,16.4,6.6,52,17.0,17.0,тепло,1022.8,1018.3,,,,,,2024-04-25 06:00:00,2024-04-25 10:00:00,2024,4
С,2.0,н/о,,н/о,19.6,3.6,35,21.0,21.0,комфорт,1022.8,1018.3,,,,,,2024-04-25 09:00:00,2024-04-25 13:00:00,2024,4
С,2.0,н/о,,н/о,20.8,4.7,35,22.0,22.0,комфорт,1022.0,1017.5,,,,,,2024-04-25 12:00:00,2024-04-25 16:00:00,2024,4
В,3.0,н/о,,н/о,20.5,4.4,35,21.0,21.0,комфорт,1021.7,1017.2,,21.4,,,,2024-04-25 15:00:00,2024-04-25 19:00:00,2024,4
ЮВ,1.0,н/о,,н/о,12.9,5.6,61,13.0,13.0,тепло,1023.0,1018.4,,,,,,2024-04-25 18:00:00,2024-04-25 22:00:00,2024,4
ЮВ,2.0,н/о,,н/о,9.8,5.8,76,8.0,8.0,тепло,1023.8,1019.2,,,,,,2024-04-25 21:00:00,2024-04-26 01:00:00,2024,4
В,2.0,н/о,,н/о,12.1,7.7,74,11.0,11.0,тепло,1024.3,1019.7,,,,,,2024-04-26 00:00:00,2024-04-26 04:00:00,2024,4
ЮВ,2.0,н/о,,н/о,11.3,7.5,77,10.0,10.0,тепло,1025.3,1020.7,8.8,,,,,2024-04-26 03:00:00,2024-04-26 07:00:00,2024,4
В,2.0,н/о,,н/о,13.0,8.7,75,12.0,12.0,тепло,1026.0,1021.4,,,,,,2024-04-26 06:00:00,2024-04-26 10:00:00,2024,4
СВ,2.0,н/о,,н/о,18.2,10.9,62,19.0,19.0,тепло,1024.8,1020.3,,,,,,2024-04-26 09:00:00,2024-04-26 13:00:00,2024,4
В,2.0,н/о,,н/о,22.4,10.5,47,24.0,24.0,комфорт,1023.4,1019.0,,,,,,2024-04-26 12:00:00,2024-04-26 16:00:00,2024,4
ЮВ,1.0,н/о,,н/о,20.3,11.8,58,23.0,23.0,комфорт,1022.9,1018.4,,22.7,,,,2024-04-26 15:00:00,2024-04-26 19:00:00,2024,4
Ю,2.0,н/о,,н/о,16.6,12.3,76,17.0,17.0,тепло,1023.2,1018.7,,,,,,2024-04-26 21:00:00,2024-04-27 01:00:00,2024,4
Ю,3.0,н/о,,н/о,17.4,13.2,76,17.0,17.0,тепло,1022.8,1018.3,,,,,,2024-04-27 00:00:00,2024-04-27 04:00:00,2024,4
Ю,3.0,н/о,,н/о,17.3,12.5,73,17.0,17.0,тепло,1023.6,1019.1,16.0,,,,,2024-04-27 03:00:00,2024-04-27 07:00:00,2024,4
Ю,3.0,н/о,,н/о,23.5,11.3,46,25.0,25.0,комфорт,1023.5,1019.1,,,,,,2024-04-27 06:00:00,2024-04-27 10:00:00,2024,4
Ю,,н/о,,н/о,27.0,6.9,28,27.0,27.0,жарко,1022.5,1018.1,,,,,,2024-04-27 09:00:00,2024-04-27 13:00:00,2024,4
ЮЗ,,н/о,,н/о,28.4,5.8,24,27.0,27.0,жарко,1021.2,1016.8,,,,,,2024-04-27 12:00:00,2024-04-27 16:00:00,2024,4
Ю,,н/о,,н/о,26.7,8.1,31,27.0,27.0,жарко,1020.4,1016.0,,28.5,,,,2024-04-27 15:00:00,2024-04-27 19:00:00,2024,4
Ю,3.0,н/о,,н/о,23.2,10.7,45,25.0,25.0,комфорт,1020.9,1016.5,,,,,,2024-04-27 18:00:00,2024-04-27 22:00:00,2024,4
Ю,,н/о,,н/о,20.3,9.8,51,22.0,22.0,комфорт,1020.7,1016.2,,,,,,2024-04-27 21:00:00,2024-04-28 01:00:00,2024,4
ЮЗ,,н/о,,н/о,19.1,10.1,56,20.0,20.0,тепло,1021.0,1016.5,,,,,,2024-04-28 00:00:00,2024-04-28 04:00:00,2024,4
ЮЗ,3.0,н/о,,н/о,18.3,11.1,63,19.0,19.0,тепло,1021.5,1017.0,18.3,,,,,2024-04-28 03:00:00,2024-04-28 07:00:00,2024,4
З,1.0,н/о,,н/о,19.2,12.2,64,21.0,21.0,комфорт,1022.4,1017.9,18.0,,,,,2024-04-28 06:00:00,2024-04-28 10:00:00,2024,4
З,2.0,н/о,,н/о,22.9,13.2,54,26.0,26.0,жарко,1022.2,1017.8,,,,,,2024-04-28 09:00:00,2024-04-28 13:00:00,2024,4
З,1.0,н/о,,н/о,24.4,11.5,44,26.0,26.0,жарко,1021.8,1017.4,,,,,,2024-04-28 12:00:00,2024-04-28 16:00:00,2024,4
С,1.0,н/о,,н/о,21.6,13.1,58,24.0,24.0,комфорт,1021.5,1017.1,,25.7,,,,2024-04-28 15:00:00,2024-04-28 19:00:00,2024,4
С,1.0,н/о,,н/о,15.2,12.2,82,16.0,16.0,тепло,1022.3,1017.8,,,,,,2024-04-28 18:00:00,2024-04-28 22:00:00,2024,4
С,2.0,н/о,,н/о,13.6,10.0,79,13.0,13.0,тепло,1022.3,1017.7,,,,,,2024-04-28 21:00:00,2024-04-29 01:00:00,2024,4
С,3.0,н/о,,н/о,13.2,10.1,81,12.0,12.0,тепло,1022.0,1017.4,,,,,,2024-04-29 00:00:00,2024-04-29 04:00:00,2024,4
СВ,2.0,н/о,,н/о,12.0,11.0,94,11.0,11.0,тепло,1022.0,1017.4,11.7,,,,,2024-04-29 03:00:00,2024-04-29 07:00:00,2024,4
С,6.0,н/о,,н/о,13.5,11.3,87,11.0,11.0,тепло,1022.9,1018.3,,,,,,2024-04-29 06:00:00,2024-04-29 10:00:00,2024,4
С,,н/о,,н/о,11.6,10.5,93,9.0,9.0,тепло,1023.9,1019.3,,,,,,2024-04-29 09:00:00,2024-04-29 13:00:00,2024,4
СВ,,н/о,,н/о,10.6,10.3,98,7.0,7.0,по сезону,1024.4,1019.8,,,,,,2024-04-29 12:00:00,2024-04-29 16:00:00,2024,4
С,,н/о,,н/о,9.5,8.5,93,6.0,6.0,по сезону,1025.1,1020.5,,13.5,7.0,,,2024-04-29 15:00:00,2024-04-29 19:00:00,2024,4
С,3.0,н/о,,н/о,8.5,6.8,89,6.0,6.0,по сезону,1027.1,1022.4,,,,,,2024-04-29 18:00:00,2024-04-29 22:00:00,2024,4
С,2.0,н/о,,н/о,5.5,4.9,96,3.0,3.0,по сезону,1027.4,1022.7,,,,,,2024-04-29 21:00:00,2024-04-30 01:00:00,2024,4
СЗ,2.0,н/о,,н/о,1.6,1.6,100,-2.0,-2.0,холодно,1028.4,1023.6,,,,,,2024-04-30 00:00:00,2024-04-30 04:00:00,2024,4
СЗ,1.0,н/о,,н/о,5.5,5.5,100,4.0,4.0,прохладно,1029.2,1024.5,1.5,,,,,2024-04-30 03:00:00,2024-04-30 07:00:00,2024,4
СЗ,1.0,н/о,,н/о,12.0,4.1,58,12.0,12.0,по сезону,1028.9,1024.3,,,,,,2024-04-30 06:00:00,2024-04-30 10:00:00,2024,4
З,2.0,н/о,,н/о,16.8,7.1,53,17.0,17.0,тепло,1028.0,1023.4,,,,,,2024-04-30 09:00:00,2024-04-30 13:00:00,2024,4
СЗ,3.0,н/о,,н/о,18.4,6.3,45,19.0,19.0,тепло,1026.7,1022.2,,,,,,2024-04-30 12:00:00,2024-04-30 16:00:00,2024,4
СЗ,1.0,н/о,,н/о,17.4,6.0,47,18.0,18.0,тепло,1025.4,1020.9,,18.6,,,,2024-04-30 15:00:00,2024-04-30 19:00:00,2024,4
ЮЗ,2.0,н/о,,н/о,14.7,4.9,52,15.0,15.0,тепло,1023.6,1019.0,,,,,,2024-04-30 18:00:00,2024-04-30 22:00:00,2024,4
ЮЗ,,н/о,,н/о,14.8,5.8,55,14.0,14.0,тепло,1021.3,1016.7,,,,,,2024-04-30 21:00:00,2024-05-01 01:00:00,2024,4
ЮЗ,4.0,н/о,,н/о,13.2,6.4,63,12.0,12.0,тепло,1018.7,1014.1,,,,,,2024-05-01 00:00:00,2024-05-01 04:00:00,2024,5
З,3.0,н/о,,н/о,13.4,6.2,62,12.0,12.0,тепло,1017.1,1012.6,11.6,,,,,2024-05-01 03:00:00,2024-05-01 07:00:00,2024,5
З,4.0,н/о,,н/о,16.2,6.6,53,16.0,16.0,тепло,1015.9,1011.4,,,,,,2024-05-01 06:00:00,2024-05-01 10:00:00,2024,5
СЗ,,н/о,,н/о,16.8,5.9,49,16.0,16.0,тепло,1014.6,1010.1,,,,,,2024-05-01 09:00:00,2024-05-01 13:00:00,2024,5
СЗ,,н/о,,н/о,17.5,4.2,41,17.0,17.0,по сезону,1013.1,1008.6,,,,,,2024-05-01 12:00:00,2024-05-01 16:00:00,2024,5
СЗ,,н/о,,н/о,13.8,4.1,52,13.0,13.0,по сезону,1013.1,1008.6,,18.4,,,,2024-05-01 15:00:00,2024-05-01 19:00:00,2024,5
СЗ,2.0,н/о,,н/о,10.9,3.1,59,10.0,10.0,по сезону,1014.1,1009.5,,,,,,2024-05-01 18:00:00,2024-05-01 22:00:00,2024,5
СЗ,2.0,н/о,,н/о,7.2,4.6,84,5.0,5.0,по сезону,1014.5,1009.8,,,,,,2024-05-01 21:00:00,2024-05-02 01:00:00,2024,5
С,2.0,н/о,,н/о,8.1,6.2,88,6.0,6.0,по сезону,1014.4,1009.8,,,,,,2024-05-02 00:00:00,2024-05-02 04:00:00,2024,5
СЗ,2.0,н/о,,н/о,8.4,5.9,84,7.0,7.0,по сезону,1014.2,1009.6,5.5,,,,,2024-05-02 03:00:00,2024-05-02 07:00:00,2024,5
СЗ,2.0,н/о,,н/о,11.2,5.6,68,10.0,10.0,прохладно,1013.5,1008.9,,,,,,2024-05-02 06:00:00,2024-05-02 10:00:00,2024,5
СЗ,2.0,н/о,,н/о,12.8,2.6,50,12.0,12.0,прохладно,1012.1,1007.5,,,,,,2024-05-02 09:00:00,2024-05-02 13:00:00,2024,5
СЗ,3.0,н/о,,н/о,13.1,4.5,56,12.0,12.0,холодно,1010.9,1006.3,,,,,,2024-05-02 12:00:00,2024-05-02 16:00:00,2024,5
СЗ,4.0,н/о,,н/о,11.1,0.6,48,9.0,9.0,прохладно,1009.9,1005.3,,13.8,,,,2024-05-02 15:00:00,2024-05-02 19:00:00,2024,5
С,2.0,н/о,,н/о,5.5,0.7,71,3.0,3.0,холодно,1010.2,1005.5,,,,,,2024-05-02 18:00:00,2024-05-02 22:00:00,2024,5
С,3.0,н/о,,н/о,6.1,-1.8,57,3.0,3.0,прохладно,1009.9,1005.3,,,,,,2024-05-02 21:00:00,2024-05-03 01:00:00,2024,5
СЗ,2.0,н/о,,н/о,5.2,-0.9,65,3.0,3.0,холодно,1007.0,1002.4,3.6,,,,,2024-05-03 03:00:00,2024-05-03 07:00:00,2024,5
З,2.0,н/о,,н/о,7.7,-2.1,50,6.0,6.0,холодно,1005.7,1001.1,,,,,,2024-05-03 06:00:00,2024-05-03 10:00:00,2024,5
СЗ,,н/о,,н/о,6.7,1.7,70,3.0,3.0,очень  холодно,1005.1,1000.4,,,,,,2024-05-03 09:00:00,2024-05-03 13:00:00,2024,5
СЗ,,н/о,,н/о,3.0,0.0,81,-3.0,-3.0,очень  холодно,1006.6,1001.9,,,,,,2024-05-03 12:00:00,2024-05-03 16:00:00,2024,5
СЗ,,н/о,,н/о,1.2,-1.1,85,-5.0,-5.0,очень  холодно,1007.2,1002.5,,9.3,0.3,,,2024-05-03 15:00:00,2024-05-03 19:00:00,2024,5
СЗ,,н/о,,н/о,2.3,0.7,89,-4.0,-4.0,очень  холодно,1007.6,1002.9,,,,,,2024-05-03 18:00:00,2024-05-03 22:00:00,2024,5
С,,н/о,,н/о,2.5,0.0,84,-3.0,-3.0,очень  холодно,1008.8,1004.1,,,,,,2024-05-03 21:00:00,2024-05-04 01:00:00,2024,5
С,4.0,н/о,,н/о,1.1,-1.8,81,-4.0,-4.0,очень  холодно,1009.6,1004.9,,,,,,2024-05-04 00:00:00,2024-05-04 04:00:00,2024,5
СЗ,4.0,н/о,,н/о,2.2,-4.6,61,-2.0,-2.0,очень  холодно,1010.8,1006.1,-0.5,,0.5,,,2024-05-04 03:00:00,2024-05-04 07:00:00,2024,5
С,4.0,н/о,,н/о,5.0,-5.8,46,2.0,2.0,очень  холодно,1011.4,1006.7,,,,,,2024-05-04 06:00:00,2024-05-04 10:00:00,2024,5
СЗ,,н/о,,н/о,5.4,-5.5,45,2.0,2.0,очень  холодно,1011.8,1007.1,,,,,,2024-05-04 09:00:00,2024-05-04 13:00:00,2024,5
СЗ,4.0,н/о,,н/о,8.2,-7.8,31,6.0,6.0,очень  холодно,1011.3,1006.7,,,,,,2024-05-04 12:00:00,2024-05-04 16:00:00,2024,5
СЗ,,н/о,,н/о,7.7,-7.8,32,7.0,7.0,холодно,1010.8,1006.2,,8.6,,,,2024-05-04 15:00:00,2024-05-04 19:00:00,2024,5
ЮВ,2.0,н/о,,н/о,1.8,-4.0,65,-1.0,-1.0,очень  холодно,1011.5,1006.8,,,,,,2024-05-04 18:00:00,2024-05-04 22:00:00,2024,5
ЮВ,1.0,н/о,,н/о,-2.4,-3.6,91,-5.0,-5.0,очень  холодно,1011.5,1006.7,,,,,,2024-05-04 21:00:00,2024-05-05 01:00:00,2024,5
ЮВ,2.0,н/о,,н/о,-1.1,-3.4,84,-5.0,-5.0,очень  холодно,1011.2,1006.4,,,,,,2024-05-05 00:00:00,2024-05-05 04:00:00,2024,5
ЮВ,1.0,н/о,,н/о,4.5,-1.2,66,4.0,4.0,холодно,1011.0,1006.4,-2.4,,,,,2024-05-05 03:00:00,2024-05-05 07:00:00,2024,5
ЮЗ,2.0,н/о,,н/о,11.1,-7.1,27,11.0,11.0,прохладно,1010.7,1006.1,,,,,,2024-05-05 06:00:00,2024-05-05 10:00:00,2024,5
ЮЗ,3.0,н/о,,н/о,14.0,-7.1,22,13.0,13.0,прохладно,1009.2,1004.6,,,,,,2024-05-05 09:00:00,2024-05-05 13:00:00,2024,5
ЮЗ,,н/о,,н/о,15.0,-7.0,21,14.0,14.0,прохладно,1006.8,1002.3,,,,,,2024-05-05 12:00:00,2024-05-05 16:00:00,2024,5
ЮЗ,,н/о,,н/о,11.9,-3.5,34,10.0,10.0,прохладно,1006.9,1002.3,,15.7,,,,2024-05-05 15:00:00,2024-05-05 19:00:00,2024,5
Ю,,н/о,,н/о,13.5,-4.7,28,12.0,12.0,по сезону,1003.4,998.9,,,,,,2024-05-05 18:00:00,2024-05-05 22:00:00,2024,5
ЮЗ,,н/о,,н/о,12.7,-5.5,28,11.0,11.0,тепло,1002.5,997.9,,,,,,2024-05-05 21:00:00,2024-05-06 01:00:00,2024,5
ЮЗ,,н/о,,н/о,7.1,6.5,96,4.0,4.0,по сезону,1003.8,999.2,,,,,,2024-05-06 00:00:00,2024-05-06 04:00:00,2024,5
ЮЗ,3.0,н/о,,н/о,8.7,7.2,90,6.0,6.0,по сезону,1004.6,1000.0,7.0,,2.0,,,2024-05-06 03:00:00,2024-05-06 07:00:00,2024,5
З,,н/о,,н/о,9.2,3.4,67,7.0,7.0,прохладно,1006.5,1001.9,,,,,,2024-05-06 06:00:00,2024-05-06 10:00:00,2024,5
З,,н/о,,н/о,9.9,2.3,59,8.0,8.0,холодно,1008.4,1003.8,,,,,,2024-05-06 09:00:00,2024-05-06 13:00:00,2024,5
СЗ,,н/о,,н/о,11.3,1.4,51,9.0,9.0,холодно,1010.1,1005.5,,,,,,2024-05-06 12:00:00,2024-05-06 16:00:00,2024,5
СЗ,,н/о,,н/о,10.6,-1.4,43,9.0,9.0,прохладно,1011.7,1007.2,,11.9,0.3,,,2024-05-06 15:00:00,2024-05-06 19:00:00,2024,5
Ю,1.0,н/о,,н/о,3.3,1.2,86,2.0,2.0,очень  холодно,1013.5,1008.8,,,,,,2024-05-06 18:00:00,2024-05-06 22:00:00,2024,5
Ю,2.0,н/о,,н/о,5.1,0.6,73,3.0,3.0,прохладно,1014.1,1009.4,,,,,,2024-05-06 21:00:00,2024-05-07 01:00:00,2024,5
Ю,1.0,н/о,,н/о,5.0,-0.2,69,4.0,4.0,по сезону,1014.2,1009.5,,,,,,2024-05-07 00:00:00,2024-05-07 04:00:00,2024,5
Ю,2.0,н/о,,н/о,6.4,1.4,70,4.0,4.0,прохладно,1015.4,1010.7,1.9,,,,,2024-05-07 03:00:00,2024-05-07 07:00:00,2024,5
Ю,3.0,н/о,,н/о,8.6,2.7,66,6.0,6.0,прохладно,1013.8,1009.2,,,,,,2024-05-07 06:00:00,2024-05-07 10:00:00,2024,5
ЮВ,1.0,н/о,,н/о,11.8,7.3,74,12.0,12.0,по сезону,1010.2,1005.6,,,,,,2024-05-07 09:00:00,2024-05-07 13:00:00,2024,5
СЗ,,н/о,,н/о,18.9,9.7,55,20.0,20.0,тепло,1006.8,1002.4,,,,,,2024-05-07 12:00:00,2024-05-07 16:00:00,2024,5
ЮВ,,н/о,,н/о,16.1,13.5,85,17.0,17.0,тепло,1005.9,1001.5,,23.6,,,,2024-05-07 15:00:00,2024-05-07 19:00:00,2024,5
Ю,,н/о,,н/о,19.6,3.0,33,20.0,20.0,тепло,1006.5,1002.1,,,,,,2024-05-07 18:00:00,2024-05-07 22:00:00,2024,5
Ю,,н/о,,н/о,17.3,1.2,34,17.0,17.0,тепло,1005.1,1000.6,,,,,,2024-05-07 21:00:00,2024-05-08 01:00:00,2024,5
Ю,,н/о,,н/о,15.5,1.5,39,15.0,15.0,тепло,1003.7,999.2,,,,,,2024-05-08 00:00:00,2024-05-08 04:00:00,2024,5
Ю,3.0,н/о,,н/о,15.3,3.7,46,15.0,15.0,тепло,1002.7,998.2,14.5,,0.3,,,2024-05-08 03:00:00,2024-05-08 07:00:00,2024,5
З,4.0,н/о,,н/о,17.3,7.9,54,17.0,17.0,тепло,1002.8,998.4,,,,,,2024-05-08 06:00:00,2024-05-08 10:00:00,2024,5
СЗ,4.0,н/о,,н/о,12.6,7.2,70,11.0,11.0,по сезону,1004.2,999.6,,,,,,2024-05-08 09:00:00,2024-05-08 13:00:00,2024,5
СЗ,,н/о,,н/о,12.4,1.4,47,10.0,10.0,по сезону,1005.4,1000.8,,,,,,2024-05-08 12:00:00,2024-05-08 16:00:00,2024,5
СЗ,,н/о,,н/о,9.8,-1.6,45,7.0,7.0,по сезону,1007.1,1002.6,,18.0,,,,2024-05-08 15:00:00,2024-05-08 19:00:00,2024,5
СЗ,2.0,н/о,,н/о,6.2,-0.9,60,4.0,4.0,прохладно,1009.0,1004.4,,,,,,2024-05-08 18:00:00,2024-05-08 22:00:00,2024,5
СЗ,2.0,н/о,,н/о,4.5,-2.8,59,2.0,2.0,прохладно,1009.6,1005.0,,,,,,2024-05-08 21:00:00,2024-05-09 01:00:00,2024,5
З,3.0,н/о,,н/о,3.4,-1.3,71,-0.0,-0.0,по сезону,1010.7,1006.0,,,,,,2024-05-09 00:00:00,2024-05-09 04:00:00,2024,5
З,3.0,н/о,,н/о,4.0,-0.6,72,1.0,1.0,прохладно,1011.2,1006.5,2.8,,,,,2024-05-09 03:00:00,2024-05-09 07:00:00,2024,5
З,3.0,н/о,,н/о,3.5,-0.9,73,-0.0,-0.0,холодно,1011.9,1007.2,,,,,,2024-05-09 06:00:00,2024-05-09 10:00:00,2024,5
З,,н/о,,н/о,4.2,2.7,90,0.0,0.0,очень  холодно,1011.3,1006.6,,,,,,2024-05-09 09:00:00,2024-05-09 13:00:00,2024,5
СЗ,2.0,н/о,,н/о,6.1,-0.0,65,4.0,4.0,холодно,1012.5,1007.9,,,,,,2024-05-09 12:00:00,2024-05-09 16:00:00,2024,5
З,,н/о,,н/о,5.2,-3.8,52,3.0,3.0,прохладно,1014.6,1009.9,,7.4,0.8,,,2024-05-09 15:00:00,2024-05-09 19:00:00,2024,5
З,3.0,н/о,,н/о,3.7,-3.1,61,0.0,0.0,холодно,1016.2,1011.5,,,,,,2024-05-09 18:00:00,2024-05-09 22:00:00,2024,5
ЮЗ,2.0,н/о,,н/о,1.2,-1.3,83,-2.0,-2.0,холодно,1017.3,1012.5,,,,,,2024-05-09 21:00:00,2024-05-10 01:00:00,2024,5
ЮЗ,2.0,н/о,,н/о,0.2,-1.7,87,-3.0,-3.0,очень  холодно,1017.8,1013.0,,,,,,2024-05-10 00:00:00,2024-05-10 04:00:00,2024,5
ЮЗ,3.0,н/о,,н/о,1.7,-1.5,79,-2.0,-2.0,очень  холодно,1018.4,1013.7,0.1,,,,,2024-05-10 03:00:00,2024-05-10 07:00:00,2024,5
З,4.0,н/о,,н/о,5.2,-2.5,58,2.0,2.0,очень  холодно,1018.6,1013.9,,,,,,2024-05-10 06:00:00,2024-05-10 10:00:00,2024,5
З,,н/о,,н/о,8.3,-4.9,39,6.0,6.0,очень  холодно,1017.5,1012.9,,,,,,2024-05-10 09:00:00,2024-05-10 13:00:00,2024,5
ЮЗ,,н/о,,н/о,11.4,-6.8,27,10.0,10.0,очень  холодно,1016.0,1011.4,,,,,,2024-05-10 12:00:00,2024-05-10 16:00:00,2024,5
ЮЗ,,н/о,,н/о,11.0,-7.6,26,9.0,9.0,холодно,1015.2,1010.6,,11.7,0.3,,,2024-05-10 15:00:00,2024-05-10 19:00:00,2024,5
ЮЗ,,н/о,,н/о,8.4,-7.1,33,7.0,7.0,холодно,1015.2,1010.6,,,,,,2024-05-10 18:00:00,2024-05-10 22:00:00,2024,5
Ю,3.0,н/о,,н/о,6.8,-7.3,36,5.0,5.0,прохладно,1014.1,1009.5,,,,,,2024-05-10 21:00:00,2024-05-11 01:00:00,2024,5
Ю,3.0,н/о,,н/о,7.9,-7.8,32,6.0,6.0,по сезону,1012.9,1008.3,,,,,,2024-05-11 00:00:00,2024-05-11 04:00:00,2024,5
ЮЗ,3.0,н/о,,н/о,9.7,-5.4,34,8.0,8.0,по сезону,1011.8,1007.2,6.3,,,,,2024-05-11 03:00:00,2024-05-11 07:00:00,2024,5
ЮЗ,2.0,н/о,,н/о,11.0,-0.1,46,10.0,10.0,прохладно,1011.2,1006.6,,,,,,2024-05-11 06:00:00,2024-05-11 10:00:00,2024,5
Ю,,н/о,,н/о,11.9,3.0,54,10.0,10.0,холодно,1010.3,1005.7,,,,,,2024-05-11 09:00:00,2024-05-11 13:00:00,2024,5
ЮЗ,,н/о,,н/о,10.9,9.2,89,9.0,9.0,очень  холодно,1009.9,1005.3,,,,,,2024-05-11 12:00:00,2024-05-11 16:00:00,2024,5
Ю,,н/о,,н/о,12.1,8.6,79,11.0,11.0,прохладно,1008.7,1004.2,,12.9,1.0,,,2024-05-11 15:00:00,2024-05-11 19:00:00,2024,5
Ю,3.0,н/о,,н/о,12.8,5.2,60,12.0,12.0,по сезону,1007.3,1002.8,,,,,,2024-05-11 18:00:00,2024-05-11 22:00:00,2024,5
ЮЗ,2.0,н/о,,н/о,12.4,3.3,54,12.0,12.0,тепло,1006.2,1001.7,,,,,,2024-05-11 21:00:00,2024-05-12 01:00:00,2024,5
З,2.0,н/о,,н/о,11.9,5.8,66,11.0,11.0,тепло,1005.7,1001.1,,,,,,2024-05-12 00:00:00,2024-05-12 04:00:00,2024,5
С,2.0,н/о,,н/о,9.8,7.2,84,8.0,8.0,по сезону,1007.0,1002.4,8.4,,,,,2024-05-12 03:00:00,2024-05-12 07:00:00,2024,5
С,4.0,н/о,,н/о,9.5,6.0,79,7.0,7.0,холодно,1008.2,1003.6,,,,,,2024-05-12 06:00:00,2024-05-12 10:00:00,2024,5
СВ,,н/о,,н/о,7.6,4.6,81,4.0,4.0,очень  холодно,1009.7,1005.1,,,,,,2024-05-12 09:00:00,2024-05-12 13:00:00,2024,5
СВ,5.0,н/о,,н/о,8.4,2.0,64,5.0,5.0,очень  холодно,1009.7,1005.1,,,,,,2024-05-12 12:00:00,2024-05-12 16:00:00,2024,5
С,,н/о,,н/о,8.6,0.6,57,5.0,5.0,очень  холодно,1009.9,1005.3,,10.1,,,,2024-05-12 15:00:00,2024-05-12 19:00:00,2024,5
С,,н/о,,н/о,7.8,-1.5,52,5.0,5.0,холодно,1011.3,1006.6,,,,,,2024-05-12 18:00:00,2024-05-12 22:00:00,2024,5
С,,н/о,,н/о,6.4,-1.9,55,3.0,3.0,холодно,1010.6,1005.9,,,,,,2024-05-12 21:00:00,2024-05-13 01:00:00,2024,5
С,4.0,н/о,,н/о,5.0,-2.2,60,1.0,1.0,прохладно,1011.0,1006.3,,,,,,2024-05-13 00:00:00,2024-05-13 04:00:00,2024,5
С,4.0,н/о,,н/о,5.0,-1.6,62,1.0,1.0,очень  холодно,1012.5,1007.8,2.9,,,,,2024-05-13 03:00:00,2024-05-13 07:00:00,2024,5
С,,н/о,,н/о,9.1,-4.5,38,6.0,6.0,очень  холодно,1013.1,1008.5,,,,,,2024-05-13 06:00:00,2024-05-13 10:00:00,2024,5
С,,н/о,,н/о,12.0,-4.5,31,10.0,10.0,холодно,1013.2,1008.6,,,,,,2024-05-13 09:00:00,2024-05-13 13:00:00,2024,5
С,,н/о,,н/о,12.7,-4.8,29,11.0,11.0,холодно,1013.7,1009.2,,,,,,2024-05-13 12:00:00,2024-05-13 16:00:00,2024,5
С,,н/о,,н/о,10.4,-4.8,34,8.0,8.0,холодно,1015.2,1010.6,,13.3,,,,2024-05-13 15:00:00,2024-05-13 19:00:00,2024,5
С,2.0,н/о,,н/о,6.1,-2.7,53,4.0,4.0,холодно,1017.1,1012.4,,,,,,2024-05-13 18:00:00,2024-05-13 22:00:00,2024,5
З,1.0,н/о,,н/о,3.5,-0.3,76,2.0,2.0,холодно,1017.7,1012.9,,,,,,2024-05-13 21:00:00,2024-05-14 01:00:00,2024,5
штиль,0.0,н/о,,н/о,-1.0,-1.8,94,-2.0,-2.0,очень  холодно,1018.7,1013.9,,,,,,2024-05-14 00:00:00,2024-05-14 04:00:00,2024,5
штиль,0.0,н/о,,н/о,3.9,0.3,77,3.0,3.0,холодно,1019.5,1014.7,-1.7,,,,,2024-05-14 03:00:00,2024-05-14 07:00:00,2024,5
СВ,2.0,н/о,,н/о,10.9,-4.4,34,10.0,10.0,прохладно,1019.9,1015.3,,,,,,2024-05-14 06:00:00,2024-05-14 10:00:00,2024,5
СЗ,3.0,н/о,,н/о,11.4,-4.2,33,10.0,10.0,холодно,1020.0,1015.4,,,,,,2024-05-14 09:00:00,2024-05-14 13:00:00,2024,5
С,3.0,н/о,,н/о,12.6,-3.2,33,12.0,12.0,холодно,1020.0,1015.4,,,,,,2024-05-14 12:00:00,2024-05-14 16:00:00,2024,5
С,2.0,н/о,,н/о,11.3,-3.8,34,11.0,11.0,прохладно,1020.6,1015.9,,13.1,,,,2024-05-14 15:00:00,2024-05-14 19:00:00,2024,5
СЗ,2.0,н/о,,н/о,5.8,-3.1,53,4.0,4.0,холодно,1022.1,1017.4,,,,,,2024-05-14 18:00:00,2024-05-14 22:00:00,2024,5
СЗ,2.0,н/о,,н/о,1.4,-3.2,71,-2.0,-2.0,очень  холодно,1022.9,1018.2,,,,,,2024-05-14 21:00:00,2024-05-15 01:00:00,2024,5
СЗ,1.0,н/о,,н/о,-0.4,-2.0,89,-3.0,-3.0,очень  холодно,1024.0,1019.2,,,,,,2024-05-15 00:00:00,2024-05-15 04:00:00,2024,5
С,2.0,н/о,,н/о,5.1,1.2,76,3.0,3.0,холодно,1025.0,1020.3,-1.6,,,,,2024-05-15 03:00:00,2024-05-15 07:00:00,2024,5
С,5.0,н/о,,н/о,10.1,-4.6,35,8.0,8.0,холодно,1025.5,1020.8,,,,,,2024-05-15 06:00:00,2024-05-15 10:00:00,2024,5
СВ,,н/о,,н/о,12.5,-4.4,30,11.0,11.0,холодно,1025.1,1020.5,,,,,,2024-05-15 09:00:00,2024-05-15 13:00:00,2024,5
СВ,3.0,н/о,,н/о,14.1,-4.4,27,13.0,13.0,холодно,1024.4,1019.8,,,,,,2024-05-15 12:00:00,2024-05-15 16:00:00,2024,5
С,3.0,н/о,,н/о,12.8,-3.9,31,12.0,12.0,прохладно,1024.3,1019.7,,14.1,,,,2024-05-15 15:00:00,2024-05-15 19:00:00,2024,5
З,1.0,н/о,,н/о,3.7,-0.9,72,3.0,3.0,очень  холодно,1025.1,1020.3,,,,,,2024-05-15 18:00:00,2024-05-15 22:00:00,2024,5
З,1.0,н/о,,н/о,1.4,-1.0,84,-0.0,-0.0,очень  холодно,1025.1,1020.3,,,,,,2024-05-15 21:00:00,2024-05-16 01:00:00,2024,5
СЗ,1.0,н/о,,н/о,-0.6,-1.6,93,-3.0,-3.0,очень  холодно,1025.2,1020.4,,,,,,2024-05-16 00:00:00,2024-05-16 04:00:00,2024,5
СЗ,1.0,н/о,,н/о,4.7,3.2,90,3.0,3.0,холодно,1025.6,1020.9,-0.8,,,,,2024-05-16 03:00:00,2024-05-16 07:00:00,2024,5
СВ,3.0,н/о,,н/о,13.7,-2.8,32,13.0,13.0,по сезону,1024.5,1019.9,,,,,,2024-05-16 06:00:00,2024-05-16 10:00:00,2024,5
СВ,2.0,н/о,,н/о,16.7,-3.1,26,17.0,17.0,тепло,1022.8,1018.3,,,,,,2024-05-16 09:00:00,2024-05-16 13:00:00,2024,5
С,2.0,н/о,,н/о,17.4,-1.3,28,18.0,18.0,тепло,1020.9,1016.4,,,,,,2024-05-16 12:00:00,2024-05-16 16:00:00,2024,5
СЗ,1.0,н/о,,н/о,16.4,1.4,36,17.0,17.0,тепло,1019.3,1014.7,,17.9,,,,2024-05-16 15:00:00,2024-05-16 19:00:00,2024,5
З,1.0,н/о,,н/о,10.4,3.4,62,10.0,10.0,по сезону,1019.0,1014.3,,,,,,2024-05-16 18:00:00,2024-05-16 22:00:00,2024,5
штиль,0.0,н/о,,н/о,5.5,1.3,74,5.0,5.0,по сезону,1018.2,1013.5,,,,,,2024-05-16 21:00:00,2024-05-17 01:00:00,2024,5
ЮВ,1.0,н/о,,н/о,4.8,3.3,90,3.0,3.0,по сезону,1017.2,1012.5,,,,,,2024-05-17 00:00:00,2024-05-17 04:00:00,2024,5
ЮВ,1.0,н/о,,н/о,7.6,3.2,74,7.0,7.0,по сезону,1016.6,1011.9,3.2,,,,,2024-05-17 03:00:00,2024-05-17 07:00:00,2024,5
З,1.0,н/о,,н/о,14.7,0.9,39,15.0,15.0,тепло,1015.9,1011.4,,,,,,2024-05-17 06:00:00,2024-05-17 10:00:00,2024,5
З,2.0,н/о,,н/о,18.9,-0.6,27,20.0,20.0,тепло,1014.7,1010.2,,,,,,2024-05-17 09:00:00,2024-05-17 13:00:00,2024,5
З,2.0,н/о,,н/о,20.7,-0.8,24,21.0,21.0,комфорт,1014.2,1009.7,,,,,,2024-05-17 12:00:00,2024-05-17 16:00:00,2024,5
СЗ,2.0,н/о,,н/о,19.0,0.5,29,20.0,20.0,тепло,1013.6,1009.1,,20.8,,,,2024-05-17 15:00:00,2024-05-17 19:00:00,2024,5
ЮЗ,1.0,н/о,,н/о,10.0,3.5,64,10.0,10.0,по сезону,1014.3,1009.7,,,,,,2024-05-17 18:00:00,2024-05-17 22:00:00,2024,5
штиль,0.0,н/о,,н/о,7.7,4.7,81,7.0,7.0,по сезону,1014.4,1009.8,,,,,,2024-05-17 21:00:00,2024-05-18 01:00:00,2024,5
Ю,1.0,н/о,,н/о,7.3,5.4,88,6.0,6.0,по сезону,1014.0,1009.4,,,,,,2024-05-18 00:00:00,2024-05-18 04:00:00,2024,5
штиль,0.0,н/о,,н/о,9.4,7.0,85,9.0,9.0,тепло,1014.2,1009.5,6.6,,,,,2024-05-18 03:00:00,2024-05-18 07:00:00,2024,5
СЗ,2.0,н/о,,н/о,15.5,7.3,58,15.0,15.0,тепло,1014.1,1009.6,,,,,,2024-05-18 06:00:00,2024-05-18 10:00:00,2024,5
С,4.0,н/о,,н/о,19.4,6.5,43,20.0,20.0,тепло,1014.2,1009.8,,,,,,2024-05-18 09:00:00,2024-05-18 13:00:00,2024,5
С,5.0,н/о,,н/о,16.9,7.6,54,16.0,16.0,тепло,1014.9,1010.4,,,,,,2024-05-18 12:00:00,2024-05-18 16:00:00,2024,5
С,,н/о,,н/о,13.8,8.7,71,13.0,13.0,тепло,1015.7,1011.2,,19.9,,,,2024-05-18 15:00:00,2024-05-18 19:00:00,2024,5
С,3.0,н/о,,н/о,12.6,7.2,70,11.0,11.0,тепло,1016.6,1012.0,,,,,,2024-05-18 18:00:00,2024-05-18 22:00:00,2024,5
С,3.0,н/о,,н/о,11.7,5.5,66,10.0,10.0,тепло,1017.0,1012.4,,,,,,2024-05-18 21:00:00,2024-05-19 01:00:00,2024,5
С,1.0,н/о,,н/о,7.1,2.7,74,6.0,6.0,тепло,1017.6,1012.9,,,,,,2024-05-19 00:00:00,2024-05-19 04:00:00,2024,5
С,3.0,н/о,,н/о,8.9,3.9,71,7.0,7.0,по сезону,1018.7,1014.1,5.1,,,,,2024-05-19 03:00:00,2024-05-19 07:00:00,2024,5
СВ,4.0,н/о,,н/о,13.5,1.1,43,12.0,12.0,тепло,1018.9,1014.3,,,,,,2024-05-19 06:00:00,2024-05-19 10:00:00,2024,5
СВ,,н/о,,н/о,16.3,-0.8,31,16.0,16.0,тепло,1018.1,1013.6,,,,,,2024-05-19 09:00:00,2024-05-19 13:00:00,2024,5
С,,н/о,,н/о,18.4,-1.9,25,18.0,18.0,тепло,1017.1,1012.6,,,,,,2024-05-19 12:00:00,2024-05-19 16:00:00,2024,5
С,5.0,н/о,,н/о,17.7,-2.6,25,17.0,17.0,тепло,1016.3,1011.8,,18.6,,,,2024-05-19 15:00:00,2024-05-19 19:00:00,2024,5
СЗ,2.0,н/о,,н/о,7.9,1.0,62,6.0,6.0,по сезону,1017.1,1012.5,,,,,,2024-05-19 18:00:00,2024-05-19 22:00:00,2024,5
З,1.0,н/о,,н/о,5.2,0.8,73,4.0,4.0,по сезону,1017.8,1013.1,,,,,,2024-05-19 21:00:00,2024-05-20 01:00:00,2024,5
штиль,0.0,н/о,,н/о,1.8,0.4,90,1.0,1.0,холодно,1018.5,1013.7,,,,,,2024-05-20 00:00:00,2024-05-20 04:00:00,2024,5
СЗ,1.0,н/о,,н/о,9.3,4.7,73,9.0,9.0,по сезону,1019.2,1014.6,1.2,,,,,2024-05-20 03:00:00,2024-05-20 07:00:00,2024,5
СВ,1.0,н/о,,н/о,16.8,-0.3,31,18.0,18.0,тепло,1019.5,1015.0,,,,,,2024-05-20 06:00:00,2024-05-20 10:00:00,2024,5
В,2.0,н/о,,н/о,18.9,-2.5,23,19.0,19.0,тепло,1018.8,1014.3,,,,,,2024-05-20 09:00:00,2024-05-20 13:00:00,2024,5
СВ,2.0,н/о,,н/о,21.4,-1.0,22,21.0,21.0,комфорт,1017.6,1013.2,,,,,,2024-05-20 12:00:00,2024-05-20 16:00:00,2024,5
СЗ,2.0,н/о,,н/о,20.4,1.0,27,21.0,21.0,комфорт,1017.0,1012.5,,21.4,,,,2024-05-20 15:00:00,2024-05-20 19:00:00,2024,5
ЮВ,1.0,н/о,,н/о,11.5,3.6,58,12.0,12.0,по сезону,1017.4,1012.8,,,,,,2024-05-20 18:00:00,2024-05-20 22:00:00,2024,5
ЮВ,1.0,н/о,,н/о,5.8,3.8,87,5.0,5.0,прохладно,1017.7,1013.0,,,,,,2024-05-20 21:00:00,2024-05-21 01:00:00,2024,5
ЮВ,1.0,н/о,,н/о,4.9,2.6,85,4.0,4.0,прохладно,1017.7,1013.0,,,,,,2024-05-21 00:00:00,2024-05-21 04:00:00,2024,5
С,1.0,н/о,,н/о,13.7,5.1,56,14.0,14.0,тепло,1017.4,1012.8,2.4,,,,,2024-05-21 03:00:00,2024-05-21 07:00:00,2024,5
З,2.0,н/о,,н/о,20.8,4.3,34,22.0,22.0,комфорт,1017.3,1012.8,,,,,,2024-05-21 06:00:00,2024-05-21 10:00:00,2024,5
З,,н/о,,н/о,24.0,2.3,24,23.0,23.0,комфорт,1016.9,1012.5,,,,,,2024-05-21 09:00:00,2024-05-21 13:00:00,2024,5
З,3.0,н/о,,н/о,25.1,3.1,24,24.0,24.0,комфорт,1016.0,1011.6,,,,,,2024-05-21 12:00:00,2024-05-21 16:00:00,2024,5
З,2.0,н/о,,н/о,25.0,3.3,24,24.0,24.0,комфорт,1015.1,1010.8,,25.6,,,,2024-05-21 15:00:00,2024-05-21 19:00:00,2024,5
З,1.0,н/о,,н/о,15.3,7.6,60,16.0,16.0,тепло,1016.3,1011.7,,,,,,2024-05-21 18:00:00,2024-05-21 22:00:00,2024,5
ЮВ,2.0,н/о,,н/о,12.4,8.5,77,12.0,12.0,по сезону,1016.5,1011.9,,,,,,2024-05-21 21:00:00,2024-05-22 01:00:00,2024,5
штиль,0.0,н/о,,н/о,11.1,9.3,89,10.0,10.0,по сезону,1017.1,1012.5,,,,,,2024-05-22 00:00:00,2024-05-22 04:00:00,2024,5
штиль,0.0,н/о,,н/о,14.3,12.5,89,14.0,14.0,тепло,1017.4,1012.9,10.8,,,,,2024-05-22 03:00:00,2024-05-22 07:00:00,2024,5
С,3.0,н/о,,н/о,19.1,12.4,65,20.0,20.0,тепло,1018.2,1013.8,,,,,,2024-05-22 06:00:00,2024-05-22 10:00:00,2024,5
СВ,2.0,н/о,,н/о,22.5,10.6,47,24.0,24.0,комфорт,1018.4,1013.9,,,,,,2024-05-22 09:00:00,2024-05-22 13:00:00,2024,5
С,4.0,н/о,,н/о,19.0,11.9,63,20.0,20.0,по сезону,1018.6,1014.1,,,,,,2024-05-22 12:00:00,2024-05-22 16:00:00,2024,5
С,3.0,н/о,,н/о,20.2,5.0,37,21.0,21.0,комфорт,1017.8,1013.3,,22.9,0.8,,,2024-05-22 15:00:00,2024-05-22 19:00:00,2024,5
СЗ,1.0,н/о,,н/о,11.7,5.9,68,12.0,12.0,по сезону,1019.3,1014.7,,,,,,2024-05-22 18:00:00,2024-05-22 22:00:00,2024,5
СЗ,1.0,н/о,,н/о,6.5,3.3,80,6.0,6.0,прохладно,1019.5,1014.8,,,,,,2024-05-22 21:00:00,2024-05-23 01:00:00,2024,5
С,1.0,н/о,,н/о,6.9,3.4,78,6.0,6.0,по сезону,1020.5,1015.8,,,,,,2024-05-23 00:00:00,2024-05-23 04:00:00,2024,5
СВ,2.0,н/о,,н/о,11.3,4.4,62,10.0,10.0,прохладно,1022.2,1017.6,5.5,,,,,2024-05-23 03:00:00,2024-05-23 07:00:00,2024,5
СВ,4.0,н/о,,н/о,14.0,3.8,50,13.0,13.0,прохладно,1023.6,1019.0,,,,,,2024-05-23 06:00:00,2024-05-23 10:00:00,2024,5
С,,н/о,,н/о,16.5,-1.5,29,16.0,16.0,прохладно,1023.9,1019.4,,,,,,2024-05-23 09:00:00,2024-05-23 13:00:00,2024,5
С,,н/о,,н/о,17.2,-5.5,21,17.0,17.0,прохладно,1023.8,1019.2,,,,,,2024-05-23 12:00:00,2024-05-23 16:00:00,2024,5
СВ,,н/о,,н/о,15.2,-5.0,24,14.0,14.0,прохладно,1024.2,1019.6,,17.6,,,,2024-05-23 15:00:00,2024-05-23 19:00:00,2024,5
С,,н/о,,н/о,10.6,-3.5,37,9.0,9.0,прохладно,1026.6,1021.9,,,,,,2024-05-23 18:00:00,2024-05-23 22:00:00,2024,5
С,4.0,н/о,,н/о,8.2,-4.2,41,6.0,6.0,прохладно,1028.1,1023.4,,,,,,2024-05-23 21:00:00,2024-05-24 01:00:00,2024,5
С,2.0,н/о,,н/о,3.6,-2.5,64,1.0,1.0,холодно,1029.4,1024.6,,,,,,2024-05-24 00:00:00,2024-05-24 04:00:00,2024,5
С,3.0,н/о,,н/о,7.4,-2.1,51,5.0,5.0,очень  холодно,1030.8,1026.1,2.0,,,,,2024-05-24 03:00:00,2024-05-24 07:00:00,2024,5
С,5.0,н/о,,н/о,12.3,-5.6,28,11.0,11.0,холодно,1031.8,1027.1,,,,,,2024-05-24 06:00:00,2024-05-24 10:00:00,2024,5
С,6.0,н/о,,н/о,15.0,-5.8,23,14.0,14.0,холодно,1031.6,1027.0,,,,,,2024-05-24 09:00:00,2024-05-24 13:00:00,2024,5
СВ,,н/о,,н/о,16.8,-4.9,22,16.0,16.0,холодно,1030.5,1025.9,,,,,,2024-05-24 12:00:00,2024-05-24 16:00:00,2024,5
С,2.0,н/о,,н/о,16.5,-3.6,25,17.0,17.0,по сезону,1029.8,1025.2,,17.0,,,,2024-05-24 15:00:00,2024-05-24 19:00:00,2024,5
СЗ,2.0,н/о,,н/о,9.7,-1.2,47,9.0,9.0,холодно,1030.6,1026.0,,,,,,2024-05-24 18:00:00,2024-05-24 22:00:00,2024,5
штиль,0.0,н/о,,н/о,6.7,1.5,69,6.0,6.0,холодно,1030.5,1025.8,,,,,,2024-05-24 21:00:00,2024-05-25 01:00:00,2024,5
З,1.0,н/о,,н/о,10.6,0.6,50,11.0,11.0,тепло,1030.9,1026.2,,,,,,2024-05-25 00:00:00,2024-05-25 04:00:00,2024,5
З,3.0,н/о,,н/о,12.1,-1.7,38,11.0,11.0,по сезону,1030.5,1025.9,6.3,,,,,2024-05-25 03:00:00,2024-05-25 07:00:00,2024,5
З,2.0,н/о,,н/о,18.1,0.6,31,19.0,19.0,тепло,1029.7,1025.1,,,,,,2024-05-25 06:00:00,2024-05-25 10:00:00,2024,5
З,2.0,н/о,,н/о,22.3,1.5,25,22.0,22.0,комфорт,1027.9,1023.4,,,,,,2024-05-25 09:00:00,2024-05-25 13:00:00,2024,5
З,3.0,н/о,,н/о,23.8,1.9,24,23.0,23.0,комфорт,1025.4,1021.0,,,,,,2024-05-25 12:00:00,2024-05-25 16:00:00,2024,5
З,2.0,н/о,,н/о,23.9,1.7,23,23.0,23.0,комфорт,1023.5,1019.1,,24.3,,,,2024-05-25 15:00:00,2024-05-25 19:00:00,2024,5
ЮЗ,2.0,н/о,,н/о,18.1,3.6,38,19.0,19.0,тепло,1023.1,1018.5,,,,,,2024-05-25 18:00:00,2024-05-25 22:00:00,2024,5
З,1.0,н/о,,н/о,16.5,3.9,43,17.0,17.0,тепло,1022.4,1017.9,,,,,,2024-05-25 21:00:00,2024-05-26 01:00:00,2024,5
ЮЗ,2.0,н/о,,н/о,14.6,3.3,47,14.0,14.0,тепло,1021.6,1017.0,,,,,,2024-05-26 00:00:00,2024-05-26 04:00:00,2024,5
З,2.0,н/о,,н/о,15.5,3.7,45,16.0,16.0,тепло,1021.3,1016.7,13.3,,,,,2024-05-26 03:00:00,2024-05-26 07:00:00,2024,5
З,3.0,н/о,,н/о,21.7,4.6,33,22.0,22.0,комфорт,1020.0,1015.6,,,,,,2024-05-26 06:00:00,2024-05-26 10:00:00,2024,5
З,,н/о,,н/о,25.1,3.6,25,24.0,24.0,комфорт,1019.0,1014.6,,,,,,2024-05-26 09:00:00,2024-05-26 13:00:00,2024,5
С,,н/о,,н/о,25.1,7.9,33,25.0,25.0,комфорт,1018.5,1014.1,,,,,,2024-05-26 12:00:00,2024-05-26 16:00:00,2024,5
СВ,,н/о,,н/о,16.7,13.2,80,16.0,16.0,по сезону,1020.3,1015.8,,26.5,,,,2024-05-26 15:00:00,2024-05-26 19:00:00,2024,5
С,,н/о,,н/о,12.9,7.1,68,12.0,12.0,по сезону,1023.0,1018.5,,,,,,2024-05-26 18:00:00,2024-05-26 22:00:00,2024,5
СЗ,2.0,н/о,,н/о,8.4,2.3,65,7.0,7.0,прохладно,1024.5,1019.8,,,,,,2024-05-26 21:00:00,2024-05-27 01:00:00,2024,5
СЗ,1.0,н/о,,н/о,4.1,2.0,86,3.0,3.0,прохладно,1025.8,1021.0,,,,,,2024-05-27 00:00:00,2024-05-27 04:00:00,2024,5
СВ,3.0,н/о,,н/о,10.9,3.6,61,9.0,9.0,по сезону,1027.5,1022.9,2.7,,,,,2024-05-27 03:00:00,2024-05-27 07:00:00,2024,5
В,2.0,н/о,,н/о,13.9,2.3,45,14.0,14.0,по сезону,1028.7,1024.1,,,,,,2024-05-27 06:00:00,2024-05-27 10:00:00,2024,5
СВ,3.0,н/о,,н/о,16.2,0.2,34,16.0,16.0,по сезону,1029.0,1024.4,,,,,,2024-05-27 09:00:00,2024-05-27 13:00:00,2024,5
СВ,4.0,н/о,,н/о,17.6,-1.1,28,17.0,17.0,по сезону,1028.4,1023.9,,,,,,2024-05-27 12:00:00,2024-05-27 16:00:00,2024,5
СВ,3.0,н/о,,н/о,17.1,-1.6,28,17.0,17.0,тепло,1027.8,1023.3,,17.9,,,,2024-05-27 15:00:00,2024-05-27 19:00:00,2024,5
ЮЗ,1.0,н/о,,н/о,8.2,2.7,68,8.0,8.0,прохладно,1028.5,1023.8,,,,,,2024-05-27 18:00:00,2024-05-27 22:00:00,2024,5
Ю,1.0,н/о,,н/о,4.8,2.6,86,3.0,3.0,холодно,1029.3,1024.5,,,,,,2024-05-27 21:00:00,2024-05-28 01:00:00,2024,5
ЮВ,1.0,н/о,,н/о,2.4,1.3,92,1.0,1.0,прохладно,1029.4,1024.6,,,,,,2024-05-28 00:00:00,2024-05-28 04:00:00,2024,5
штиль,0.0,н/о,,н/о,11.2,5.7,69,11.0,11.0,тепло,1029.4,1024.8,1.8,,,,,2024-05-28 03:00:00,2024-05-28 07:00:00,2024,5
З,2.0,н/о,,н/о,17.9,0.3,30,18.0,18.0,тепло,1028.7,1024.1,,,,,,2024-05-28 06:00:00,2024-05-28 10:00:00,2024,5
ЮЗ,2.0,н/о,,н/о,21.1,-0.9,23,21.0,21.0,комфорт,1027.3,1022.9,,,,,,2024-05-28 09:00:00,2024-05-28 13:00:00,2024,5
З,2.0,н/о,,н/о,22.7,0.9,24,22.0,22.0,комфорт,1025.3,1020.9,,,,,,2024-05-28 12:00:00,2024-05-28 16:00:00,2024,5
З,1.0,н/о,,н/о,22.9,2.5,26,22.0,22.0,комфорт,1023.1,1018.6,,23.1,,,,2024-05-28 15:00:00,2024-05-28 19:00:00,2024,5
ЮЗ,2.0,н/о,,н/о,15.7,3.3,43,16.0,16.0,тепло,1022.2,1017.7,,,,,,2024-05-28 18:00:00,2024-05-28 22:00:00,2024,5
З,1.0,н/о,,н/о,16.3,2.1,38,17.0,17.0,тепло,1022.0,1017.5,,,,,,2024-05-28 21:00:00,2024-05-29 01:00:00,2024,5
С,1.0,н/о,,н/о,15.1,3.5,46,16.0,16.0,тепло,1021.2,1016.6,,,,,,2024-05-29 00:00:00,2024-05-29 04:00:00,2024,5
ЮЗ,1.0,н/о,,н/о,16.8,5.2,46,18.0,18.0,тепло,1020.5,1016.0,11.7,,,,,2024-05-29 03:00:00,2024-05-29 07:00:00,2024,5
З,2.0,н/о,,н/о,22.5,7.0,37,23.0,23.0,комфорт,1019.9,1015.5,,,,,,2024-05-29 06:00:00,2024-05-29 10:00:00,2024,5
З,3.0,н/о,,н/о,25.4,4.3,26,25.0,25.0,комфорт,1019.0,1014.7,,,,,,2024-05-29 09:00:00,2024-05-29 13:00:00,2024,5
З,3.0,н/о,,н/о,27.2,4.7,24,26.0,26.0,жарко,1017.5,1013.2,,,,,,2024-05-29 12:00:00,2024-05-29 16:00:00,2024,5
З,2.0,н/о,,н/о,26.9,4.7,24,26.0,26.0,жарко,1016.1,1011.7,,27.8,,,,2024-05-29 15:00:00,2024-05-29 19:00:00,2024,5
ЮЗ,2.0,н/о,,н/о,19.9,6.8,43,21.0,21.0,комфорт,1016.4,1012.0,,,,,,2024-05-29 18:00:00,2024-05-29 22:00:00,2024,5
З,3.0,н/о,,н/о,20.7,4.0,33,22.0,22.0,комфорт,1016.3,1011.9,,,,,,2024-05-29 21:00:00,2024-05-30 01:00:00,2024,5
штиль,0.0,н/о,,н/о,17.3,6.4,49,17.0,17.0,тепло,1016.9,1012.4,,,,,,2024-05-30 00:00:00,2024-05-30 04:00:00,2024,5
штиль,0.0,н/о,,н/о,19.5,8.1,48,20.0,20.0,тепло,1017.2,1012.8,16.2,,,,,2024-05-30 03:00:00,2024-05-30 07:00:00,2024,5
З,1.0,н/о,,н/о,26.0,9.6,36,27.0,27.0,жарко,1017.3,1012.9,,,,,,2024-05-30 06:00:00,2024-05-30 10:00:00,2024,5
СЗ,2.0,н/о,,н/о,28.2,7.3,27,28.0,28.0,жарко,1017.0,1012.7,,,,,,2024-05-30 09:00:00,2024-05-30 13:00:00,2024,5
СЗ,2.0,н/о,,н/о,29.2,7.9,26,28.0,28.0,жарко,1016.7,1012.4,,,,,,2024-05-30 12:00:00,2024-05-30 16:00:00,2024,5
С,1.0,н/о,,н/о,28.1,7.7,28,28.0,28.0,жарко,1016.2,1011.9,,29.3,,,,2024-05-30 15:00:00,2024-05-30 19:00:00,2024,5
Ю,1.0,н/о,,н/о,17.0,10.6,66,18.0,18.0,тепло,1016.9,1012.4,,,,,,2024-05-30 18:00:00,2024-05-30 22:00:00,2024,5
ЮВ,1.0,н/о,,н/о,14.1,12.2,88,14.0,14.0,по сезону,1017.9,1013.3,,,,,,2024-05-30 21:00:00,2024-05-31 01:00:00,2024,5
штиль,0.0,н/о,,н/о,11.6,10.8,95,11.0,11.0,по сезону,1018.1,1013.5,,,,,,2024-05-31 00:00:00,2024-05-31 04:00:00,2024,5
штиль,0.0,н/о,,н/о,17.4,13.0,75,17.0,17.0,тепло,1018.6,1014.1,10.6,,,,,2024-05-31 03:00:00,2024-05-31 07:00:00,2024,5
СВ,2.0,н/о,,н/о,24.2,11.9,46,26.0,26.0,жарко,1019.1,1014.8,,,,,,2024-05-31 06:00:00,2024-05-31 10:00:00,2024,5
СВ,2.0,н/о,,н/о,29.5,10.3,30,30.0,30.0,жарко,1018.5,1014.2,,,,,,2024-05-31 09:00:00,2024-05-31 13:00:00,2024,5
С,3.0,н/о,,н/о,29.6,9.8,29,29.0,29.0,жарко,1017.3,1013.0,,,,,,2024-05-31 12:00:00,2024-05-31 16:00:00,2024,5
С,1.0,н/о,,н/о,29.5,11.4,33,30.0,30.0,жарко,1016.4,1012.1,,30.7,,,,2024-05-31 15:00:00,2024-05-31 19:00:00,2024,5
штиль,0.0,н/о,,н/о,20.6,14.0,66,23.0,23.0,комфорт,1016.9,1012.5,,,,,,2024-05-31 18:00:00,2024-05-31 22:00:00,2024,5
ЮВ,1.0,н/о,,н/о,19.5,13.4,68,22.0,22.0,комфорт,1017.3,1012.8,,,,,,2024-05-31 21:00:00,2024-06-01 01:00:00,2024,5
штиль,0.0,н/о,,н/о,14.9,12.3,84,15.0,15.0,тепло,1017.1,1012.6,,,,,,2024-06-01 00:00:00,2024-06-01 04:00:00,2024,6
В,1.0,н/о,,н/о,20.0,13.9,68,23.0,23.0,комфорт,1017.1,1012.7,14.0,,,,,2024-06-01 03:00:00,2024-06-01 07:00:00,2024,6
ЮВ,3.0,н/о,,н/о,27.6,10.6,35,28.0,28.0,жарко,1017.3,1013.0,,,,,,2024-06-01 06:00:00,2024-06-01 10:00:00,2024,6
ЮВ,3.0,н/о,,н/о,31.2,10.3,28,31.0,31.0,жарко,1016.8,1012.5,,,,,,2024-06-01 09:00:00,2024-06-01 13:00:00,2024,6
Ю,1.0,н/о,,н/о,29.9,12.1,33,31.0,31.0,жарко,1016.2,1011.9,,,,,,2024-06-01 12:00:00,2024-06-01 16:00:00,2024,6
С,1.0,н/о,,н/о,24.6,17.4,64,29.0,29.0,душно,1015.3,1010.9,,31.7,,,,2024-06-01 15:00:00,2024-06-01 19:00:00,2024,6
Ю,1.0,н/о,,н/о,20.9,15.0,69,25.0,25.0,комфорт,1015.3,1010.9,,,,,,2024-06-01 18:00:00,2024-06-01 22:00:00,2024,6
Ю,1.0,н/о,,н/о,21.1,14.8,67,24.0,24.0,комфорт,1015.5,1011.0,,,,,,2024-06-01 21:00:00,2024-06-02 01:00:00,2024,6
В,1.0,н/о,,н/о,18.4,14.4,78,20.0,20.0,тепло,1015.6,1011.2,,,,,,2024-06-02 00:00:00,2024-06-02 04:00:00,2024,6
С,1.0,н/о,,н/о,20.9,15.4,71,25.0,25.0,комфорт,1015.8,1011.4,17.5,,,,,2024-06-02 03:00:00,2024-06-02 07:00:00,2024,6
ЮЗ,2.0,н/о,,н/о,26.0,15.5,52,29.0,29.0,душно,1016.3,1011.9,,,,,,2024-06-02 06:00:00,2024-06-02 10:00:00,2024,6
ЮВ,3.0,н/о,,н/о,29.1,12.3,35,30.0,30.0,жарко,1015.8,1011.5,,,,,,2024-06-02 09:00:00,2024-06-02 13:00:00,2024,6
Ю,,н/о,,н/о,26.3,12.7,43,28.0,28.0,жарко,1015.7,1011.4,,,,,,2024-06-02 12:00:00,2024-06-02 16:00:00,2024,6
Ю,2.0,н/о,,н/о,25.0,11.5,43,26.0,26.0,жарко,1015.4,1011.0,,29.7,,,,2024-06-02 15:00:00,2024-06-02 19:00:00,2024,6
штиль,0.0,н/о,,н/о,19.0,17.4,90,20.0,20.0,тепло,1014.9,1010.5,,,,,,2024-06-02 18:00:00,2024-06-02 22:00:00,2024,6
В,1.0,н/о,,н/о,22.0,13.8,60,25.0,25.0,комфорт,1014.0,1009.6,,,,,,2024-06-02 21:00:00,2024-06-03 01:00:00,2024,6
В,2.0,н/о,,н/о,20.3,14.1,68,23.0,23.0,комфорт,1012.6,1008.2,,,,,,2024-06-03 00:00:00,2024-06-03 04:00:00,2024,6
В,3.0,н/о,,н/о,21.8,14.5,63,25.0,25.0,комфорт,1011.8,1007.4,17.2,,,,,2024-06-03 03:00:00,2024-06-03 07:00:00,2024,6
В,2.0,н/о,,н/о,26.3,15.4,51,29.0,29.0,жарко,1011.4,1007.1,,,,,,2024-06-03 06:00:00,2024-06-03 10:00:00,2024,6
В,2.0,н/о,,н/о,29.4,13.8,38,31.0,31.0,жарко,1010.5,1006.2,,,,,,2024-06-03 09:00:00,2024-06-03 13:00:00,2024,6
Ю,1.0,н/о,,н/о,26.5,15.8,52,30.0,30.0,душно,1010.1,1005.8,,,,,,2024-06-03 12:00:00,2024-06-03 16:00:00,2024,6
СВ,1.0,н/о,,н/о,26.4,16.5,55,30.0,30.0,душно,1009.3,1005.0,,30.4,0.5,,,2024-06-03 15:00:00,2024-06-03 19:00:00,2024,6
штиль,0.0,н/о,,н/о,21.2,18.9,87,26.0,26.0,душно,1010.1,1005.7,,,,,,2024-06-03 18:00:00,2024-06-03 22:00:00,2024,6
штиль,0.0,н/о,,н/о,17.0,16.7,98,17.0,17.0,тепло,1010.0,1005.6,,,,,,2024-06-03 21:00:00,2024-06-04 01:00:00,2024,6
ЮВ,1.0,н/о,,н/о,15.5,15.5,100,16.0,16.0,тепло,1009.9,1005.4,,,,,,2024-06-04 00:00:00,2024-06-04 04:00:00,2024,6
штиль,0.0,н/о,,н/о,20.3,18.7,91,24.0,24.0,комфорт,1010.5,1006.1,14.3,,,,,2024-06-04 03:00:00,2024-06-04 07:00:00,2024,6
СЗ,1.0,н/о,,н/о,27.8,20.9,66,35.0,35.0,очень  душно,1010.0,1005.7,,,,,,2024-06-04 06:00:00,2024-06-04 10:00:00,2024,6
СЗ,3.0,н/о,,н/о,30.6,17.8,46,35.0,35.0,очень  душно,1009.3,1005.0,,,,,,2024-06-04 09:00:00,2024-06-04 13:00:00,2024,6
Ю,,н/о,,н/о,24.3,15.3,57,27.0,27.0,жарко,1009.0,1004.7,,,,,,2024-06-04 12:00:00,2024-06-04 16:00:00,2024,6
Ю,,н/о,,н/о,23.0,23.0,100,32.0,32.0,очень  душно,1008.0,1003.7,,32.4,6.0,,,2024-06-04 15:00:00,2024-06-04 19:00:00,2024,6
ЮЗ,1.0,н/о,,н/о,19.4,18.3,93,23.0,23.0,комфорт,1009.4,1005.0,,,,,,2024-06-04 18:00:00,2024-06-04 22:00:00,2024,6
штиль,0.0,н/о,,н/о,16.2,16.2,100,16.0,16.0,тепло,1009.7,1005.2,,,,,,2024-06-04 21:00:00,2024-06-05 01:00:00,2024,6
СЗ,1.0,н/о,,н/о,17.4,16.2,93,18.0,18.0,тепло,1010.0,1005.5,,,,,,2024-06-05 00:00:00,2024-06-05 04:00:00,2024,6
штиль,0.0,н/о,,н/о,21.8,17.1,75,26.0,26.0,душно,1010.8,1006.4,15.5,,2.0,,,2024-06-05 03:00:00,2024-06-05 07:00:00,2024,6
З,1.0,н/о,,н/о,26.2,17.4,58,30.0,30.0,душно,1010.8,1006.5,,,,,,2024-06-05 06:00:00,2024-06-05 10:00:00,2024,6
З,2.0,н/о,,н/о,28.8,14.7,42,31.0,31.0,жарко,1010.3,1006.0,,,,,,2024-06-05 09:00:00,2024-06-05 13:00:00,2024,6
З,2.0,н/о,,н/о,29.9,12.7,35,31.0,31.0,жарко,1008.5,1004.2,,,,,,2024-06-05 12:00:00,2024-06-05 16:00:00,2024,6
З,2.0,н/о,,н/о,29.3,12.2,35,30.0,30.0,жарко,1007.8,1003.5,,30.1,,,,2024-06-05 15:00:00,2024-06-05 19:00:00,2024,6
З,1.0,н/о,,н/о,23.5,14.5,57,26.0,26.0,жарко,1008.0,1003.6,,,,,,2024-06-05 18:00:00,2024-06-05 22:00:00,2024,6
З,1.0,н/о,,н/о,23.0,13.7,56,26.0,26.0,жарко,1007.7,1003.3,,,,,,2024-06-05 21:00:00,2024-06-06 01:00:00,2024,6
З,2.0,н/о,,н/о,22.2,14.2,60,25.0,25.0,комфорт,1007.4,1003.0,,,,,,2024-06-06 00:00:00,2024-06-06 04:00:00,2024,6
С,1.0,н/о,,н/о,22.3,15.6,66,26.0,26.0,жарко,1008.0,1003.6,20.1,,,,,2024-06-06 03:00:00,2024-06-06 07:00:00,2024,6
З,1.0,н/о,,н/о,27.2,17.0,54,31.0,31.0,душно,1007.9,1003.6,,,,,,2024-06-06 06:00:00,2024-06-06 10:00:00,2024,6
СЗ,3.0,н/о,,н/о,29.1,14.3,40,31.0,31.0,жарко,1007.4,1003.2,,,,,,2024-06-06 09:00:00,2024-06-06 13:00:00,2024,6
С,4.0,н/о,,н/о,25.9,15.3,52,29.0,29.0,душно,1006.5,1002.2,,,,,,2024-06-06 12:00:00,2024-06-06 16:00:00,2024,6
СЗ,2.0,н/о,,н/о,22.4,18.5,79,28.0,28.0,душно,1005.9,1001.6,,30.5,0.5,,,2024-06-06 15:00:00,2024-06-06 19:00:00,2024,6
Ю,1.0,н/о,,н/о,18.3,17.7,96,20.0,20.0,тепло,1006.3,1001.9,,,,,,2024-06-06 18:00:00,2024-06-06 22:00:00,2024,6
СЗ,1.0,н/о,,н/о,16.7,16.6,99,18.0,18.0,тепло,1005.7,1001.3,,,,,,2024-06-06 21:00:00,2024-06-07 01:00:00,2024,6
штиль,0.0,н/о,,н/о,15.7,15.7,100,15.0,15.0,тепло,1005.4,1001.0,,,,,,2024-06-07 00:00:00,2024-06-07 04:00:00,2024,6
Ю,1.0,н/о,,н/о,20.1,18.3,89,24.0,24.0,комфорт,1005.0,1000.7,15.7,,0.3,,,2024-06-07 03:00:00,2024-06-07 07:00:00,2024,6
З,2.0,н/о,,н/о,25.9,19.1,66,31.0,31.0,очень  душно,1004.1,999.8,,,,,,2024-06-07 06:00:00,2024-06-07 10:00:00,2024,6
ЮЗ,1.0,н/о,,н/о,29.3,16.3,45,32.0,32.0,душно,1003.3,999.1,,,,,,2024-06-07 09:00:00,2024-06-07 13:00:00,2024,6
З,1.0,н/о,,н/о,30.9,15.4,39,33.0,33.0,душно,1001.4,997.2,,,,,,2024-06-07 12:00:00,2024-06-07 16:00:00,2024,6
СЗ,,н/о,,н/о,18.9,18.9,100,21.0,21.0,комфорт,1002.7,998.3,,30.9,4.0,,,2024-06-07 15:00:00,2024-06-07 19:00:00,2024,6
Ю,1.0,н/о,,н/о,16.8,16.8,100,18.0,18.0,тепло,1001.5,997.0,,,,,,2024-06-07 18:00:00,2024-06-07 22:00:00,2024,6
штиль,0.0,н/о,,н/о,15.7,15.7,100,15.0,15.0,тепло,1001.5,997.1,,,,,,2024-06-07 21:00:00,2024-06-08 01:00:00,2024,6
С,1.0,н/о,,н/о,15.6,15.6,100,16.0,16.0,тепло,1001.4,996.9,,,,,,2024-06-08 00:00:00,2024-06-08 04:00:00,2024,6
штиль,0.0,н/о,,н/о,17.5,17.5,100,17.0,17.0,тепло,1000.9,996.5,14.6,,0.5,,,2024-06-08 03:00:00,2024-06-08 07:00:00,2024,6
СЗ,1.0,н/о,,н/о,20.0,18.7,92,24.0,24.0,комфорт,1001.5,997.1,,,,,,2024-06-08 06:00:00,2024-06-08 10:00:00,2024,6
З,3.0,н/о,,н/о,17.7,17.4,98,18.0,18.0,тепло,1001.2,996.8,,,,,,2024-06-08 09:00:00,2024-06-08 13:00:00,2024,6
СЗ,2.0,н/о,,н/о,19.5,19.5,100,23.0,23.0,комфорт,1001.4,997.1,,,,,,2024-06-08 12:00:00,2024-06-08 16:00:00,2024,6
СЗ,2.0,н/о,,н/о,20.8,19.4,92,26.0,26.0,душно,1003.1,998.7,,23.9,7.0,,,2024-06-08 15:00:00,2024-06-08 19:00:00,2024,6
С,2.0,н/о,,н/о,19.0,18.2,95,21.0,21.0,комфорт,1004.5,1000.1,,,,,,2024-06-08 18:00:00,2024-06-08 22:00:00,2024,6
СЗ,2.0,н/о,,н/о,18.7,17.2,91,20.0,20.0,тепло,1007.4,1003.0,15.0,,0.3,,,2024-06-09 03:00:00,2024-06-09 07:00:00,2024,6
СЗ,3.0,н/о,,н/о,22.3,16.8,71,27.0,27.0,душно,1007.7,1003.3,,,,,,2024-06-09 06:00:00,2024-06-09 10:00:00,2024,6
С,2.0,н/о,,н/о,24.1,16.5,63,28.0,28.0,душно,1008.2,1003.9,,,,,,2024-06-09 09:00:00,2024-06-09 13:00:00,2024,6
СЗ,,н/о,,н/о,19.2,14.5,74,22.0,22.0,комфорт,1010.3,1005.9,,26.5,,,,2024-06-09 15:00:00,2024-06-09 19:00:00,2024,6
штиль,0.0,н/о,,н/о,13.6,13.6,100,13.0,13.0,тепло,1012.1,1007.5,,,,,,2024-06-09 21:00:00,2024-06-10 01:00:00,2024,6
Ю,1.0,н/о,,н/о,12.0,12.0,100,12.0,12.0,по сезону,1013.1,1008.6,,,,,,2024-06-10 00:00:00,2024-06-10 04:00:00,2024,6
штиль,0.0,н/о,,н/о,17.3,17.2,99,17.0,17.0,по сезону,1014.5,1010.0,11.8,,,,,2024-06-10 03:00:00,2024-06-10 07:00:00,2024,6
С,2.0,н/о,,н/о,23.6,18.2,72,28.0,28.0,душно,1014.9,1010.6,,,,,,2024-06-10 06:00:00,2024-06-10 10:00:00,2024,6
СЗ,3.0,н/о,,н/о,26.7,15.8,51,30.0,30.0,душно,1015.2,1010.9,,,,,,2024-06-10 09:00:00,2024-06-10 13:00:00,2024,6
С,2.0,н/о,,н/о,27.9,12.6,39,29.0,29.0,жарко,1015.2,1010.9,,,,,,2024-06-10 12:00:00,2024-06-10 16:00:00,2024,6
СВ,1.0,н/о,,н/о,27.9,11.9,37,29.0,29.0,жарко,1015.1,1010.8,,28.3,,,,2024-06-10 15:00:00,2024-06-10 19:00:00,2024,6
Ю,1.0,н/о,,н/о,19.4,14.9,75,22.0,22.0,комфорт,1016.2,1011.7,,,,,,2024-06-10 18:00:00,2024-06-10 22:00:00,2024,6
Ю,1.0,н/о,,н/о,18.3,13.3,73,20.0,20.0,тепло,1016.8,1012.3,,,,,,2024-06-10 21:00:00,2024-06-11 01:00:00,2024,6
штиль,0.0,н/о,,н/о,14.1,13.3,95,14.0,14.0,тепло,1017.8,1013.2,,,,,,2024-06-11 00:00:00,2024-06-11 04:00:00,2024,6
штиль,0.0,н/о,,н/о,20.7,15.4,72,23.0,23.0,комфорт,1018.3,1013.9,13.8,,,,,2024-06-11 03:00:00,2024-06-11 07:00:00,2024,6
Ю,2.0,н/о,,н/о,27.8,16.9,51,31.0,31.0,душно,1018.7,1014.4,,,,,,2024-06-11 06:00:00,2024-06-11 10:00:00,2024,6
ЮЗ,2.0,н/о,,н/о,31.3,12.9,33,32.0,32.0,жарко,1018.3,1014.0,,,,,,2024-06-11 09:00:00,2024-06-11 13:00:00,2024,6
Ю,2.0,н/о,,н/о,32.9,12.1,28,33.0,33.0,жарко,1017.6,1013.4,,,,,,2024-06-11 12:00:00,2024-06-11 16:00:00,2024,6
ЮВ,2.0,н/о,,н/о,31.2,11.3,29,31.0,31.0,жарко,1016.9,1012.6,,33.0,,,,2024-06-11 15:00:00,2024-06-11 19:00:00,2024,6
Ю,2.0,н/о,,н/о,23.0,14.9,60,27.0,27.0,душно,1017.4,1013.0,,,,,,2024-06-11 18:00:00,2024-06-11 22:00:00,2024,6
Ю,1.0,н/о,,н/о,19.2,13.2,68,22.0,22.0,комфорт,1018.0,1013.5,,,,,,2024-06-11 21:00:00,2024-06-12 01:00:00,2024,6
ЮВ,1.0,н/о,,н/о,16.5,13.2,81,17.0,17.0,тепло,1018.8,1014.3,,,,,,2024-06-12 00:00:00,2024-06-12 04:00:00,2024,6
ЮВ,1.0,н/о,,н/о,22.2,16.3,69,26.0,26.0,душно,1019.1,1014.7,14.5,,,,,2024-06-12 03:00:00,2024-06-12 07:00:00,2024,6
Ю,2.0,н/о,,н/о,29.4,15.5,43,32.0,32.0,душно,1019.0,1014.7,,,,,,2024-06-12 06:00:00,2024-06-12 10:00:00,2024,6
ЮЗ,1.0,н/о,,н/о,31.8,13.3,32,33.0,33.0,жарко,1018.5,1014.3,,,,,,2024-06-12 09:00:00,2024-06-12 13:00:00,2024,6
ЮВ,2.0,н/о,,н/о,33.1,11.9,28,33.0,33.0,жарко,1017.5,1013.2,,,,,,2024-06-12 12:00:00,2024-06-12 16:00:00,2024,6
ЮВ,2.0,н/о,,н/о,31.6,11.5,29,32.0,32.0,жарко,1016.3,1012.0,,33.7,,,,2024-06-12 15:00:00,2024-06-12 19:00:00,2024,6
Ю,1.0,н/о,,н/о,21.2,15.9,72,25.0,25.0,комфорт,1016.8,1012.4,,,,,,2024-06-12 18:00:00,2024-06-12 22:00:00,2024,6
Ю,1.0,н/о,,н/о,18.4,15.7,84,20.0,20.0,тепло,1016.7,1012.2,,,,,,2024-06-12 21:00:00,2024-06-13 01:00:00,2024,6
Ю,1.0,н/о,,н/о,18.3,15.9,86,20.0,20.0,тепло,1016.7,1012.3,,,,,,2024-06-13 00:00:00,2024-06-13 04:00:00,2024,6
ЮВ,1.0,н/о,,н/о,23.2,17.7,71,29.0,29.0,душно,1017.0,1012.6,16.9,,,,,2024-06-13 03:00:00,2024-06-13 07:00:00,2024,6
СВ,2.0,н/о,,н/о,28.7,20.7,62,36.0,36.0,очень  душно,1016.9,1012.6,,,,,,2024-06-13 06:00:00,2024-06-13 10:00:00,2024,6
ЮВ,3.0,н/о,,н/о,33.7,10.3,24,33.0,33.0,жарко,1015.5,1011.3,,,,,,2024-06-13 09:00:00,2024-06-13 13:00:00,2024,6
ЮВ,,н/о,,н/о,34.2,10.5,24,34.0,34.0,очень  жарко,1014.4,1010.1,,,,,,2024-06-13 12:00:00,2024-06-13 16:00:00,2024,6
Ю,2.0,н/о,,н/о,32.6,11.1,27,32.0,32.0,жарко,1013.6,1009.3,,34.8,,,,2024-06-13 15:00:00,2024-06-13 19:00:00,2024,6
Ю,1.0,н/о,,н/о,22.1,13.9,60,25.0,25.0,комфорт,1013.7,1009.3,,,,,,2024-06-13 18:00:00,2024-06-13 22:00:00,2024,6
Ю,1.0,н/о,,н/о,20.1,12.1,60,23.0,23.0,комфорт,1013.4,1008.9,,,,,,2024-06-13 21:00:00,2024-06-14 01:00:00,2024,6
Ю,2.0,н/о,,н/о,21.4,12.2,56,24.0,24.0,комфорт,1013.1,1008.7,,,,,,2024-06-14 00:00:00,2024-06-14 04:00:00,2024,6
Ю,2.0,н/о,,н/о,24.0,12.9,50,26.0,26.0,жарко,1012.8,1008.4,20.1,,,,,2024-06-14 03:00:00,2024-06-14 07:00:00,2024,6
Ю,2.0,н/о,,н/о,31.0,14.9,38,33.0,33.0,душно,1012.6,1008.3,,,,,,2024-06-14 06:00:00,2024-06-14 10:00:00,2024,6
ЮЗ,2.0,н/о,,н/о,33.5,8.9,22,32.0,32.0,жарко,1011.9,1007.6,,,,,,2024-06-14 09:00:00,2024-06-14 13:00:00,2024,6
Ю,,н/о,,н/о,31.7,11.1,28,32.0,32.0,жарко,1011.5,1007.3,,,,,,2024-06-14 12:00:00,2024-06-14 16:00:00,2024,6
штиль,0.0,н/о,,н/о,28.7,18.2,53,33.0,33.0,очень  душно,1010.3,1006.0,,34.1,,,,2024-06-14 15:00:00,2024-06-14 19:00:00,2024,6
З,2.0,н/о,,н/о,27.1,14.8,47,30.0,30.0,душно,1010.5,1006.2,,,,,,2024-06-14 18:00:00,2024-06-14 22:00:00,2024,6
З,1.0,н/о,,н/о,23.8,16.5,64,27.0,27.0,жарко,1011.0,1006.7,,,,,,2024-06-14 21:00:00,2024-06-15 01:00:00,2024,6
Ю,1.0,н/о,,н/о,19.5,16.8,84,23.0,23.0,комфорт,1011.4,1007.0,,,,,,2024-06-15 00:00:00,2024-06-15 04:00:00,2024,6
штиль,0.0,н/о,,н/о,22.3,19.0,82,28.0,28.0,душно,1011.6,1007.2,18.5,,,,,2024-06-15 03:00:00,2024-06-15 07:00:00,2024,6
штиль,0.0,н/о,,н/о,25.6,20.7,74,32.0,32.0,очень  душно,1012.1,1007.8,,,,,,2024-06-15 06:00:00,2024-06-15 10:00:00,2024,6
СВ,2.0,н/о,,н/о,27.7,20.4,64,34.0,34.0,очень  душно,1012.2,1007.9,,,,,,2024-06-15 09:00:00,2024-06-15 13:00:00,2024,6
С,2.0,н/о,,н/о,30.2,16.4,43,33.0,33.0,душно,1011.3,1007.0,,,,,,2024-06-15 12:00:00,2024-06-15 16:00:00,2024,6
штиль,0.0,н/о,,н/о,29.8,20.8,59,37.0,37.0,очень  душно,1010.6,1006.4,,31.3,,,,2024-06-15 15:00:00,2024-06-15 19:00:00,2024,6
СВ,,н/о,,н/о,25.8,16.1,55,29.0,29.0,душно,1011.9,1007.6,,,,,,2024-06-15 18:00:00,2024-06-15 22:00:00,2024,6
В,2.0,н/о,,н/о,22.0,19.3,85,27.0,27.0,душно,1013.3,1008.9,,,,,,2024-06-15 21:00:00,2024-06-16 01:00:00,2024,6
СЗ,1.0,н/о,,н/о,20.0,19.2,95,24.0,24.0,комфорт,1012.7,1008.3,,,,,,2024-06-16 00:00:00,2024-06-16 04:00:00,2024,6
В,1.0,н/о,,н/о,24.6,19.8,75,30.0,30.0,очень  душно,1012.9,1008.6,19.3,,,,,2024-06-16 03:00:00,2024-06-16 07:00:00,2024,6
СВ,2.0,н/о,,н/о,28.0,20.0,62,34.0,34.0,очень  душно,1013.0,1008.7,,,,,,2024-06-16 06:00:00,2024-06-16 10:00:00,2024,6
СВ,3.0,н/о,,н/о,31.1,20.5,53,38.0,38.0,очень  душно,1012.8,1008.5,,,,,,2024-06-16 09:00:00,2024-06-16 13:00:00,2024,6
С,4.0,н/о,,н/о,33.6,19.7,44,39.0,39.0,очень  душно,1011.8,1007.6,,,,,,2024-06-16 12:00:00,2024-06-16 16:00:00,2024,6
СЗ,1.0,н/о,,н/о,31.0,22.7,61,41.0,41.0,очень  душно,1012.3,1008.0,,33.8,,,,2024-06-16 15:00:00,2024-06-16 19:00:00,2024,6
штиль,0.0,н/о,,н/о,23.9,20.0,79,29.0,29.0,душно,1013.1,1008.7,,,,,,2024-06-16 18:00:00,2024-06-16 22:00:00,2024,6
В,,н/о,,н/о,29.8,12.2,34,31.0,31.0,жарко,1012.4,1008.1,,,,,,2024-06-16 21:00:00,2024-06-17 01:00:00,2024,6
Ю,1.0,н/о,,н/о,22.1,18.1,78,27.0,27.0,душно,1014.0,1009.6,,,,,,2024-06-17 00:00:00,2024-06-17 04:00:00,2024,6
ЮВ,2.0,н/о,,н/о,26.3,18.3,61,31.0,31.0,душно,1013.6,1009.3,20.4,,0.8,,,2024-06-17 03:00:00,2024-06-17 07:00:00,2024,6
В,2.0,н/о,,н/о,29.8,19.4,54,36.0,36.0,очень  душно,1014.8,1010.5,,,,,,2024-06-17 06:00:00,2024-06-17 10:00:00,2024,6
СВ,2.0,н/о,,н/о,34.0,19.6,43,40.0,40.0,очень  душно,1014.2,1009.9,,,,,,2024-06-17 09:00:00,2024-06-17 13:00:00,2024,6
Ю,2.0,н/о,,н/о,37.2,13.8,25,38.0,38.0,душно,1012.9,1008.7,,,,,,2024-06-17 12:00:00,2024-06-17 16:00:00,2024,6
ЮВ,2.0,н/о,,н/о,34.5,14.7,31,36.0,36.0,душно,1012.6,1008.4,,37.6,,,,2024-06-17 15:00:00,2024-06-17 19:00:00,2024,6
Ю,1.0,н/о,,н/о,27.0,17.1,55,31.0,31.0,душно,1013.6,1009.3,,,,,,2024-06-17 18:00:00,2024-06-17 22:00:00,2024,6
ЮВ,1.0,н/о,,н/о,25.3,16.7,59,29.0,29.0,душно,1014.4,1010.1,,,,,,2024-06-17 21:00:00,2024-06-18 01:00:00,2024,6
штиль,0.0,н/о,,н/о,20.0,19.3,96,23.0,23.0,комфорт,1014.2,1009.8,,,,,,2024-06-18 00:00:00,2024-06-18 04:00:00,2024,6
Ю,2.0,н/о,,н/о,25.2,19.3,70,30.0,30.0,душно,1015.7,1011.4,19.2,,,,,2024-06-18 03:00:00,2024-06-18 07:00:00,2024,6
ЮЗ,1.0,н/о,,н/о,24.9,21.9,83,32.0,32.0,очень  душно,1014.1,1009.8,,,,,,2024-06-18 06:00:00,2024-06-18 10:00:00,2024,6
ЮВ,3.0,н/о,,н/о,31.8,19.0,47,37.0,37.0,очень  душно,1014.2,1009.9,,,,,,2024-06-18 09:00:00,2024-06-18 13:00:00,2024,6
Ю,2.0,н/о,,н/о,33.8,17.0,37,37.0,37.0,очень  душно,1012.5,1008.3,,,,,,2024-06-18 12:00:00,2024-06-18 16:00:00,2024,6
ЮЗ,2.0,н/о,,н/о,32.4,13.9,33,34.0,34.0,очень  жарко,1011.2,1007.0,,34.5,,,,2024-06-18 15:00:00,2024-06-18 19:00:00,2024,6
Ю,3.0,н/о,,н/о,27.5,16.9,52,31.0,31.0,душно,1011.4,1007.1,,,,,,2024-06-18 18:00:00,2024-06-18 22:00:00,2024,6
Ю,3.0,н/о,,н/о,23.8,16.9,65,27.0,27.0,жарко,1010.9,1006.6,,,,,,2024-06-18 21:00:00,2024-06-19 01:00:00,2024,6
ЮВ,1.0,н/о,,н/о,21.3,17.2,77,25.0,25.0,комфорт,1009.9,1005.5,,,,,,2024-06-19 00:00:00,2024-06-19 04:00:00,2024,6
ЮЗ,1.0,н/о,,н/о,22.7,18.4,77,28.0,28.0,душно,1010.1,1005.7,20.1,,,,,2024-06-19 03:00:00,2024-06-19 07:00:00,2024,6
З,2.0,н/о,,н/о,26.1,19.4,67,32.0,32.0,очень  душно,1009.2,1004.9,,,,,,2024-06-19 06:00:00,2024-06-19 10:00:00,2024,6
З,3.0,н/о,,н/о,27.9,17.3,53,32.0,32.0,душно,1008.9,1004.6,,,,,,2024-06-19 09:00:00,2024-06-19 13:00:00,2024,6
З,,н/о,,н/о,27.2,18.3,58,32.0,32.0,очень  душно,1008.6,1004.3,,,,,,2024-06-19 12:00:00,2024-06-19 16:00:00,2024,6
СЗ,,н/о,,н/о,23.0,19.7,82,30.0,30.0,очень  душно,1009.4,1005.0,,28.8,,,,2024-06-19 15:00:00,2024-06-19 19:00:00,2024,6
СЗ,,н/о,,н/о,22.2,17.2,73,27.0,27.0,душно,1010.5,1006.1,,,,,,2024-06-19 18:00:00,2024-06-19 22:00:00,2024,6
З,1.0,н/о,,н/о,20.7,16.8,78,25.0,25.0,комфорт,1010.9,1006.5,,,,,,2024-06-19 21:00:00,2024-06-20 01:00:00,2024,6
З,2.0,н/о,,н/о,19.5,16.4,82,22.0,22.0,комфорт,1010.5,1006.1,,,,,,2024-06-20 00:00:00,2024-06-20 04:00:00,2024,6
З,3.0,н/о,,н/о,20.8,16.4,76,25.0,25.0,комфорт,1011.0,1006.6,19.1,,0.3,,,2024-06-20 03:00:00,2024-06-20 07:00:00,2024,6
СЗ,3.0,н/о,,н/о,24.8,15.3,56,28.0,28.0,жарко,1010.4,1006.1,,,,,,2024-06-20 06:00:00,2024-06-20 10:00:00,2024,6
СЗ,4.0,н/о,,н/о,26.7,10.9,37,28.0,28.0,жарко,1009.5,1005.1,,,,,,2024-06-20 09:00:00,2024-06-20 13:00:00,2024,6
З,2.0,н/о,,н/о,27.4,12.4,39,29.0,29.0,жарко,1008.3,1004.0,,,,,,2024-06-20 12:00:00,2024-06-20 16:00:00,2024,6
СЗ,1.0,н/о,,н/о,28.1,12.4,38,29.0,29.0,жарко,1005.6,1001.3,,28.4,,,,2024-06-20 15:00:00,2024-06-20 19:00:00,2024,6
Ю,1.0,н/о,,н/о,21.6,15.6,69,25.0,25.0,комфорт,1005.1,1000.7,,,,,,2024-06-20 18:00:00,2024-06-20 22:00:00,2024,6
Ю,2.0,н/о,,н/о,20.2,14.0,68,23.0,23.0,комфорт,1003.5,999.1,,,,,,2024-06-20 21:00:00,2024-06-21 01:00:00,2024,6
Ю,3.0,н/о,,н/о,20.1,13.2,64,22.0,22.0,комфорт,1002.3,997.9,,,,,,2024-06-21 00:00:00,2024-06-21 04:00:00,2024,6
Ю,1.0,н/о,,н/о,22.5,14.7,61,26.0,26.0,жарко,1001.3,997.0,19.7,,,,,2024-06-21 03:00:00,2024-06-21 07:00:00,2024,6
Ю,3.0,н/о,,н/о,28.5,15.7,46,32.0,32.0,душно,1000.0,995.7,,,,,,2024-06-21 06:00:00,2024-06-21 10:00:00,2024,6
Ю,2.0,н/о,,н/о,33.2,13.7,31,34.0,34.0,очень  жарко,998.6,994.5,,,,,,2024-06-21 09:00:00,2024-06-21 13:00:00,2024,6
В,,н/о,,н/о,30.1,13.8,37,32.0,32.0,жарко,997.6,993.4,,,,,,2024-06-21 12:00:00,2024-06-21 16:00:00,2024,6
ЮЗ,,н/о,,н/о,20.8,18.7,88,26.0,26.0,душно,999.8,995.5,,34.1,0.5,,,2024-06-21 15:00:00,2024-06-21 19:00:00,2024,6
штиль,0.0,н/о,,н/о,19.7,18.5,93,22.0,22.0,комфорт,999.8,995.4,,,,,,2024-06-21 18:00:00,2024-06-21 22:00:00,2024,6
З,1.0,н/о,,н/о,18.8,18.7,99,21.0,21.0,комфорт,999.4,995.1,,,,,,2024-06-21 21:00:00,2024-06-22 01:00:00,2024,6
С,2.0,н/о,,н/о,17.6,17.6,100,18.0,18.0,тепло,998.9,994.5,,,,,,2024-06-22 00:00:00,2024-06-22 04:00:00,2024,6
СВ,3.0,н/о,,н/о,19.9,18.6,92,23.0,23.0,комфорт,998.7,994.3,17.2,,0.8,,,2024-06-22 03:00:00,2024-06-22 07:00:00,2024,6
С,3.0,н/о,,н/о,21.4,19.5,89,26.0,26.0,душно,998.7,994.4,,,,,,2024-06-22 06:00:00,2024-06-22 10:00:00,2024,6
С,4.0,н/о,,н/о,24.6,20.0,76,30.0,30.0,очень  душно,998.4,994.1,,,,,,2024-06-22 09:00:00,2024-06-22 13:00:00,2024,6
С,,н/о,,н/о,20.3,18.5,89,24.0,24.0,комфорт,999.5,995.1,,,,,,2024-06-22 12:00:00,2024-06-22 16:00:00,2024,6
С,4.0,н/о,,н/о,20.0,17.4,85,23.0,23.0,комфорт,999.8,995.4,,25.4,3.0,,,2024-06-22 15:00:00,2024-06-22 19:00:00,2024,6
С,4.0,н/о,,н/о,18.1,15.9,87,18.0,18.0,по сезону,1000.5,996.1,,,,,,2024-06-22 18:00:00,2024-06-22 22:00:00,2024,6
С,,н/о,,н/о,17.7,14.2,80,17.0,17.0,по сезону,999.8,995.4,,,,,,2024-06-22 21:00:00,2024-06-23 01:00:00,2024,6
СЗ,,н/о,,н/о,14.6,13.2,91,14.0,14.0,по сезону,1000.3,995.8,,,,,,2024-06-23 00:00:00,2024-06-23 04:00:00,2024,6
СЗ,3.0,н/о,,н/о,14.2,13.8,97,13.0,13.0,холодно,1000.1,995.7,13.9,,2.0,,,2024-06-23 03:00:00,2024-06-23 07:00:00,2024,6
С,5.0,н/о,,н/о,16.3,14.1,87,15.0,15.0,холодно,1000.5,996.1,,,,,,2024-06-23 06:00:00,2024-06-23 10:00:00,2024,6
СЗ,4.0,н/о,,н/о,18.5,14.4,77,19.0,19.0,прохладно,1000.5,996.1,,,,,,2024-06-23 09:00:00,2024-06-23 13:00:00,2024,6
СЗ,,н/о,,н/о,19.8,13.2,66,21.0,21.0,комфорт,1000.3,995.9,,,,,,2024-06-23 12:00:00,2024-06-23 16:00:00,2024,6
СЗ,,н/о,,н/о,18.4,14.2,77,19.0,19.0,прохладно,1000.6,996.2,,20.1,0.5,,,2024-06-23 15:00:00,2024-06-23 19:00:00,2024,6
СЗ,,н/о,,н/о,17.4,13.2,76,17.0,17.0,по сезону,1001.2,996.8,,,,,,2024-06-23 18:00:00,2024-06-23 22:00:00,2024,6
СЗ,,н/о,,н/о,17.0,12.8,76,17.0,17.0,по сезону,1000.8,996.4,,,,,,2024-06-23 21:00:00,2024-06-24 01:00:00,2024,6
СЗ,4.0,н/о,,н/о,15.8,12.4,80,15.0,15.0,по сезону,1001.2,996.8,,,,,,2024-06-24 00:00:00,2024-06-24 04:00:00,2024,6
СЗ,4.0,н/о,,н/о,16.8,11.3,70,16.0,16.0,прохладно,1001.6,997.2,14.8,,,,,2024-06-24 03:00:00,2024-06-24 07:00:00,2024,6
СЗ,,н/о,,н/о,19.6,11.0,58,21.0,21.0,комфорт,1002.2,997.8,,,,,,2024-06-24 06:00:00,2024-06-24 10:00:00,2024,6
СЗ,,н/о,,н/о,20.6,7.7,43,21.0,21.0,комфорт,1002.9,998.6,,,,,,2024-06-24 09:00:00,2024-06-24 13:00:00,2024,6
СЗ,,н/о,,н/о,20.3,8.2,46,21.0,21.0,комфорт,1003.4,999.0,,,,,,2024-06-24 12:00:00,2024-06-24 16:00:00,2024,6
СЗ,,н/о,,н/о,18.8,9.0,53,19.0,19.0,прохладно,1003.6,999.2,,21.4,,,,2024-06-24 15:00:00,2024-06-24 19:00:00,2024,6
СЗ,1.0,н/о,,н/о,14.9,9.7,71,15.0,15.0,прохладно,1004.3,999.8,,,,,,2024-06-24 18:00:00,2024-06-24 22:00:00,2024,6
СЗ,2.0,н/о,,н/о,15.3,9.9,70,15.0,15.0,по сезону,1004.1,999.6,,,,,,2024-06-24 21:00:00,2024-06-25 01:00:00,2024,6
СЗ,1.0,н/о,,н/о,10.6,9.7,94,10.0,10.0,прохладно,1004.2,999.6,,,,,,2024-06-25 00:00:00,2024-06-25 04:00:00,2024,6
СЗ,2.0,н/о,,н/о,13.3,9.3,77,13.0,13.0,холодно,1004.3,999.8,10.5,,,,,2024-06-25 03:00:00,2024-06-25 07:00:00,2024,6
СЗ,4.0,н/о,,н/о,15.3,7.8,61,14.0,14.0,очень  холодно,1004.1,999.7,,,,,,2024-06-25 06:00:00,2024-06-25 10:00:00,2024,6
С,5.0,н/о,,н/о,16.1,7.4,56,15.0,15.0,очень  холодно,1004.5,1000.0,,,,,,2024-06-25 09:00:00,2024-06-25 13:00:00,2024,6
С,3.0,н/о,,н/о,16.2,7.9,58,16.0,16.0,очень  холодно,1004.8,1000.3,,,,,,2024-06-25 12:00:00,2024-06-25 16:00:00,2024,6
С,3.0,н/о,,н/о,17.6,7.0,50,18.0,18.0,прохладно,1004.3,999.9,,18.0,,,,2024-06-25 15:00:00,2024-06-25 19:00:00,2024,6
СЗ,1.0,н/о,,н/о,12.8,9.1,78,13.0,13.0,холодно,1005.2,1000.7,,,,,,2024-06-25 18:00:00,2024-06-25 22:00:00,2024,6
З,2.0,н/о,,н/о,10.3,9.5,95,9.0,9.0,очень  холодно,1005.1,1000.6,,,,,,2024-06-25 21:00:00,2024-06-26 01:00:00,2024,6
СЗ,1.0,н/о,,н/о,8.8,8.6,99,8.0,8.0,прохладно,1004.6,1000.0,,,,,,2024-06-26 00:00:00,2024-06-26 04:00:00,2024,6
штиль,0.0,н/о,,н/о,14.4,13.2,92,14.0,14.0,по сезону,1005.1,1000.6,8.5,,,,,2024-06-26 03:00:00,2024-06-26 07:00:00,2024,6
СЗ,3.0,н/о,,н/о,19.4,12.7,65,21.0,21.0,комфорт,1004.9,1000.5,,,,,,2024-06-26 06:00:00,2024-06-26 10:00:00,2024,6
СЗ,3.0,н/о,,н/о,21.1,11.7,55,23.0,23.0,комфорт,1004.8,1000.4,,,,,,2024-06-26 09:00:00,2024-06-26 13:00:00,2024,6
СВ,4.0,н/о,,н/о,21.8,7.8,41,23.0,23.0,комфорт,1005.2,1000.8,,,,,,2024-06-26 12:00:00,2024-06-26 16:00:00,2024,6
СВ,3.0,н/о,,н/о,19.7,8.8,49,21.0,21.0,комфорт,1006.0,1001.6,,22.4,0.3,,,2024-06-26 15:00:00,2024-06-26 19:00:00,2024,6
штиль,0.0,н/о,,н/о,13.6,10.2,80,13.0,13.0,прохладно,1007.1,1002.6,,,,,,2024-06-26 18:00:00,2024-06-26 22:00:00,2024,6
штиль,0.0,н/о,,н/о,10.2,9.5,95,9.0,9.0,холодно,1006.7,1002.1,,,,,,2024-06-26 21:00:00,2024-06-27 01:00:00,2024,6
ЮВ,1.0,н/о,,н/о,11.8,10.5,92,12.0,12.0,по сезону,1006.6,1002.0,,,,,,2024-06-27 00:00:00,2024-06-27 04:00:00,2024,6
ЮЗ,1.0,н/о,,н/о,14.1,11.8,86,14.0,14.0,по сезону,1006.9,1002.4,10.2,,,,,2024-06-27 03:00:00,2024-06-27 07:00:00,2024,6
З,2.0,н/о,,н/о,21.3,12.9,59,24.0,24.0,комфорт,1006.6,1002.2,,,,,,2024-06-27 06:00:00,2024-06-27 10:00:00,2024,6
С,4.0,н/о,,н/о,22.8,11.5,49,25.0,25.0,комфорт,1005.9,1001.5,,,,,,2024-06-27 09:00:00,2024-06-27 13:00:00,2024,6
СЗ,4.0,н/о,,н/о,24.3,9.9,40,25.0,25.0,комфорт,1006.5,1002.2,,,,,,2024-06-27 12:00:00,2024-06-27 16:00:00,2024,6
С,2.0,н/о,,н/о,17.1,11.7,71,17.0,17.0,тепло,1008.7,1004.3,,,,,,2024-06-27 18:00:00,2024-06-27 22:00:00,2024,6
С,4.0,н/о,,н/о,15.5,13.2,86,15.0,15.0,по сезону,1009.2,1004.7,,,,,,2024-06-28 06:00:00,2024-06-28 10:00:00,2024,6
С,4.0,н/о,,н/о,17.1,12.7,75,17.0,17.0,по сезону,1008.7,1004.2,,,,,,2024-06-28 09:00:00,2024-06-28 13:00:00,2024,6
С,,н/о,,н/о,17.9,13.1,73,18.0,18.0,по сезону,1008.2,1003.8,,,,,,2024-06-28 12:00:00,2024-06-28 16:00:00,2024,6
С,2.0,н/о,,н/о,20.5,14.1,67,24.0,24.0,комфорт,1007.2,1002.8,,20.5,0.3,,,2024-06-28 15:00:00,2024-06-28 19:00:00,2024,6
СЗ,3.0,н/о,,н/о,18.4,13.2,72,19.0,19.0,тепло,1006.9,1002.5,,,,,,2024-06-28 18:00:00,2024-06-28 22:00:00,2024,6
С,3.0,н/о,,н/о,17.6,11.7,68,18.0,18.0,тепло,1006.8,1002.4,,,,,,2024-06-28 21:00:00,2024-06-29 01:00:00,2024,6
С,3.0,н/о,,н/о,14.6,10.9,78,14.0,14.0,тепло,1007.4,1002.9,,,,,,2024-06-29 00:00:00,2024-06-29 04:00:00,2024,6
С,3.0,н/о,,н/о,15.9,10.9,72,15.0,15.0,тепло,1008.4,1003.9,14.3,,,,,2024-06-29 03:00:00,2024-06-29 07:00:00,2024,6
С,5.0,н/о,,н/о,19.5,11.5,60,21.0,21.0,комфорт,1009.3,1004.8,,,,,,2024-06-29 06:00:00,2024-06-29 10:00:00,2024,6
С,,н/о,,н/о,22.4,4.9,32,23.0,23.0,комфорт,1008.9,1004.6,,,,,,2024-06-29 09:00:00,2024-06-29 13:00:00,2024,6
С,,н/о,,н/о,23.4,5.2,31,24.0,24.0,комфорт,1009.0,1004.7,,,,,,2024-06-29 12:00:00,2024-06-29 16:00:00,2024,6
С,,н/о,,н/о,22.5,4.8,32,23.0,23.0,комфорт,1009.9,1005.5,,23.6,,,,2024-06-29 15:00:00,2024-06-29 19:00:00,2024,6
З,,н/о,,н/о,14.4,7.9,65,15.0,15.0,тепло,1011.4,1006.9,,,,,,2024-06-29 18:00:00,2024-06-29 22:00:00,2024,6
СЗ,2.0,н/о,,н/о,11.9,6.9,71,11.0,11.0,по сезону,1012.0,1007.5,,,,,,2024-06-29 21:00:00,2024-06-30 01:00:00,2024,6
СЗ,2.0,н/о,,н/о,12.3,7.5,72,11.0,11.0,прохладно,1012.5,1007.9,,,,,,2024-06-30 00:00:00,2024-06-30 04:00:00,2024,6
СЗ,2.0,н/о,,н/о,15.5,8.9,65,15.0,15.0,прохладно,1013.2,1008.7,10.9,,,,,2024-06-30 03:00:00,2024-06-30 07:00:00,2024,6
С,3.0,н/о,,н/о,21.4,8.2,43,23.0,23.0,комфорт,1013.7,1009.3,,,,,,2024-06-30 06:00:00,2024-06-30 10:00:00,2024,6
СЗ,,н/о,,н/о,24.0,6.1,32,24.0,24.0,комфорт,1013.2,1008.8,,,,,,2024-06-30 09:00:00,2024-06-30 13:00:00,2024,6
СЗ,,н/о,,н/о,25.3,7.8,33,25.0,25.0,комфорт,1012.1,1007.8,,,,,,2024-06-30 12:00:00,2024-06-30 16:00:00,2024,6
С,3.0,н/о,,н/о,24.7,8.9,37,25.0,25.0,комфорт,1011.4,1007.1,,25.8,,,,2024-06-30 15:00:00,2024-06-30 19:00:00,2024,6
З,1.0,н/о,,н/о,16.6,11.3,71,17.0,17.0,прохладно,1012.3,1007.8,,,,,,2024-06-30 18:00:00,2024-06-30 22:00:00,2024,6
ЮВ,1.0,н/о,,н/о,12.8,11.1,89,13.0,13.0,прохладно,1012.3,1007.8,,,,,,2024-06-30 21:00:00,2024-07-01 01:00:00,2024,6
штиль,0.0,н/о,,н/о,10.0,9.7,98,9.0,9.0,холодно,1012.5,1007.9,,,,,,2024-07-01 00:00:00,2024-07-01 04:00:00,2024,7
З,2.0,н/о,,н/о,20.6,12.7,61,24.0,24.0,комфорт,1012.2,1007.8,9.7,,,,,2024-07-01 03:00:00,2024-07-01 07:00:00,2024,7
З,2.0,н/о,,н/о,25.5,12.4,44,27.0,27.0,жарко,1012.0,1007.7,,,,,,2024-07-01 06:00:00,2024-07-01 10:00:00,2024,7
СЗ,3.0,н/о,,н/о,28.7,10.8,33,29.0,29.0,жарко,1010.9,1006.6,,,,,,2024-07-01 09:00:00,2024-07-01 13:00:00,2024,7
СЗ,3.0,н/о,,н/о,29.9,13.7,37,31.0,31.0,жарко,1009.0,1004.7,,,,,,2024-07-01 12:00:00,2024-07-01 16:00:00,2024,7
СЗ,2.0,н/о,,н/о,28.9,16.3,46,32.0,32.0,душно,1008.0,1003.7,,30.3,,,,2024-07-01 15:00:00,2024-07-01 19:00:00,2024,7
ЮЗ,1.0,н/о,,н/о,23.5,16.8,66,27.0,27.0,душно,1008.1,1003.8,,,,,,2024-07-01 18:00:00,2024-07-01 22:00:00,2024,7
ЮЗ,1.0,н/о,,н/о,20.5,18.9,91,26.0,26.0,душно,1007.8,1003.4,,,,,,2024-07-01 21:00:00,2024-07-02 01:00:00,2024,7
Ю,1.0,н/о,,н/о,17.5,17.3,99,19.0,19.0,тепло,1007.8,1003.4,,,,,,2024-07-02 00:00:00,2024-07-02 04:00:00,2024,7
ЮВ,1.0,н/о,,н/о,23.1,19.2,79,29.0,29.0,очень  душно,1008.2,1003.9,16.1,,,,,2024-07-02 03:00:00,2024-07-02 07:00:00,2024,7
СЗ,2.0,н/о,,н/о,27.9,19.9,62,34.0,34.0,очень  душно,1008.2,1004.0,,,,,,2024-07-02 06:00:00,2024-07-02 10:00:00,2024,7
З,1.0,н/о,,н/о,29.6,15.7,43,32.0,32.0,душно,1007.7,1003.4,,,,,,2024-07-02 09:00:00,2024-07-02 13:00:00,2024,7
СЗ,2.0,н/о,,н/о,31.4,13.3,33,32.0,32.0,жарко,1007.2,1003.0,,,,,,2024-07-02 12:00:00,2024-07-02 16:00:00,2024,7
СЗ,2.0,н/о,,н/о,30.2,14.3,38,32.0,32.0,жарко,1007.1,1002.8,,31.7,,,,2024-07-02 15:00:00,2024-07-02 19:00:00,2024,7
Ю,1.0,н/о,,н/о,21.5,17.2,77,26.0,26.0,душно,1008.0,1003.6,,,,,,2024-07-02 18:00:00,2024-07-02 22:00:00,2024,7
штиль,0.0,н/о,,н/о,17.9,17.2,96,18.0,18.0,тепло,1008.4,1004.0,,,,,,2024-07-02 21:00:00,2024-07-03 01:00:00,2024,7
ЮВ,1.0,н/о,,н/о,16.2,16.2,100,17.0,17.0,тепло,1009.2,1004.7,,,,,,2024-07-03 00:00:00,2024-07-03 04:00:00,2024,7
штиль,0.0,н/о,,н/о,21.6,20.1,91,27.0,27.0,душно,1010.2,1005.8,15.7,,,,,2024-07-03 03:00:00,2024-07-03 07:00:00,2024,7
С,1.0,н/о,,н/о,28.2,18.6,56,33.0,33.0,очень  душно,1009.9,1005.6,,,,,,2024-07-03 06:00:00,2024-07-03 10:00:00,2024,7
С,2.0,н/о,,н/о,30.7,15.5,40,33.0,33.0,душно,1010.1,1005.8,,,,,,2024-07-03 09:00:00,2024-07-03 13:00:00,2024,7
С,1.0,н/о,,н/о,31.7,16.0,39,35.0,35.0,очень  душно,1009.1,1004.9,,32.8,,,,2024-07-03 15:00:00,2024-07-03 19:00:00,2024,7
штиль,0.0,н/о,,н/о,19.2,17.5,90,21.0,21.0,комфорт,1010.9,1006.5,,,,,,2024-07-03 21:00:00,2024-07-04 01:00:00,2024,7
Ю,1.0,н/о,,н/о,17.5,17.1,98,19.0,19.0,тепло,1012.2,1007.7,,,,,,2024-07-04 00:00:00,2024-07-04 04:00:00,2024,7
СВ,1.0,н/о,,н/о,23.3,20.3,83,31.0,31.0,очень  душно,1013.1,1008.7,17.4,,,,,2024-07-04 03:00:00,2024-07-04 07:00:00,2024,7
В,2.0,н/о,,н/о,29.8,20.8,59,37.0,37.0,очень  душно,1013.6,1009.3,,,,,,2024-07-04 06:00:00,2024-07-04 10:00:00,2024,7
В,2.0,н/о,,н/о,33.0,15.6,35,35.0,35.0,душно,1013.6,1009.4,,,,,,2024-07-04 09:00:00,2024-07-04 13:00:00,2024,7
В,2.0,н/о,,н/о,34.8,15.0,31,37.0,37.0,очень  душно,1013.0,1008.8,,,,,,2024-07-04 12:00:00,2024-07-04 16:00:00,2024,7
В,2.0,н/о,,н/о,34.1,15.4,33,36.0,36.0,душно,1011.9,1007.7,,35.0,,,,2024-07-04 15:00:00,2024-07-04 19:00:00,2024,7
штиль,0.0,н/о,,н/о,24.2,19.7,76,29.0,29.0,душно,1012.9,1008.6,,,,,,2024-07-04 18:00:00,2024-07-04 22:00:00,2024,7
штиль,0.0,н/о,,н/о,20.9,19.3,91,25.0,25.0,комфорт,1013.5,1009.1,,,,,,2024-07-04 21:00:00,2024-07-05 01:00:00,2024,7
ЮВ,1.0,н/о,,н/о,19.9,19.4,97,24.0,24.0,комфорт,1013.9,1009.5,,,,,,2024-07-05 00:00:00,2024-07-05 04:00:00,2024,7
Ю,1.0,н/о,,н/о,24.4,20.4,78,30.0,30.0,очень  душно,1014.3,1010.0,19.4,,,,,2024-07-05 03:00:00,2024-07-05 07:00:00,2024,7
В,2.0,н/о,,н/о,30.5,21.8,60,39.0,39.0,очень  душно,1013.9,1009.6,,,,,,2024-07-05 06:00:00,2024-07-05 10:00:00,2024,7
В,3.0,н/о,,н/о,35.0,16.4,33,38.0,38.0,очень  душно,1013.1,1008.9,,,,,,2024-07-05 09:00:00,2024-07-05 13:00:00,2024,7
В,2.0,н/о,,н/о,36.5,14.2,26,37.0,37.0,очень  жарко,1011.7,1007.5,,,,,,2024-07-05 12:00:00,2024-07-05 16:00:00,2024,7
В,2.0,н/о,,н/о,34.9,15.2,31,37.0,37.0,очень  душно,1010.6,1006.4,,36.8,,,,2024-07-05 15:00:00,2024-07-05 19:00:00,2024,7
штиль,0.0,н/о,,н/о,24.7,19.3,72,30.0,30.0,очень  душно,1011.1,1006.8,,,,,,2024-07-05 18:00:00,2024-07-05 22:00:00,2024,7
ЮЗ,1.0,н/о,,н/о,36.0,15.9,30,38.0,38.0,очень  душно,1010.2,1006.0,,,,,,2024-07-06 09:00:00,2024-07-06 13:00:00,2024,7
СЗ,2.0,н/о,,н/о,34.1,17.8,38,38.0,38.0,очень  душно,1008.9,1004.7,,36.5,,,,2024-07-06 15:00:00,2024-07-06 19:00:00,2024,7
штиль,0.0,н/о,,н/о,25.3,20.4,74,31.0,31.0,очень  душно,1010.1,1005.8,,,,,,2024-07-06 18:00:00,2024-07-06 22:00:00,2024,7
штиль,0.0,н/о,,н/о,22.1,20.3,90,28.0,28.0,душно,1010.9,1006.5,,,,,,2024-07-06 21:00:00,2024-07-07 01:00:00,2024,7
штиль,0.0,н/о,,н/о,21.2,20.0,93,26.0,26.0,душно,1011.9,1007.6,,,,,,2024-07-07 00:00:00,2024-07-07 04:00:00,2024,7
С,1.0,н/о,,н/о,25.5,21.5,79,33.0,33.0,очень  душно,1013.6,1009.3,20.2,,,,,2024-07-07 03:00:00,2024-07-07 07:00:00,2024,7
С,5.0,н/о,,н/о,29.8,20.6,58,37.0,37.0,очень  душно,1014.8,1010.5,,,,,,2024-07-07 06:00:00,2024-07-07 10:00:00,2024,7
С,,н/о,,н/о,30.1,21.0,58,37.0,37.0,очень  душно,1016.2,1011.9,,,,,,2024-07-07 09:00:00,2024-07-07 13:00:00,2024,7
С,,н/о,,н/о,30.4,19.9,53,37.0,37.0,очень  душно,1016.4,1012.2,,,,,,2024-07-07 12:00:00,2024-07-07 16:00:00,2024,7
С,,н/о,,н/о,28.4,18.6,55,33.0,33.0,очень  душно,1017.2,1012.9,,30.6,,,,2024-07-07 15:00:00,2024-07-07 19:00:00,2024,7
С,3.0,н/о,,н/о,22.6,14.6,61,26.0,26.0,жарко,1018.6,1014.2,,,,,,2024-07-07 18:00:00,2024-07-07 22:00:00,2024,7
С,3.0,н/о,,н/о,19.2,12.7,66,21.0,21.0,комфорт,1019.1,1014.6,,,,,,2024-07-07 21:00:00,2024-07-08 01:00:00,2024,7
С,2.0,н/о,,н/о,17.6,13.1,75,18.0,18.0,тепло,1019.8,1015.3,,,,,,2024-07-08 00:00:00,2024-07-08 04:00:00,2024,7
С,3.0,н/о,,н/о,19.6,14.1,71,22.0,22.0,комфорт,1020.0,1015.5,15.8,,,,,2024-07-08 03:00:00,2024-07-08 07:00:00,2024,7
С,4.0,н/о,,н/о,23.5,14.8,58,26.0,26.0,жарко,1020.0,1015.6,,,,,,2024-07-08 06:00:00,2024-07-08 10:00:00,2024,7
СВ,5.0,н/о,,н/о,26.1,8.9,34,26.0,26.0,жарко,1019.4,1015.0,,,,,,2024-07-08 09:00:00,2024-07-08 13:00:00,2024,7
СВ,4.0,н/о,,н/о,27.7,8.2,29,27.0,27.0,жарко,1018.5,1014.2,,,,,,2024-07-08 12:00:00,2024-07-08 16:00:00,2024,7
С,4.0,н/о,,н/о,26.4,9.5,34,27.0,27.0,жарко,1017.7,1013.4,,27.9,,,,2024-07-08 15:00:00,2024-07-08 19:00:00,2024,7
СЗ,1.0,н/о,,н/о,18.7,11.3,62,20.0,20.0,тепло,1018.1,1013.6,,,,,,2024-07-08 18:00:00,2024-07-08 22:00:00,2024,7
СЗ,2.0,н/о,,н/о,15.8,10.8,72,16.0,16.0,тепло,1017.8,1013.2,,,,,,2024-07-08 21:00:00,2024-07-09 01:00:00,2024,7
СЗ,2.0,н/о,,н/о,14.1,12.4,89,14.0,14.0,тепло,1018.0,1013.5,,,,,,2024-07-09 00:00:00,2024-07-09 04:00:00,2024,7
С,3.0,н/о,,н/о,19.3,15.0,76,21.0,21.0,комфорт,1017.8,1013.4,13.7,,,,,2024-07-09 03:00:00,2024-07-09 07:00:00,2024,7
С,5.0,н/о,,н/о,23.6,15.4,60,27.0,27.0,жарко,1017.3,1012.9,,,,,,2024-07-09 06:00:00,2024-07-09 10:00:00,2024,7
С,5.0,н/о,,н/о,27.0,12.9,42,29.0,29.0,жарко,1016.2,1011.8,,,,,,2024-07-09 09:00:00,2024-07-09 13:00:00,2024,7
С,,н/о,,н/о,27.1,14.3,45,29.0,29.0,жарко,1015.6,1011.3,,,,,,2024-07-09 12:00:00,2024-07-09 16:00:00,2024,7
С,,н/о,,н/о,25.6,13.2,46,28.0,28.0,жарко,1015.5,1011.1,,27.4,,,,2024-07-09 15:00:00,2024-07-09 19:00:00,2024,7
СЗ,2.0,н/о,,н/о,20.1,15.7,76,23.0,23.0,комфорт,1016.2,1011.8,,,,,,2024-07-09 18:00:00,2024-07-09 22:00:00,2024,7
З,,н/о,,н/о,17.7,17.6,99,19.0,19.0,тепло,1016.0,1011.5,,,,,,2024-07-09 21:00:00,2024-07-10 01:00:00,2024,7
штиль,0.0,н/о,,н/о,15.7,15.6,99,15.0,15.0,по сезону,1016.1,1011.6,,,,,,2024-07-10 00:00:00,2024-07-10 04:00:00,2024,7
СЗ,1.0,н/о,,н/о,20.2,18.1,88,25.0,25.0,комфорт,1016.4,1012.0,15.2,,1.0,,,2024-07-10 03:00:00,2024-07-10 07:00:00,2024,7
С,4.0,н/о,,н/о,26.1,18.6,63,31.0,31.0,очень  душно,1016.1,1011.8,,,,,,2024-07-10 06:00:00,2024-07-10 10:00:00,2024,7
СВ,5.0,н/о,,н/о,30.5,13.5,35,32.0,32.0,жарко,1015.4,1011.1,,,,,,2024-07-10 09:00:00,2024-07-10 13:00:00,2024,7
СЗ,1.0,н/о,,н/о,21.4,15.9,71,25.0,25.0,комфорт,1015.5,1011.1,,,,,,2024-07-10 18:00:00,2024-07-10 22:00:00,2024,7
З,1.0,н/о,,н/о,19.4,16.2,82,22.0,22.0,комфорт,1016.0,1011.5,,,,,,2024-07-10 21:00:00,2024-07-11 01:00:00,2024,7
СЗ,1.0,н/о,,н/о,18.0,16.0,88,19.0,19.0,тепло,1015.6,1011.1,,,,,,2024-07-11 00:00:00,2024-07-11 04:00:00,2024,7
СЗ,1.0,н/о,,н/о,22.3,17.3,73,27.0,27.0,душно,1015.4,1011.0,16.0,,,,,2024-07-11 03:00:00,2024-07-11 07:00:00,2024,7
С,4.0,н/о,,н/о,27.4,19.1,61,33.0,33.0,очень  душно,1015.2,1010.8,,,,,,2024-07-11 06:00:00,2024-07-11 10:00:00,2024,7
С,5.0,н/о,,н/о,28.6,18.3,54,33.0,33.0,очень  душно,1014.3,1010.0,,,,,,2024-07-11 09:00:00,2024-07-11 13:00:00,2024,7
СЗ,,н/о,,н/о,28.5,14.4,42,31.0,31.0,душно,1013.5,1009.2,,,,,,2024-07-11 12:00:00,2024-07-11 16:00:00,2024,7
С,,н/о,,н/о,26.7,8.1,31,27.0,27.0,жарко,1013.4,1009.1,,29.5,,,,2024-07-11 15:00:00,2024-07-11 19:00:00,2024,7
СЗ,,н/о,,н/о,20.4,10.4,53,23.0,23.0,комфорт,1013.8,1009.4,,,,,,2024-07-11 18:00:00,2024-07-11 22:00:00,2024,7
С,,н/о,,н/о,19.5,9.6,53,21.0,21.0,комфорт,1014.0,1009.5,,,,,,2024-07-11 21:00:00,2024-07-12 01:00:00,2024,7
С,4.0,н/о,,н/о,17.0,12.1,73,17.0,17.0,тепло,1013.6,1009.1,,,,,,2024-07-12 00:00:00,2024-07-12 04:00:00,2024,7
СЗ,4.0,н/о,,н/о,17.9,13.0,73,18.0,18.0,по сезону,1013.7,1009.3,16.5,,,,,2024-07-12 03:00:00,2024-07-12 07:00:00,2024,7
С,,н/о,,н/о,22.0,11.7,52,24.0,24.0,комфорт,1013.2,1008.8,,,,,,2024-07-12 06:00:00,2024-07-12 10:00:00,2024,7
С,,н/о,,н/о,23.8,10.0,42,25.0,25.0,комфорт,1012.4,1008.0,,,,,,2024-07-12 09:00:00,2024-07-12 13:00:00,2024,7
С,,н/о,,н/о,25.0,8.0,34,25.0,25.0,комфорт,1011.5,1007.2,,,,,,2024-07-12 12:00:00,2024-07-12 16:00:00,2024,7
С,,н/о,,н/о,23.5,7.2,35,24.0,24.0,комфорт,1011.3,1007.0,,25.4,,,,2024-07-12 15:00:00,2024-07-12 19:00:00,2024,7
С,,н/о,,н/о,20.3,7.0,42,21.0,21.0,комфорт,1012.1,1007.7,,,,,,2024-07-12 18:00:00,2024-07-12 22:00:00,2024,7
С,,н/о,,н/о,16.3,9.2,63,15.0,15.0,прохладно,1011.8,1007.4,,,,,,2024-07-12 21:00:00,2024-07-13 01:00:00,2024,7
С,,н/о,,н/о,14.1,9.2,72,13.0,13.0,по сезону,1011.5,1007.0,,,,,,2024-07-13 00:00:00,2024-07-13 04:00:00,2024,7
С,5.0,н/о,,н/о,15.2,9.8,70,14.0,14.0,холодно,1011.3,1006.8,13.7,,,,,2024-07-13 03:00:00,2024-07-13 07:00:00,2024,7
С,,н/о,,н/о,19.5,11.0,58,20.0,20.0,прохладно,1010.4,1005.9,,,,,,2024-07-13 06:00:00,2024-07-13 10:00:00,2024,7
С,,н/о,,н/о,22.2,12.6,54,25.0,25.0,комфорт,1010.1,1005.7,,,,,,2024-07-13 09:00:00,2024-07-13 13:00:00,2024,7
С,,н/о,,н/о,24.1,12.7,49,26.0,26.0,жарко,1009.8,1005.4,,,,,,2024-07-13 12:00:00,2024-07-13 16:00:00,2024,7
С,,н/о,,н/о,24.1,13.5,52,26.0,26.0,жарко,1009.8,1005.5,,25.1,,,,2024-07-13 15:00:00,2024-07-13 19:00:00,2024,7
С,,н/о,,н/о,21.4,13.9,62,24.0,24.0,комфорт,1010.9,1006.5,,,,,,2024-07-13 18:00:00,2024-07-13 22:00:00,2024,7
С,4.0,н/о,,н/о,21.0,14.6,67,24.0,24.0,комфорт,1010.3,1005.9,,,,,,2024-07-13 21:00:00,2024-07-14 01:00:00,2024,7
С,5.0,н/о,,н/о,19.8,14.8,73,22.0,22.0,комфорт,1010.9,1006.4,,,,,,2024-07-14 00:00:00,2024-07-14 04:00:00,2024,7
С,3.0,н/о,,н/о,19.6,15.1,75,22.0,22.0,комфорт,1011.0,1006.6,18.7,,,,,2024-07-14 03:00:00,2024-07-14 07:00:00,2024,7
СВ,5.0,н/о,,н/о,23.8,16.4,63,27.0,27.0,жарко,1011.1,1006.7,,,,,,2024-07-14 06:00:00,2024-07-14 10:00:00,2024,7
С,,н/о,,н/о,28.0,16.5,50,32.0,32.0,душно,1010.5,1006.2,,,,,,2024-07-14 09:00:00,2024-07-14 13:00:00,2024,7
С,4.0,н/о,,н/о,29.7,16.0,44,33.0,33.0,душно,1010.2,1005.9,,,,,,2024-07-14 12:00:00,2024-07-14 16:00:00,2024,7
С,3.0,н/о,,н/о,28.4,16.3,48,32.0,32.0,душно,1010.1,1005.8,,29.8,,,,2024-07-14 15:00:00,2024-07-14 19:00:00,2024,7
СЗ,2.0,н/о,,н/о,22.3,16.8,71,27.0,27.0,душно,1011.5,1007.1,,,,,,2024-07-14 18:00:00,2024-07-14 22:00:00,2024,7
СЗ,2.0,н/о,,н/о,19.1,16.9,87,21.0,21.0,комфорт,1011.3,1006.9,,,,,,2024-07-14 21:00:00,2024-07-15 01:00:00,2024,7
СЗ,1.0,н/о,,н/о,17.2,15.9,92,18.0,18.0,тепло,1011.6,1007.1,,,,,,2024-07-15 00:00:00,2024-07-15 04:00:00,2024,7
С,1.0,н/о,,н/о,21.1,17.3,79,25.0,25.0,комфорт,1012.3,1007.9,16.6,,,,,2024-07-15 03:00:00,2024-07-15 07:00:00,2024,7
С,3.0,н/о,,н/о,26.3,19.0,64,31.0,31.0,душно,1012.0,1007.7,,,,,,2024-07-15 06:00:00,2024-07-15 10:00:00,2024,7
С,3.0,н/о,,н/о,29.1,14.9,42,32.0,32.0,душно,1011.8,1007.6,,,,,,2024-07-15 09:00:00,2024-07-15 13:00:00,2024,7
С,4.0,н/о,,н/о,30.0,12.9,35,31.0,31.0,жарко,1011.0,1006.7,,,,,,2024-07-15 12:00:00,2024-07-15 16:00:00,2024,7
С,3.0,н/о,,н/о,29.5,11.8,34,30.0,30.0,жарко,1011.3,1007.0,,30.5,,,,2024-07-15 15:00:00,2024-07-15 19:00:00,2024,7
С,2.0,н/о,,н/о,23.8,15.0,58,27.0,27.0,жарко,1012.6,1008.2,,,,,,2024-07-15 18:00:00,2024-07-15 22:00:00,2024,7
СЗ,2.0,н/о,,н/о,17.8,15.8,88,18.0,18.0,тепло,1013.5,1009.0,,,,,,2024-07-16 00:00:00,2024-07-16 04:00:00,2024,7
С,4.0,н/о,,н/о,24.6,15.9,58,28.0,28.0,душно,1014.8,1010.5,,,,,,2024-07-16 06:00:00,2024-07-16 10:00:00,2024,7
С,3.0,н/о,,н/о,26.9,11.0,37,28.0,28.0,жарко,1014.6,1010.2,,,,,,2024-07-16 09:00:00,2024-07-16 13:00:00,2024,7
СВ,4.0,н/о,,н/о,27.9,11.2,35,29.0,29.0,жарко,1014.5,1010.2,,,,,,2024-07-16 12:00:00,2024-07-16 16:00:00,2024,7
С,3.0,н/о,,н/о,26.7,11.6,39,28.0,28.0,жарко,1014.7,1010.3,,27.9,,,,2024-07-16 15:00:00,2024-07-16 19:00:00,2024,7
СЗ,1.0,н/о,,н/о,18.3,13.8,75,20.0,20.0,тепло,1015.6,1011.1,,,,,,2024-07-16 18:00:00,2024-07-16 22:00:00,2024,7
З,1.0,н/о,,н/о,15.5,13.5,88,16.0,16.0,по сезону,1016.1,1011.6,,,,,,2024-07-16 21:00:00,2024-07-17 01:00:00,2024,7
СЗ,1.0,н/о,,н/о,13.7,13.0,96,14.0,14.0,тепло,1016.3,1011.7,,,,,,2024-07-17 00:00:00,2024-07-17 04:00:00,2024,7
СЗ,1.0,н/о,,н/о,18.6,15.7,83,21.0,21.0,комфорт,1017.0,1012.5,13.6,,,,,2024-07-17 03:00:00,2024-07-17 07:00:00,2024,7
С,2.0,н/о,,н/о,23.9,16.2,62,27.0,27.0,жарко,1017.0,1012.6,,,,,,2024-07-17 06:00:00,2024-07-17 10:00:00,2024,7
С,4.0,н/о,,н/о,26.9,14.2,46,29.0,29.0,жарко,1016.0,1011.6,,,,,,2024-07-17 09:00:00,2024-07-17 13:00:00,2024,7
СВ,2.0,н/о,,н/о,28.7,13.2,39,30.0,30.0,жарко,1015.2,1010.9,,,,,,2024-07-17 12:00:00,2024-07-17 16:00:00,2024,7
СЗ,2.0,н/о,,н/о,28.1,13.6,41,30.0,30.0,жарко,1014.8,1010.5,,29.1,,,,2024-07-17 15:00:00,2024-07-17 19:00:00,2024,7
С,1.0,н/о,,н/о,20.5,15.7,74,25.0,25.0,комфорт,1015.1,1010.7,,,,,,2024-07-17 18:00:00,2024-07-17 22:00:00,2024,7
СЗ,1.0,н/о,,н/о,18.0,15.7,86,19.0,19.0,тепло,1014.8,1010.3,,,,,,2024-07-17 21:00:00,2024-07-18 01:00:00,2024,7
Ю,1.0,н/о,,н/о,15.8,15.0,95,16.0,16.0,тепло,1014.4,1009.9,,,,,,2024-07-18 00:00:00,2024-07-18 04:00:00,2024,7
штиль,0.0,н/о,,н/о,21.1,17.6,80,25.0,25.0,комфорт,1014.3,1009.8,15.2,,,,,2024-07-18 03:00:00,2024-07-18 07:00:00,2024,7
СЗ,2.0,н/о,,н/о,26.8,15.3,49,30.0,30.0,душно,1013.4,1009.0,,,,,,2024-07-18 06:00:00,2024-07-18 10:00:00,2024,7
СЗ,3.0,н/о,,н/о,27.2,13.5,43,29.0,29.0,жарко,1012.2,1007.8,,,,,,2024-07-18 09:00:00,2024-07-18 13:00:00,2024,7
С,2.0,н/о,,н/о,28.8,17.1,49,33.0,33.0,очень  душно,1010.5,1006.3,,,,,,2024-07-18 12:00:00,2024-07-18 16:00:00,2024,7
СЗ,3.0,н/о,,н/о,27.5,14.2,44,30.0,30.0,жарко,1009.7,1005.4,,29.5,,,,2024-07-18 15:00:00,2024-07-18 19:00:00,2024,7
СЗ,1.0,н/о,,н/о,19.6,15.9,79,23.0,23.0,комфорт,1010.1,1005.7,,,,,,2024-07-18 18:00:00,2024-07-18 22:00:00,2024,7
СЗ,1.0,н/о,,н/о,16.0,14.8,93,17.0,17.0,тепло,1010.0,1005.5,,,,,,2024-07-18 21:00:00,2024-07-19 01:00:00,2024,7
СЗ,1.0,н/о,,н/о,13.8,13.5,98,14.0,14.0,тепло,1009.7,1005.2,,,,,,2024-07-19 00:00:00,2024-07-19 04:00:00,2024,7
С,2.0,н/о,,н/о,19.6,16.3,81,22.0,22.0,комфорт,1010.1,1005.7,13.7,,,,,2024-07-19 03:00:00,2024-07-19 07:00:00,2024,7
С,3.0,н/о,,н/о,24.1,16.4,62,28.0,28.0,душно,1009.4,1005.1,,,,,,2024-07-19 06:00:00,2024-07-19 10:00:00,2024,7
С,2.0,н/о,,н/о,26.8,14.6,47,29.0,29.0,жарко,1008.1,1003.8,,,,,,2024-07-19 09:00:00,2024-07-19 13:00:00,2024,7
СВ,2.0,н/о,,н/о,28.7,12.8,38,30.0,30.0,жарко,1007.2,1003.0,,,,,,2024-07-19 12:00:00,2024-07-19 16:00:00,2024,7
СЗ,1.0,н/о,,н/о,27.5,14.1,44,30.0,30.0,жарко,1006.3,1002.0,,29.2,,,,2024-07-19 15:00:00,2024-07-19 19:00:00,2024,7
штиль,0.0,н/о,,н/о,20.3,16.4,78,23.0,23.0,комфорт,1006.3,1001.9,,,,,,2024-07-19 18:00:00,2024-07-19 22:00:00,2024,7
штиль,0.0,н/о,,н/о,17.9,16.4,91,18.0,18.0,тепло,1006.0,1001.6,,,,,,2024-07-19 21:00:00,2024-07-20 01:00:00,2024,7
ЮВ,1.0,н/о,,н/о,16.2,15.6,96,17.0,17.0,тепло,1005.5,1001.0,,,,,,2024-07-20 00:00:00,2024-07-20 04:00:00,2024,7
штиль,0.0,н/о,,н/о,21.2,17.3,78,25.0,25.0,комфорт,1005.4,1001.1,15.0,,,,,2024-07-20 03:00:00,2024-07-20 07:00:00,2024,7
ЮВ,2.0,н/о,,н/о,27.9,15.3,46,31.0,31.0,душно,1004.9,1000.6,,,,,,2024-07-20 06:00:00,2024-07-20 10:00:00,2024,7
ЮВ,2.0,н/о,,н/о,29.6,13.1,36,31.0,31.0,жарко,1004.4,1000.1,,,,,,2024-07-20 09:00:00,2024-07-20 13:00:00,2024,7
СВ,2.0,н/о,,н/о,31.3,12.0,31,32.0,32.0,жарко,1003.8,999.5,,,,,,2024-07-20 12:00:00,2024-07-20 16:00:00,2024,7
СВ,1.0,н/о,,н/о,28.0,15.3,46,31.0,31.0,душно,1002.8,998.5,,31.5,,,,2024-07-20 15:00:00,2024-07-20 19:00:00,2024,7
СЗ,4.0,н/о,,н/о,25.9,15.0,51,29.0,29.0,душно,1003.0,998.7,,,,,,2024-07-20 18:00:00,2024-07-20 22:00:00,2024,7
ЮВ,,н/о,,н/о,19.6,19.2,98,23.0,23.0,комфорт,1004.7,1000.3,,,,,,2024-07-20 21:00:00,2024-07-21 01:00:00,2024,7
В,2.0,н/о,,н/о,19.8,18.3,91,23.0,23.0,комфорт,1004.2,999.9,,,,,,2024-07-21 00:00:00,2024-07-21 04:00:00,2024,7
С,1.0,н/о,,н/о,19.8,18.3,91,24.0,24.0,комфорт,1004.3,999.9,19.2,,0.8,,,2024-07-21 03:00:00,2024-07-21 07:00:00,2024,7
С,3.0,н/о,,н/о,21.7,18.3,81,26.0,26.0,душно,1004.9,1000.5,,,,,,2024-07-21 06:00:00,2024-07-21 10:00:00,2024,7
С,4.0,н/о,,н/о,26.1,19.1,65,31.0,31.0,очень  душно,1004.5,1000.2,,,,,,2024-07-21 09:00:00,2024-07-21 13:00:00,2024,7
С,4.0,н/о,,н/о,27.1,17.1,54,31.0,31.0,душно,1003.9,999.6,,,,,,2024-07-21 12:00:00,2024-07-21 16:00:00,2024,7
С,1.0,н/о,,н/о,20.7,20.7,100,27.0,27.0,душно,1004.3,1000.0,,27.8,0.3,,,2024-07-21 15:00:00,2024-07-21 19:00:00,2024,7
штиль,0.0,н/о,,н/о,18.9,18.9,100,20.0,20.0,по сезону,1004.0,999.7,,,,,,2024-07-21 18:00:00,2024-07-21 22:00:00,2024,7
штиль,0.0,н/о,,н/о,19.2,19.2,100,21.0,21.0,комфорт,1003.9,999.5,,,,,,2024-07-21 21:00:00,2024-07-22 01:00:00,2024,7
З,1.0,н/о,,н/о,19.3,18.1,93,22.0,22.0,комфорт,1004.1,999.7,,,,,,2024-07-22 00:00:00,2024-07-22 04:00:00,2024,7
З,1.0,н/о,,н/о,20.3,18.4,89,25.0,25.0,комфорт,1004.4,1000.0,18.0,,,,,2024-07-22 03:00:00,2024-07-22 07:00:00,2024,7
З,3.0,н/о,,н/о,23.7,18.9,74,28.0,28.0,душно,1004.7,1000.4,,,,,,2024-07-22 06:00:00,2024-07-22 10:00:00,2024,7
З,3.0,н/о,,н/о,26.0,18.1,62,31.0,31.0,очень  душно,1004.7,1000.4,,,,,,2024-07-22 09:00:00,2024-07-22 13:00:00,2024,7
С,,н/о,,н/о,26.8,17.4,56,31.0,31.0,душно,1005.6,1001.3,,,,,,2024-07-22 12:00:00,2024-07-22 16:00:00,2024,7
СВ,4.0,н/о,,н/о,22.5,18.1,76,28.0,28.0,душно,1006.8,1002.4,,27.6,0.3,,,2024-07-22 15:00:00,2024-07-22 19:00:00,2024,7
С,5.0,н/о,,н/о,18.5,16.2,86,19.0,19.0,по сезону,1008.5,1004.0,,,,,,2024-07-22 18:00:00,2024-07-22 22:00:00,2024,7
СВ,4.0,н/о,,н/о,17.0,15.3,90,17.0,17.0,по сезону,1009.1,1004.7,,,,,,2024-07-22 21:00:00,2024-07-23 01:00:00,2024,7
С,2.0,н/о,,н/о,15.7,14.2,91,16.0,16.0,по сезону,1009.3,1004.8,,,,,,2024-07-23 00:00:00,2024-07-23 04:00:00,2024,7
С,4.0,н/о,,н/о,16.0,13.7,86,15.0,15.0,прохладно,1009.8,1005.4,15.7,,,,,2024-07-23 03:00:00,2024-07-23 07:00:00,2024,7
СВ,3.0,н/о,,н/о,17.0,13.8,81,17.0,17.0,холодно,1010.1,1005.6,,,,,,2024-07-23 06:00:00,2024-07-23 10:00:00,2024,7
С,4.0,н/о,,н/о,18.7,13.7,73,19.0,19.0,холодно,1010.0,1005.5,,,,,,2024-07-23 09:00:00,2024-07-23 13:00:00,2024,7
С,3.0,н/о,,н/о,18.3,14.4,78,19.0,19.0,холодно,1010.0,1005.6,,,,,,2024-07-23 12:00:00,2024-07-23 16:00:00,2024,7
С,2.0,н/о,,н/о,19.2,14.8,76,21.0,21.0,комфорт,1009.5,1005.1,,19.4,,,,2024-07-23 15:00:00,2024-07-23 19:00:00,2024,7
С,1.0,н/о,,н/о,16.8,14.2,85,18.0,18.0,по сезону,1009.8,1005.3,,,,,,2024-07-23 18:00:00,2024-07-23 22:00:00,2024,7
С,2.0,н/о,,н/о,16.9,15.2,90,17.0,17.0,по сезону,1008.6,1004.1,,,,,,2024-07-23 21:00:00,2024-07-24 01:00:00,2024,7
С,2.0,н/о,,н/о,16.5,15.4,93,17.0,17.0,тепло,1007.8,1003.3,,,,,,2024-07-24 00:00:00,2024-07-24 04:00:00,2024,7
С,3.0,н/о,,н/о,17.0,15.9,93,17.0,17.0,прохладно,1007.3,1002.9,15.1,,,,,2024-07-24 03:00:00,2024-07-24 07:00:00,2024,7
С,4.0,н/о,,н/о,19.7,16.6,82,22.0,22.0,комфорт,1006.7,1002.3,,,,,,2024-07-24 06:00:00,2024-07-24 10:00:00,2024,7
С,,н/о,,н/о,24.4,14.8,55,27.0,27.0,жарко,1005.2,1000.8,,,,,,2024-07-24 09:00:00,2024-07-24 13:00:00,2024,7
С,5.0,н/о,,н/о,25.1,9.7,38,26.0,26.0,жарко,1004.3,1000.0,,,,,,2024-07-24 12:00:00,2024-07-24 16:00:00,2024,7
С,4.0,н/о,,н/о,24.7,10.1,40,26.0,26.0,жарко,1003.1,998.8,,25.6,,,,2024-07-24 15:00:00,2024-07-24 19:00:00,2024,7
СЗ,1.0,н/о,,н/о,17.0,12.7,76,18.0,18.0,по сезону,1003.1,998.7,,,,,,2024-07-24 18:00:00,2024-07-24 22:00:00,2024,7
СЗ,1.0,н/о,,н/о,15.2,13.3,88,16.0,16.0,по сезону,1002.4,997.9,,,,,,2024-07-24 21:00:00,2024-07-25 01:00:00,2024,7
СЗ,2.0,н/о,,н/о,15.1,13.6,91,15.0,15.0,по сезону,1001.7,997.3,,,,,,2024-07-25 00:00:00,2024-07-25 04:00:00,2024,7
С,2.0,н/о,,н/о,16.8,14.4,86,17.0,17.0,прохладно,1001.6,997.2,14.3,,,,,2024-07-25 03:00:00,2024-07-25 07:00:00,2024,7
С,5.0,н/о,,н/о,20.7,14.3,67,23.0,23.0,комфорт,1001.4,997.1,,,,,,2024-07-25 06:00:00,2024-07-25 10:00:00,2024,7
С,,н/о,,н/о,23.7,10.3,43,25.0,25.0,комфорт,1000.7,996.4,,,,,,2024-07-25 09:00:00,2024-07-25 13:00:00,2024,7
С,,н/о,,н/о,22.6,9.4,43,24.0,24.0,комфорт,1001.1,996.8,,,,,,2024-07-25 12:00:00,2024-07-25 16:00:00,2024,7
СЗ,,н/о,,н/о,20.5,11.6,57,23.0,23.0,комфорт,1001.6,997.2,,24.4,,,,2024-07-25 15:00:00,2024-07-25 19:00:00,2024,7
С,3.0,н/о,,н/о,17.4,11.9,70,17.0,17.0,прохладно,1002.4,997.9,,,,,,2024-07-25 18:00:00,2024-07-25 22:00:00,2024,7
С,2.0,н/о,,н/о,14.6,12.5,87,14.0,14.0,прохладно,1002.9,998.4,,,,,,2024-07-25 21:00:00,2024-07-26 01:00:00,2024,7
СЗ,1.0,н/о,,н/о,12.0,11.7,98,12.0,12.0,по сезону,1003.2,998.7,,,,,,2024-07-26 00:00:00,2024-07-26 04:00:00,2024,7
С,4.0,н/о,,н/о,14.4,12.1,86,13.0,13.0,прохладно,1004.2,999.8,11.9,,,,,2024-07-26 03:00:00,2024-07-26 07:00:00,2024,7
СЗ,4.0,н/о,,н/о,17.6,12.7,73,17.0,17.0,прохладно,1004.3,999.9,,,,,,2024-07-26 06:00:00,2024-07-26 10:00:00,2024,7
С,,н/о,,н/о,19.6,12.8,65,21.0,21.0,комфорт,1004.7,1000.3,,,,,,2024-07-26 09:00:00,2024-07-26 13:00:00,2024,7
СЗ,,н/о,,н/о,19.8,14.0,69,22.0,22.0,комфорт,1005.6,1001.2,,,,,,2024-07-26 12:00:00,2024-07-26 16:00:00,2024,7
С,,н/о,,н/о,19.0,12.2,65,20.0,20.0,по сезону,1006.7,1002.3,,20.9,1.0,,,2024-07-26 15:00:00,2024-07-26 19:00:00,2024,7
СЗ,,н/о,,н/о,13.1,12.2,94,12.0,12.0,холодно,1007.9,1003.4,,,,,,2024-07-26 18:00:00,2024-07-26 22:00:00,2024,7
З,1.0,н/о,,н/о,11.4,10.8,96,11.0,11.0,прохладно,1008.0,1003.5,,,,,,2024-07-26 21:00:00,2024-07-27 01:00:00,2024,7
СЗ,2.0,н/о,,н/о,15.2,12.5,84,15.0,15.0,тепло,1008.2,1003.8,,,,,,2024-07-27 00:00:00,2024-07-27 04:00:00,2024,7
СЗ,3.0,н/о,,н/о,15.8,13.1,84,15.0,15.0,по сезону,1009.2,1004.7,11.2,,,,,2024-07-27 03:00:00,2024-07-27 07:00:00,2024,7
СЗ,3.0,н/о,,н/о,20.1,13.4,65,22.0,22.0,комфорт,1009.7,1005.3,,,,,,2024-07-27 06:00:00,2024-07-27 10:00:00,2024,7
СЗ,5.0,н/о,,н/о,23.7,8.1,37,24.0,24.0,комфорт,1009.9,1005.5,,,,,,2024-07-27 09:00:00,2024-07-27 13:00:00,2024,7
СЗ,4.0,н/о,,н/о,25.1,7.8,33,25.0,25.0,комфорт,1010.2,1005.8,,,,,,2024-07-27 12:00:00,2024-07-27 16:00:00,2024,7
СЗ,3.0,н/о,,н/о,23.6,8.4,38,24.0,24.0,комфорт,1009.7,1005.3,,25.1,,,,2024-07-27 15:00:00,2024-07-27 19:00:00,2024,7
ЮЗ,1.0,н/о,,н/о,18.6,11.2,62,20.0,20.0,тепло,1010.1,1005.6,,,,,,2024-07-27 18:00:00,2024-07-27 22:00:00,2024,7
ЮЗ,2.0,н/о,,н/о,18.8,9.5,55,20.0,20.0,тепло,1009.3,1004.9,,,,,,2024-07-27 21:00:00,2024-07-28 01:00:00,2024,7
З,1.0,н/о,,н/о,17.5,10.4,63,19.0,19.0,тепло,1009.0,1004.6,,,,,,2024-07-28 00:00:00,2024-07-28 04:00:00,2024,7
З,2.0,н/о,,н/о,18.0,12.3,69,19.0,19.0,тепло,1010.1,1005.6,16.1,,,,,2024-07-28 03:00:00,2024-07-28 07:00:00,2024,7
СЗ,2.0,н/о,,н/о,20.1,13.7,67,23.0,23.0,комфорт,1010.3,1005.9,,,,,,2024-07-28 06:00:00,2024-07-28 10:00:00,2024,7
СЗ,4.0,н/о,,н/о,24.0,8.7,38,25.0,25.0,комфорт,1009.9,1005.6,,,,,,2024-07-28 09:00:00,2024-07-28 13:00:00,2024,7
СЗ,,н/о,,н/о,25.5,8.1,33,26.0,26.0,жарко,1009.2,1004.9,,,,,,2024-07-28 12:00:00,2024-07-28 16:00:00,2024,7
СЗ,2.0,н/о,,н/о,24.6,8.1,35,25.0,25.0,комфорт,1008.2,1003.8,,25.6,,,,2024-07-28 15:00:00,2024-07-28 19:00:00,2024,7
Ю,1.0,н/о,,н/о,16.6,12.4,76,17.0,17.0,тепло,1008.2,1003.7,,,,,,2024-07-28 18:00:00,2024-07-28 22:00:00,2024,7
Ю,1.0,н/о,,н/о,15.5,13.6,88,16.0,16.0,тепло,1007.2,1002.8,,,,,,2024-07-28 21:00:00,2024-07-29 01:00:00,2024,7
ЮВ,1.0,н/о,,н/о,14.9,13.7,93,15.0,15.0,тепло,1006.5,1002.1,,,,,,2024-07-29 00:00:00,2024-07-29 04:00:00,2024,7
Ю,1.0,н/о,,н/о,17.1,15.6,91,18.0,18.0,тепло,1006.0,1001.5,13.8,,,,,2024-07-29 03:00:00,2024-07-29 07:00:00,2024,7
З,3.0,н/о,,н/о,23.4,16.8,66,28.0,28.0,душно,1005.3,1001.0,,,,,,2024-07-29 06:00:00,2024-07-29 10:00:00,2024,7
З,3.0,н/о,,н/о,26.7,14.2,46,29.0,29.0,жарко,1004.2,999.9,,,,,,2024-07-29 09:00:00,2024-07-29 13:00:00,2024,7
З,3.0,н/о,,н/о,28.5,13.2,39,30.0,30.0,жарко,1002.8,998.5,,,,,,2024-07-29 12:00:00,2024-07-29 16:00:00,2024,7
С,1.0,н/о,,н/о,26.6,15.2,50,29.0,29.0,жарко,1001.8,997.5,,28.9,,,,2024-07-29 15:00:00,2024-07-29 19:00:00,2024,7
З,2.0,н/о,,н/о,21.4,18.3,83,26.0,26.0,душно,1002.6,998.2,,,,,,2024-07-29 18:00:00,2024-07-29 22:00:00,2024,7
ЮЗ,2.0,н/о,,н/о,19.8,18.4,92,23.0,23.0,комфорт,1002.3,998.0,,,,,,2024-07-29 21:00:00,2024-07-30 01:00:00,2024,7
Ю,1.0,н/о,,н/о,18.7,18.4,98,21.0,21.0,комфорт,1001.1,996.7,,,,,,2024-07-30 00:00:00,2024-07-30 04:00:00,2024,7
ЮВ,1.0,н/о,,н/о,19.0,18.9,99,22.0,22.0,комфорт,1000.6,996.2,18.5,,0.5,,,2024-07-30 03:00:00,2024-07-30 07:00:00,2024,7
ЮЗ,2.0,н/о,,н/о,21.8,19.0,84,27.0,27.0,душно,1000.8,996.4,,,,,,2024-07-30 06:00:00,2024-07-30 10:00:00,2024,7
ЮЗ,3.0,н/о,,н/о,26.7,19.5,65,32.0,32.0,очень  душно,999.8,995.6,,,,,,2024-07-30 09:00:00,2024-07-30 13:00:00,2024,7
ЮЗ,3.0,н/о,,н/о,26.2,17.0,57,30.0,30.0,душно,1000.2,995.9,,,,,,2024-07-30 12:00:00,2024-07-30 16:00:00,2024,7
Ю,3.0,н/о,,н/о,25.1,18.7,68,30.0,30.0,душно,1000.0,995.7,,27.8,,,,2024-07-30 15:00:00,2024-07-30 19:00:00,2024,7
Ю,2.0,н/о,,н/о,22.1,19.3,84,28.0,28.0,душно,1000.3,996.0,,,,,,2024-07-30 18:00:00,2024-07-30 22:00:00,2024,7
Ю,3.0,н/о,,н/о,20.5,16.9,80,24.0,24.0,комфорт,1000.0,995.6,,,,,,2024-07-30 21:00:00,2024-07-31 01:00:00,2024,7
Ю,1.0,н/о,,н/о,17.4,16.4,94,18.0,18.0,тепло,998.8,994.4,,,,,,2024-07-31 00:00:00,2024-07-31 04:00:00,2024,7
Ю,1.0,н/о,,н/о,18.5,17.7,95,20.0,20.0,тепло,998.5,994.1,15.7,,,,,2024-07-31 03:00:00,2024-07-31 07:00:00,2024,7
Ю,3.0,н/о,,н/о,22.0,18.9,83,27.0,27.0,душно,998.2,993.9,,,,,,2024-07-31 06:00:00,2024-07-31 10:00:00,2024,7
З,3.0,н/о,,н/о,25.1,12.9,47,27.0,27.0,жарко,998.2,993.9,,,,,,2024-07-31 09:00:00,2024-07-31 13:00:00,2024,7
ЮЗ,1.0,н/о,,н/о,26.3,11.9,41,28.0,28.0,жарко,998.7,994.4,,,,,,2024-07-31 12:00:00,2024-07-31 16:00:00,2024,7
З,2.0,н/о,,н/о,25.3,12.6,45,27.0,27.0,жарко,999.1,994.8,,26.7,,,,2024-07-31 15:00:00,2024-07-31 19:00:00,2024,7
штиль,0.0,н/о,,н/о,19.2,16.7,85,21.0,21.0,комфорт,1000.1,995.7,,,,,,2024-07-31 18:00:00,2024-07-31 22:00:00,2024,7
штиль,0.0,н/о,,н/о,17.8,17.2,96,18.0,18.0,по сезону,1000.0,995.6,,,,,,2024-07-31 21:00:00,2024-08-01 01:00:00,2024,7
ЮВ,1.0,н/о,,н/о,15.1,14.8,98,16.0,16.0,тепло,999.9,995.5,,,,,,2024-08-01 00:00:00,2024-08-01 04:00:00,2024,8
З,1.0,н/о,,н/о,19.1,16.0,82,22.0,22.0,комфорт,1000.7,996.3,14.7,,,,,2024-08-01 03:00:00,2024-08-01 07:00:00,2024,8
З,2.0,н/о,,н/о,22.8,15.6,64,27.0,27.0,душно,1000.7,996.4,,,,,,2024-08-01 06:00:00,2024-08-01 10:00:00,2024,8
З,3.0,н/о,,н/о,23.5,13.1,52,26.0,26.0,жарко,1000.4,996.1,,,,,,2024-08-01 09:00:00,2024-08-01 13:00:00,2024,8
З,3.0,н/о,,н/о,25.0,12.3,45,27.0,27.0,жарко,999.7,995.4,,,,,,2024-08-01 12:00:00,2024-08-01 16:00:00,2024,8
З,,н/о,,н/о,22.1,15.8,67,26.0,26.0,душно,1000.6,996.3,,26.2,0.3,,,2024-08-01 15:00:00,2024-08-01 19:00:00,2024,8
ЮЗ,1.0,н/о,,н/о,17.3,15.3,88,18.0,18.0,по сезону,1001.2,996.8,,,,,,2024-08-01 18:00:00,2024-08-01 22:00:00,2024,8
ЮЗ,2.0,н/о,,н/о,18.1,14.5,79,19.0,19.0,тепло,1001.1,996.7,,,,,,2024-08-01 21:00:00,2024-08-02 01:00:00,2024,8
ЮЗ,2.0,н/о,,н/о,17.2,14.5,84,18.0,18.0,тепло,1001.0,996.6,,,,,,2024-08-02 00:00:00,2024-08-02 04:00:00,2024,8
ЮВ,2.0,н/о,,н/о,17.7,14.9,84,18.0,18.0,по сезону,1001.1,996.7,15.1,,,,,2024-08-02 03:00:00,2024-08-02 07:00:00,2024,8
СЗ,1.0,н/о,,н/о,22.4,15.4,65,26.0,26.0,жарко,1000.3,996.0,,,,,,2024-08-02 06:00:00,2024-08-02 10:00:00,2024,8
ЮЗ,4.0,н/о,,н/о,24.8,10.3,40,26.0,26.0,жарко,999.6,995.3,,,,,,2024-08-02 09:00:00,2024-08-02 13:00:00,2024,8
З,,н/о,,н/о,22.1,16.3,70,26.0,26.0,душно,999.9,995.6,,,,,,2024-08-02 12:00:00,2024-08-02 16:00:00,2024,8
З,2.0,н/о,,н/о,20.9,13.3,62,24.0,24.0,комфорт,999.7,995.3,,25.2,,,,2024-08-02 15:00:00,2024-08-02 19:00:00,2024,8
ЮЗ,1.0,н/о,,н/о,17.6,13.8,78,19.0,19.0,по сезону,999.6,995.2,,,,,,2024-08-02 18:00:00,2024-08-02 22:00:00,2024,8
З,2.0,н/о,,н/о,16.3,15.6,96,16.0,16.0,по сезону,999.8,995.3,,,,,,2024-08-02 21:00:00,2024-08-03 01:00:00,2024,8
ЮЗ,1.0,н/о,,н/о,16.4,15.9,97,17.0,17.0,тепло,999.5,995.1,,,,,,2024-08-03 00:00:00,2024-08-03 04:00:00,2024,8
З,2.0,н/о,,н/о,17.0,16.3,96,17.0,17.0,по сезону,999.8,995.4,16.0,,,,,2024-08-03 03:00:00,2024-08-03 07:00:00,2024,8
З,2.0,н/о,,н/о,20.1,16.9,82,24.0,24.0,комфорт,1000.3,995.9,,,,,,2024-08-03 06:00:00,2024-08-03 10:00:00,2024,8
З,3.0,н/о,,н/о,22.2,16.2,69,26.0,26.0,душно,1001.4,997.1,,,,,,2024-08-03 09:00:00,2024-08-03 13:00:00,2024,8
З,3.0,н/о,,н/о,24.3,15.5,58,27.0,27.0,жарко,1001.7,997.4,,,,,,2024-08-03 12:00:00,2024-08-03 16:00:00,2024,8
З,3.0,н/о,,н/о,24.0,15.3,58,27.0,27.0,жарко,1002.2,997.9,,24.4,,,,2024-08-03 15:00:00,2024-08-03 19:00:00,2024,8
З,1.0,н/о,,н/о,19.2,16.2,83,22.0,22.0,комфорт,1003.3,998.9,,,,,,2024-08-03 18:00:00,2024-08-03 22:00:00,2024,8
З,1.0,н/о,,н/о,18.6,16.0,85,21.0,21.0,комфорт,1003.9,999.5,,,,,,2024-08-03 21:00:00,2024-08-04 01:00:00,2024,8
ЮВ,1.0,н/о,,н/о,14.8,14.4,97,15.0,15.0,по сезону,1004.5,1000.0,,,,,,2024-08-04 00:00:00,2024-08-04 04:00:00,2024,8
штиль,0.0,н/о,,н/о,19.2,16.4,84,21.0,21.0,комфорт,1005.3,1000.9,14.3,,,,,2024-08-04 03:00:00,2024-08-04 07:00:00,2024,8
З,2.0,н/о,,н/о,24.2,17.0,64,28.0,28.0,душно,1005.5,1001.2,,,,,,2024-08-04 06:00:00,2024-08-04 10:00:00,2024,8
З,2.0,н/о,,н/о,27.2,14.3,45,29.0,29.0,жарко,1005.5,1001.2,,,,,,2024-08-04 09:00:00,2024-08-04 13:00:00,2024,8
З,3.0,н/о,,н/о,28.7,12.4,37,30.0,30.0,жарко,1004.9,1000.7,,,,,,2024-08-04 12:00:00,2024-08-04 16:00:00,2024,8
СЗ,1.0,н/о,,н/о,27.0,13.8,44,29.0,29.0,жарко,1004.5,1000.2,,29.3,,,,2024-08-04 15:00:00,2024-08-04 19:00:00,2024,8
ЮЗ,2.0,н/о,,н/о,24.8,11.6,44,26.0,26.0,жарко,1004.9,1000.6,,,,,,2024-08-04 18:00:00,2024-08-04 22:00:00,2024,8
СЗ,1.0,н/о,,н/о,20.6,16.5,77,25.0,25.0,комфорт,1005.6,1001.2,,,,,,2024-08-04 21:00:00,2024-08-05 01:00:00,2024,8
С,1.0,н/о,,н/о,18.8,16.1,84,21.0,21.0,комфорт,1005.6,1001.2,,,,,,2024-08-05 00:00:00,2024-08-05 04:00:00,2024,8
СЗ,2.0,н/о,,н/о,18.0,17.3,96,19.0,19.0,тепло,1005.9,1001.5,17.6,,,,,2024-08-05 03:00:00,2024-08-05 07:00:00,2024,8
штиль,0.0,н/о,,н/о,18.0,18.0,100,18.0,18.0,прохладно,1006.2,1001.8,,,,,,2024-08-05 06:00:00,2024-08-05 10:00:00,2024,8
ЮВ,1.0,н/о,,н/о,19.3,18.7,96,23.0,23.0,комфорт,1006.5,1002.1,,,,,,2024-08-05 09:00:00,2024-08-05 13:00:00,2024,8
ЮЗ,1.0,н/о,,н/о,22.0,18.2,79,27.0,27.0,душно,1006.4,1002.0,,,,,,2024-08-05 12:00:00,2024-08-05 16:00:00,2024,8
С,1.0,н/о,,н/о,23.0,18.8,77,29.0,29.0,очень  душно,1005.9,1001.6,,23.2,,,,2024-08-05 15:00:00,2024-08-05 19:00:00,2024,8
штиль,0.0,н/о,,н/о,18.0,17.9,99,18.0,18.0,по сезону,1006.5,1002.1,,,,,,2024-08-05 18:00:00,2024-08-05 22:00:00,2024,8
штиль,0.0,н/о,,н/о,16.3,16.3,100,16.0,16.0,по сезону,1006.5,1002.0,,,,,,2024-08-05 21:00:00,2024-08-06 01:00:00,2024,8
Ю,1.0,н/о,,н/о,15.3,15.3,100,16.0,16.0,тепло,1006.3,1001.8,,,,,,2024-08-06 00:00:00,2024-08-06 04:00:00,2024,8
штиль,0.0,н/о,,н/о,16.8,16.8,100,17.0,17.0,по сезону,1006.3,1001.8,14.2,,,,,2024-08-06 03:00:00,2024-08-06 07:00:00,2024,8
СВ,1.0,н/о,,н/о,23.5,19.3,77,28.0,28.0,душно,1005.8,1001.5,,,,,,2024-08-06 06:00:00,2024-08-06 10:00:00,2024,8
В,2.0,н/о,,н/о,26.6,16.7,55,30.0,30.0,душно,1005.5,1001.2,,,,,,2024-08-06 09:00:00,2024-08-06 13:00:00,2024,8
С,2.0,н/о,,н/о,26.4,17.4,58,31.0,31.0,душно,1005.0,1000.7,,,,,,2024-08-06 12:00:00,2024-08-06 16:00:00,2024,8
штиль,0.0,н/о,,н/о,25.9,18.6,64,31.0,31.0,очень  душно,1004.6,1000.3,,27.8,,,,2024-08-06 15:00:00,2024-08-06 19:00:00,2024,8
СЗ,1.0,н/о,,н/о,20.9,19.5,92,27.0,27.0,душно,1005.7,1001.3,,,,,,2024-08-06 18:00:00,2024-08-06 22:00:00,2024,8
СЗ,1.0,н/о,,н/о,18.5,18.4,99,20.0,20.0,тепло,1005.3,1000.9,,,,,,2024-08-07 00:00:00,2024-08-07 04:00:00,2024,8
СЗ,1.0,н/о,,н/о,19.4,19.4,100,23.0,23.0,комфорт,1005.7,1001.3,16.9,,,,,2024-08-07 03:00:00,2024-08-07 07:00:00,2024,8
С,2.0,н/о,,н/о,24.7,19.4,72,30.0,30.0,очень  душно,1005.7,1001.4,,,,,,2024-08-07 06:00:00,2024-08-07 10:00:00,2024,8
С,1.0,н/о,,н/о,27.9,15.8,48,31.0,31.0,душно,1005.1,1000.9,,,,,,2024-08-07 09:00:00,2024-08-07 13:00:00,2024,8
СЗ,2.0,н/о,,н/о,28.2,13.9,41,30.0,30.0,жарко,1004.9,1000.6,,,,,,2024-08-07 12:00:00,2024-08-07 16:00:00,2024,8
СЗ,,н/о,,н/о,24.1,16.4,62,28.0,28.0,душно,1005.3,1000.9,,29.2,,,,2024-08-07 15:00:00,2024-08-07 19:00:00,2024,8
СЗ,1.0,н/о,,н/о,17.1,16.3,95,18.0,18.0,тепло,1006.9,1002.5,,,,,,2024-08-07 18:00:00,2024-08-07 22:00:00,2024,8
штиль,0.0,н/о,,н/о,16.4,16.1,98,16.0,16.0,тепло,1006.5,1002.1,,,,,,2024-08-07 21:00:00,2024-08-08 01:00:00,2024,8
Ю,1.0,н/о,,н/о,14.2,14.2,100,14.0,14.0,тепло,1006.8,1002.3,,,,,,2024-08-08 00:00:00,2024-08-08 04:00:00,2024,8
штиль,0.0,н/о,,н/о,17.7,17.7,100,18.0,18.0,тепло,1007.5,1003.1,13.2,,,,,2024-08-08 03:00:00,2024-08-08 07:00:00,2024,8
С,2.0,н/о,,н/о,23.9,18.0,70,28.0,28.0,душно,1007.3,1003.0,,,,,,2024-08-08 06:00:00,2024-08-08 10:00:00,2024,8
СВ,2.0,н/о,,н/о,27.3,13.5,43,29.0,29.0,жарко,1007.0,1002.7,,,,,,2024-08-08 09:00:00,2024-08-08 13:00:00,2024,8
С,2.0,н/о,,н/о,28.7,11.6,35,30.0,30.0,жарко,1006.0,1001.8,,,,,,2024-08-08 12:00:00,2024-08-08 16:00:00,2024,8
СЗ,2.0,н/о,,н/о,27.4,13.4,42,29.0,29.0,жарко,1006.1,1001.8,,28.8,,,,2024-08-08 15:00:00,2024-08-08 19:00:00,2024,8
штиль,0.0,н/о,,н/о,18.6,17.2,92,19.0,19.0,тепло,1006.5,1002.1,,,,,,2024-08-08 18:00:00,2024-08-08 22:00:00,2024,8
штиль,0.0,н/о,,н/о,19.4,17.6,89,21.0,21.0,комфорт,1006.3,1001.9,,,,,,2024-08-08 21:00:00,2024-08-09 01:00:00,2024,8
ЮЗ,1.0,н/о,,н/о,19.0,18.4,96,22.0,22.0,комфорт,1006.4,1002.0,,,,,,2024-08-09 00:00:00,2024-08-09 04:00:00,2024,8
С,1.0,н/о,,н/о,17.1,17.0,99,18.0,18.0,тепло,1006.5,1002.1,17.1,,,,,2024-08-09 03:00:00,2024-08-09 07:00:00,2024,8
С,1.0,н/о,,н/о,18.1,18.1,100,19.0,19.0,тепло,1006.8,1002.4,16.8,,,,,2024-08-09 06:00:00,2024-08-09 10:00:00,2024,8
СВ,3.0,н/о,,н/о,20.9,18.6,87,26.0,26.0,душно,1006.8,1002.4,,,,,,2024-08-09 09:00:00,2024-08-09 13:00:00,2024,8
Ю,1.0,н/о,,н/о,22.3,18.4,79,28.0,28.0,душно,1006.4,1002.1,,,,,,2024-08-09 12:00:00,2024-08-09 16:00:00,2024,8
штиль,0.0,н/о,,н/о,18.2,18.2,100,19.0,19.0,тепло,1006.5,1002.1,,23.5,,,,2024-08-09 15:00:00,2024-08-09 19:00:00,2024,8
Ю,1.0,н/о,,н/о,17.0,17.0,100,18.0,18.0,тепло,1007.0,1002.6,,,,,,2024-08-09 18:00:00,2024-08-09 22:00:00,2024,8
Ю,1.0,н/о,,н/о,16.5,16.5,100,17.0,17.0,тепло,1006.6,1002.1,,,,,,2024-08-09 21:00:00,2024-08-10 01:00:00,2024,8
штиль,0.0,н/о,,н/о,16.2,16.2,100,16.0,16.0,тепло,1006.5,1002.0,,,,,,2024-08-10 00:00:00,2024-08-10 04:00:00,2024,8
В,1.0,н/о,,н/о,17.0,17.0,100,18.0,18.0,по сезону,1007.0,1002.5,15.8,,,,,2024-08-10 03:00:00,2024-08-10 07:00:00,2024,8
ЮВ,1.0,н/о,,н/о,19.2,18.4,95,22.0,22.0,комфорт,1007.4,1003.0,,,,,,2024-08-10 06:00:00,2024-08-10 10:00:00,2024,8
С,1.0,н/о,,н/о,19.4,18.3,93,23.0,23.0,комфорт,1007.3,1002.9,,,,,,2024-08-10 09:00:00,2024-08-10 13:00:00,2024,8
С,1.0,н/о,,н/о,21.8,18.7,83,27.0,27.0,душно,1006.8,1002.4,,,,,,2024-08-10 12:00:00,2024-08-10 16:00:00,2024,8
С,1.0,н/о,,н/о,20.4,19.2,93,25.0,25.0,комфорт,1007.1,1002.7,,22.8,,,,2024-08-10 15:00:00,2024-08-10 19:00:00,2024,8
Ю,1.0,н/о,,н/о,17.4,17.3,99,18.0,18.0,по сезону,1007.0,1002.6,,,,,,2024-08-10 18:00:00,2024-08-10 22:00:00,2024,8
З,1.0,н/о,,н/о,17.8,17.3,97,19.0,19.0,тепло,1006.5,1002.1,,,,,,2024-08-10 21:00:00,2024-08-11 01:00:00,2024,8
З,1.0,н/о,,н/о,17.1,16.1,94,18.0,18.0,тепло,1006.0,1001.6,,,,,,2024-08-11 00:00:00,2024-08-11 04:00:00,2024,8
З,1.0,н/о,,н/о,17.3,16.5,95,18.0,18.0,по сезону,1005.7,1001.2,16.5,,,,,2024-08-11 03:00:00,2024-08-11 07:00:00,2024,8
З,2.0,н/о,,н/о,17.3,15.8,91,18.0,18.0,прохладно,1005.6,1001.2,,,,,,2024-08-11 06:00:00,2024-08-11 10:00:00,2024,8
З,2.0,н/о,,н/о,18.4,16.1,86,20.0,20.0,прохладно,1005.4,1001.0,,,,,,2024-08-11 09:00:00,2024-08-11 13:00:00,2024,8
СЗ,2.0,н/о,,н/о,21.3,16.9,76,25.0,25.0,комфорт,1003.5,999.1,,23.0,,,,2024-08-11 15:00:00,2024-08-11 19:00:00,2024,8
Ю,2.0,н/о,,н/о,17.4,17.2,99,18.0,18.0,по сезону,1002.5,998.1,,,,,,2024-08-11 18:00:00,2024-08-11 22:00:00,2024,8
Ю,2.0,н/о,,н/о,18.0,16.5,91,19.0,19.0,тепло,1000.8,996.4,,,,,,2024-08-11 21:00:00,2024-08-12 01:00:00,2024,8
ЮЗ,2.0,н/о,,н/о,17.0,16.5,97,17.0,17.0,тепло,998.7,994.3,,,,,,2024-08-12 00:00:00,2024-08-12 04:00:00,2024,8
З,2.0,н/о,,н/о,17.6,16.2,91,18.0,18.0,тепло,997.5,993.1,16.4,,,,,2024-08-12 03:00:00,2024-08-12 07:00:00,2024,8
З,3.0,н/о,,н/о,19.8,15.4,76,22.0,22.0,комфорт,997.4,993.0,,,,,,2024-08-12 06:00:00,2024-08-12 10:00:00,2024,8
З,3.0,н/о,,н/о,21.0,14.5,66,24.0,24.0,комфорт,997.3,993.0,,,,,,2024-08-12 09:00:00,2024-08-12 13:00:00,2024,8
СЗ,,н/о,,н/о,20.9,11.3,54,23.0,23.0,комфорт,996.9,992.6,,,,,,2024-08-12 12:00:00,2024-08-12 16:00:00,2024,8
ЮЗ,,н/о,,н/о,17.0,14.0,82,17.0,17.0,прохладно,997.5,993.1,,23.1,,,,2024-08-12 15:00:00,2024-08-12 19:00:00,2024,8
ЮЗ,2.0,н/о,,н/о,15.7,12.8,83,16.0,16.0,по сезону,997.4,993.0,,,,,,2024-08-12 18:00:00,2024-08-12 22:00:00,2024,8
ЮЗ,2.0,н/о,,н/о,14.6,12.7,88,14.0,14.0,по сезону,996.4,991.9,,,,,,2024-08-12 21:00:00,2024-08-13 01:00:00,2024,8
ЮЗ,3.0,н/о,,н/о,14.5,12.7,89,14.0,14.0,по сезону,995.1,990.7,,,,,,2024-08-13 00:00:00,2024-08-13 04:00:00,2024,8
ЮЗ,3.0,н/о,,н/о,14.0,13.4,96,13.0,13.0,прохладно,994.1,989.6,14.0,,,,,2024-08-13 03:00:00,2024-08-13 07:00:00,2024,8
З,,н/о,,н/о,15.8,15.5,98,15.0,15.0,холодно,994.3,989.9,14.0,,,,,2024-08-13 06:00:00,2024-08-13 10:00:00,2024,8
З,,н/о,,н/о,18.7,15.1,80,20.0,20.0,прохладно,995.5,991.1,,,,,,2024-08-13 09:00:00,2024-08-13 13:00:00,2024,8
З,,н/о,,н/о,18.9,14.8,77,20.0,20.0,холодно,997.4,993.0,,,,,,2024-08-13 12:00:00,2024-08-13 16:00:00,2024,8
З,1.0,н/о,,н/о,19.4,14.7,74,22.0,22.0,комфорт,998.5,994.1,,19.7,,,,2024-08-13 15:00:00,2024-08-13 19:00:00,2024,8
ЮЗ,3.0,н/о,,н/о,16.7,14.1,85,16.0,16.0,по сезону,999.9,995.5,,,,,,2024-08-13 18:00:00,2024-08-13 22:00:00,2024,8
З,1.0,н/о,,н/о,15.1,13.6,91,16.0,16.0,по сезону,999.8,995.4,,,,,,2024-08-13 21:00:00,2024-08-14 01:00:00,2024,8
З,2.0,н/о,,н/о,14.4,13.6,95,14.0,14.0,по сезону,1000.4,996.0,,,,,,2024-08-14 00:00:00,2024-08-14 04:00:00,2024,8
З,1.0,н/о,,н/о,14.5,13.9,96,15.0,15.0,по сезону,1001.6,997.1,14.1,,,,,2024-08-14 03:00:00,2024-08-14 07:00:00,2024,8
З,2.0,н/о,,н/о,17.6,15.2,86,18.0,18.0,прохладно,1002.1,997.7,,,,,,2024-08-14 06:00:00,2024-08-14 10:00:00,2024,8
З,3.0,н/о,,н/о,21.5,15.0,66,25.0,25.0,комфорт,1002.3,997.9,,,,,,2024-08-14 09:00:00,2024-08-14 13:00:00,2024,8
З,,н/о,,н/о,19.9,15.4,75,23.0,23.0,комфорт,1002.5,998.1,,,,,,2024-08-14 12:00:00,2024-08-14 16:00:00,2024,8
З,2.0,н/о,,н/о,18.7,14.6,77,20.0,20.0,по сезону,1003.7,999.3,,22.2,,,,2024-08-14 15:00:00,2024-08-14 19:00:00,2024,8
штиль,0.0,н/о,,н/о,14.4,14.1,98,14.0,14.0,прохладно,1005.0,1000.6,,,,,,2024-08-14 18:00:00,2024-08-14 22:00:00,2024,8
З,1.0,н/о,,н/о,14.1,14.1,100,14.0,14.0,по сезону,1005.0,1000.5,,,,,,2024-08-14 21:00:00,2024-08-15 01:00:00,2024,8
З,1.0,н/о,,н/о,14.4,14.3,99,15.0,15.0,тепло,1005.2,1000.7,,,,,,2024-08-15 00:00:00,2024-08-15 04:00:00,2024,8
З,2.0,н/о,,н/о,14.7,14.5,99,14.0,14.0,прохладно,1005.6,1001.1,12.3,,,,,2024-08-15 03:00:00,2024-08-15 07:00:00,2024,8
СЗ,3.0,н/о,,н/о,16.9,14.8,87,17.0,17.0,прохладно,1006.1,1001.7,,,,,,2024-08-15 06:00:00,2024-08-15 10:00:00,2024,8
СЗ,,н/о,,н/о,17.7,15.1,85,18.0,18.0,прохладно,1006.2,1001.8,,,,,,2024-08-15 09:00:00,2024-08-15 13:00:00,2024,8
СЗ,,н/о,,н/о,18.4,13.6,74,19.0,19.0,холодно,1006.4,1002.0,,,,,,2024-08-15 12:00:00,2024-08-15 16:00:00,2024,8
З,2.0,н/о,,н/о,14.9,12.9,88,15.0,15.0,холодно,1007.0,1002.5,,19.3,,,,2024-08-15 15:00:00,2024-08-15 19:00:00,2024,8
З,2.0,н/о,,н/о,14.7,13.0,90,14.0,14.0,прохладно,1007.6,1003.1,,,,,,2024-08-15 18:00:00,2024-08-15 22:00:00,2024,8
З,1.0,н/о,,н/о,12.8,12.6,99,13.0,13.0,по сезону,1007.2,1002.7,,,,,,2024-08-15 21:00:00,2024-08-16 01:00:00,2024,8
З,1.0,н/о,,н/о,12.8,12.6,99,13.0,13.0,тепло,1006.7,1002.1,,,,,,2024-08-16 00:00:00,2024-08-16 04:00:00,2024,8
З,1.0,н/о,,н/о,12.9,12.1,95,13.0,13.0,по сезону,1006.8,1002.3,12.4,,,,,2024-08-16 03:00:00,2024-08-16 07:00:00,2024,8
З,3.0,н/о,,н/о,17.9,13.3,74,18.0,18.0,по сезону,1006.2,1001.8,,,,,,2024-08-16 06:00:00,2024-08-16 10:00:00,2024,8
З,3.0,н/о,,н/о,19.2,11.9,63,21.0,21.0,комфорт,1005.3,1000.9,,,,,,2024-08-16 09:00:00,2024-08-16 13:00:00,2024,8
СЗ,4.0,н/о,,н/о,18.6,11.0,61,19.0,19.0,прохладно,1005.6,1001.2,,,,,,2024-08-16 12:00:00,2024-08-16 16:00:00,2024,8
З,3.0,н/о,,н/о,17.8,11.8,68,18.0,18.0,по сезону,1005.7,1001.3,,20.4,,,,2024-08-16 15:00:00,2024-08-16 19:00:00,2024,8
СЗ,3.0,н/о,,н/о,15.6,14.0,90,15.0,15.0,по сезону,1006.5,1002.0,,,,,,2024-08-16 18:00:00,2024-08-16 22:00:00,2024,8
З,2.0,н/о,,н/о,15.1,13.2,88,15.0,15.0,тепло,1006.7,1002.2,,,,,,2024-08-16 21:00:00,2024-08-17 01:00:00,2024,8
СЗ,2.0,н/о,,н/о,15.6,13.5,87,15.0,15.0,тепло,1006.9,1002.4,,,,,,2024-08-17 00:00:00,2024-08-17 04:00:00,2024,8
СЗ,1.0,н/о,,н/о,15.6,13.5,87,16.0,16.0,тепло,1007.6,1003.1,14.7,,,,,2024-08-17 03:00:00,2024-08-17 07:00:00,2024,8
СЗ,2.0,н/о,,н/о,16.6,13.8,84,17.0,17.0,тепло,1008.5,1004.0,,,,,,2024-08-17 06:00:00,2024-08-17 10:00:00,2024,8
СЗ,3.0,н/о,,н/о,18.0,13.9,77,18.0,18.0,по сезону,1008.8,1004.4,,,,,,2024-08-17 09:00:00,2024-08-17 13:00:00,2024,8
СЗ,4.0,н/о,,н/о,19.3,13.6,70,21.0,21.0,комфорт,1009.4,1005.0,,,,,,2024-08-17 12:00:00,2024-08-17 16:00:00,2024,8
С,2.0,н/о,,н/о,19.2,13.9,71,21.0,21.0,комфорт,1010.2,1005.8,,20.1,,,,2024-08-17 15:00:00,2024-08-17 19:00:00,2024,8
штиль,0.0,н/о,,н/о,13.1,12.7,97,13.0,13.0,по сезону,1011.0,1006.5,,,,,,2024-08-17 18:00:00,2024-08-17 22:00:00,2024,8
штиль,0.0,н/о,,н/о,12.1,12.1,100,11.0,11.0,по сезону,1011.0,1006.5,,,,,,2024-08-17 21:00:00,2024-08-18 01:00:00,2024,8
ЮЗ,2.0,н/о,,н/о,16.6,14.0,85,17.0,17.0,тепло,1011.0,1006.6,,,,,,2024-08-18 00:00:00,2024-08-18 04:00:00,2024,8
ЮЗ,1.0,н/о,,н/о,16.9,14.4,85,18.0,18.0,тепло,1011.1,1006.7,11.5,,,,,2024-08-18 03:00:00,2024-08-18 07:00:00,2024,8
ЮЗ,2.0,н/о,,н/о,20.6,15.8,74,24.0,24.0,комфорт,1010.2,1005.8,,,,,,2024-08-18 06:00:00,2024-08-18 10:00:00,2024,8
З,2.0,н/о,,н/о,22.4,15.3,64,26.0,26.0,жарко,1009.7,1005.3,,,,,,2024-08-18 09:00:00,2024-08-18 13:00:00,2024,8
З,2.0,н/о,,н/о,24.7,17.9,66,29.0,29.0,душно,1008.7,1004.4,,,,,,2024-08-18 12:00:00,2024-08-18 16:00:00,2024,8
З,1.0,н/о,,н/о,23.3,18.1,73,29.0,29.0,душно,1008.8,1004.5,,24.9,0.3,,,2024-08-18 15:00:00,2024-08-18 19:00:00,2024,8
З,2.0,н/о,,н/о,21.8,17.8,78,26.0,26.0,душно,1008.9,1004.5,,,,,,2024-08-18 18:00:00,2024-08-18 22:00:00,2024,8
З,1.0,н/о,,н/о,19.3,18.4,95,23.0,23.0,комфорт,1009.1,1004.7,,,,,,2024-08-18 21:00:00,2024-08-19 01:00:00,2024,8
З,1.0,н/о,,н/о,17.9,17.6,98,19.0,19.0,тепло,1010.0,1005.5,,,,,,2024-08-19 00:00:00,2024-08-19 04:00:00,2024,8
З,1.0,н/о,,н/о,18.0,17.6,98,19.0,19.0,тепло,1011.3,1006.9,17.6,,0.3,,,2024-08-19 03:00:00,2024-08-19 07:00:00,2024,8
СЗ,3.0,н/о,,н/о,21.8,18.1,80,27.0,27.0,душно,1012.3,1007.9,,,,,,2024-08-19 06:00:00,2024-08-19 10:00:00,2024,8
С,4.0,н/о,,н/о,24.9,13.4,49,27.0,27.0,жарко,1013.1,1008.7,,,,,,2024-08-19 09:00:00,2024-08-19 13:00:00,2024,8
СЗ,5.0,н/о,,н/о,25.5,10.9,40,27.0,27.0,жарко,1013.6,1009.2,,,,,,2024-08-19 12:00:00,2024-08-19 16:00:00,2024,8
СЗ,2.0,н/о,,н/о,23.5,11.8,48,25.0,25.0,комфорт,1014.0,1009.6,,26.0,0.3,,,2024-08-19 15:00:00,2024-08-19 19:00:00,2024,8
штиль,0.0,н/о,,н/о,15.1,14.2,94,15.0,15.0,тепло,1015.1,1010.6,,,,,,2024-08-19 18:00:00,2024-08-19 22:00:00,2024,8
ЮВ,1.0,н/о,,н/о,13.9,13.9,100,14.0,14.0,тепло,1015.7,1011.2,,,,,,2024-08-19 21:00:00,2024-08-20 01:00:00,2024,8
штиль,0.0,н/о,,н/о,11.9,11.9,100,11.0,11.0,по сезону,1015.9,1011.3,,,,,,2024-08-20 00:00:00,2024-08-20 04:00:00,2024,8
ЮВ,1.0,н/о,,н/о,13.2,13.2,100,13.0,13.0,прохладно,1016.1,1011.6,10.9,,,,,2024-08-20 03:00:00,2024-08-20 07:00:00,2024,8
З,2.0,н/о,,н/о,23.5,12.6,50,25.0,25.0,комфорт,1015.4,1011.0,,,,,,2024-08-20 06:00:00,2024-08-20 10:00:00,2024,8
ЮЗ,1.0,н/о,,н/о,28.3,12.6,38,30.0,30.0,жарко,1014.7,1010.4,,,,,,2024-08-20 09:00:00,2024-08-20 13:00:00,2024,8
СЗ,3.0,н/о,,н/о,29.4,12.2,35,30.0,30.0,жарко,1012.8,1008.5,,,,,,2024-08-20 12:00:00,2024-08-20 16:00:00,2024,8
СЗ,2.0,н/о,,н/о,25.1,15.7,56,28.0,28.0,жарко,1012.7,1008.3,,29.4,,,,2024-08-20 15:00:00,2024-08-20 19:00:00,2024,8
ЮЗ,1.0,н/о,,н/о,21.2,18.0,82,25.0,25.0,комфорт,1012.7,1008.3,,,,,,2024-08-20 18:00:00,2024-08-20 22:00:00,2024,8
штиль,0.0,н/о,,н/о,17.2,16.9,98,17.0,17.0,тепло,1012.1,1007.6,,,,,,2024-08-20 21:00:00,2024-08-21 01:00:00,2024,8
штиль,0.0,н/о,,н/о,17.3,17.3,100,17.0,17.0,тепло,1011.7,1007.2,,,,,,2024-08-21 00:00:00,2024-08-21 04:00:00,2024,8
СЗ,2.0,н/о,,н/о,19.5,17.8,90,22.0,22.0,комфорт,1011.8,1007.4,16.3,,,,,2024-08-21 03:00:00,2024-08-21 07:00:00,2024,8
С,3.0,н/о,,н/о,22.1,17.4,75,27.0,27.0,душно,1012.1,1007.7,,,,,,2024-08-21 06:00:00,2024-08-21 10:00:00,2024,8
С,5.0,н/о,,н/о,24.5,14.5,54,27.0,27.0,жарко,1012.1,1007.8,,,,,,2024-08-21 09:00:00,2024-08-21 13:00:00,2024,8
СЗ,,н/о,,н/о,24.6,9.8,39,25.0,25.0,комфорт,1012.1,1007.7,,,,,,2024-08-21 12:00:00,2024-08-21 16:00:00,2024,8
С,3.0,н/о,,н/о,21.5,8.5,43,23.0,23.0,комфорт,1012.7,1008.3,,25.0,,,,2024-08-21 15:00:00,2024-08-21 19:00:00,2024,8
СЗ,2.0,н/о,,н/о,16.3,9.8,65,16.0,16.0,по сезону,1013.6,1009.1,,,,,,2024-08-21 18:00:00,2024-08-21 22:00:00,2024,8
СЗ,1.0,н/о,,н/о,11.7,10.6,93,11.0,11.0,прохладно,1014.3,1009.8,,,,,,2024-08-21 21:00:00,2024-08-22 01:00:00,2024,8
СЗ,2.0,н/о,,н/о,10.2,10.0,99,9.0,9.0,прохладно,1014.9,1010.3,,,,,,2024-08-22 00:00:00,2024-08-22 04:00:00,2024,8
СЗ,2.0,н/о,,н/о,13.2,12.9,98,12.0,12.0,прохладно,1015.3,1010.8,10.1,,,,,2024-08-22 03:00:00,2024-08-22 07:00:00,2024,8
СЗ,2.0,н/о,,н/о,18.4,14.1,76,19.0,19.0,по сезону,1015.7,1011.2,,,,,,2024-08-22 06:00:00,2024-08-22 10:00:00,2024,8
С,4.0,н/о,,н/о,22.2,13.2,57,25.0,25.0,комфорт,1014.9,1010.5,,,,,,2024-08-22 09:00:00,2024-08-22 13:00:00,2024,8
С,,н/о,,н/о,23.8,11.7,47,25.0,25.0,комфорт,1014.8,1010.4,,,,,,2024-08-22 12:00:00,2024-08-22 16:00:00,2024,8
С,2.0,н/о,,н/о,21.4,11.8,54,23.0,23.0,комфорт,1014.6,1010.2,,24.0,,,,2024-08-22 15:00:00,2024-08-22 19:00:00,2024,8
СЗ,1.0,н/о,,н/о,13.8,12.2,90,14.0,14.0,по сезону,1015.5,1011.0,,,,,,2024-08-22 18:00:00,2024-08-22 22:00:00,2024,8
СЗ,1.0,н/о,,н/о,12.2,11.3,94,12.0,12.0,по сезону,1016.4,1011.8,,,,,,2024-08-22 21:00:00,2024-08-23 01:00:00,2024,8
СЗ,1.0,н/о,,н/о,10.6,10.6,100,10.0,10.0,по сезону,1016.9,1012.3,,,,,,2024-08-23 00:00:00,2024-08-23 04:00:00,2024,8
СЗ,1.0,н/о,,н/о,12.7,12.7,100,13.0,13.0,по сезону,1017.7,1013.1,9.8,,,,,2024-08-23 03:00:00,2024-08-23 07:00:00,2024,8
СВ,2.0,н/о,,н/о,19.8,14.8,73,22.0,22.0,комфорт,1018.1,1013.7,,,,,,2024-08-23 06:00:00,2024-08-23 10:00:00,2024,8
СВ,3.0,н/о,,н/о,22.8,14.1,58,26.0,26.0,жарко,1018.3,1013.9,,,,,,2024-08-23 09:00:00,2024-08-23 13:00:00,2024,8
СВ,2.0,н/о,,н/о,24.2,12.6,48,26.0,26.0,жарко,1017.8,1013.4,,,,,,2024-08-23 12:00:00,2024-08-23 16:00:00,2024,8
СЗ,1.0,н/о,,н/о,22.7,13.3,55,26.0,26.0,жарко,1017.5,1013.1,,24.6,,,,2024-08-23 15:00:00,2024-08-23 19:00:00,2024,8
ЮЗ,1.0,н/о,,н/о,17.0,15.5,91,18.0,18.0,тепло,1018.6,1014.1,,,,,,2024-08-23 18:00:00,2024-08-23 22:00:00,2024,8
ЮВ,1.0,н/о,,н/о,12.8,12.6,99,13.0,13.0,по сезону,1019.3,1014.7,,,,,,2024-08-23 21:00:00,2024-08-24 01:00:00,2024,8
штиль,0.0,н/о,,н/о,10.3,10.3,100,9.0,9.0,прохладно,1020.1,1015.5,,,,,,2024-08-24 00:00:00,2024-08-24 04:00:00,2024,8
ЮВ,1.0,н/о,,н/о,11.4,11.4,100,11.0,11.0,прохладно,1020.3,1015.7,9.2,,,,,2024-08-24 03:00:00,2024-08-24 07:00:00,2024,8
СВ,1.0,н/о,,н/о,20.8,15.2,70,25.0,25.0,комфорт,1020.3,1015.9,,,,,,2024-08-24 06:00:00,2024-08-24 10:00:00,2024,8
СЗ,2.0,н/о,,н/о,24.9,10.8,41,26.0,26.0,жарко,1019.4,1015.0,,,,,,2024-08-24 09:00:00,2024-08-24 13:00:00,2024,8
ЮЗ,2.0,н/о,,н/о,27.1,11.5,38,28.0,28.0,жарко,1018.0,1013.6,,,,,,2024-08-24 12:00:00,2024-08-24 16:00:00,2024,8
ЮВ,1.0,н/о,,н/о,22.6,14.7,61,26.0,26.0,жарко,1016.8,1012.4,,27.1,,,,2024-08-24 15:00:00,2024-08-24 19:00:00,2024,8
Ю,2.0,н/о,,н/о,20.6,13.3,63,24.0,24.0,комфорт,1017.0,1012.6,,,,,,2024-08-24 18:00:00,2024-08-24 22:00:00,2024,8
Ю,1.0,н/о,,н/о,18.9,13.8,72,21.0,21.0,комфорт,1016.0,1011.6,,,,,,2024-08-24 21:00:00,2024-08-25 01:00:00,2024,8
Ю,2.0,н/о,,н/о,17.6,17.6,100,18.0,18.0,тепло,1016.6,1012.2,,,,,,2024-08-25 00:00:00,2024-08-25 04:00:00,2024,8
З,1.0,н/о,,н/о,18.4,18.4,100,20.0,20.0,тепло,1017.3,1012.8,17.3,,2.0,,,2024-08-25 03:00:00,2024-08-25 07:00:00,2024,8
СЗ,3.0,н/о,,н/о,20.8,17.8,83,25.0,25.0,комфорт,1017.6,1013.2,,,,,,2024-08-25 06:00:00,2024-08-25 10:00:00,2024,8
С,4.0,н/о,,н/о,24.0,16.5,63,27.0,27.0,жарко,1017.4,1013.0,,,,,,2024-08-25 09:00:00,2024-08-25 13:00:00,2024,8
СЗ,3.0,н/о,,н/о,25.0,16.7,60,29.0,29.0,душно,1017.0,1012.7,,,,,,2024-08-25 12:00:00,2024-08-25 16:00:00,2024,8
С,2.0,н/о,,н/о,22.0,17.6,76,27.0,27.0,душно,1017.5,1013.1,,25.0,,,,2024-08-25 15:00:00,2024-08-25 19:00:00,2024,8
СЗ,1.0,н/о,,н/о,16.2,16.1,99,17.0,17.0,тепло,1018.6,1014.1,,,,,,2024-08-25 18:00:00,2024-08-25 22:00:00,2024,8
З,1.0,н/о,,н/о,14.7,14.7,100,15.0,15.0,тепло,1018.6,1014.1,,,,,,2024-08-25 21:00:00,2024-08-26 01:00:00,2024,8
СЗ,1.0,н/о,,н/о,16.1,16.1,100,17.0,17.0,тепло,1019.1,1014.6,,,,,,2024-08-26 00:00:00,2024-08-26 04:00:00,2024,8
СЗ,1.0,н/о,,н/о,15.9,15.9,100,17.0,17.0,тепло,1019.9,1015.4,13.0,,,,,2024-08-26 03:00:00,2024-08-26 07:00:00,2024,8
С,3.0,н/о,,н/о,20.8,18.4,86,25.0,25.0,комфорт,1020.2,1015.8,,,,,,2024-08-26 06:00:00,2024-08-26 10:00:00,2024,8
СВ,4.0,н/о,,н/о,24.9,17.4,63,29.0,29.0,душно,1019.9,1015.5,,,,,,2024-08-26 09:00:00,2024-08-26 13:00:00,2024,8
С,2.0,н/о,,н/о,25.8,16.5,56,29.0,29.0,душно,1019.5,1015.1,,,,,,2024-08-26 12:00:00,2024-08-26 16:00:00,2024,8
С,2.0,н/о,,н/о,24.0,16.1,61,27.0,27.0,жарко,1019.4,1015.0,,26.6,,,,2024-08-26 15:00:00,2024-08-26 19:00:00,2024,8
штиль,0.0,н/о,,н/о,15.9,15.4,97,16.0,16.0,тепло,1020.6,1016.1,,,,,,2024-08-26 18:00:00,2024-08-26 22:00:00,2024,8
штиль,0.0,н/о,,н/о,14.0,14.0,100,13.0,13.0,по сезону,1021.6,1017.0,,,,,,2024-08-26 21:00:00,2024-08-27 01:00:00,2024,8
СВ,3.0,н/о,,н/о,25.4,14.7,52,28.0,28.0,жарко,1024.8,1020.4,,,,,,2024-08-27 09:00:00,2024-08-27 13:00:00,2024,8
С,1.0,н/о,,н/о,26.4,13.5,45,28.0,28.0,жарко,1024.4,1020.0,,,,,,2024-08-27 12:00:00,2024-08-27 16:00:00,2024,8
СВ,1.0,н/о,,н/о,23.7,16.1,62,27.0,27.0,жарко,1024.2,1019.8,,26.9,,,,2024-08-27 15:00:00,2024-08-27 19:00:00,2024,8
штиль,0.0,н/о,,н/о,14.6,13.8,95,14.0,14.0,тепло,1025.3,1020.7,,,,,,2024-08-27 18:00:00,2024-08-27 22:00:00,2024,8
ЮВ,1.0,н/о,,н/о,12.9,12.9,100,13.0,13.0,тепло,1025.6,1021.0,,,,,,2024-08-27 21:00:00,2024-08-28 01:00:00,2024,8
Ю,1.0,н/о,,н/о,11.7,11.7,100,11.0,11.0,тепло,1026.3,1021.7,,,,,,2024-08-28 00:00:00,2024-08-28 04:00:00,2024,8
ЮВ,1.0,н/о,,н/о,12.1,12.1,100,12.0,12.0,тепло,1026.7,1022.1,9.5,,,,,2024-08-28 03:00:00,2024-08-28 07:00:00,2024,8
С,1.0,н/о,,н/о,23.6,16.1,63,27.0,27.0,жарко,1026.8,1022.4,,,,,,2024-08-28 06:00:00,2024-08-28 10:00:00,2024,8
СЗ,2.0,н/о,,н/о,26.9,10.5,36,28.0,28.0,жарко,1026.0,1021.6,,,,,,2024-08-28 09:00:00,2024-08-28 13:00:00,2024,8
СЗ,2.0,н/о,,н/о,28.6,10.6,33,29.0,29.0,жарко,1024.6,1020.3,,,,,,2024-08-28 12:00:00,2024-08-28 16:00:00,2024,8
СЗ,1.0,н/о,,н/о,23.5,15.8,62,27.0,27.0,душно,1024.1,1019.7,,28.7,,,,2024-08-28 15:00:00,2024-08-28 19:00:00,2024,8
ЮВ,1.0,н/о,,н/о,17.5,14.0,80,19.0,19.0,тепло,1024.4,1019.9,,,,,,2024-08-28 18:00:00,2024-08-28 22:00:00,2024,8
Ю,1.0,н/о,,н/о,14.2,14.0,99,14.0,14.0,тепло,1024.5,1019.9,,,,,,2024-08-28 21:00:00,2024-08-29 01:00:00,2024,8
Ю,1.0,н/о,,н/о,12.6,12.6,100,12.0,12.0,тепло,1024.0,1019.4,,,,,,2024-08-29 00:00:00,2024-08-29 04:00:00,2024,8
штиль,0.0,н/о,,н/о,14.2,14.2,100,14.0,14.0,тепло,1024.1,1019.6,11.8,,,,,2024-08-29 03:00:00,2024-08-29 07:00:00,2024,8
штиль,0.0,н/о,,н/о,25.2,17.1,61,29.0,29.0,душно,1024.1,1019.7,,,,,,2024-08-29 06:00:00,2024-08-29 10:00:00,2024,8
СЗ,2.0,н/о,,н/о,29.7,16.9,46,33.0,33.0,душно,1023.3,1019.0,,,,,,2024-08-29 09:00:00,2024-08-29 13:00:00,2024,8
СЗ,2.0,н/о,,н/о,30.0,15.1,40,32.0,32.0,жарко,1022.3,1017.9,,,,,,2024-08-29 12:00:00,2024-08-29 16:00:00,2024,8
С,2.0,н/о,,н/о,26.1,18.1,61,31.0,31.0,очень  душно,1022.0,1017.6,,30.0,,,,2024-08-29 15:00:00,2024-08-29 19:00:00,2024,8
СЗ,1.0,н/о,,н/о,18.8,17.9,95,21.0,21.0,комфорт,1023.1,1018.6,,,,,,2024-08-29 18:00:00,2024-08-29 22:00:00,2024,8
З,1.0,н/о,,н/о,15.2,14.6,96,16.0,16.0,тепло,1023.4,1018.9,,,,,,2024-08-29 21:00:00,2024-08-30 01:00:00,2024,8
СЗ,1.0,н/о,,н/о,12.3,12.1,99,12.0,12.0,по сезону,1024.1,1019.5,,,,,,2024-08-30 00:00:00,2024-08-30 04:00:00,2024,8
штиль,0.0,н/о,,н/о,12.8,12.8,100,12.0,12.0,по сезону,1024.2,1019.6,11.2,,,,,2024-08-30 03:00:00,2024-08-30 07:00:00,2024,8
СВ,3.0,н/о,,н/о,21.3,14.1,63,24.0,24.0,комфорт,1024.9,1020.4,,,,,,2024-08-30 06:00:00,2024-08-30 10:00:00,2024,8
С,3.0,н/о,,н/о,24.0,13.8,53,26.0,26.0,жарко,1024.5,1020.1,,,,,,2024-08-30 09:00:00,2024-08-30 13:00:00,2024,8
СВ,4.0,н/о,,н/о,25.3,10.8,40,26.0,26.0,жарко,1023.9,1019.5,,,,,,2024-08-30 12:00:00,2024-08-30 16:00:00,2024,8
СВ,1.0,н/о,,н/о,22.4,11.8,51,25.0,25.0,комфорт,1024.0,1019.6,,25.5,,,,2024-08-30 15:00:00,2024-08-30 19:00:00,2024,8
СЗ,1.0,н/о,,н/о,14.6,13.4,93,15.0,15.0,по сезону,1025.8,1021.2,,,,,,2024-08-30 18:00:00,2024-08-30 22:00:00,2024,8
З,1.0,н/о,,н/о,12.4,12.2,99,12.0,12.0,по сезону,1026.4,1021.8,,,,,,2024-08-30 21:00:00,2024-08-31 01:00:00,2024,8
штиль,0.0,н/о,,н/о,10.4,10.4,100,10.0,10.0,по сезону,1027.3,1022.6,,,,,,2024-08-31 00:00:00,2024-08-31 04:00:00,2024,8
штиль,0.0,н/о,,н/о,10.7,10.7,100,10.0,10.0,прохладно,1028.2,1023.6,8.8,,,,,2024-08-31 03:00:00,2024-08-31 07:00:00,2024,8
СВ,2.0,н/о,,н/о,20.3,13.4,65,23.0,23.0,комфорт,1028.8,1024.3,,,,,,2024-08-31 06:00:00,2024-08-31 10:00:00,2024,8
СВ,4.0,н/о,,н/о,23.3,7.7,37,24.0,24.0,комфорт,1028.3,1023.8,,,,,,2024-08-31 09:00:00,2024-08-31 13:00:00,2024,8
С,3.0,н/о,,н/о,24.1,6.8,33,24.0,24.0,комфорт,1027.6,1023.2,,,,,,2024-08-31 12:00:00,2024-08-31 16:00:00,2024,8
С,2.0,н/о,,н/о,21.2,9.0,46,22.0,22.0,комфорт,1027.1,1022.6,,24.3,,,,2024-08-31 15:00:00,2024-08-31 19:00:00,2024,8
штиль,0.0,н/о,,н/о,12.8,11.9,94,12.0,12.0,по сезону,1028.0,1023.4,,,,,,2024-08-31 18:00:00,2024-08-31 22:00:00,2024,8
штиль,0.0,н/о,,н/о,10.3,10.1,99,9.0,9.0,прохладно,1028.6,1023.9,,,,,,2024-08-31 21:00:00,2024-09-01 01:00:00,2024,8
штиль,0.0,н/о,,н/о,9.8,9.8,100,9.0,9.0,по сезону,1029.2,1024.6,,,,,,2024-09-01 00:00:00,2024-09-01 04:00:00,2024,9
В,1.0,н/о,,н/о,11.0,11.0,100,11.0,11.0,по сезону,1030.3,1025.7,8.8,,,,,2024-09-01 03:00:00,2024-09-01 07:00:00,2024,9
В,2.0,н/о,,н/о,17.5,12.4,72,18.0,18.0,тепло,1030.7,1026.2,,,,,,2024-09-01 06:00:00,2024-09-01 10:00:00,2024,9
СВ,2.0,н/о,,н/о,21.2,10.1,49,23.0,23.0,комфорт,1030.6,1026.1,,,,,,2024-09-01 09:00:00,2024-09-01 13:00:00,2024,9
С,3.0,н/о,,н/о,22.7,10.6,46,25.0,25.0,комфорт,1029.9,1025.4,,,,,,2024-09-01 12:00:00,2024-09-01 16:00:00,2024,9
СВ,1.0,н/о,,н/о,19.6,9.1,51,22.0,22.0,комфорт,1029.7,1025.2,,22.8,,,,2024-09-01 15:00:00,2024-09-01 19:00:00,2024,9
штиль,0.0,н/о,,н/о,11.1,9.6,90,10.0,10.0,прохладно,1030.8,1026.1,,,,,,2024-09-01 18:00:00,2024-09-01 22:00:00,2024,9
Ю,1.0,н/о,,н/о,8.4,8.1,98,7.0,7.0,прохладно,1031.2,1026.5,,,,,,2024-09-01 21:00:00,2024-09-02 01:00:00,2024,9
Ю,1.0,н/о,,н/о,7.4,7.4,100,6.0,6.0,прохладно,1032.0,1027.2,,,,,,2024-09-02 00:00:00,2024-09-02 04:00:00,2024,9
Ю,1.0,н/о,,н/о,7.9,7.9,100,7.0,7.0,холодно,1032.3,1027.6,6.2,,,,,2024-09-02 03:00:00,2024-09-02 07:00:00,2024,9
СВ,1.0,н/о,,н/о,17.6,10.5,63,19.0,19.0,тепло,1032.6,1028.0,,,,,,2024-09-02 06:00:00,2024-09-02 10:00:00,2024,9
С,2.0,н/о,,н/о,22.9,6.6,35,24.0,24.0,комфорт,1031.6,1027.1,,,,,,2024-09-02 09:00:00,2024-09-02 13:00:00,2024,9
С,2.0,н/о,,н/о,24.5,4.8,28,24.0,24.0,комфорт,1029.8,1025.4,,,,,,2024-09-02 12:00:00,2024-09-02 16:00:00,2024,9
СЗ,1.0,н/о,,н/о,17.9,12.0,68,19.0,19.0,тепло,1028.9,1024.3,,24.7,,,,2024-09-02 15:00:00,2024-09-02 19:00:00,2024,9
штиль,0.0,н/о,,н/о,11.0,9.7,92,10.0,10.0,прохладно,1028.4,1023.8,,,,,,2024-09-02 18:00:00,2024-09-02 22:00:00,2024,9
Ю,1.0,н/о,,н/о,9.5,9.2,98,9.0,9.0,прохладно,1028.1,1023.4,,,,,,2024-09-02 21:00:00,2024-09-03 01:00:00,2024,9
штиль,0.0,н/о,,н/о,7.6,7.6,100,6.0,6.0,прохладно,1027.7,1023.0,,,,,,2024-09-03 00:00:00,2024-09-03 04:00:00,2024,9
ЮВ,1.0,н/о,,н/о,7.9,7.9,100,7.0,7.0,холодно,1027.5,1022.8,6.4,,,,,2024-09-03 03:00:00,2024-09-03 07:00:00,2024,9
СЗ,1.0,н/о,,н/о,20.8,13.4,63,24.0,24.0,комфорт,1026.8,1022.3,,,,,,2024-09-03 06:00:00,2024-09-03 10:00:00,2024,9
С,1.0,н/о,,н/о,24.6,9.6,39,25.0,25.0,комфорт,1025.3,1020.9,,,,,,2024-09-03 09:00:00,2024-09-03 13:00:00,2024,9
ЮЗ,1.0,н/о,,н/о,24.7,10.3,40,26.0,26.0,жарко,1023.6,1019.2,,,,,,2024-09-03 12:00:00,2024-09-03 16:00:00,2024,9
З,1.0,н/о,,н/о,20.5,13.1,62,24.0,24.0,комфорт,1022.6,1018.1,,25.9,,,,2024-09-03 15:00:00,2024-09-03 19:00:00,2024,9
штиль,0.0,н/о,,н/о,13.5,12.2,92,13.0,13.0,по сезону,1022.5,1018.0,,,,,,2024-09-03 18:00:00,2024-09-03 22:00:00,2024,9
З,1.0,н/о,,н/о,12.8,12.6,99,13.0,13.0,по сезону,1022.3,1017.7,,,,,,2024-09-03 21:00:00,2024-09-04 01:00:00,2024,9
С,4.0,н/о,,н/о,17.6,16.6,94,17.0,17.0,тепло,1022.8,1018.3,,,,,,2024-09-04 00:00:00,2024-09-04 04:00:00,2024,9
СВ,4.0,н/о,,н/о,15.7,13.2,85,15.0,15.0,тепло,1024.2,1019.7,11.3,,,,,2024-09-04 03:00:00,2024-09-04 07:00:00,2024,9
СВ,4.0,н/о,,н/о,16.3,9.8,65,16.0,16.0,по сезону,1025.3,1020.8,,,,,,2024-09-04 06:00:00,2024-09-04 10:00:00,2024,9
СВ,,н/о,,н/о,18.5,7.7,49,18.0,18.0,по сезону,1025.4,1020.9,,,,,,2024-09-04 09:00:00,2024-09-04 13:00:00,2024,9
СВ,,н/о,,н/о,20.5,5.7,38,21.0,21.0,комфорт,1024.9,1020.4,,,,,,2024-09-04 12:00:00,2024-09-04 16:00:00,2024,9
СВ,2.0,н/о,,н/о,11.7,5.7,67,11.0,11.0,по сезону,1028.0,1023.3,,,,,,2024-09-04 21:00:00,2024-09-05 01:00:00,2024,9
СЗ,1.0,н/о,,н/о,7.5,6.6,94,6.0,6.0,прохладно,1028.4,1023.7,,,,,,2024-09-05 00:00:00,2024-09-05 04:00:00,2024,9
С,3.0,н/о,,н/о,9.7,7.6,87,7.0,7.0,холодно,1029.3,1024.6,6.5,,,,,2024-09-05 03:00:00,2024-09-05 07:00:00,2024,9
СВ,,н/о,,н/о,15.3,6.7,56,14.0,14.0,по сезону,1029.7,1025.1,,,,,,2024-09-05 06:00:00,2024-09-05 10:00:00,2024,9
В,,н/о,,н/о,18.2,5.5,43,18.0,18.0,по сезону,1030.1,1025.5,,,,,,2024-09-05 09:00:00,2024-09-05 13:00:00,2024,9
С,4.0,н/о,,н/о,18.8,5.2,41,19.0,19.0,по сезону,1029.6,1025.0,,,,,,2024-09-05 12:00:00,2024-09-05 16:00:00,2024,9
С,3.0,н/о,,н/о,16.2,5.5,49,16.0,16.0,по сезону,1029.3,1024.7,,19.5,,,,2024-09-05 15:00:00,2024-09-05 19:00:00,2024,9
СЗ,1.0,н/о,,н/о,8.1,6.8,91,7.0,7.0,холодно,1030.1,1025.4,,,,,,2024-09-05 18:00:00,2024-09-05 22:00:00,2024,9
Ю,1.0,н/о,,н/о,6.5,6.1,97,5.0,5.0,холодно,1030.7,1026.0,,,,,,2024-09-05 21:00:00,2024-09-06 01:00:00,2024,9
Ю,1.0,н/о,,н/о,5.8,5.7,99,4.0,4.0,прохладно,1030.9,1026.1,,,,,,2024-09-06 00:00:00,2024-09-06 04:00:00,2024,9
ЮВ,1.0,н/о,,н/о,7.3,7.1,99,6.0,6.0,прохладно,1031.0,1026.3,4.0,,,,,2024-09-06 03:00:00,2024-09-06 07:00:00,2024,9
З,1.0,н/о,,н/о,14.7,10.2,74,15.0,15.0,по сезону,1030.8,1026.2,,,,,,2024-09-06 06:00:00,2024-09-06 10:00:00,2024,9
С,1.0,н/о,,н/о,18.3,10.8,62,20.0,20.0,тепло,1029.9,1025.4,,,,,,2024-09-06 09:00:00,2024-09-06 13:00:00,2024,9
СЗ,3.0,н/о,,н/о,19.3,8.2,49,20.0,20.0,тепло,1029.0,1024.5,,,,,,2024-09-06 12:00:00,2024-09-06 16:00:00,2024,9
С,1.0,н/о,,н/о,17.3,9.1,59,18.0,18.0,тепло,1028.3,1023.8,,20.2,,,,2024-09-06 15:00:00,2024-09-06 19:00:00,2024,9
штиль,0.0,н/о,,н/о,9.6,8.9,95,9.0,9.0,по сезону,1029.2,1024.5,,,,,,2024-09-06 18:00:00,2024-09-06 22:00:00,2024,9
ЮВ,1.0,н/о,,н/о,7.3,7.2,99,6.0,6.0,прохладно,1029.3,1024.6,,,,,,2024-09-06 21:00:00,2024-09-07 01:00:00,2024,9
ЮВ,1.0,н/о,,н/о,6.3,6.3,100,5.0,5.0,по сезону,1029.4,1024.7,,,,,,2024-09-07 00:00:00,2024-09-07 04:00:00,2024,9
штиль,0.0,н/о,,н/о,5.7,5.7,100,4.0,4.0,холодно,1029.4,1024.6,4.9,,,,,2024-09-07 03:00:00,2024-09-07 07:00:00,2024,9
СЗ,1.0,н/о,,н/о,19.2,12.9,67,22.0,22.0,комфорт,1029.2,1024.7,,,,,,2024-09-07 06:00:00,2024-09-07 10:00:00,2024,9
З,1.0,н/о,,н/о,23.6,10.3,43,25.0,25.0,комфорт,1028.1,1023.6,,,,,,2024-09-07 09:00:00,2024-09-07 13:00:00,2024,9
СЗ,2.0,н/о,,н/о,24.9,9.3,37,26.0,26.0,жарко,1027.1,1022.7,,,,,,2024-09-07 12:00:00,2024-09-07 16:00:00,2024,9
З,2.0,н/о,,н/о,21.4,11.5,53,23.0,23.0,комфорт,1026.6,1022.2,,25.4,,,,2024-09-07 15:00:00,2024-09-07 19:00:00,2024,9
штиль,0.0,н/о,,н/о,14.0,11.9,87,14.0,14.0,тепло,1027.2,1022.6,,,,,,2024-09-07 18:00:00,2024-09-07 22:00:00,2024,9
Ю,1.0,н/о,,н/о,11.5,11.0,97,11.0,11.0,тепло,1027.2,1022.6,,,,,,2024-09-07 21:00:00,2024-09-08 01:00:00,2024,9
Ю,1.0,н/о,,н/о,9.9,9.9,100,9.0,9.0,тепло,1027.5,1022.8,,,,,,2024-09-08 00:00:00,2024-09-08 04:00:00,2024,9
ЮВ,1.0,н/о,,н/о,10.0,10.0,100,9.0,9.0,по сезону,1027.6,1023.0,8.9,,,,,2024-09-08 03:00:00,2024-09-08 07:00:00,2024,9
СЗ,1.0,н/о,,н/о,21.0,15.0,69,25.0,25.0,комфорт,1027.8,1023.3,,,,,,2024-09-08 06:00:00,2024-09-08 10:00:00,2024,9
СВ,2.0,н/о,,н/о,25.8,15.4,53,29.0,29.0,душно,1027.2,1022.8,,,,,,2024-09-08 09:00:00,2024-09-08 13:00:00,2024,9
С,2.0,н/о,,н/о,26.3,14.9,49,29.0,29.0,жарко,1026.3,1021.9,,,,,,2024-09-08 12:00:00,2024-09-08 16:00:00,2024,9
штиль,0.0,н/о,,н/о,20.8,17.1,79,24.0,24.0,комфорт,1025.8,1021.3,,27.1,,,,2024-09-08 15:00:00,2024-09-08 19:00:00,2024,9
штиль,0.0,н/о,,н/о,15.8,15.2,96,16.0,16.0,тепло,1026.5,1021.9,,,,,,2024-09-08 18:00:00,2024-09-08 22:00:00,2024,9
штиль,0.0,н/о,,н/о,13.4,13.4,100,13.0,13.0,тепло,1026.6,1022.0,,,,,,2024-09-08 21:00:00,2024-09-09 01:00:00,2024,9
штиль,0.0,н/о,,н/о,13.9,13.9,100,13.0,13.0,тепло,1026.5,1021.9,,,,,,2024-09-09 00:00:00,2024-09-09 04:00:00,2024,9
штиль,0.0,н/о,,н/о,14.0,14.0,100,13.0,13.0,тепло,1027.3,1022.7,13.3,,,,,2024-09-09 03:00:00,2024-09-09 07:00:00,2024,9
В,1.0,н/о,,н/о,22.1,17.4,75,27.0,27.0,душно,1027.2,1022.7,,,,,,2024-09-09 06:00:00,2024-09-09 10:00:00,2024,9
С,1.0,н/о,,н/о,26.8,15.0,48,29.0,29.0,жарко,1026.3,1021.9,,,,,,2024-09-09 09:00:00,2024-09-09 13:00:00,2024,9
СВ,2.0,н/о,,н/о,26.7,14.9,48,29.0,29.0,жарко,1025.1,1020.7,,,,,,2024-09-09 12:00:00,2024-09-09 16:00:00,2024,9
штиль,0.0,н/о,,н/о,16.2,15.1,93,16.0,16.0,тепло,1024.8,1020.3,,,,,,2024-09-09 18:00:00,2024-09-09 22:00:00,2024,9
Ю,1.0,н/о,,н/о,15.5,14.7,95,16.0,16.0,тепло,1024.8,1020.2,,,,,,2024-09-09 21:00:00,2024-09-10 01:00:00,2024,9
ЮВ,1.0,н/о,,н/о,14.9,14.3,96,15.0,15.0,тепло,1025.0,1020.5,,,,,,2024-09-10 00:00:00,2024-09-10 04:00:00,2024,9
Ю,1.0,н/о,,н/о,14.2,14.2,100,14.0,14.0,тепло,1025.3,1020.7,13.6,,,,,2024-09-10 03:00:00,2024-09-10 07:00:00,2024,9
В,1.0,н/о,,н/о,20.8,14.0,65,25.0,25.0,комфорт,1025.1,1020.6,,,,,,2024-09-10 06:00:00,2024-09-10 10:00:00,2024,9
ЮВ,3.0,н/о,,н/о,26.4,6.8,29,26.0,26.0,жарко,1024.2,1019.8,,,,,,2024-09-10 09:00:00,2024-09-10 13:00:00,2024,9
Ю,2.0,н/о,,н/о,26.5,6.4,28,26.0,26.0,жарко,1023.3,1018.9,,,,,,2024-09-10 12:00:00,2024-09-10 16:00:00,2024,9
штиль,0.0,н/о,,н/о,20.6,12.7,61,23.0,23.0,комфорт,1022.7,1018.2,,27.3,,,,2024-09-10 15:00:00,2024-09-10 19:00:00,2024,9
штиль,0.0,н/о,,н/о,14.7,11.4,81,14.0,14.0,тепло,1023.1,1018.5,,,,,,2024-09-10 18:00:00,2024-09-10 22:00:00,2024,9
Ю,1.0,н/о,,н/о,13.4,11.2,87,14.0,14.0,тепло,1023.1,1018.5,,,,,,2024-09-10 21:00:00,2024-09-11 01:00:00,2024,9
Ю,1.0,н/о,,н/о,14.0,11.8,87,14.0,14.0,тепло,1023.5,1018.9,,,,,,2024-09-11 00:00:00,2024-09-11 04:00:00,2024,9
Ю,1.0,н/о,,н/о,13.8,12.3,91,14.0,14.0,тепло,1024.2,1019.6,12.8,,,,,2024-09-11 03:00:00,2024-09-11 07:00:00,2024,9
В,2.0,н/о,,н/о,20.0,13.6,67,23.0,23.0,комфорт,1024.8,1020.3,,,,,,2024-09-11 06:00:00,2024-09-11 10:00:00,2024,9
ЮВ,3.0,н/о,,н/о,29.3,8.5,27,29.0,29.0,жарко,1024.0,1019.6,,,,,,2024-09-11 09:00:00,2024-09-11 13:00:00,2024,9
ЮВ,,н/о,,н/о,28.7,7.4,26,28.0,28.0,жарко,1023.8,1019.4,,,,,,2024-09-11 12:00:00,2024-09-11 16:00:00,2024,9
Ю,1.0,н/о,,н/о,22.4,14.5,61,26.0,26.0,жарко,1024.1,1019.6,,30.4,,,,2024-09-11 15:00:00,2024-09-11 19:00:00,2024,9
штиль,0.0,н/о,,н/о,18.1,13.8,76,18.0,18.0,тепло,1025.2,1020.7,,,,,,2024-09-11 18:00:00,2024-09-11 22:00:00,2024,9
штиль,0.0,н/о,,н/о,13.8,10.9,83,13.0,13.0,тепло,1026.2,1021.7,,,,,,2024-09-11 21:00:00,2024-09-12 01:00:00,2024,9
Ю,1.0,н/о,,н/о,14.1,12.2,88,14.0,14.0,тепло,1027.3,1022.7,,,,,,2024-09-12 00:00:00,2024-09-12 04:00:00,2024,9
Ю,1.0,н/о,,н/о,15.1,12.6,85,16.0,16.0,тепло,1028.3,1023.7,12.7,,,,,2024-09-12 03:00:00,2024-09-12 07:00:00,2024,9
СВ,2.0,н/о,,н/о,22.6,14.9,62,26.0,26.0,жарко,1028.6,1024.1,,,,,,2024-09-12 06:00:00,2024-09-12 10:00:00,2024,9
СВ,3.0,н/о,,н/о,25.7,15.0,52,29.0,29.0,душно,1028.3,1023.9,,,,,,2024-09-12 09:00:00,2024-09-12 13:00:00,2024,9
В,3.0,н/о,,н/о,27.8,11.4,36,29.0,29.0,жарко,1027.6,1023.2,,,,,,2024-09-12 12:00:00,2024-09-12 16:00:00,2024,9
В,2.0,н/о,,н/о,24.1,11.3,45,26.0,26.0,жарко,1028.0,1023.6,,28.2,,,,2024-09-12 15:00:00,2024-09-12 19:00:00,2024,9
ЮВ,2.0,н/о,,н/о,19.2,10.6,57,21.0,21.0,комфорт,1029.4,1024.9,,,,,,2024-09-12 18:00:00,2024-09-12 22:00:00,2024,9
штиль,0.0,н/о,,н/о,11.4,9.5,88,11.0,11.0,тепло,1030.1,1025.5,,,,,,2024-09-12 21:00:00,2024-09-13 01:00:00,2024,9
штиль,0.0,н/о,,н/о,9.0,8.5,97,8.0,8.0,по сезону,1031.4,1026.7,,,,,,2024-09-13 00:00:00,2024-09-13 04:00:00,2024,9
В,1.0,н/о,,н/о,10.9,10.1,95,10.0,10.0,по сезону,1032.4,1027.7,8.1,,,,,2024-09-13 03:00:00,2024-09-13 07:00:00,2024,9
В,2.0,н/о,,н/о,17.9,10.5,62,18.0,18.0,тепло,1032.0,1027.4,,,,,,2024-09-13 06:00:00,2024-09-13 10:00:00,2024,9
В,,н/о,,н/о,23.2,6.4,34,24.0,24.0,комфорт,1030.9,1026.4,,,,,,2024-09-13 09:00:00,2024-09-13 13:00:00,2024,9
СВ,3.0,н/о,,н/о,24.0,6.6,33,24.0,24.0,комфорт,1030.0,1025.5,,,,,,2024-09-13 12:00:00,2024-09-13 16:00:00,2024,9
СВ,1.0,н/о,,н/о,20.0,8.7,48,22.0,22.0,комфорт,1029.3,1024.8,,24.3,,,,2024-09-13 15:00:00,2024-09-13 19:00:00,2024,9
Ю,1.0,н/о,,н/о,11.7,10.1,90,11.0,11.0,по сезону,1029.7,1025.1,,,,,,2024-09-13 18:00:00,2024-09-13 22:00:00,2024,9
штиль,0.0,н/о,,н/о,8.7,8.0,95,8.0,8.0,по сезону,1029.8,1025.1,,,,,,2024-09-13 21:00:00,2024-09-14 01:00:00,2024,9
Ю,1.0,н/о,,н/о,7.9,7.8,99,7.0,7.0,по сезону,1030.6,1025.9,,,,,,2024-09-14 00:00:00,2024-09-14 04:00:00,2024,9
штиль,0.0,н/о,,н/о,6.9,6.9,100,6.0,6.0,прохладно,1031.0,1026.3,6.6,,,,,2024-09-14 03:00:00,2024-09-14 07:00:00,2024,9
СВ,2.0,н/о,,н/о,17.1,10.6,66,17.0,17.0,тепло,1030.8,1026.2,,,,,,2024-09-14 06:00:00,2024-09-14 10:00:00,2024,9
СВ,3.0,н/о,,н/о,23.6,7.8,36,24.0,24.0,комфорт,1029.6,1025.2,,,,,,2024-09-14 09:00:00,2024-09-14 13:00:00,2024,9
СВ,3.0,н/о,,н/о,24.7,5.5,29,24.0,24.0,комфорт,1028.5,1024.1,,,,,,2024-09-14 12:00:00,2024-09-14 16:00:00,2024,9
СЗ,1.0,н/о,,н/о,17.5,10.8,65,19.0,19.0,тепло,1027.8,1023.3,,24.8,,,,2024-09-14 15:00:00,2024-09-14 19:00:00,2024,9
штиль,0.0,н/о,,н/о,11.7,10.2,91,11.0,11.0,по сезону,1028.4,1023.8,,,,,,2024-09-14 18:00:00,2024-09-14 22:00:00,2024,9
штиль,0.0,н/о,,н/о,9.3,9.0,98,8.0,8.0,по сезону,1028.2,1023.6,,,,,,2024-09-14 21:00:00,2024-09-15 01:00:00,2024,9
Ю,1.0,н/о,,н/о,8.4,8.4,100,7.0,7.0,по сезону,1028.4,1023.7,,,,,,2024-09-15 00:00:00,2024-09-15 04:00:00,2024,9
штиль,0.0,н/о,,н/о,8.0,8.0,100,7.0,7.0,по сезону,1028.5,1023.8,7.7,,,,,2024-09-15 03:00:00,2024-09-15 07:00:00,2024,9
С,1.0,н/о,,н/о,19.0,14.0,73,21.0,21.0,комфорт,1028.1,1023.6,,,,,,2024-09-15 06:00:00,2024-09-15 10:00:00,2024,9
СВ,3.0,н/о,,н/о,24.1,15.0,57,27.0,27.0,жарко,1027.2,1022.8,,,,,,2024-09-15 09:00:00,2024-09-15 13:00:00,2024,9
СВ,4.0,н/о,,н/о,24.6,11.7,44,26.0,26.0,жарко,1026.4,1022.0,,,,,,2024-09-15 12:00:00,2024-09-15 16:00:00,2024,9
СВ,1.0,н/о,,н/о,20.3,12.3,60,23.0,23.0,комфорт,1026.5,1022.0,,25.6,,,,2024-09-15 15:00:00,2024-09-15 19:00:00,2024,9
СЗ,1.0,н/о,,н/о,12.9,11.5,91,13.0,13.0,тепло,1026.8,1022.2,,,,,,2024-09-15 18:00:00,2024-09-15 22:00:00,2024,9
штиль,0.0,н/о,,н/о,11.4,11.3,99,11.0,11.0,тепло,1027.2,1022.6,,,,,,2024-09-15 21:00:00,2024-09-16 01:00:00,2024,9
СВ,1.0,н/о,,н/о,13.0,13.0,100,13.0,13.0,тепло,1027.9,1023.3,,,,,,2024-09-16 00:00:00,2024-09-16 04:00:00,2024,9
В,1.0,н/о,,н/о,10.5,10.5,100,10.0,10.0,по сезону,1029.0,1024.4,9.8,,,,,2024-09-16 03:00:00,2024-09-16 07:00:00,2024,9
СВ,3.0,н/о,,н/о,17.3,13.3,77,17.0,17.0,тепло,1030.0,1025.5,,,,,,2024-09-16 06:00:00,2024-09-16 10:00:00,2024,9
СВ,2.0,н/о,,н/о,23.0,13.3,54,26.0,26.0,жарко,1029.6,1025.2,,,,,,2024-09-16 09:00:00,2024-09-16 13:00:00,2024,9
СВ,3.0,н/о,,н/о,23.7,9.6,41,25.0,25.0,комфорт,1029.5,1025.0,,,,,,2024-09-16 12:00:00,2024-09-16 16:00:00,2024,9
штиль,0.0,н/о,,н/о,19.2,10.2,56,20.0,20.0,тепло,1029.7,1025.2,,25.3,,,,2024-09-16 15:00:00,2024-09-16 19:00:00,2024,9
Ю,1.0,н/о,,н/о,12.9,11.2,89,13.0,13.0,тепло,1030.8,1026.1,,,,,,2024-09-16 18:00:00,2024-09-16 22:00:00,2024,9
штиль,0.0,н/о,,н/о,10.7,10.4,98,10.0,10.0,тепло,1031.7,1027.0,,,,,,2024-09-16 21:00:00,2024-09-17 01:00:00,2024,9
штиль,0.0,н/о,,н/о,10.2,10.1,99,9.0,9.0,тепло,1032.6,1027.9,,,,,,2024-09-17 00:00:00,2024-09-17 04:00:00,2024,9
Ю,1.0,н/о,,н/о,8.5,8.5,100,8.0,8.0,по сезону,1033.9,1029.2,7.9,,,,,2024-09-17 03:00:00,2024-09-17 07:00:00,2024,9
В,2.0,н/о,,н/о,16.4,9.3,63,17.0,17.0,тепло,1034.7,1030.1,,,,,,2024-09-17 06:00:00,2024-09-17 10:00:00,2024,9
СВ,3.0,н/о,,н/о,20.8,4.7,35,22.0,22.0,комфорт,1033.9,1029.4,,,,,,2024-09-17 09:00:00,2024-09-17 13:00:00,2024,9
СВ,4.0,н/о,,н/о,21.8,4.4,32,22.0,22.0,комфорт,1033.0,1028.5,,,,,,2024-09-17 12:00:00,2024-09-17 16:00:00,2024,9
СВ,1.0,н/о,,н/о,16.9,5.5,47,18.0,18.0,тепло,1033.0,1028.4,,22.3,,,,2024-09-17 15:00:00,2024-09-17 19:00:00,2024,9
Ю,1.0,н/о,,н/о,8.2,5.7,84,7.0,7.0,по сезону,1033.7,1029.0,,,,,,2024-09-17 18:00:00,2024-09-17 22:00:00,2024,9
Ю,1.0,н/о,,н/о,4.7,3.7,93,3.0,3.0,по сезону,1034.4,1029.6,,,,,,2024-09-17 21:00:00,2024-09-18 01:00:00,2024,9
Ю,1.0,н/о,,н/о,3.0,2.8,99,1.0,1.0,по сезону,1034.7,1029.9,,,,,,2024-09-18 00:00:00,2024-09-18 04:00:00,2024,9
Ю,1.0,н/о,,н/о,3.2,3.2,100,1.0,1.0,прохладно,1035.0,1030.2,2.7,,,,,2024-09-18 03:00:00,2024-09-18 07:00:00,2024,9
СВ,1.0,н/о,,н/о,13.9,6.0,59,14.0,14.0,тепло,1034.6,1030.0,,,,,,2024-09-18 06:00:00,2024-09-18 10:00:00,2024,9
СВ,3.0,н/о,,н/о,20.0,1.3,29,21.0,21.0,комфорт,1033.2,1028.7,,,,,,2024-09-18 09:00:00,2024-09-18 13:00:00,2024,9
СВ,2.0,н/о,,н/о,21.1,0.0,24,21.0,21.0,комфорт,1031.4,1026.9,,,,,,2024-09-18 12:00:00,2024-09-18 16:00:00,2024,9
штиль,0.0,н/о,,н/о,12.7,5.6,62,12.0,12.0,тепло,1030.6,1026.0,,21.1,,,,2024-09-18 15:00:00,2024-09-18 19:00:00,2024,9
штиль,0.0,н/о,,н/о,7.1,5.1,87,6.0,6.0,по сезону,1030.6,1025.9,,,,,,2024-09-18 18:00:00,2024-09-18 22:00:00,2024,9
Ю,1.0,н/о,,н/о,4.7,4.0,95,3.0,3.0,по сезону,1029.9,1025.1,,,,,,2024-09-18 21:00:00,2024-09-19 01:00:00,2024,9
ЮВ,1.0,н/о,,н/о,3.6,3.5,99,2.0,2.0,по сезону,1029.3,1024.5,,,,,,2024-09-19 00:00:00,2024-09-19 04:00:00,2024,9
ЮВ,1.0,н/о,,н/о,2.7,2.7,100,1.0,1.0,прохладно,1028.5,1023.7,2.4,,,,,2024-09-19 03:00:00,2024-09-19 07:00:00,2024,9
С,1.0,н/о,,н/о,15.2,8.7,65,16.0,16.0,тепло,1027.7,1023.1,,,,,,2024-09-19 06:00:00,2024-09-19 10:00:00,2024,9
С,2.0,н/о,,н/о,21.2,1.4,27,21.0,21.0,комфорт,1025.9,1021.4,,,,,,2024-09-19 09:00:00,2024-09-19 13:00:00,2024,9
СЗ,2.0,н/о,,н/о,22.1,2.1,27,22.0,22.0,комфорт,1023.6,1019.2,,,,,,2024-09-19 12:00:00,2024-09-19 16:00:00,2024,9
штиль,0.0,н/о,,н/о,14.6,7.0,60,14.0,14.0,тепло,1022.1,1017.5,,22.6,,,,2024-09-19 15:00:00,2024-09-19 19:00:00,2024,9
штиль,0.0,н/о,,н/о,12.0,7.7,75,12.0,12.0,тепло,1021.0,1016.4,,,,,,2024-09-19 18:00:00,2024-09-19 22:00:00,2024,9
В,1.0,н/о,,н/о,12.6,9.0,79,13.0,13.0,тепло,1019.2,1014.6,,,,,,2024-09-19 21:00:00,2024-09-20 01:00:00,2024,9
ЮЗ,1.0,н/о,,н/о,10.1,7.7,85,10.0,10.0,тепло,1018.1,1013.5,,,,,,2024-09-20 00:00:00,2024-09-20 04:00:00,2024,9
СЗ,1.0,н/о,,н/о,12.1,11.7,97,12.0,12.0,тепло,1018.2,1013.7,9.6,,,,,2024-09-20 03:00:00,2024-09-20 07:00:00,2024,9
С,4.0,н/о,,н/о,14.5,12.2,86,13.0,13.0,тепло,1019.2,1014.7,,,,,,2024-09-20 06:00:00,2024-09-20 10:00:00,2024,9
С,3.0,н/о,,н/о,17.3,11.1,67,17.0,17.0,тепло,1018.9,1014.4,,,,,,2024-09-20 09:00:00,2024-09-20 13:00:00,2024,9
СЗ,3.0,н/о,,н/о,18.2,10.0,59,19.0,19.0,тепло,1018.7,1014.2,,,,,,2024-09-20 12:00:00,2024-09-20 16:00:00,2024,9
СЗ,2.0,н/о,,н/о,15.2,11.1,77,15.0,15.0,тепло,1019.0,1014.4,,18.7,0.3,,,2024-09-20 15:00:00,2024-09-20 19:00:00,2024,9
СЗ,2.0,н/о,,н/о,11.0,9.7,92,10.0,10.0,по сезону,1019.5,1014.9,,,,,,2024-09-20 18:00:00,2024-09-20 22:00:00,2024,9
штиль,0.0,н/о,,н/о,10.1,9.4,95,9.0,9.0,по сезону,1018.8,1014.2,,,,,,2024-09-20 21:00:00,2024-09-21 01:00:00,2024,9
З,1.0,н/о,,н/о,12.2,11.2,94,12.0,12.0,тепло,1017.9,1013.3,,,,,,2024-09-21 00:00:00,2024-09-21 04:00:00,2024,9
ЮЗ,2.0,н/о,,н/о,11.5,9.0,85,10.0,10.0,по сезону,1017.5,1012.9,9.2,,,,,2024-09-21 03:00:00,2024-09-21 07:00:00,2024,9
З,2.0,н/о,,н/о,15.2,9.5,69,15.0,15.0,тепло,1017.0,1012.4,,,,,,2024-09-21 06:00:00,2024-09-21 10:00:00,2024,9
З,2.0,н/о,,н/о,19.9,10.8,56,22.0,22.0,комфорт,1015.0,1010.6,,,,,,2024-09-21 09:00:00,2024-09-21 13:00:00,2024,9
СЗ,3.0,н/о,,н/о,21.5,9.9,48,23.0,23.0,комфорт,1013.9,1009.5,,,,,,2024-09-21 12:00:00,2024-09-21 16:00:00,2024,9
ЮЗ,2.0,н/о,,н/о,15.9,10.7,71,16.0,16.0,тепло,1013.3,1008.8,,22.0,,,,2024-09-21 15:00:00,2024-09-21 19:00:00,2024,9
ЮЗ,2.0,н/о,,н/о,17.1,9.6,61,17.0,17.0,тепло,1012.9,1008.4,,,,,,2024-09-21 18:00:00,2024-09-21 22:00:00,2024,9
ЮЗ,2.0,н/о,,н/о,15.4,10.3,72,15.0,15.0,тепло,1012.1,1007.6,,,,,,2024-09-21 21:00:00,2024-09-22 01:00:00,2024,9
З,2.0,н/о,,н/о,13.9,10.7,81,13.0,13.0,тепло,1011.4,1006.9,,,,,,2024-09-22 00:00:00,2024-09-22 04:00:00,2024,9
З,3.0,н/о,,н/о,13.1,10.4,84,12.0,12.0,тепло,1011.0,1006.5,10.9,,,,,2024-09-22 03:00:00,2024-09-22 07:00:00,2024,9
З,3.0,н/о,,н/о,15.9,12.0,78,15.0,15.0,тепло,1011.8,1007.4,,,,,,2024-09-22 06:00:00,2024-09-22 10:00:00,2024,9
С,,н/о,,н/о,16.9,5.9,48,16.0,16.0,тепло,1013.9,1009.4,,,,,,2024-09-22 09:00:00,2024-09-22 13:00:00,2024,9
СЗ,,н/о,,н/о,16.6,-1.7,29,16.0,16.0,по сезону,1015.6,1011.1,,,,,,2024-09-22 12:00:00,2024-09-22 16:00:00,2024,9
СЗ,1.0,н/о,,н/о,10.2,0.6,51,10.0,10.0,по сезону,1017.5,1012.9,,17.3,,,,2024-09-22 15:00:00,2024-09-22 19:00:00,2024,9
штиль,0.0,н/о,,н/о,4.3,2.0,85,3.0,3.0,холодно,1019.4,1014.6,,,,,,2024-09-22 18:00:00,2024-09-22 22:00:00,2024,9
ЮВ,1.0,н/о,,н/о,0.2,-0.0,99,-2.0,-2.0,холодно,1021.9,1017.1,,,,,,2024-09-23 00:00:00,2024-09-23 04:00:00,2024,9
Ю,1.0,н/о,,н/о,-0.6,-0.6,100,-3.0,-3.0,очень  холодно,1023.0,1018.2,-1.0,,,,,2024-09-23 03:00:00,2024-09-23 07:00:00,2024,9
СЗ,2.0,н/о,,н/о,11.8,5.3,64,11.0,11.0,по сезону,1024.2,1019.6,,,,,,2024-09-23 06:00:00,2024-09-23 10:00:00,2024,9
СЗ,2.0,н/о,,н/о,15.9,0.7,36,16.0,16.0,по сезону,1023.5,1018.9,,,,,,2024-09-23 12:00:00,2024-09-23 16:00:00,2024,9
СЗ,1.0,н/о,,н/о,9.0,3.1,67,9.0,9.0,прохладно,1023.9,1019.3,,16.5,,,,2024-09-23 15:00:00,2024-09-23 19:00:00,2024,9
штиль,0.0,н/о,,н/о,4.4,3.2,92,3.0,3.0,прохладно,1025.6,1020.9,,,,,,2024-09-23 18:00:00,2024-09-23 22:00:00,2024,9
ЮВ,1.0,н/о,,н/о,1.9,1.6,98,-0.0,-0.0,холодно,1026.9,1022.1,,,,,,2024-09-23 21:00:00,2024-09-24 01:00:00,2024,9
ЮВ,1.0,н/о,,н/о,-0.3,-0.3,100,-3.0,-3.0,очень  холодно,1027.8,1023.0,,,,,,2024-09-24 00:00:00,2024-09-24 04:00:00,2024,9
штиль,0.0,н/о,,н/о,-1.9,-1.9,100,-3.0,-3.0,очень  холодно,1028.9,1024.0,-2.3,,,,,2024-09-24 03:00:00,2024-09-24 07:00:00,2024,9
В,1.0,н/о,,н/о,10.3,4.0,65,10.0,10.0,по сезону,1030.1,1025.4,,,,,,2024-09-24 06:00:00,2024-09-24 10:00:00,2024,9
С,1.0,н/о,,н/о,15.1,-1.3,32,16.0,16.0,тепло,1029.3,1024.7,,,,,,2024-09-24 09:00:00,2024-09-24 13:00:00,2024,9
В,2.0,н/о,,н/о,16.3,-4.1,24,17.0,17.0,тепло,1028.1,1023.5,,,,,,2024-09-24 12:00:00,2024-09-24 16:00:00,2024,9
штиль,0.0,н/о,,н/о,7.7,0.4,60,7.0,7.0,прохладно,1027.8,1023.1,,16.3,,,,2024-09-24 15:00:00,2024-09-24 19:00:00,2024,9
ЮВ,1.0,н/о,,н/о,1.5,-0.7,85,-0.0,-0.0,очень  холодно,1028.8,1024.0,,,,,,2024-09-24 18:00:00,2024-09-24 22:00:00,2024,9
ЮВ,1.0,н/о,,н/о,-0.9,-1.8,94,-3.0,-3.0,очень  холодно,1029.3,1024.4,,,,,,2024-09-24 21:00:00,2024-09-25 01:00:00,2024,9
ЮВ,1.0,н/о,,н/о,-1.5,-1.6,99,-4.0,-4.0,очень  холодно,1030.6,1025.8,-2.7,,,,,2024-09-25 03:00:00,2024-09-25 07:00:00,2024,9
С,1.0,н/о,,н/о,17.4,-0.5,30,18.0,18.0,тепло,1029.6,1025.0,,,,,,2024-09-25 12:00:00,2024-09-25 16:00:00,2024,9
ЮЗ,1.0,н/о,,н/о,9.1,3.5,68,9.0,9.0,прохладно,1029.6,1024.9,,18.2,,,,2024-09-25 15:00:00,2024-09-25 19:00:00,2024,9
ЮВ,1.0,н/о,,н/о,4.8,2.2,83,4.0,4.0,прохладно,1030.3,1025.5,,,,,,2024-09-25 18:00:00,2024-09-25 22:00:00,2024,9
штиль,0.0,н/о,,н/о,1.3,0.8,96,0.0,0.0,холодно,1030.9,1026.1,,,,,,2024-09-25 21:00:00,2024-09-26 01:00:00,2024,9
штиль,0.0,н/о,,н/о,-0.2,-0.2,100,-2.0,-2.0,холодно,1031.5,1026.6,,,,,,2024-09-26 00:00:00,2024-09-26 04:00:00,2024,9
ЮВ,1.0,н/о,,н/о,-1.6,-1.6,100,-4.0,-4.0,очень  холодно,1032.2,1027.4,-2.0,,,,,2024-09-26 03:00:00,2024-09-26 07:00:00,2024,9
В,1.0,н/о,,н/о,13.0,0.9,44,13.0,13.0,тепло,1032.8,1028.2,,,,,,2024-09-26 06:00:00,2024-09-26 10:00:00,2024,9
Ю,2.0,н/о,,н/о,19.5,-3.0,22,20.0,20.0,тепло,1032.1,1027.6,,,,,,2024-09-26 09:00:00,2024-09-26 13:00:00,2024,9
Ю,2.0,н/о,,н/о,20.5,-3.8,19,21.0,21.0,комфорт,1031.1,1026.5,,,,,,2024-09-26 12:00:00,2024-09-26 16:00:00,2024,9
Ю,1.0,н/о,,н/о,10.4,2.0,56,10.0,10.0,по сезону,1030.8,1026.1,,20.9,,,,2024-09-26 15:00:00,2024-09-26 19:00:00,2024,9
Ю,2.0,н/о,,н/о,10.0,-3.4,39,9.0,9.0,тепло,1031.1,1026.4,,,,,,2024-09-26 21:00:00,2024-09-27 01:00:00,2024,9
штиль,0.0,н/о,,н/о,2.0,-1.3,79,1.0,1.0,по сезону,1031.9,1027.1,,,,,,2024-09-27 00:00:00,2024-09-27 04:00:00,2024,9
Ю,1.0,н/о,,н/о,0.5,-0.7,92,-2.0,-2.0,холодно,1032.8,1028.0,0.2,,,,,2024-09-27 03:00:00,2024-09-27 07:00:00,2024,9
ЮВ,1.0,н/о,,н/о,14.1,-1.6,34,15.0,15.0,тепло,1033.0,1028.4,,,,,,2024-09-27 06:00:00,2024-09-27 10:00:00,2024,9
Ю,2.0,н/о,,н/о,21.7,-3.0,19,21.0,21.0,комфорт,1032.2,1027.7,,,,,,2024-09-27 09:00:00,2024-09-27 13:00:00,2024,9
Ю,1.0,н/о,,н/о,11.9,1.5,49,12.0,12.0,тепло,1030.7,1026.1,,22.4,,,,2024-09-27 15:00:00,2024-09-27 19:00:00,2024,9
Ю,2.0,н/о,,н/о,12.5,-2.9,34,12.0,12.0,тепло,1031.0,1026.4,,,,,,2024-09-27 18:00:00,2024-09-27 22:00:00,2024,9
Ю,3.0,н/о,,н/о,9.5,-3.6,39,8.0,8.0,тепло,1031.1,1026.4,,,,,,2024-09-27 21:00:00,2024-09-28 01:00:00,2024,9
Ю,3.0,н/о,,н/о,8.1,-3.8,43,6.0,6.0,тепло,1031.7,1027.0,,,,,,2024-09-28 00:00:00,2024-09-28 04:00:00,2024,9
Ю,,н/о,,н/о,21.0,-1.6,22,21.0,21.0,комфорт,1032.4,1027.9,,,,,,2024-09-28 09:00:00,2024-09-28 13:00:00,2024,9
Ю,,н/о,,н/о,22.8,-2.2,19,22.0,22.0,комфорт,1031.4,1026.9,,,,,,2024-09-28 12:00:00,2024-09-28 16:00:00,2024,9
Ю,,н/о,,н/о,16.1,-1.3,30,17.0,17.0,тепло,1031.0,1026.5,,22.8,,,,2024-09-28 15:00:00,2024-09-28 19:00:00,2024,9
Ю,2.0,н/о,,н/о,13.2,-2.5,34,13.0,13.0,тепло,1031.5,1026.9,,,,,,2024-09-28 18:00:00,2024-09-28 22:00:00,2024,9
Ю,3.0,н/о,,н/о,12.0,-2.6,36,11.0,11.0,тепло,1031.7,1027.0,,,,,,2024-09-28 21:00:00,2024-09-29 01:00:00,2024,9
ЮВ,1.0,н/о,,н/о,7.4,-2.5,49,7.0,7.0,тепло,1032.5,1027.8,,,,,,2024-09-29 00:00:00,2024-09-29 04:00:00,2024,9
Ю,2.0,н/о,,н/о,6.5,-3.5,49,5.0,5.0,по сезону,1033.4,1028.6,5.2,,,,,2024-09-29 03:00:00,2024-09-29 07:00:00,2024,9
Ю,2.0,н/о,,н/о,15.4,-3.3,27,16.0,16.0,тепло,1033.6,1029.0,,,,,,2024-09-29 06:00:00,2024-09-29 10:00:00,2024,9
Ю,4.0,н/о,,н/о,21.3,-6.2,15,20.0,20.0,тепло,1032.6,1028.1,,,,,,2024-09-29 09:00:00,2024-09-29 13:00:00,2024,9
Ю,4.0,н/о,,н/о,23.4,-5.5,14,21.0,21.0,комфорт,1031.1,1026.6,,,,,,2024-09-29 12:00:00,2024-09-29 16:00:00,2024,9
Ю,1.0,н/о,,н/о,13.9,2.6,46,14.0,14.0,тепло,1030.3,1025.7,,23.7,,,,2024-09-29 15:00:00,2024-09-29 19:00:00,2024,9
Ю,1.0,н/о,,н/о,11.9,1.1,48,12.0,12.0,тепло,1030.4,1025.7,,,,,,2024-09-29 18:00:00,2024-09-29 22:00:00,2024,9
Ю,2.0,н/о,,н/о,13.7,-1.6,35,13.0,13.0,тепло,1030.2,1025.6,,,,,,2024-09-29 21:00:00,2024-09-30 01:00:00,2024,9
СЗ,1.0,н/о,,н/о,4.4,0.5,76,3.0,3.0,по сезону,1030.7,1025.9,,,,,,2024-09-30 00:00:00,2024-09-30 04:00:00,2024,9
ЮВ,1.0,н/о,,н/о,3.5,1.1,84,2.0,2.0,прохладно,1030.9,1026.1,3.4,,,,,2024-09-30 03:00:00,2024-09-30 07:00:00,2024,9
В,1.0,н/о,,н/о,16.6,1.5,36,18.0,18.0,тепло,1030.9,1026.3,2.8,,,,,2024-09-30 06:00:00,2024-09-30 10:00:00,2024,9
Ю,2.0,н/о,,н/о,25.4,0.3,19,24.0,24.0,комфорт,1029.3,1024.8,,,,,,2024-09-30 09:00:00,2024-09-30 13:00:00,2024,9
Ю,2.0,н/о,,н/о,26.8,-0.9,16,25.0,25.0,комфорт,1027.7,1023.3,,,,,,2024-09-30 12:00:00,2024-09-30 16:00:00,2024,9
Ю,1.0,н/о,,н/о,14.8,4.9,51,15.0,15.0,тепло,1027.1,1022.5,,27.2,,,,2024-09-30 15:00:00,2024-09-30 19:00:00,2024,9
Ю,1.0,н/о,,н/о,8.3,3.3,71,8.0,8.0,по сезону,1027.5,1022.8,,,,,,2024-09-30 18:00:00,2024-09-30 22:00:00,2024,9
Ю,1.0,н/о,,н/о,6.0,2.8,80,5.0,5.0,по сезону,1027.2,1022.5,,,,,,2024-09-30 21:00:00,2024-10-01 01:00:00,2024,9
Ю,1.0,н/о,,н/о,6.0,3.3,83,5.0,5.0,по сезону,1026.9,1022.2,,,,,,2024-10-01 00:00:00,2024-10-01 04:00:00,2024,10
Ю,1.0,н/о,,н/о,3.5,2.7,94,2.0,2.0,прохладно,1027.0,1022.3,3.0,,,,,2024-10-01 03:00:00,2024-10-01 07:00:00,2024,10
СВ,2.0,н/о,,н/о,13.4,4.4,54,13.0,13.0,тепло,1027.2,1022.6,,,,,,2024-10-01 06:00:00,2024-10-01 10:00:00,2024,10
СВ,3.0,н/о,,н/о,22.5,1.6,25,22.0,22.0,комфорт,1025.4,1020.9,,,,,,2024-10-01 09:00:00,2024-10-01 13:00:00,2024,10
СВ,5.0,н/о,,н/о,24.2,1.0,22,23.0,23.0,комфорт,1023.8,1019.4,,,,,,2024-10-01 12:00:00,2024-10-01 16:00:00,2024,10
З,1.0,н/о,,н/о,14.9,2.9,44,16.0,16.0,тепло,1023.5,1018.9,,24.5,,,,2024-10-01 15:00:00,2024-10-01 19:00:00,2024,10
Ю,1.0,н/о,,н/о,10.9,4.1,63,11.0,11.0,тепло,1024.0,1019.4,,,,,,2024-10-01 18:00:00,2024-10-01 22:00:00,2024,10
ЮВ,1.0,н/о,,н/о,12.8,3.9,55,13.0,13.0,тепло,1024.4,1019.8,,,,,,2024-10-01 21:00:00,2024-10-02 01:00:00,2024,10
штиль,0.0,н/о,,н/о,8.6,6.1,84,8.0,8.0,тепло,1024.7,1020.0,,,,,,2024-10-02 00:00:00,2024-10-02 04:00:00,2024,10
В,2.0,н/о,,н/о,10.1,6.7,79,9.0,9.0,тепло,1024.9,1020.3,7.8,,,,,2024-10-02 03:00:00,2024-10-02 07:00:00,2024,10
В,3.0,н/о,,н/о,13.4,6.8,64,12.0,12.0,тепло,1025.6,1021.0,,,,,,2024-10-02 06:00:00,2024-10-02 10:00:00,2024,10
СВ,2.0,н/о,,н/о,20.0,5.3,38,21.0,21.0,комфорт,1025.0,1020.5,,,,,,2024-10-02 09:00:00,2024-10-02 13:00:00,2024,10
СВ,3.0,н/о,,н/о,21.8,4.2,32,22.0,22.0,комфорт,1024.0,1019.5,,,,,,2024-10-02 12:00:00,2024-10-02 16:00:00,2024,10
В,2.0,н/о,,н/о,18.7,2.2,33,19.0,19.0,тепло,1024.4,1019.9,,23.0,,,,2024-10-02 15:00:00,2024-10-02 19:00:00,2024,10
штиль,0.0,н/о,,н/о,9.0,4.0,71,8.0,8.0,по сезону,1025.6,1020.9,,,,,,2024-10-02 18:00:00,2024-10-02 22:00:00,2024,10
ЮВ,1.0,н/о,,н/о,7.7,3.9,77,7.0,7.0,по сезону,1026.1,1021.4,,,,,,2024-10-02 21:00:00,2024-10-03 01:00:00,2024,10
Ю,1.0,н/о,,н/о,3.8,1.9,87,2.0,2.0,по сезону,1027.0,1022.2,,,,,,2024-10-03 00:00:00,2024-10-03 04:00:00,2024,10
В,2.0,н/о,,н/о,6.4,0.7,67,4.0,4.0,по сезону,1027.0,1022.3,2.9,,,,,2024-10-03 03:00:00,2024-10-03 07:00:00,2024,10
В,2.0,н/о,,н/о,10.8,-0.9,44,10.0,10.0,тепло,1027.6,1023.0,,,,,,2024-10-03 06:00:00,2024-10-03 10:00:00,2024,10
В,4.0,н/о,,н/о,16.6,-2.1,28,16.0,16.0,тепло,1026.1,1021.6,,,,,,2024-10-03 09:00:00,2024-10-03 13:00:00,2024,10
В,3.0,н/о,,н/о,17.8,-1.8,26,18.0,18.0,тепло,1025.2,1020.6,,,,,,2024-10-03 12:00:00,2024-10-03 16:00:00,2024,10
штиль,0.0,н/о,,н/о,9.1,-1.1,49,9.0,9.0,по сезону,1025.1,1020.5,,18.2,,,,2024-10-03 15:00:00,2024-10-03 19:00:00,2024,10
ЮВ,1.0,н/о,,н/о,5.6,-2.5,56,5.0,5.0,по сезону,1025.4,1020.7,,,,,,2024-10-03 18:00:00,2024-10-03 22:00:00,2024,10
Ю,1.0,н/о,,н/о,1.2,-2.8,75,-0.0,-0.0,прохладно,1025.3,1020.5,,,,,,2024-10-03 21:00:00,2024-10-04 01:00:00,2024,10
Ю,1.0,н/о,,н/о,1.5,-2.3,76,-0.0,-0.0,по сезону,1025.1,1020.3,,,,,,2024-10-04 00:00:00,2024-10-04 04:00:00,2024,10
Ю,1.0,н/о,,н/о,2.2,-2.6,71,1.0,1.0,прохладно,1024.8,1020.0,0.9,,,,,2024-10-04 03:00:00,2024-10-04 07:00:00,2024,10
В,1.0,н/о,,н/о,7.5,-1.6,52,7.0,7.0,по сезону,1024.8,1020.1,,,,,,2024-10-04 06:00:00,2024-10-04 10:00:00,2024,10
СВ,2.0,н/о,,н/о,15.8,-3.9,26,16.0,16.0,тепло,1023.5,1018.9,,,,,,2024-10-04 09:00:00,2024-10-04 13:00:00,2024,10
С,1.0,н/о,,н/о,17.9,-5.8,19,19.0,19.0,тепло,1022.1,1017.6,,,,,,2024-10-04 12:00:00,2024-10-04 16:00:00,2024,10
Ю,1.0,н/о,,н/о,7.4,-1.0,55,7.0,7.0,по сезону,1022.0,1017.3,,18.4,,,,2024-10-04 15:00:00,2024-10-04 19:00:00,2024,10
ЮВ,1.0,н/о,,н/о,2.7,-2.6,68,1.0,1.0,прохладно,1021.6,1016.9,,,,,,2024-10-04 18:00:00,2024-10-04 22:00:00,2024,10
штиль,0.0,н/о,,н/о,-1.2,-3.7,83,-2.0,-2.0,холодно,1021.1,1016.3,,,,,,2024-10-04 21:00:00,2024-10-05 01:00:00,2024,10
ЮВ,1.0,н/о,,н/о,-1.0,-2.6,89,-3.0,-3.0,холодно,1020.2,1015.4,,,,,,2024-10-05 00:00:00,2024-10-05 04:00:00,2024,10
ЮВ,1.0,н/о,,н/о,1.1,-2.1,79,-1.0,-1.0,холодно,1019.4,1014.6,-1.4,,,,,2024-10-05 03:00:00,2024-10-05 07:00:00,2024,10
ЮВ,1.0,н/о,,н/о,8.9,-2.0,46,9.0,9.0,по сезону,1018.9,1014.2,,,,,,2024-10-05 06:00:00,2024-10-05 10:00:00,2024,10
ЮЗ,2.0,н/о,,н/о,17.8,-2.6,25,18.0,18.0,тепло,1017.6,1013.1,,,,,,2024-10-05 09:00:00,2024-10-05 13:00:00,2024,10
Ю,3.0,н/о,,н/о,19.5,-1.9,23,20.0,20.0,тепло,1016.0,1011.6,,,,,,2024-10-05 12:00:00,2024-10-05 16:00:00,2024,10
ЮЗ,1.0,н/о,,н/о,17.1,-0.1,31,18.0,18.0,тепло,1015.9,1011.4,,20.4,,,,2024-10-05 15:00:00,2024-10-05 19:00:00,2024,10
З,1.0,н/о,,н/о,16.5,0.5,34,17.0,17.0,тепло,1015.9,1011.4,,,,,,2024-10-05 18:00:00,2024-10-05 22:00:00,2024,10
З,1.0,н/о,,н/о,12.5,8.5,77,13.0,13.0,тепло,1016.4,1011.9,,,,,,2024-10-05 21:00:00,2024-10-06 01:00:00,2024,10
штиль,0.0,н/о,,н/о,11.3,10.9,97,11.0,11.0,тепло,1016.6,1012.1,,,,,,2024-10-06 00:00:00,2024-10-06 04:00:00,2024,10
СЗ,1.0,н/о,,н/о,11.4,11.4,100,11.0,11.0,тепло,1017.8,1013.2,10.9,,,,,2024-10-06 03:00:00,2024-10-06 07:00:00,2024,10
С,2.0,н/о,,н/о,13.3,11.9,91,13.0,13.0,тепло,1019.5,1014.9,,,,,,2024-10-06 06:00:00,2024-10-06 10:00:00,2024,10
С,2.0,н/о,,н/о,13.0,10.8,86,12.0,12.0,тепло,1020.9,1016.3,,,,,,2024-10-06 09:00:00,2024-10-06 13:00:00,2024,10
В,1.0,н/о,,н/о,13.1,10.3,83,13.0,13.0,тепло,1021.2,1016.7,,,,,,2024-10-06 12:00:00,2024-10-06 16:00:00,2024,10
штиль,0.0,н/о,,н/о,12.0,10.0,88,11.0,11.0,тепло,1021.6,1017.0,,13.7,,,,2024-10-06 15:00:00,2024-10-06 19:00:00,2024,10
штиль,0.0,н/о,,н/о,11.6,9.9,89,11.0,11.0,тепло,1022.0,1017.4,,,,,,2024-10-06 18:00:00,2024-10-06 22:00:00,2024,10
ЮВ,1.0,н/о,,н/о,12.1,9.9,86,12.0,12.0,тепло,1022.0,1017.4,,,,,,2024-10-06 21:00:00,2024-10-07 01:00:00,2024,10
ЮВ,1.0,н/о,,н/о,11.1,10.3,95,11.0,11.0,тепло,1022.4,1017.8,,,,,,2024-10-07 00:00:00,2024-10-07 04:00:00,2024,10
СВ,1.0,н/о,,н/о,10.9,10.4,97,10.0,10.0,тепло,1021.7,1017.1,10.8,,,,,2024-10-07 03:00:00,2024-10-07 07:00:00,2024,10
ЮВ,1.0,н/о,,н/о,15.5,12.1,80,16.0,16.0,тепло,1021.1,1016.6,,,,,,2024-10-07 06:00:00,2024-10-07 10:00:00,2024,10
Ю,4.0,н/о,,н/о,24.8,3.3,25,24.0,24.0,комфорт,1019.7,1015.3,,,,,,2024-10-07 09:00:00,2024-10-07 13:00:00,2024,10
Ю,,н/о,,н/о,25.7,0.5,19,24.0,24.0,комфорт,1018.2,1013.9,,,,,,2024-10-07 12:00:00,2024-10-07 16:00:00,2024,10
Ю,2.0,н/о,,н/о,20.2,0.3,26,21.0,21.0,комфорт,1017.6,1013.1,,25.8,,,,2024-10-07 15:00:00,2024-10-07 19:00:00,2024,10
Ю,3.0,н/о,,н/о,16.7,0.6,34,17.0,17.0,тепло,1017.7,1013.2,,,,,,2024-10-07 18:00:00,2024-10-07 22:00:00,2024,10
Ю,3.0,н/о,,н/о,15.1,0.2,36,15.0,15.0,тепло,1016.5,1012.0,,,,,,2024-10-07 21:00:00,2024-10-08 01:00:00,2024,10
Ю,3.0,н/о,,н/о,15.4,2.3,41,15.0,15.0,тепло,1016.0,1011.5,,,,,,2024-10-08 00:00:00,2024-10-08 04:00:00,2024,10
Ю,3.0,н/о,,н/о,13.0,2.8,50,12.0,12.0,тепло,1015.4,1010.8,13.0,,,,,2024-10-08 03:00:00,2024-10-08 07:00:00,2024,10
Ю,4.0,н/о,,н/о,18.6,1.8,32,19.0,19.0,тепло,1014.3,1009.8,13.0,,,,,2024-10-08 06:00:00,2024-10-08 10:00:00,2024,10
Ю,4.0,н/о,,н/о,23.3,3.0,26,23.0,23.0,комфорт,1012.3,1007.9,,,,,,2024-10-08 09:00:00,2024-10-08 13:00:00,2024,10
Ю,,н/о,,н/о,25.4,0.0,19,24.0,24.0,комфорт,1010.2,1005.9,,,,,,2024-10-08 12:00:00,2024-10-08 16:00:00,2024,10
Ю,,н/о,,н/о,19.5,9.6,53,22.0,22.0,комфорт,1009.7,1005.3,,25.6,,,,2024-10-08 15:00:00,2024-10-08 19:00:00,2024,10
З,1.0,н/о,,н/о,18.4,11.7,65,20.0,20.0,тепло,1009.3,1004.9,,,,,,2024-10-08 18:00:00,2024-10-08 22:00:00,2024,10
штиль,0.0,н/о,,н/о,12.9,12.9,100,12.0,12.0,тепло,1008.5,1003.9,,,,,,2024-10-08 21:00:00,2024-10-09 01:00:00,2024,10
ЮВ,1.0,н/о,,н/о,11.0,11.0,100,11.0,11.0,тепло,1007.7,1003.1,,,,,,2024-10-09 00:00:00,2024-10-09 04:00:00,2024,10
ЮЗ,2.0,н/о,,н/о,13.2,13.2,100,12.0,12.0,тепло,1006.8,1002.3,10.0,,0.8,,,2024-10-09 03:00:00,2024-10-09 07:00:00,2024,10
штиль,0.0,н/о,,н/о,12.9,12.9,100,12.0,12.0,тепло,1006.9,1002.4,,,,,,2024-10-09 06:00:00,2024-10-09 10:00:00,2024,10
СЗ,1.0,н/о,,н/о,15.9,13.0,83,17.0,17.0,тепло,1006.2,1001.7,,,,,,2024-10-09 09:00:00,2024-10-09 13:00:00,2024,10
З,1.0,н/о,,н/о,18.4,11.1,62,20.0,20.0,тепло,1006.0,1001.6,,,,,,2024-10-09 12:00:00,2024-10-09 16:00:00,2024,10
СЗ,1.0,н/о,,н/о,12.3,11.0,92,12.0,12.0,тепло,1006.3,1001.8,,18.5,0.3,,,2024-10-09 15:00:00,2024-10-09 19:00:00,2024,10
СЗ,2.0,н/о,,н/о,13.7,12.6,93,13.0,13.0,тепло,1005.9,1001.4,,,,,,2024-10-09 18:00:00,2024-10-09 22:00:00,2024,10
С,3.0,н/о,,н/о,11.6,11.3,98,10.0,10.0,тепло,1006.2,1001.6,,,,,,2024-10-09 21:00:00,2024-10-10 01:00:00,2024,10
С,4.0,н/о,,н/о,10.1,9.9,99,7.0,7.0,тепло,1007.0,1002.5,,,,,,2024-10-10 00:00:00,2024-10-10 04:00:00,2024,10
С,4.0,н/о,,н/о,8.4,7.7,95,5.0,5.0,по сезону,1008.5,1003.9,8.4,,,,,2024-10-10 03:00:00,2024-10-10 07:00:00,2024,10
С,5.0,н/о,,н/о,6.2,5.6,96,2.0,2.0,по сезону,1010.4,1005.8,6.2,,,,,2024-10-10 06:00:00,2024-10-10 10:00:00,2024,10
С,,н/о,,н/о,7.6,5.9,89,4.0,4.0,прохладно,1011.0,1006.3,,,,,,2024-10-10 09:00:00,2024-10-10 13:00:00,2024,10
С,,н/о,,н/о,7.5,4.7,82,4.0,4.0,холодно,1012.7,1008.0,,,,,,2024-10-10 12:00:00,2024-10-10 16:00:00,2024,10
С,,н/о,,н/о,6.3,3.5,82,2.0,2.0,прохладно,1015.1,1010.4,,8.4,,,,2024-10-10 15:00:00,2024-10-10 19:00:00,2024,10
С,,н/о,,н/о,5.0,3.1,88,-0.0,-0.0,прохладно,1016.0,1011.3,,,,,,2024-10-10 18:00:00,2024-10-10 22:00:00,2024,10
С,,н/о,,н/о,4.3,2.3,87,-1.0,-1.0,прохладно,1017.0,1012.2,,,,,,2024-10-10 21:00:00,2024-10-11 01:00:00,2024,10
С,,н/о,,н/о,3.2,1.3,87,-3.0,-3.0,прохладно,1018.4,1013.6,,,,,,2024-10-11 00:00:00,2024-10-11 04:00:00,2024,10
С,,н/о,,н/о,2.3,-0.1,84,-3.0,-3.0,холодно,1019.6,1014.8,2.3,,,,,2024-10-11 03:00:00,2024-10-11 07:00:00,2024,10
СВ,4.0,н/о,,н/о,1.8,-1.1,81,-3.0,-3.0,холодно,1021.5,1016.7,1.8,,,,,2024-10-11 06:00:00,2024-10-11 10:00:00,2024,10
СВ,5.0,н/о,,н/о,2.6,-1.3,75,-3.0,-3.0,очень  холодно,1022.7,1017.9,,,,,,2024-10-11 09:00:00,2024-10-11 13:00:00,2024,10
СВ,3.0,н/о,,н/о,4.6,-1.1,66,1.0,1.0,очень  холодно,1023.3,1018.5,,,,,,2024-10-11 12:00:00,2024-10-11 16:00:00,2024,10
СВ,2.0,н/о,,н/о,3.2,-1.5,71,1.0,1.0,холодно,1024.8,1020.1,,5.1,,,,2024-10-11 15:00:00,2024-10-11 19:00:00,2024,10
СВ,2.0,н/о,,н/о,0.9,-2.7,77,-2.0,-2.0,холодно,1026.3,1021.5,,,,,,2024-10-11 18:00:00,2024-10-11 22:00:00,2024,10
В,2.0,н/о,,н/о,-0.3,-3.9,77,-4.0,-4.0,холодно,1028.0,1023.2,,,,,,2024-10-11 21:00:00,2024-10-12 01:00:00,2024,10
СВ,1.0,н/о,,н/о,-1.8,-4.6,81,-4.0,-4.0,холодно,1028.9,1024.0,,,,,,2024-10-12 00:00:00,2024-10-12 04:00:00,2024,10
В,3.0,н/о,,н/о,-1.6,-5.0,78,-6.0,-6.0,очень  холодно,1030.2,1025.3,-2.7,,,,,2024-10-12 03:00:00,2024-10-12 07:00:00,2024,10
В,3.0,н/о,,н/о,0.8,-4.2,69,-3.0,-3.0,холодно,1031.6,1026.8,,,,,,2024-10-12 06:00:00,2024-10-12 10:00:00,2024,10
СВ,3.0,н/о,,н/о,4.4,-4.0,54,1.0,1.0,холодно,1032.1,1027.3,,,,,,2024-10-12 09:00:00,2024-10-12 13:00:00,2024,10
В,3.0,н/о,,н/о,5.5,-6.5,42,3.0,3.0,холодно,1032.7,1027.9,,,,,,2024-10-12 12:00:00,2024-10-12 16:00:00,2024,10
В,1.0,н/о,,н/о,2.6,-5.9,53,2.0,2.0,прохладно,1033.9,1029.1,,5.8,0.5,,,2024-10-12 15:00:00,2024-10-12 19:00:00,2024,10
Ю,1.0,н/о,,н/о,-2.3,-6.1,75,-4.0,-4.0,холодно,1034.7,1029.8,,,,,,2024-10-12 18:00:00,2024-10-12 22:00:00,2024,10
Ю,1.0,н/о,,н/о,-4.3,-5.7,90,-7.0,-7.0,очень  холодно,1035.9,1030.9,,,,,,2024-10-12 21:00:00,2024-10-13 01:00:00,2024,10
Ю,1.0,н/о,,н/о,-5.8,-6.3,96,-8.0,-8.0,очень  холодно,1037.0,1032.0,,,,,,2024-10-13 00:00:00,2024-10-13 04:00:00,2024,10
Ю,1.0,н/о,,н/о,-6.6,-6.7,99,-9.0,-9.0,очень  холодно,1037.5,1032.5,-7.1,,,,,2024-10-13 03:00:00,2024-10-13 07:00:00,2024,10
В,2.0,н/о,,н/о,-0.0,-3.8,76,-3.0,-3.0,холодно,1038.1,1033.2,,,,,,2024-10-13 06:00:00,2024-10-13 10:00:00,2024,10
В,2.0,н/о,,н/о,5.3,-4.2,50,3.0,3.0,прохладно,1037.4,1032.6,,,,,,2024-10-13 09:00:00,2024-10-13 13:00:00,2024,10
СВ,3.0,н/о,,н/о,6.4,-6.1,40,4.0,4.0,прохладно,1036.0,1031.2,,,,,,2024-10-13 12:00:00,2024-10-13 16:00:00,2024,10
штиль,0.0,н/о,,н/о,-0.4,-6.0,66,-1.0,-1.0,холодно,1035.3,1030.4,,6.5,,,,2024-10-13 15:00:00,2024-10-13 19:00:00,2024,10
штиль,0.0,н/о,,н/о,-4.2,-7.1,80,-5.0,-5.0,очень  холодно,1035.3,1030.3,,,,,,2024-10-13 18:00:00,2024-10-13 22:00:00,2024,10
штиль,0.0,н/о,,н/о,-6.3,-7.2,93,-7.0,-7.0,очень  холодно,1035.3,1030.3,,,,,,2024-10-13 21:00:00,2024-10-14 01:00:00,2024,10
Ю,1.0,н/о,,н/о,-7.1,-7.7,95,-10.0,-10.0,очень  холодно,1035.1,1030.1,,,,,,2024-10-14 00:00:00,2024-10-14 04:00:00,2024,10
Ю,1.0,н/о,,н/о,-7.9,-8.2,98,-10.0,-10.0,очень  холодно,1035.0,1030.0,-8.3,,,,,2024-10-14 03:00:00,2024-10-14 07:00:00,2024,10
В,1.0,н/о,,н/о,0.3,-3.0,78,-2.0,-2.0,холодно,1034.6,1029.7,,,,,,2024-10-14 06:00:00,2024-10-14 10:00:00,2024,10
СВ,3.0,н/о,,н/о,7.7,-6.9,35,6.0,6.0,по сезону,1033.2,1028.5,,,,,,2024-10-14 09:00:00,2024-10-14 13:00:00,2024,10
В,2.0,н/о,,н/о,10.6,-7.9,26,10.0,10.0,по сезону,1031.3,1026.6,,,,,,2024-10-14 12:00:00,2024-10-14 16:00:00,2024,10
Ю,1.0,н/о,,н/о,2.2,-8.8,44,1.0,1.0,прохладно,1030.6,1025.8,,10.6,,,,2024-10-14 15:00:00,2024-10-14 19:00:00,2024,10
Ю,2.0,н/о,,н/о,1.5,-7.6,51,-1.0,-1.0,прохладно,1030.0,1025.2,,,,,,2024-10-14 18:00:00,2024-10-14 22:00:00,2024,10
штиль,0.0,н/о,,н/о,-4.1,-7.1,80,-5.0,-5.0,холодно,1029.8,1024.8,,,,,,2024-10-14 21:00:00,2024-10-15 01:00:00,2024,10
ЮВ,1.0,н/о,,н/о,-5.9,-7.7,87,-8.0,-8.0,очень  холодно,1029.9,1024.9,,,,,,2024-10-15 00:00:00,2024-10-15 04:00:00,2024,10
Ю,2.0,н/о,,н/о,-5.7,-6.9,91,-10.0,-10.0,очень  холодно,1029.0,1024.0,-8.6,,,,,2024-10-15 03:00:00,2024-10-15 07:00:00,2024,10
ЮВ,2.0,н/о,,н/о,1.6,-4.3,65,-1.0,-1.0,прохладно,1029.2,1024.4,,,,,,2024-10-15 06:00:00,2024-10-15 10:00:00,2024,10
Ю,3.0,н/о,,н/о,10.8,-8.5,25,10.0,10.0,тепло,1028.4,1023.8,,,,,,2024-10-15 09:00:00,2024-10-15 13:00:00,2024,10
Ю,2.0,н/о,,н/о,11.7,-8.8,23,11.0,11.0,тепло,1027.2,1022.6,,,,,,2024-10-15 12:00:00,2024-10-15 16:00:00,2024,10
штиль,0.0,н/о,,н/о,2.5,-7.9,46,2.0,2.0,прохладно,1027.3,1022.5,,12.1,,,,2024-10-15 15:00:00,2024-10-15 19:00:00,2024,10
ЮВ,2.0,н/о,,н/о,0.3,-7.9,54,-3.0,-3.0,холодно,1027.1,1022.3,,,,,,2024-10-15 18:00:00,2024-10-15 22:00:00,2024,10
Ю,2.0,н/о,,н/о,4.3,-10.0,34,3.0,3.0,по сезону,1026.8,1022.0,,,,,,2024-10-15 21:00:00,2024-10-16 01:00:00,2024,10
Ю,2.0,н/о,,н/о,3.3,-9.3,39,1.0,1.0,по сезону,1026.3,1021.5,,,,,,2024-10-16 00:00:00,2024-10-16 04:00:00,2024,10
ЮВ,2.0,н/о,,н/о,2.5,-8.8,43,0.0,0.0,по сезону,1026.1,1021.3,-0.9,,,,,2024-10-16 03:00:00,2024-10-16 07:00:00,2024,10
ЮВ,1.0,н/о,,н/о,4.9,-8.4,37,5.0,5.0,по сезону,1026.6,1021.8,,,,,,2024-10-16 06:00:00,2024-10-16 10:00:00,2024,10
Ю,3.0,н/о,,н/о,8.7,-9.0,28,7.0,7.0,по сезону,1026.3,1021.6,,,,,,2024-10-16 09:00:00,2024-10-16 13:00:00,2024,10
ЮВ,3.0,н/о,,н/о,9.3,-8.5,28,8.0,8.0,по сезону,1025.5,1020.9,,,,,,2024-10-16 12:00:00,2024-10-16 16:00:00,2024,10
ЮВ,1.0,н/о,,н/о,7.3,-7.4,34,7.0,7.0,по сезону,1025.7,1021.0,,9.6,,,,2024-10-16 15:00:00,2024-10-16 19:00:00,2024,10
В,1.0,н/о,,н/о,6.3,-5.5,43,6.0,6.0,тепло,1025.6,1020.8,,,,,,2024-10-16 18:00:00,2024-10-16 22:00:00,2024,10
ЮВ,1.0,н/о,,н/о,5.1,-4.3,51,4.0,4.0,по сезону,1025.5,1020.8,,,,,,2024-10-16 21:00:00,2024-10-17 01:00:00,2024,10
В,1.0,н/о,,н/о,4.0,-1.2,69,3.0,3.0,по сезону,1025.2,1020.5,,,,,,2024-10-17 00:00:00,2024-10-17 04:00:00,2024,10
В,1.0,н/о,,н/о,4.6,-1.6,64,4.0,4.0,по сезону,1025.9,1021.1,4.0,,,,,2024-10-17 03:00:00,2024-10-17 07:00:00,2024,10
ЮВ,1.0,н/о,,н/о,6.2,2.5,77,5.0,5.0,по сезону,1026.5,1021.8,,,,,,2024-10-17 06:00:00,2024-10-17 10:00:00,2024,10
В,2.0,н/о,,н/о,8.2,4.9,80,6.0,6.0,по сезону,1026.5,1021.8,,,,,,2024-10-17 09:00:00,2024-10-17 13:00:00,2024,10
ЮВ,3.0,н/о,,н/о,9.0,3.4,68,7.0,7.0,по сезону,1026.5,1021.8,,,,,,2024-10-17 12:00:00,2024-10-17 16:00:00,2024,10
СВ,1.0,н/о,,н/о,7.5,3.8,77,7.0,7.0,тепло,1027.2,1022.5,,9.2,0.3,,,2024-10-17 15:00:00,2024-10-17 19:00:00,2024,10
СВ,1.0,н/о,,н/о,7.3,2.4,71,7.0,7.0,тепло,1027.8,1023.1,,,,,,2024-10-17 18:00:00,2024-10-17 22:00:00,2024,10
В,1.0,н/о,,н/о,6.8,1.6,69,6.0,6.0,тепло,1028.2,1023.5,,,,,,2024-10-17 21:00:00,2024-10-18 01:00:00,2024,10
СВ,2.0,н/о,,н/о,7.1,1.6,68,5.0,5.0,тепло,1028.2,1023.5,,,,,,2024-10-18 00:00:00,2024-10-18 04:00:00,2024,10
СВ,1.0,н/о,,н/о,5.9,1.1,71,5.0,5.0,тепло,1028.2,1023.5,5.6,,,,,2024-10-18 03:00:00,2024-10-18 07:00:00,2024,10
СВ,2.0,н/о,,н/о,7.1,0.8,64,5.0,5.0,по сезону,1029.1,1024.4,,,,,,2024-10-18 06:00:00,2024-10-18 10:00:00,2024,10
СВ,4.0,н/о,,н/о,10.9,-2.4,39,9.0,9.0,тепло,1028.3,1023.6,,,,,,2024-10-18 09:00:00,2024-10-18 13:00:00,2024,10
СВ,4.0,н/о,,н/о,11.8,-4.6,31,10.0,10.0,тепло,1026.7,1022.1,,,,,,2024-10-18 12:00:00,2024-10-18 16:00:00,2024,10
СВ,3.0,н/о,,н/о,10.2,-3.7,37,9.0,9.0,тепло,1026.8,1022.1,,12.5,,,,2024-10-18 15:00:00,2024-10-18 19:00:00,2024,10
СВ,4.0,н/о,,н/о,9.1,-2.5,44,7.0,7.0,тепло,1026.3,1021.6,,,,,,2024-10-18 18:00:00,2024-10-18 22:00:00,2024,10
СВ,4.0,н/о,,н/о,7.8,-2.4,48,5.0,5.0,тепло,1025.2,1020.5,,,,,,2024-10-18 21:00:00,2024-10-19 01:00:00,2024,10
СВ,3.0,н/о,,н/о,7.3,-2.6,49,5.0,5.0,тепло,1025.0,1020.3,,,,,,2024-10-19 00:00:00,2024-10-19 04:00:00,2024,10
СВ,2.0,н/о,,н/о,4.6,1.9,83,2.0,2.0,по сезону,1024.8,1020.0,4.6,,0.3,,,2024-10-19 03:00:00,2024-10-19 07:00:00,2024,10
СВ,3.0,н/о,,н/о,4.8,4.0,95,1.0,1.0,по сезону,1024.9,1020.2,4.3,,,,,2024-10-19 06:00:00,2024-10-19 10:00:00,2024,10
СВ,5.0,н/о,,н/о,7.0,5.1,88,3.0,3.0,по сезону,1023.8,1019.1,,,,,,2024-10-19 09:00:00,2024-10-19 13:00:00,2024,10
СВ,,н/о,,н/о,9.3,5.8,79,7.0,7.0,тепло,1023.4,1018.8,,,,,,2024-10-19 12:00:00,2024-10-19 16:00:00,2024,10
СВ,1.0,н/о,,н/о,7.6,5.1,84,7.0,7.0,тепло,1023.1,1018.4,,9.4,3.0,,,2024-10-19 15:00:00,2024-10-19 19:00:00,2024,10
СВ,2.0,н/о,,н/о,8.8,4.3,73,7.0,7.0,тепло,1022.9,1018.2,,,,,,2024-10-19 18:00:00,2024-10-19 22:00:00,2024,10
В,1.0,н/о,,н/о,7.2,6.0,92,6.0,6.0,тепло,1022.9,1018.2,,,,,,2024-10-19 21:00:00,2024-10-20 01:00:00,2024,10
СВ,3.0,н/о,,н/о,7.4,6.6,95,4.0,4.0,по сезону,1021.7,1017.1,,,,,,2024-10-20 00:00:00,2024-10-20 04:00:00,2024,10
СВ,3.0,н/о,,н/о,8.0,6.2,88,5.0,5.0,по сезону,1021.0,1016.3,6.3,,3.0,,,2024-10-20 03:00:00,2024-10-20 07:00:00,2024,10
СВ,3.0,н/о,,н/о,8.5,6.3,86,6.0,6.0,тепло,1021.0,1016.3,,,,,,2024-10-20 06:00:00,2024-10-20 10:00:00,2024,10
С,2.0,н/о,,н/о,8.2,6.1,87,6.0,6.0,по сезону,1020.7,1016.0,,,,,,2024-10-20 09:00:00,2024-10-20 13:00:00,2024,10
С,2.0,н/о,,н/о,8.5,4.5,76,7.0,7.0,по сезону,1020.2,1015.5,,9.0,3.0,,,2024-10-20 15:00:00,2024-10-20 19:00:00,2024,10
С,3.0,н/о,,н/о,8.7,4.7,76,6.0,6.0,тепло,1020.8,1016.1,,,,,,2024-10-20 18:00:00,2024-10-20 22:00:00,2024,10
С,1.0,н/о,,н/о,8.2,2.8,69,8.0,8.0,тепло,1020.7,1016.1,,,,,,2024-10-20 21:00:00,2024-10-21 01:00:00,2024,10
С,3.0,н/о,,н/о,7.4,1.6,67,5.0,5.0,тепло,1020.6,1015.9,,,,,,2024-10-21 00:00:00,2024-10-21 04:00:00,2024,10
С,4.0,н/о,,н/о,4.8,1.6,80,1.0,1.0,по сезону,1021.2,1016.4,4.8,,,,,2024-10-21 03:00:00,2024-10-21 07:00:00,2024,10
С,4.0,н/о,,н/о,5.6,3.9,89,2.0,2.0,по сезону,1022.2,1017.5,4.1,,,,,2024-10-21 06:00:00,2024-10-21 10:00:00,2024,10
С,,н/о,,н/о,7.4,4.8,84,3.0,3.0,по сезону,1022.8,1018.1,,,,,,2024-10-21 09:00:00,2024-10-21 13:00:00,2024,10
С,4.0,н/о,,н/о,7.0,5.1,88,3.0,3.0,по сезону,1022.7,1018.0,,,,,,2024-10-21 12:00:00,2024-10-21 16:00:00,2024,10
С,4.0,н/о,,н/о,6.5,4.4,86,3.0,3.0,по сезону,1023.5,1018.8,,8.0,,,,2024-10-21 15:00:00,2024-10-21 19:00:00,2024,10
С,3.0,н/о,,н/о,5.6,3.8,88,2.0,2.0,по сезону,1024.2,1019.5,,,,,,2024-10-21 18:00:00,2024-10-21 22:00:00,2024,10
С,3.0,н/о,,н/о,4.9,3.3,89,1.0,1.0,по сезону,1023.9,1019.1,,,,,,2024-10-21 21:00:00,2024-10-22 01:00:00,2024,10
С,2.0,н/о,,н/о,4.7,3.0,89,2.0,2.0,по сезону,1023.9,1019.1,,,,,,2024-10-22 00:00:00,2024-10-22 04:00:00,2024,10
штиль,0.0,н/о,,н/о,5.0,4.0,93,4.0,4.0,по сезону,1023.7,1019.0,4.7,,,,,2024-10-22 03:00:00,2024-10-22 07:00:00,2024,10
СЗ,2.0,н/о,,н/о,5.9,4.9,93,3.0,3.0,по сезону,1023.1,1018.4,,,,,,2024-10-22 06:00:00,2024-10-22 10:00:00,2024,10
З,2.0,н/о,,н/о,7.5,5.9,90,5.0,5.0,по сезону,1021.9,1017.2,,,,,,2024-10-22 09:00:00,2024-10-22 13:00:00,2024,10
ЮЗ,3.0,н/о,,н/о,8.0,5.6,85,5.0,5.0,по сезону,1020.4,1015.8,,,,,,2024-10-22 12:00:00,2024-10-22 16:00:00,2024,10
ЮЗ,1.0,н/о,,н/о,7.8,6.2,90,7.0,7.0,тепло,1018.8,1014.1,,8.2,,,,2024-10-22 15:00:00,2024-10-22 19:00:00,2024,10
ЮЗ,4.0,н/о,,н/о,9.2,6.6,84,6.0,6.0,тепло,1016.7,1012.0,,,,,,2024-10-22 18:00:00,2024-10-22 22:00:00,2024,10
З,2.0,н/о,,н/о,9.2,7.7,90,7.0,7.0,тепло,1014.7,1010.1,,,,,,2024-10-22 21:00:00,2024-10-23 01:00:00,2024,10
З,2.0,н/о,,н/о,9.3,7.7,90,8.0,8.0,тепло,1015.1,1010.5,,,,,,2024-10-23 00:00:00,2024-10-23 04:00:00,2024,10
З,1.0,н/о,,н/о,8.7,6.4,85,8.0,8.0,тепло,1015.5,1010.8,7.7,,,,,2024-10-23 03:00:00,2024-10-23 07:00:00,2024,10
З,2.0,н/о,,н/о,9.7,6.9,83,8.0,8.0,тепло,1015.3,1010.7,,,,,,2024-10-23 06:00:00,2024-10-23 10:00:00,2024,10
З,2.0,н/о,,н/о,13.1,7.3,68,12.0,12.0,тепло,1014.0,1009.4,,,,,,2024-10-23 09:00:00,2024-10-23 13:00:00,2024,10
З,1.0,н/о,,н/о,13.1,7.5,69,13.0,13.0,тепло,1012.5,1008.0,,,,,,2024-10-23 12:00:00,2024-10-23 16:00:00,2024,10
ЮЗ,1.0,н/о,,н/о,11.3,8.4,82,11.0,11.0,тепло,1011.6,1007.1,,13.9,,,,2024-10-23 15:00:00,2024-10-23 19:00:00,2024,10
ЮЗ,1.0,н/о,,н/о,10.5,8.6,88,10.0,10.0,тепло,1009.0,1004.4,,,,,,2024-10-23 18:00:00,2024-10-23 22:00:00,2024,10
ЮЗ,3.0,н/о,,н/о,10.9,8.7,86,9.0,9.0,тепло,1006.6,1002.1,,,,,,2024-10-23 21:00:00,2024-10-24 01:00:00,2024,10
З,3.0,н/о,,н/о,10.0,9.2,95,8.0,8.0,тепло,1005.3,1000.8,,,,,,2024-10-24 00:00:00,2024-10-24 04:00:00,2024,10
З,,н/о,,н/о,10.3,7.5,83,8.0,8.0,тепло,1005.7,1001.2,9.7,,0.5,,,2024-10-24 03:00:00,2024-10-24 07:00:00,2024,10
З,,н/о,,н/о,10.2,6.4,77,7.0,7.0,тепло,1007.0,1002.5,9.6,,,,,2024-10-24 06:00:00,2024-10-24 10:00:00,2024,10
З,,н/о,,н/о,10.5,5.5,71,8.0,8.0,тепло,1008.4,1003.8,,,,,,2024-10-24 09:00:00,2024-10-24 13:00:00,2024,10
СЗ,,н/о,,н/о,10.5,5.5,71,8.0,8.0,тепло,1010.2,1005.7,,,,,,2024-10-24 12:00:00,2024-10-24 16:00:00,2024,10
З,,н/о,,н/о,8.6,5.2,79,6.0,6.0,тепло,1012.0,1007.4,,11.2,,,,2024-10-24 15:00:00,2024-10-24 19:00:00,2024,10
З,3.0,н/о,,н/о,7.9,4.4,79,5.0,5.0,тепло,1012.4,1007.8,,,,,,2024-10-24 18:00:00,2024-10-24 22:00:00,2024,10
З,2.0,н/о,,н/о,6.9,4.0,82,5.0,5.0,тепло,1012.1,1007.4,,,,,,2024-10-24 21:00:00,2024-10-25 01:00:00,2024,10
З,2.0,н/о,,н/о,6.2,3.9,85,4.0,4.0,тепло,1011.6,1006.9,,,,,,2024-10-25 00:00:00,2024-10-25 04:00:00,2024,10
З,1.0,н/о,,н/о,5.9,4.3,89,5.0,5.0,тепло,1011.7,1007.0,5.9,,,,,2024-10-25 03:00:00,2024-10-25 07:00:00,2024,10
З,1.0,н/о,,н/о,6.7,5.1,90,6.0,6.0,тепло,1012.1,1007.4,5.6,,,,,2024-10-25 06:00:00,2024-10-25 10:00:00,2024,10
СЗ,2.0,н/о,,н/о,8.6,4.3,74,7.0,7.0,тепло,1012.3,1007.7,,,,,,2024-10-25 09:00:00,2024-10-25 13:00:00,2024,10
Ю,1.0,н/о,,н/о,7.8,5.9,88,7.0,7.0,тепло,1013.3,1008.6,,,,,,2024-10-25 12:00:00,2024-10-25 16:00:00,2024,10
СЗ,1.0,н/о,,н/о,5.1,4.3,95,4.0,4.0,по сезону,1014.9,1010.2,,9.9,1.0,,,2024-10-25 15:00:00,2024-10-25 19:00:00,2024,10
СЗ,2.0,н/о,,н/о,4.6,3.2,91,2.0,2.0,по сезону,1016.1,1011.4,,,,,,2024-10-25 18:00:00,2024-10-25 22:00:00,2024,10
З,1.0,н/о,,н/о,0.4,0.2,99,-2.0,-2.0,по сезону,1017.1,1012.3,,,,,,2024-10-25 21:00:00,2024-10-26 01:00:00,2024,10
штиль,0.0,н/о,,н/о,2.6,2.4,99,1.0,1.0,по сезону,1017.8,1013.1,,,,,,2024-10-26 00:00:00,2024-10-26 04:00:00,2024,10
З,2.0,н/о,,н/о,4.6,2.9,89,2.0,2.0,по сезону,1018.8,1014.1,0.3,,,,,2024-10-26 03:00:00,2024-10-26 07:00:00,2024,10
СЗ,3.0,н/о,,н/о,5.4,3.4,87,2.0,2.0,по сезону,1020.0,1015.3,,,,,,2024-10-26 06:00:00,2024-10-26 10:00:00,2024,10
СЗ,4.0,н/о,,н/о,6.8,2.4,74,3.0,3.0,по сезону,1020.3,1015.6,,,,,,2024-10-26 09:00:00,2024-10-26 13:00:00,2024,10
СЗ,1.0,н/о,,н/о,5.0,2.6,84,4.0,4.0,по сезону,1021.7,1017.0,,6.9,,,,2024-10-26 15:00:00,2024-10-26 19:00:00,2024,10
З,2.0,н/о,,н/о,4.1,3.6,97,1.0,1.0,по сезону,1022.0,1017.2,,,,,,2024-10-26 18:00:00,2024-10-26 22:00:00,2024,10
СЗ,2.0,н/о,,н/о,4.1,3.2,94,1.0,1.0,по сезону,1021.8,1017.1,,,,,,2024-10-26 21:00:00,2024-10-27 01:00:00,2024,10
ЮЗ,2.0,н/о,,н/о,3.2,2.3,94,0.0,0.0,по сезону,1020.9,1016.1,3.1,,0.5,,,2024-10-27 03:00:00,2024-10-27 07:00:00,2024,10
ЮЗ,2.0,н/о,,н/о,3.7,1.8,87,1.0,1.0,по сезону,1020.2,1015.5,2.9,,,,,2024-10-27 06:00:00,2024-10-27 10:00:00,2024,10
ЮЗ,1.0,н/о,,н/о,3.6,2.6,93,2.0,2.0,по сезону,1019.7,1015.0,,,,,,2024-10-27 09:00:00,2024-10-27 13:00:00,2024,10
З,1.0,н/о,,н/о,4.2,3.4,95,3.0,3.0,по сезону,1019.4,1014.7,,,,,,2024-10-27 12:00:00,2024-10-27 16:00:00,2024,10
СЗ,1.0,н/о,,н/о,4.4,3.7,95,3.0,3.0,по сезону,1020.1,1015.4,,4.4,0.5,,,2024-10-27 15:00:00,2024-10-27 19:00:00,2024,10
штиль,0.0,н/о,,н/о,4.4,3.8,96,3.0,3.0,по сезону,1020.5,1015.8,,,,,,2024-10-27 18:00:00,2024-10-27 22:00:00,2024,10
штиль,0.0,н/о,,н/о,3.4,3.1,98,2.0,2.0,по сезону,1020.9,1016.2,,,,,,2024-10-27 21:00:00,2024-10-28 01:00:00,2024,10
штиль,0.0,н/о,,н/о,3.5,3.3,99,2.0,2.0,по сезону,1021.1,1016.3,,,,,,2024-10-28 00:00:00,2024-10-28 04:00:00,2024,10
ЮВ,1.0,н/о,,н/о,3.4,3.1,98,2.0,2.0,по сезону,1021.8,1017.0,3.4,,,,,2024-10-28 03:00:00,2024-10-28 07:00:00,2024,10
штиль,0.0,н/о,,н/о,3.8,3.3,97,3.0,3.0,по сезону,1022.6,1017.9,3.3,,,,,2024-10-28 06:00:00,2024-10-28 10:00:00,2024,10
СВ,1.0,н/о,,н/о,5.4,3.1,85,4.0,4.0,по сезону,1022.3,1017.6,,,,,,2024-10-28 09:00:00,2024-10-28 13:00:00,2024,10
СВ,1.0,н/о,,н/о,5.1,3.1,87,4.0,4.0,по сезону,1022.2,1017.5,,,,,,2024-10-28 12:00:00,2024-10-28 16:00:00,2024,10
Ю,1.0,н/о,,н/о,4.5,3.3,92,3.0,3.0,по сезону,1022.2,1017.5,,5.5,,,,2024-10-28 15:00:00,2024-10-28 19:00:00,2024,10
Ю,1.0,н/о,,н/о,4.0,3.2,95,2.0,2.0,по сезону,1022.2,1017.4,,,,,,2024-10-28 18:00:00,2024-10-28 22:00:00,2024,10
штиль,0.0,н/о,,н/о,4.0,3.3,95,3.0,3.0,тепло,1022.0,1017.3,,,,,,2024-10-28 21:00:00,2024-10-29 01:00:00,2024,10
Ю,1.0,н/о,,н/о,3.5,3.4,99,2.0,2.0,по сезону,1021.3,1016.6,,,,,,2024-10-29 00:00:00,2024-10-29 04:00:00,2024,10
Ю,1.0,н/о,,н/о,3.5,3.0,97,2.0,2.0,по сезону,1021.0,1016.3,3.3,,,,,2024-10-29 03:00:00,2024-10-29 07:00:00,2024,10
Ю,2.0,н/о,,н/о,3.8,3.3,97,1.0,1.0,по сезону,1021.3,1016.6,,,,,,2024-10-29 06:00:00,2024-10-29 10:00:00,2024,10
Ю,1.0,н/о,,н/о,5.8,4.6,92,5.0,5.0,тепло,1020.4,1015.7,,,,,,2024-10-29 09:00:00,2024-10-29 13:00:00,2024,10
Ю,3.0,н/о,,н/о,8.1,3.9,75,6.0,6.0,тепло,1018.9,1014.2,,,,,,2024-10-29 12:00:00,2024-10-29 16:00:00,2024,10
Ю,2.0,н/о,,н/о,6.4,3.4,81,4.0,4.0,тепло,1018.6,1013.9,,8.1,,,,2024-10-29 15:00:00,2024-10-29 19:00:00,2024,10
Ю,2.0,н/о,,н/о,5.2,3.9,91,3.0,3.0,тепло,1017.4,1012.7,,,,,,2024-10-29 18:00:00,2024-10-29 22:00:00,2024,10
Ю,,н/о,,н/о,4.8,4.4,97,-0.0,-0.0,по сезону,1014.8,1010.1,,,,,,2024-10-29 21:00:00,2024-10-30 01:00:00,2024,10
Ю,4.0,н/о,,н/о,4.6,4.3,98,0.0,0.0,по сезону,1012.6,1007.9,,,,,,2024-10-30 00:00:00,2024-10-30 04:00:00,2024,10
Ю,3.0,н/о,,н/о,4.7,4.7,100,1.0,1.0,по сезону,1011.5,1006.9,4.5,,1.0,,,2024-10-30 03:00:00,2024-10-30 07:00:00,2024,10
З,1.0,н/о,,н/о,5.6,5.6,100,4.0,4.0,тепло,1012.2,1007.5,,,,,,2024-10-30 06:00:00,2024-10-30 10:00:00,2024,10
С,3.0,н/о,,н/о,6.2,5.7,97,3.0,3.0,по сезону,1013.3,1008.6,,,,,,2024-10-30 09:00:00,2024-10-30 13:00:00,2024,10
С,1.0,н/о,,н/о,5.8,5.5,98,4.0,4.0,по сезону,1014.3,1009.6,,,,,,2024-10-30 12:00:00,2024-10-30 16:00:00,2024,10
ЮВ,1.0,н/о,,н/о,5.2,5.2,100,4.0,4.0,тепло,1015.3,1010.6,,6.6,1.0,,,2024-10-30 15:00:00,2024-10-30 19:00:00,2024,10
Ю,1.0,н/о,,н/о,4.9,4.9,100,3.0,3.0,тепло,1015.6,1010.9,,,,,,2024-10-30 18:00:00,2024-10-30 22:00:00,2024,10
З,1.0,н/о,,н/о,5.0,5.0,100,3.0,3.0,тепло,1014.8,1010.1,,,,,,2024-10-30 21:00:00,2024-10-31 01:00:00,2024,10
ЮЗ,1.0,н/о,,н/о,3.9,3.2,95,2.0,2.0,тепло,1013.8,1009.1,,,,,,2024-10-31 00:00:00,2024-10-31 04:00:00,2024,10
Ю,3.0,н/о,,н/о,2.6,1.7,94,-2.0,-2.0,по сезону,1011.8,1007.1,2.6,,0.5,,,2024-10-31 03:00:00,2024-10-31 07:00:00,2024,10
Ю,,н/о,,н/о,3.0,1.9,92,-2.0,-2.0,по сезону,1009.2,1004.5,2.2,,,,,2024-10-31 06:00:00,2024-10-31 10:00:00,2024,10
Ю,,н/о,,н/о,5.0,2.7,85,0.0,0.0,по сезону,1005.4,1000.8,,,,,,2024-10-31 09:00:00,2024-10-31 13:00:00,2024,10
Ю,,н/о,,н/о,5.6,5.1,97,1.0,1.0,по сезону,1001.8,997.2,,,,,,2024-10-31 12:00:00,2024-10-31 16:00:00,2024,10
З,,н/о,,н/о,4.7,4.1,96,2.0,2.0,по сезону,1000.7,996.0,,5.9,0.3,,,2024-10-31 15:00:00,2024-10-31 19:00:00,2024,10
З,3.0,н/о,,н/о,3.8,3.1,95,-0.0,-0.0,по сезону,1002.8,998.1,,,,,,2024-10-31 18:00:00,2024-10-31 22:00:00,2024,10
З,3.0,н/о,,н/о,2.9,1.5,90,-1.0,-1.0,по сезону,1004.7,1000.0,,,,,,2024-10-31 21:00:00,2024-11-01 01:00:00,2024,10
З,2.0,н/о,,н/о,2.0,0.9,92,-1.0,-1.0,по сезону,1006.1,1001.4,,,,,,2024-11-01 00:00:00,2024-11-01 04:00:00,2024,11
ЮЗ,4.0,н/о,,н/о,4.8,-1.0,66,1.0,1.0,по сезону,1007.4,1002.7,,,,,,2024-11-01 09:00:00,2024-11-01 13:00:00,2024,11
ЮЗ,3.0,н/о,,н/о,4.1,-0.5,72,1.0,1.0,по сезону,1005.8,1001.1,,,,,,2024-11-01 12:00:00,2024-11-01 16:00:00,2024,11
Ю,,н/о,,н/о,3.9,1.1,82,-1.0,-1.0,по сезону,1001.4,996.8,,5.1,0.3,,,2024-11-01 15:00:00,2024-11-01 19:00:00,2024,11
Ю,,н/о,,н/о,4.1,3.4,95,-1.0,-1.0,по сезону,997.7,993.0,,,,,,2024-11-01 18:00:00,2024-11-01 22:00:00,2024,11
Ю,,н/о,,н/о,4.8,4.5,98,0.0,0.0,по сезону,992.5,987.9,,,,,,2024-11-01 21:00:00,2024-11-02 01:00:00,2024,11
Ю,,н/о,,н/о,6.9,6.7,99,3.0,3.0,тепло,987.3,982.8,,,,,,2024-11-02 00:00:00,2024-11-02 04:00:00,2024,11
ЮЗ,,н/о,,н/о,8.5,7.9,96,5.0,5.0,тепло,984.4,980.0,4.0,,0.3,,,2024-11-02 03:00:00,2024-11-02 07:00:00,2024,11
ЮЗ,,н/о,,н/о,10.1,8.8,92,7.0,7.0,тепло,983.6,979.2,,,,,,2024-11-02 06:00:00,2024-11-02 10:00:00,2024,11
ЮЗ,,н/о,,н/о,11.8,9.0,83,9.0,9.0,тепло,982.3,977.9,,,,,,2024-11-02 09:00:00,2024-11-02 13:00:00,2024,11
ЮЗ,,н/о,,н/о,8.0,5.7,85,5.0,5.0,тепло,983.4,978.9,,,,,,2024-11-02 12:00:00,2024-11-02 16:00:00,2024,11
З,,н/о,,н/о,3.2,0.1,80,-2.0,-2.0,по сезону,989.6,985.0,,11.9,0.5,,,2024-11-02 15:00:00,2024-11-02 19:00:00,2024,11
З,,н/о,,н/о,1.0,-2.2,79,-5.0,-5.0,по сезону,996.5,991.8,,,,,,2024-11-02 18:00:00,2024-11-02 22:00:00,2024,11
З,,н/о,,н/о,0.1,-4.0,74,-5.0,-5.0,по сезону,1000.9,996.2,,,,,,2024-11-02 21:00:00,2024-11-03 01:00:00,2024,11
З,,н/о,,н/о,-0.3,-5.6,67,-5.0,-5.0,по сезону,1003.5,998.8,,,,,,2024-11-03 00:00:00,2024-11-03 04:00:00,2024,11
З,,н/о,,н/о,-1.7,-4.2,83,-7.0,-7.0,прохладно,1004.9,1000.1,-1.7,,,,,2024-11-03 03:00:00,2024-11-03 07:00:00,2024,11
З,3.0,н/о,,н/о,-0.6,-4.0,78,-5.0,-5.0,по сезону,1007.0,1002.2,-1.8,,,,,2024-11-03 06:00:00,2024-11-03 10:00:00,2024,11
З,,н/о,,н/о,0.8,-3.7,72,-3.0,-3.0,по сезону,1008.7,1004.0,,,,,,2024-11-03 09:00:00,2024-11-03 13:00:00,2024,11
З,3.0,н/о,,н/о,0.7,-3.8,72,-4.0,-4.0,прохладно,1009.9,1005.2,,,,,,2024-11-03 12:00:00,2024-11-03 16:00:00,2024,11
З,2.0,н/о,,н/о,0.6,-3.1,76,-3.0,-3.0,по сезону,1010.8,1006.0,,1.2,0.3,,,2024-11-03 15:00:00,2024-11-03 19:00:00,2024,11
З,3.0,н/о,,н/о,0.5,-2.7,79,-4.0,-4.0,по сезону,1011.2,1006.5,,,,,,2024-11-03 18:00:00,2024-11-03 22:00:00,2024,11
З,2.0,н/о,,н/о,0.2,-2.1,85,-3.0,-3.0,по сезону,1011.1,1006.3,,,,,,2024-11-03 21:00:00,2024-11-04 01:00:00,2024,11
ЮЗ,2.0,н/о,,н/о,-0.3,-1.9,89,-4.0,-4.0,по сезону,1010.6,1005.8,,,,,,2024-11-04 00:00:00,2024-11-04 04:00:00,2024,11
ЮЗ,2.0,н/о,,н/о,-0.3,-1.7,90,-4.0,-4.0,по сезону,1010.2,1005.4,-0.6,,,,,2024-11-04 03:00:00,2024-11-04 07:00:00,2024,11
ЮЗ,2.0,н/о,,н/о,0.1,-1.6,88,-4.0,-4.0,по сезону,1010.4,1005.6,,,,,,2024-11-04 06:00:00,2024-11-04 10:00:00,2024,11
ЮЗ,3.0,н/о,,н/о,1.9,-3.0,70,-2.0,-2.0,по сезону,1009.5,1004.8,,,,,,2024-11-04 09:00:00,2024-11-04 13:00:00,2024,11
Ю,3.0,н/о,,н/о,0.0,-2.8,81,-5.0,-5.0,прохладно,1009.2,1004.4,,,,,,2024-11-04 12:00:00,2024-11-04 16:00:00,2024,11
ЮВ,1.0,н/о,,н/о,-1.0,-2.2,92,-3.0,-3.0,по сезону,1008.7,1003.9,,1.9,,,,2024-11-04 15:00:00,2024-11-04 19:00:00,2024,11
В,1.0,н/о,,н/о,-1.5,-1.8,98,-4.0,-4.0,по сезону,1008.0,1003.2,,,,,,2024-11-04 18:00:00,2024-11-04 22:00:00,2024,11
В,2.0,н/о,,н/о,-1.4,-1.4,100,-6.0,-6.0,по сезону,1006.5,1001.8,,,,,,2024-11-04 21:00:00,2024-11-05 01:00:00,2024,11
В,2.0,н/о,,н/о,-1.2,-1.2,100,-5.0,-5.0,по сезону,1005.1,1000.4,,,,,,2024-11-05 00:00:00,2024-11-05 04:00:00,2024,11
В,3.0,н/о,,н/о,-1.2,-1.2,100,-6.0,-6.0,по сезону,1004.4,999.6,-1.6,,,,,2024-11-05 03:00:00,2024-11-05 07:00:00,2024,11
СВ,4.0,н/о,,н/о,-1.0,-1.0,100,-7.0,-7.0,прохладно,1004.5,999.7,,,,,,2024-11-05 06:00:00,2024-11-05 10:00:00,2024,11
СВ,4.0,н/о,,н/о,-0.5,-0.5,100,-6.0,-6.0,прохладно,1004.2,999.5,,,,,,2024-11-05 09:00:00,2024-11-05 13:00:00,2024,11
С,,н/о,,н/о,-0.6,-0.8,99,-8.0,-8.0,холодно,1004.5,999.8,,,,,,2024-11-05 12:00:00,2024-11-05 16:00:00,2024,11
С,,н/о,,н/о,-1.1,-2.0,94,-8.0,-8.0,холодно,1005.9,1001.2,,-0.2,,,,2024-11-05 15:00:00,2024-11-05 19:00:00,2024,11
С,,н/о,,н/о,-1.3,-2.9,89,-8.0,-8.0,прохладно,1006.9,1002.1,,,,,,2024-11-05 18:00:00,2024-11-05 22:00:00,2024,11
С,,н/о,,н/о,-1.9,-3.8,87,-9.0,-9.0,прохладно,1007.3,1002.5,,,,,,2024-11-05 21:00:00,2024-11-06 01:00:00,2024,11
С,,н/о,,н/о,-4.0,-7.4,77,-11.0,-11.0,холодно,1009.1,1004.2,,,,,,2024-11-06 00:00:00,2024-11-06 04:00:00,2024,11
С,5.0,н/о,,н/о,-3.4,-7.1,76,-10.0,-10.0,холодно,1010.4,1005.6,-4.3,,,,,2024-11-06 03:00:00,2024-11-06 07:00:00,2024,11
СЗ,,н/о,,н/о,-2.5,-6.1,76,-9.0,-9.0,холодно,1011.6,1006.8,,,,,,2024-11-06 06:00:00,2024-11-06 10:00:00,2024,11
СЗ,4.0,н/о,,н/о,-1.3,-4.3,80,-7.0,-7.0,прохладно,1012.5,1007.7,,,,,,2024-11-06 09:00:00,2024-11-06 13:00:00,2024,11
СЗ,,н/о,,н/о,-0.4,-3.9,77,-6.0,-6.0,прохладно,1013.6,1008.8,,,,,,2024-11-06 12:00:00,2024-11-06 16:00:00,2024,11
СЗ,3.0,н/о,,н/о,-0.9,-3.9,80,-6.0,-6.0,прохладно,1015.4,1010.6,,-0.4,,,,2024-11-06 15:00:00,2024-11-06 19:00:00,2024,11
СЗ,2.0,н/о,,н/о,-1.2,-3.2,86,-5.0,-5.0,по сезону,1016.5,1011.7,,,,,,2024-11-06 18:00:00,2024-11-06 22:00:00,2024,11
З,2.0,н/о,,н/о,-1.3,-3.7,84,-5.0,-5.0,по сезону,1017.2,1012.4,,,,,,2024-11-06 21:00:00,2024-11-07 01:00:00,2024,11
З,2.0,н/о,,н/о,-1.1,-4.2,79,-5.0,-5.0,по сезону,1017.5,1012.7,,,,,,2024-11-07 00:00:00,2024-11-07 04:00:00,2024,11
ЮЗ,2.0,н/о,,н/о,-2.3,-6.3,74,-6.0,-6.0,по сезону,1017.4,1012.5,-2.3,,,,,2024-11-07 03:00:00,2024-11-07 07:00:00,2024,11
Ю,2.0,н/о,,н/о,-2.3,-5.8,77,-6.0,-6.0,по сезону,1017.1,1012.3,-2.9,,,,,2024-11-07 06:00:00,2024-11-07 10:00:00,2024,11
Ю,2.0,н/о,,н/о,-1.4,-2.0,96,-5.0,-5.0,по сезону,1016.3,1011.5,,,,,,2024-11-07 09:00:00,2024-11-07 13:00:00,2024,11
штиль,0.0,н/о,,н/о,-0.8,-1.6,94,-2.0,-2.0,по сезону,1017.4,1012.6,,,,,,2024-11-07 12:00:00,2024-11-07 16:00:00,2024,11
СЗ,1.0,н/о,,н/о,-2.7,-3.1,97,-5.0,-5.0,по сезону,1019.6,1014.7,,-0.7,,,,2024-11-07 15:00:00,2024-11-07 19:00:00,2024,11
З,1.0,н/о,,н/о,0.2,-1.5,88,-2.0,-2.0,по сезону,1020.9,1016.1,,,,,,2024-11-07 18:00:00,2024-11-07 22:00:00,2024,11
ЮЗ,1.0,н/о,,н/о,0.4,-1.6,86,-2.0,-2.0,по сезону,1022.1,1017.3,,,,,,2024-11-07 21:00:00,2024-11-08 01:00:00,2024,11
ЮЗ,2.0,н/о,,н/о,0.4,-1.8,85,-3.0,-3.0,по сезону,1021.8,1017.0,,,,,,2024-11-08 00:00:00,2024-11-08 04:00:00,2024,11
ЮЗ,2.0,н/о,,н/о,0.7,-1.1,88,-3.0,-3.0,по сезону,1022.0,1017.2,-3.5,,,,,2024-11-08 03:00:00,2024-11-08 07:00:00,2024,11
З,2.0,н/о,,н/о,1.1,0.1,93,-2.0,-2.0,по сезону,1022.8,1018.0,,,,,,2024-11-08 06:00:00,2024-11-08 10:00:00,2024,11
З,2.0,н/о,,н/о,2.8,1.0,88,-0.0,-0.0,по сезону,1023.7,1019.0,,,,,,2024-11-08 09:00:00,2024-11-08 13:00:00,2024,11
СЗ,1.0,н/о,,н/о,2.2,1.1,92,0.0,0.0,по сезону,1025.6,1020.8,,,,,,2024-11-08 12:00:00,2024-11-08 16:00:00,2024,11
штиль,0.0,н/о,,н/о,1.2,0.5,95,-0.0,-0.0,по сезону,1026.6,1021.8,,2.9,2.0,,,2024-11-08 15:00:00,2024-11-08 19:00:00,2024,11
ЮЗ,2.0,н/о,,н/о,2.2,1.4,94,-1.0,-1.0,по сезону,1027.7,1022.9,,,,,,2024-11-08 18:00:00,2024-11-08 22:00:00,2024,11
ЮЗ,2.0,н/о,,н/о,2.1,1.2,94,-1.0,-1.0,по сезону,1027.4,1022.6,,,,,,2024-11-08 21:00:00,2024-11-09 01:00:00,2024,11
ЮЗ,2.0,н/о,,н/о,2.2,1.4,94,-1.0,-1.0,по сезону,1026.2,1021.4,,,,,,2024-11-09 00:00:00,2024-11-09 04:00:00,2024,11
З,3.0,н/о,,н/о,2.3,1.0,91,-2.0,-2.0,по сезону,1024.5,1019.8,1.1,,,,,2024-11-09 03:00:00,2024-11-09 07:00:00,2024,11
З,,н/о,,н/о,2.2,0.9,91,-2.0,-2.0,по сезону,1022.8,1018.0,,,,,,2024-11-09 06:00:00,2024-11-09 10:00:00,2024,11
З,,н/о,,н/о,2.9,1.4,90,-2.0,-2.0,по сезону,1020.3,1015.6,,,,,,2024-11-09 09:00:00,2024-11-09 13:00:00,2024,11
З,,н/о,,н/о,4.5,2.5,87,0.0,0.0,по сезону,1017.8,1013.1,,,,,,2024-11-09 12:00:00,2024-11-09 16:00:00,2024,11
З,3.0,н/о,,н/о,3.6,2.3,91,-0.0,-0.0,по сезону,1016.8,1012.1,,5.1,,,,2024-11-09 15:00:00,2024-11-09 19:00:00,2024,11
З,3.0,н/о,,н/о,4.4,2.8,89,1.0,1.0,по сезону,1016.6,1011.9,,,,,,2024-11-09 18:00:00,2024-11-09 22:00:00,2024,11
З,,н/о,,н/о,5.1,2.4,83,2.0,2.0,тепло,1016.2,1011.5,,,,,,2024-11-09 21:00:00,2024-11-10 01:00:00,2024,11
З,3.0,н/о,,н/о,5.3,3.4,88,2.0,2.0,тепло,1015.9,1011.2,,,,,,2024-11-10 00:00:00,2024-11-10 04:00:00,2024,11
З,3.0,н/о,,н/о,5.2,3.9,91,2.0,2.0,тепло,1016.4,1011.7,3.5,,0.3,,,2024-11-10 03:00:00,2024-11-10 07:00:00,2024,11
СЗ,4.0,н/о,,н/о,5.4,2.9,84,1.0,1.0,тепло,1017.9,1013.2,,,,,,2024-11-10 06:00:00,2024-11-10 10:00:00,2024,11
СЗ,5.0,н/о,,н/о,6.2,1.9,74,2.0,2.0,тепло,1019.0,1014.3,,,,,,2024-11-10 09:00:00,2024-11-10 13:00:00,2024,11
СЗ,,н/о,,н/о,5.4,2.0,79,1.0,1.0,по сезону,1019.9,1015.2,,,,,,2024-11-10 12:00:00,2024-11-10 16:00:00,2024,11
СЗ,4.0,н/о,,н/о,4.5,1.5,81,0.0,0.0,по сезону,1021.8,1017.1,,6.4,,,,2024-11-10 15:00:00,2024-11-10 19:00:00,2024,11
СЗ,3.0,н/о,,н/о,3.8,1.1,83,0.0,0.0,по сезону,1023.4,1018.6,,,,,,2024-11-10 18:00:00,2024-11-10 22:00:00,2024,11
С,2.0,н/о,,н/о,-1.0,-3.9,81,-5.0,-5.0,по сезону,1027.1,1022.3,,,,,,2024-11-11 00:00:00,2024-11-11 04:00:00,2024,11
СЗ,1.0,н/о,,н/о,-4.3,-5.0,95,-7.0,-7.0,по сезону,1028.9,1024.0,-4.8,,,,,2024-11-11 03:00:00,2024-11-11 07:00:00,2024,11
штиль,0.0,н/о,,н/о,0.1,-2.6,82,-1.0,-1.0,по сезону,1030.2,1025.4,-6.0,,,,,2024-11-11 06:00:00,2024-11-11 10:00:00,2024,11
СЗ,1.0,н/о,,н/о,1.7,-4.7,62,0.0,0.0,по сезону,1030.2,1025.4,,,,,,2024-11-11 09:00:00,2024-11-11 13:00:00,2024,11
штиль,0.0,н/о,,н/о,2.2,-3.9,64,2.0,2.0,тепло,1030.2,1025.4,,,,,,2024-11-11 12:00:00,2024-11-11 16:00:00,2024,11
штиль,0.0,н/о,,н/о,-2.9,-4.6,88,-4.0,-4.0,по сезону,1031.1,1026.2,,2.6,,,,2024-11-11 15:00:00,2024-11-11 19:00:00,2024,11
штиль,0.0,н/о,,н/о,-1.9,-3.1,91,-3.0,-3.0,по сезону,1031.5,1026.6,,,,,,2024-11-11 18:00:00,2024-11-11 22:00:00,2024,11
штиль,0.0,н/о,,н/о,-1.4,-2.1,95,-3.0,-3.0,по сезону,1032.0,1027.1,,,,,,2024-11-11 21:00:00,2024-11-12 01:00:00,2024,11
штиль,0.0,н/о,,н/о,-1.4,-2.0,96,-3.0,-3.0,по сезону,1032.1,1027.2,,,,,,2024-11-12 00:00:00,2024-11-12 04:00:00,2024,11
СЗ,2.0,н/о,,н/о,-1.0,-1.7,95,-5.0,-5.0,по сезону,1032.3,1027.5,-3.4,,,,,2024-11-12 03:00:00,2024-11-12 07:00:00,2024,11
СЗ,1.0,н/о,,н/о,-0.1,-0.7,96,-2.0,-2.0,по сезону,1033.5,1028.6,,,,,,2024-11-12 06:00:00,2024-11-12 10:00:00,2024,11
З,1.0,н/о,,н/о,1.1,-1.6,82,-1.0,-1.0,по сезону,1033.6,1028.7,,,,,,2024-11-12 09:00:00,2024-11-12 13:00:00,2024,11
З,2.0,н/о,,н/о,1.5,-3.4,70,-2.0,-2.0,по сезону,1032.5,1027.7,,,,,,2024-11-12 12:00:00,2024-11-12 16:00:00,2024,11
З,3.0,н/о,,н/о,0.8,-3.4,73,-3.0,-3.0,по сезону,1032.4,1027.5,,1.7,,,,2024-11-12 15:00:00,2024-11-12 19:00:00,2024,11
З,2.0,н/о,,н/о,0.5,-3.4,75,-3.0,-3.0,по сезону,1031.5,1026.7,,,,,,2024-11-12 18:00:00,2024-11-12 22:00:00,2024,11
З,2.0,н/о,,н/о,0.5,-3.5,75,-3.0,-3.0,по сезону,1030.6,1025.8,,,,,,2024-11-12 21:00:00,2024-11-13 01:00:00,2024,11
З,2.0,н/о,,н/о,0.4,-3.2,77,-3.0,-3.0,по сезону,1029.8,1025.0,,,,,,2024-11-13 00:00:00,2024-11-13 04:00:00,2024,11
З,2.0,н/о,,н/о,0.6,-2.7,79,-3.0,-3.0,по сезону,1028.6,1023.8,0.3,,,,,2024-11-13 03:00:00,2024-11-13 07:00:00,2024,11
З,2.0,н/о,,н/о,0.8,-1.9,82,-3.0,-3.0,по сезону,1027.9,1023.1,,,,,,2024-11-13 06:00:00,2024-11-13 10:00:00,2024,11
З,2.0,н/о,,н/о,1.0,-2.5,77,-2.0,-2.0,по сезону,1027.2,1022.4,,,,,,2024-11-13 09:00:00,2024-11-13 13:00:00,2024,11
СЗ,2.0,н/о,,н/о,0.4,-2.8,79,-3.0,-3.0,по сезону,1026.1,1021.3,,,,,,2024-11-13 12:00:00,2024-11-13 16:00:00,2024,11
СЗ,2.0,н/о,,н/о,0.2,-2.8,80,-3.0,-3.0,по сезону,1025.9,1021.0,,1.1,,,,2024-11-13 15:00:00,2024-11-13 19:00:00,2024,11
З,1.0,н/о,,н/о,0.4,-2.4,81,-1.0,-1.0,тепло,1024.7,1019.9,,,,,,2024-11-13 18:00:00,2024-11-13 22:00:00,2024,11
ЮЗ,3.0,н/о,,н/о,0.5,-1.8,85,-4.0,-4.0,по сезону,1024.6,1019.8,,,,,,2024-11-13 21:00:00,2024-11-14 01:00:00,2024,11
З,2.0,н/о,,н/о,0.3,-0.3,96,-3.0,-3.0,по сезону,1024.1,1019.3,,,,,,2024-11-14 00:00:00,2024-11-14 04:00:00,2024,11
ЮЗ,2.0,н/о,,н/о,0.6,-0.1,95,-3.0,-3.0,по сезону,1023.7,1018.9,0.1,,,,,2024-11-14 03:00:00,2024-11-14 07:00:00,2024,11
ЮЗ,3.0,н/о,,н/о,0.8,0.1,95,-4.0,-4.0,по сезону,1023.6,1018.8,,,,,,2024-11-14 06:00:00,2024-11-14 10:00:00,2024,11
ЮЗ,2.0,н/о,,н/о,1.7,0.2,90,-2.0,-2.0,по сезону,1023.2,1018.4,,,,,,2024-11-14 09:00:00,2024-11-14 13:00:00,2024,11
ЮЗ,3.0,н/о,,н/о,0.9,-0.8,88,-4.0,-4.0,по сезону,1022.7,1017.9,,,,,,2024-11-14 12:00:00,2024-11-14 16:00:00,2024,11
ЮЗ,3.0,н/о,,н/о,0.6,-0.1,95,-4.0,-4.0,по сезону,1022.1,1017.3,,1.7,,,,2024-11-14 15:00:00,2024-11-14 19:00:00,2024,11
ЮЗ,4.0,н/о,,н/о,0.2,-1.5,88,-5.0,-5.0,по сезону,1021.4,1016.6,,,,,,2024-11-14 18:00:00,2024-11-14 22:00:00,2024,11
ЮЗ,2.0,н/о,,н/о,-0.2,-2.4,85,-4.0,-4.0,по сезону,1020.9,1016.1,,,,,,2024-11-14 21:00:00,2024-11-15 01:00:00,2024,11
Ю,2.0,н/о,,н/о,-0.3,-1.7,90,-4.0,-4.0,по сезону,1018.4,1013.6,-0.3,,,,,2024-11-15 03:00:00,2024-11-15 07:00:00,2024,11
Ю,3.0,н/о,,н/о,-0.2,-0.8,96,-5.0,-5.0,по сезону,1016.4,1011.6,-0.3,,,,,2024-11-15 06:00:00,2024-11-15 10:00:00,2024,11
Ю,4.0,н/о,,н/о,1.4,1.4,100,-4.0,-4.0,по сезону,1013.8,1009.1,,,,,,2024-11-15 09:00:00,2024-11-15 13:00:00,2024,11
ЮЗ,4.0,н/о,,н/о,2.3,2.3,100,-3.0,-3.0,по сезону,1013.0,1008.3,,,,,,2024-11-15 12:00:00,2024-11-15 16:00:00,2024,11
ЮЗ,2.0,н/о,,н/о,1.5,0.2,91,-2.0,-2.0,по сезону,1013.8,1009.0,,2.3,,,,2024-11-15 15:00:00,2024-11-15 19:00:00,2024,11
ЮЗ,2.0,н/о,,н/о,1.4,-0.5,87,-2.0,-2.0,по сезону,1014.5,1009.7,,,,,,2024-11-15 18:00:00,2024-11-15 22:00:00,2024,11
Ю,2.0,н/о,,н/о,1.4,-0.1,90,-2.0,-2.0,по сезону,1013.9,1009.1,,,,,,2024-11-15 21:00:00,2024-11-16 01:00:00,2024,11
Ю,2.0,н/о,,н/о,1.7,1.0,95,-2.0,-2.0,по сезону,1013.4,1008.7,,,,,,2024-11-16 00:00:00,2024-11-16 04:00:00,2024,11
ЮЗ,2.0,н/о,,н/о,1.6,1.0,96,-2.0,-2.0,по сезону,1012.9,1008.2,1.0,,,,,2024-11-16 03:00:00,2024-11-16 07:00:00,2024,11
ЮЗ,3.0,н/о,,н/о,1.6,0.9,95,-3.0,-3.0,по сезону,1013.6,1008.9,,,,,,2024-11-16 06:00:00,2024-11-16 10:00:00,2024,11
З,2.0,н/о,,н/о,2.3,0.8,90,-1.0,-1.0,по сезону,1013.7,1009.0,,,,,,2024-11-16 09:00:00,2024-11-16 13:00:00,2024,11
ЮЗ,2.0,н/о,,н/о,2.0,0.2,88,-1.0,-1.0,по сезону,1013.4,1008.7,,,,,,2024-11-16 12:00:00,2024-11-16 16:00:00,2024,11
ЮЗ,2.0,н/о,,н/о,1.7,0.8,94,-2.0,-2.0,по сезону,1013.5,1008.7,,2.6,,,,2024-11-16 15:00:00,2024-11-16 19:00:00,2024,11
ЮЗ,2.0,н/о,,н/о,1.1,0.5,96,-3.0,-3.0,по сезону,1013.4,1008.6,,,,,,2024-11-16 18:00:00,2024-11-16 22:00:00,2024,11
ЮЗ,2.0,н/о,,н/о,0.8,-0.4,92,-3.0,-3.0,по сезону,1013.7,1008.9,,,,,,2024-11-16 21:00:00,2024-11-17 01:00:00,2024,11
Ю,2.0,н/о,,н/о,-0.9,-2.1,92,-5.0,-5.0,по сезону,1013.3,1008.6,,,,,,2024-11-17 00:00:00,2024-11-17 04:00:00,2024,11
Ю,3.0,н/о,,н/о,-1.3,-2.6,91,-6.0,-6.0,по сезону,1013.4,1008.6,-1.3,,,,,2024-11-17 03:00:00,2024-11-17 07:00:00,2024,11
ЮЗ,2.0,н/о,,н/о,0.9,-1.6,83,-3.0,-3.0,по сезону,1013.6,1008.9,-1.4,,,,,2024-11-17 06:00:00,2024-11-17 10:00:00,2024,11
ЮЗ,,н/о,,н/о,2.3,-0.1,84,-2.0,-2.0,по сезону,1013.4,1008.7,,,,,,2024-11-17 09:00:00,2024-11-17 13:00:00,2024,11
ЮЗ,4.0,н/о,,н/о,1.1,0.1,93,-4.0,-4.0,по сезону,1013.9,1009.2,,,,,,2024-11-17 12:00:00,2024-11-17 16:00:00,2024,11
ЮЗ,4.0,н/о,,н/о,0.9,0.5,97,-5.0,-5.0,по сезону,1013.6,1008.9,,2.7,,,,2024-11-17 15:00:00,2024-11-17 19:00:00,2024,11
ЮЗ,3.0,н/о,,н/о,1.1,1.1,100,-4.0,-4.0,по сезону,1013.5,1008.7,,,,,,2024-11-17 18:00:00,2024-11-17 22:00:00,2024,11
ЮЗ,2.0,н/о,,н/о,1.2,1.2,100,-3.0,-3.0,по сезону,1013.8,1009.1,,,,,,2024-11-17 21:00:00,2024-11-18 01:00:00,2024,11
ЮЗ,3.0,н/о,,н/о,1.1,1.1,100,-4.0,-4.0,по сезону,1013.9,1009.1,,,,,,2024-11-18 00:00:00,2024-11-18 04:00:00,2024,11
ЮЗ,2.0,н/о,,н/о,1.1,1.1,100,-3.0,-3.0,по сезону,1014.1,1009.4,0.9,,,,,2024-11-18 03:00:00,2024-11-18 07:00:00,2024,11
Ю,2.0,н/о,,н/о,1.5,1.4,99,-2.0,-2.0,по сезону,1015.0,1010.2,,,,,,2024-11-18 06:00:00,2024-11-18 10:00:00,2024,11
Ю,2.0,н/о,,н/о,2.5,2.3,99,-1.0,-1.0,по сезону,1014.8,1010.0,,,,,,2024-11-18 09:00:00,2024-11-18 13:00:00,2024,11
ЮЗ,3.0,н/о,,н/о,3.2,2.3,94,-1.0,-1.0,по сезону,1015.1,1010.4,,,,,,2024-11-18 12:00:00,2024-11-18 16:00:00,2024,11
Ю,3.0,н/о,,н/о,2.9,2.7,99,-1.0,-1.0,по сезону,1015.3,1010.6,,3.2,,,,2024-11-18 15:00:00,2024-11-18 19:00:00,2024,11
Ю,,н/о,,н/о,1.8,1.2,96,-3.0,-3.0,по сезону,1015.4,1010.7,,,,,,2024-11-18 18:00:00,2024-11-18 22:00:00,2024,11
Ю,3.0,н/о,,н/о,1.7,0.9,94,-3.0,-3.0,по сезону,1015.9,1011.1,,,,,,2024-11-18 21:00:00,2024-11-19 01:00:00,2024,11
Ю,3.0,н/о,,н/о,1.0,0.6,97,-4.0,-4.0,по сезону,1016.2,1011.4,,,,,,2024-11-19 00:00:00,2024-11-19 04:00:00,2024,11
Ю,3.0,н/о,,н/о,1.1,0.7,97,-4.0,-4.0,по сезону,1016.1,1011.4,0.8,,,,,2024-11-19 03:00:00,2024-11-19 07:00:00,2024,11
Ю,4.0,н/о,,н/о,1.0,0.5,96,-4.0,-4.0,по сезону,1016.6,1011.8,,,,,,2024-11-19 06:00:00,2024-11-19 10:00:00,2024,11
Ю,3.0,н/о,,н/о,1.3,0.7,96,-3.0,-3.0,по сезону,1016.4,1011.6,,,,,,2024-11-19 09:00:00,2024-11-19 13:00:00,2024,11
Ю,2.0,н/о,,н/о,2.7,1.7,93,-1.0,-1.0,по сезону,1015.7,1010.9,,,,,,2024-11-19 12:00:00,2024-11-19 16:00:00,2024,11
Ю,4.0,н/о,,н/о,2.8,1.9,94,-2.0,-2.0,по сезону,1015.1,1010.4,,3.0,,,,2024-11-19 15:00:00,2024-11-19 19:00:00,2024,11
Ю,3.0,н/о,,н/о,2.5,2.5,100,-2.0,-2.0,по сезону,1014.2,1009.5,,,,,,2024-11-19 18:00:00,2024-11-19 22:00:00,2024,11
Ю,2.0,н/о,,н/о,2.8,2.8,100,-1.0,-1.0,по сезону,1014.2,1009.4,,,,,,2024-11-19 21:00:00,2024-11-20 01:00:00,2024,11
З,2.0,н/о,,н/о,2.8,2.5,98,-1.0,-1.0,тепло,1014.7,1010.0,,,,,,2024-11-20 00:00:00,2024-11-20 04:00:00,2024,11
З,2.0,н/о,,н/о,2.4,2.1,98,-1.0,-1.0,тепло,1016.3,1011.6,2.0,,,,,2024-11-20 03:00:00,2024-11-20 07:00:00,2024,11
З,1.0,н/о,,н/о,1.8,1.4,97,-0.0,-0.0,тепло,1018.8,1014.0,1.5,,,,,2024-11-20 06:00:00,2024-11-20 10:00:00,2024,11
З,3.0,н/о,,н/о,2.2,1.0,92,-2.0,-2.0,тепло,1020.5,1015.7,,,,,,2024-11-20 09:00:00,2024-11-20 13:00:00,2024,11
ЮЗ,2.0,н/о,,н/о,3.1,0.8,85,0.0,0.0,тепло,1021.7,1016.9,,,,,,2024-11-20 12:00:00,2024-11-20 16:00:00,2024,11
Ю,1.0,н/о,,н/о,2.6,0.8,88,1.0,1.0,тепло,1022.7,1017.9,,3.2,,,,2024-11-20 15:00:00,2024-11-20 19:00:00,2024,11
Ю,2.0,н/о,,н/о,2.3,0.7,89,-1.0,-1.0,тепло,1023.3,1018.5,,,,,,2024-11-20 18:00:00,2024-11-20 22:00:00,2024,11
Ю,2.0,н/о,,н/о,0.7,0.1,96,-3.0,-3.0,тепло,1024.0,1019.2,,,,,,2024-11-20 21:00:00,2024-11-21 01:00:00,2024,11
ЮЗ,3.0,н/о,,н/о,1.9,0.6,91,-2.0,-2.0,тепло,1024.0,1019.2,,,,,,2024-11-21 00:00:00,2024-11-21 04:00:00,2024,11
Ю,,н/о,,н/о,1.8,1.0,94,-4.0,-4.0,по сезону,1024.1,1019.3,0.7,,,,,2024-11-21 03:00:00,2024-11-21 07:00:00,2024,11
Ю,,н/о,,н/о,2.3,0.9,90,-3.0,-3.0,тепло,1025.1,1020.3,,,,,,2024-11-21 06:00:00,2024-11-21 10:00:00,2024,11
Ю,,н/о,,н/о,2.7,1.2,90,-3.0,-3.0,по сезону,1025.2,1020.4,,,,,,2024-11-21 09:00:00,2024-11-21 13:00:00,2024,11
Ю,,н/о,,н/о,2.7,0.7,87,-2.0,-2.0,по сезону,1024.8,1020.1,,,,,,2024-11-21 12:00:00,2024-11-21 16:00:00,2024,11
Ю,,н/о,,н/о,3.3,1.1,85,-1.0,-1.0,тепло,1024.3,1019.6,,3.3,,,,2024-11-21 15:00:00,2024-11-21 19:00:00,2024,11
Ю,,н/о,,н/о,3.7,1.5,86,-1.0,-1.0,тепло,1023.0,1018.3,,,,,,2024-11-21 18:00:00,2024-11-21 22:00:00,2024,11
Ю,,н/о,,н/о,3.6,1.1,84,-2.0,-2.0,тепло,1022.9,1018.1,,,,,,2024-11-21 21:00:00,2024-11-22 01:00:00,2024,11
ЮВ,,н/о,,н/о,3.0,0.6,84,-2.0,-2.0,тепло,1021.9,1017.2,,,,,,2024-11-22 00:00:00,2024-11-22 04:00:00,2024,11
Ю,,н/о,,н/о,2.1,1.4,95,-4.0,-4.0,по сезону,1020.6,1015.9,2.1,,,,,2024-11-22 03:00:00,2024-11-22 07:00:00,2024,11
ЮВ,,н/о,,н/о,2.4,1.0,90,-4.0,-4.0,по сезону,1019.1,1014.4,2.0,,,,,2024-11-22 06:00:00,2024-11-22 10:00:00,2024,11
Ю,,н/о,,н/о,2.5,1.2,91,-4.0,-4.0,по сезону,1018.8,1014.0,,,,,,2024-11-22 09:00:00,2024-11-22 13:00:00,2024,11
Ю,,н/о,,н/о,1.9,1.7,99,-4.0,-4.0,по сезону,1021.7,1016.9,,,,,,2024-11-22 12:00:00,2024-11-22 16:00:00,2024,11
Ю,,н/о,,н/о,3.2,2.9,98,-0.0,-0.0,тепло,1025.4,1020.6,,3.2,,,,2024-11-22 15:00:00,2024-11-22 19:00:00,2024,11
Ю,3.0,н/о,,н/о,3.5,3.4,99,-1.0,-1.0,тепло,1027.3,1022.5,,,,,,2024-11-22 18:00:00,2024-11-22 22:00:00,2024,11
ЮВ,2.0,н/о,,н/о,3.4,3.3,99,0.0,0.0,тепло,1029.0,1024.2,,,,,,2024-11-22 21:00:00,2024-11-23 01:00:00,2024,11
ЮВ,2.0,н/о,,н/о,3.2,3.2,100,-0.0,-0.0,тепло,1029.4,1024.6,,,,,,2024-11-23 00:00:00,2024-11-23 04:00:00,2024,11
ЮВ,3.0,н/о,,н/о,3.3,3.3,100,-1.0,-1.0,тепло,1029.0,1024.2,3.1,,,,,2024-11-23 03:00:00,2024-11-23 07:00:00,2024,11
Ю,4.0,н/о,,н/о,2.6,2.6,100,-3.0,-3.0,тепло,1028.7,1023.9,2.6,,,,,2024-11-23 06:00:00,2024-11-23 10:00:00,2024,11
ЮВ,,н/о,,н/о,2.8,2.8,100,-2.0,-2.0,тепло,1028.4,1023.6,,,,,,2024-11-23 09:00:00,2024-11-23 13:00:00,2024,11
ЮВ,3.0,н/о,,н/о,3.9,3.0,94,-0.0,-0.0,тепло,1027.0,1022.2,,,,,,2024-11-23 12:00:00,2024-11-23 16:00:00,2024,11
Ю,,н/о,,н/о,4.4,2.1,85,-1.0,-1.0,тепло,1026.5,1021.8,,4.4,,,,2024-11-23 15:00:00,2024-11-23 19:00:00,2024,11
Ю,,н/о,,н/о,3.7,1.6,86,-2.0,-2.0,тепло,1026.0,1021.2,,,,,,2024-11-23 18:00:00,2024-11-23 22:00:00,2024,11
ЮВ,,н/о,,н/о,1.8,-0.7,83,-3.0,-3.0,тепло,1025.6,1020.8,,,,,,2024-11-23 21:00:00,2024-11-24 01:00:00,2024,11
ЮВ,,н/о,,н/о,0.7,-1.5,85,-5.0,-5.0,по сезону,1025.7,1020.9,,,,,,2024-11-24 00:00:00,2024-11-24 04:00:00,2024,11
ЮВ,,н/о,,н/о,-0.5,-1.8,91,-6.0,-6.0,по сезону,1025.5,1020.6,-0.5,,,,,2024-11-24 03:00:00,2024-11-24 07:00:00,2024,11
ЮВ,,н/о,,н/о,-0.3,-1.6,91,-5.0,-5.0,по сезону,1026.1,1021.2,-0.6,,,,,2024-11-24 06:00:00,2024-11-24 10:00:00,2024,11
ЮВ,4.0,н/о,,н/о,2.1,-0.9,81,-3.0,-3.0,тепло,1026.0,1021.3,,,,,,2024-11-24 09:00:00,2024-11-24 13:00:00,2024,11
ЮВ,3.0,н/о,,н/о,3.1,-0.4,78,-1.0,-1.0,тепло,1025.6,1020.8,,,,,,2024-11-24 12:00:00,2024-11-24 16:00:00,2024,11
В,1.0,н/о,,н/о,-0.1,-0.8,95,-2.0,-2.0,тепло,1025.9,1021.1,,3.5,,,,2024-11-24 15:00:00,2024-11-24 19:00:00,2024,11
штиль,0.0,н/о,,н/о,-3.7,-3.7,100,-5.0,-5.0,по сезону,1026.3,1021.4,,,,,,2024-11-24 18:00:00,2024-11-24 22:00:00,2024,11
штиль,0.0,н/о,,н/о,-5.3,-5.4,99,-6.0,-6.0,по сезону,1027.5,1022.5,,,,,,2024-11-24 21:00:00,2024-11-25 01:00:00,2024,11
ЮВ,2.0,н/о,,н/о,-4.4,-4.6,99,-9.0,-9.0,по сезону,1027.1,1022.2,,,,,,2024-11-25 00:00:00,2024-11-25 04:00:00,2024,11
В,1.0,н/о,,н/о,-3.6,-4.9,91,-6.0,-6.0,по сезону,1027.8,1022.9,-5.4,,,,,2024-11-25 03:00:00,2024-11-25 07:00:00,2024,11
ЮВ,1.0,н/о,,н/о,-2.8,-3.3,96,-5.0,-5.0,по сезону,1029.1,1024.3,-6.8,,,,,2024-11-25 06:00:00,2024-11-25 10:00:00,2024,11
В,1.0,н/о,,н/о,-0.1,-3.5,78,-2.0,-2.0,тепло,1028.8,1024.0,,,,,,2024-11-25 09:00:00,2024-11-25 13:00:00,2024,11
СВ,2.0,н/о,,н/о,-0.2,-3.4,79,-4.0,-4.0,по сезону,1029.2,1024.4,,,,,,2024-11-25 12:00:00,2024-11-25 16:00:00,2024,11
штиль,0.0,н/о,,н/о,-4.5,-5.4,93,-6.0,-6.0,по сезону,1029.9,1025.0,,1.0,,,,2024-11-25 15:00:00,2024-11-25 19:00:00,2024,11
штиль,0.0,н/о,,н/о,-6.3,-6.4,99,-7.0,-7.0,по сезону,1030.4,1025.4,,,,,,2024-11-25 18:00:00,2024-11-25 22:00:00,2024,11
В,1.0,н/о,,н/о,-6.6,-6.6,100,-9.0,-9.0,по сезону,1031.2,1026.2,,,,,,2024-11-25 21:00:00,2024-11-26 01:00:00,2024,11
штиль,0.0,н/о,,н/о,-8.2,-8.3,99,-9.0,-9.0,по сезону,1031.6,1026.6,-8.9,,,,,2024-11-26 03:00:00,2024-11-26 07:00:00,2024,11
Ю,1.0,н/о,,н/о,-5.4,-5.4,100,-8.0,-8.0,по сезону,1032.1,1027.2,,,,,,2024-11-26 06:00:00,2024-11-26 10:00:00,2024,11
СВ,1.0,н/о,,н/о,-0.8,-3.5,82,-3.0,-3.0,тепло,1031.7,1026.8,,,,,,2024-11-26 09:00:00,2024-11-26 13:00:00,2024,11
В,1.0,н/о,,н/о,0.2,-3.1,78,-2.0,-2.0,тепло,1030.9,1026.0,,,,,,2024-11-26 12:00:00,2024-11-26 16:00:00,2024,11
штиль,0.0,н/о,,н/о,-5.2,-5.5,98,-6.0,-6.0,по сезону,1030.9,1025.9,,0.6,,,,2024-11-26 15:00:00,2024-11-26 19:00:00,2024,11
штиль,0.0,н/о,,н/о,-6.6,-6.6,100,-8.0,-8.0,по сезону,1030.7,1025.8,,,,,,2024-11-26 18:00:00,2024-11-26 22:00:00,2024,11
СЗ,1.0,н/о,,н/о,-8.0,-8.1,99,-11.0,-11.0,по сезону,1029.9,1024.9,,,,,,2024-11-26 21:00:00,2024-11-27 01:00:00,2024,11
Ю,1.0,н/о,,н/о,-8.0,-8.0,100,-11.0,-11.0,по сезону,1029.1,1024.1,,,,,,2024-11-27 00:00:00,2024-11-27 04:00:00,2024,11
Ю,1.0,н/о,,н/о,-8.1,-8.2,99,-11.0,-11.0,по сезону,1028.6,1023.6,-9.2,,,,,2024-11-27 03:00:00,2024-11-27 07:00:00,2024,11
штиль,0.0,н/о,,н/о,-5.5,-5.5,100,-7.0,-7.0,по сезону,1028.7,1023.8,,,,,,2024-11-27 06:00:00,2024-11-27 10:00:00,2024,11
штиль,0.0,н/о,,н/о,-4.8,-5.1,98,-6.0,-6.0,по сезону,1026.5,1021.6,,0.6,,,,2024-11-27 15:00:00,2024-11-27 19:00:00,2024,11
Ю,1.0,н/о,,н/о,-6.2,-6.2,100,-9.0,-9.0,по сезону,1026.1,1021.2,,,,,,2024-11-27 18:00:00,2024-11-27 22:00:00,2024,11
Ю,1.0,н/о,,н/о,-6.2,-6.2,100,-9.0,-9.0,по сезону,1025.6,1020.7,,,,,,2024-11-27 21:00:00,2024-11-28 01:00:00,2024,11
штиль,0.0,н/о,,н/о,-7.8,-7.8,100,-9.0,-9.0,по сезону,1025.3,1020.3,,,,,,2024-11-28 00:00:00,2024-11-28 04:00:00,2024,11
штиль,0.0,н/о,,н/о,-8.4,-8.5,99,-9.0,-9.0,по сезону,1024.8,1019.8,-8.6,,,,,2024-11-28 03:00:00,2024-11-28 07:00:00,2024,11
Ю,1.0,н/о,,н/о,-5.5,-5.5,100,-8.0,-8.0,по сезону,1024.7,1019.8,-9.1,,,,,2024-11-28 06:00:00,2024-11-28 10:00:00,2024,11
СВ,1.0,н/о,,н/о,-1.0,-3.7,82,-3.0,-3.0,по сезону,1023.7,1018.9,,,,,,2024-11-28 09:00:00,2024-11-28 13:00:00,2024,11
СВ,1.0,н/о,,н/о,0.3,-4.8,69,-1.0,-1.0,тепло,1022.9,1018.1,,,,,,2024-11-28 12:00:00,2024-11-28 16:00:00,2024,11
ЮВ,1.0,н/о,,н/о,-4.1,-5.6,89,-6.0,-6.0,по сезону,1023.0,1018.1,,1.1,,,,2024-11-28 15:00:00,2024-11-28 19:00:00,2024,11
штиль,0.0,н/о,,н/о,-8.1,-8.4,98,-9.0,-9.0,по сезону,1023.2,1018.2,,,,,,2024-11-28 18:00:00,2024-11-28 22:00:00,2024,11
штиль,0.0,н/о,,н/о,-10.0,-10.2,98,-10.0,-10.0,по сезону,1023.3,1018.3,,,,,,2024-11-28 21:00:00,2024-11-29 01:00:00,2024,11
ЮВ,1.0,н/о,,н/о,-10.6,-10.8,98,-13.0,-13.0,прохладно,1022.9,1017.9,,,,,,2024-11-29 00:00:00,2024-11-29 04:00:00,2024,11
штиль,0.0,н/о,,н/о,-10.7,-11.0,98,-11.0,-11.0,прохладно,1023.2,1018.2,-11.4,,,,,2024-11-29 03:00:00,2024-11-29 07:00:00,2024,11
штиль,0.0,н/о,,н/о,-5.2,-5.6,97,-6.0,-6.0,по сезону,1023.9,1019.0,,,,,,2024-11-29 06:00:00,2024-11-29 10:00:00,2024,11
З,2.0,н/о,,н/о,-0.5,-1.5,93,-4.0,-4.0,по сезону,1024.0,1019.2,,,,,,2024-11-29 09:00:00,2024-11-29 13:00:00,2024,11
З,2.0,н/о,,н/о,0.8,-0.7,90,-3.0,-3.0,по сезону,1024.9,1020.0,,,,,,2024-11-29 12:00:00,2024-11-29 16:00:00,2024,11
З,2.0,н/о,,н/о,0.7,-0.5,92,-3.0,-3.0,по сезону,1025.8,1021.0,,0.9,,,,2024-11-29 15:00:00,2024-11-29 19:00:00,2024,11
СЗ,2.0,н/о,,н/о,-0.2,-1.9,88,-4.0,-4.0,по сезону,1026.5,1021.7,,,,,,2024-11-29 18:00:00,2024-11-29 22:00:00,2024,11
СЗ,3.0,н/о,,н/о,-1.0,-2.6,89,-6.0,-6.0,по сезону,1027.6,1022.7,,,,,,2024-11-29 21:00:00,2024-11-30 01:00:00,2024,11
СЗ,2.0,н/о,,н/о,-0.9,-2.3,90,-5.0,-5.0,тепло,1028.2,1023.3,,,,,,2024-11-30 00:00:00,2024-11-30 04:00:00,2024,11
З,2.0,н/о,,н/о,-1.0,-2.3,91,-5.0,-5.0,тепло,1028.2,1023.4,-1.0,,,,,2024-11-30 03:00:00,2024-11-30 07:00:00,2024,11
СЗ,3.0,н/о,,н/о,-0.9,-2.0,92,-6.0,-6.0,тепло,1029.3,1024.4,-1.1,,,,,2024-11-30 06:00:00,2024-11-30 10:00:00,2024,11
З,3.0,н/о,,н/о,0.4,-1.1,90,-4.0,-4.0,тепло,1029.1,1024.3,,,,,,2024-11-30 09:00:00,2024-11-30 13:00:00,2024,11
З,2.0,н/о,,н/о,1.2,-0.5,88,-2.0,-2.0,тепло,1029.3,1024.4,,,,,,2024-11-30 12:00:00,2024-11-30 16:00:00,2024,11
З,2.0,н/о,,н/о,1.2,-0.3,90,-2.0,-2.0,тепло,1029.8,1025.0,,1.3,,,,2024-11-30 15:00:00,2024-11-30 19:00:00,2024,11
СЗ,2.0,н/о,,н/о,1.3,-1.1,84,-2.0,-2.0,тепло,1030.4,1025.6,,,,,,2024-11-30 18:00:00,2024-11-30 22:00:00,2024,11
З,1.0,н/о,,н/о,1.3,-1.1,84,-1.0,-1.0,тепло,1030.6,1025.8,,,,,,2024-11-30 21:00:00,2024-12-01 01:00:00,2024,11
З,1.0,н/о,,н/о,0.7,-0.4,92,-1.0,-1.0,тепло,1031.0,1026.1,,,,,,2024-12-01 00:00:00,2024-12-01 04:00:00,2024,12
З,2.0,н/о,,н/о,1.0,-0.8,88,-3.0,-3.0,тепло,1031.1,1026.3,0.6,,,,,2024-12-01 03:00:00,2024-12-01 07:00:00,2024,12
З,2.0,н/о,,н/о,1.0,-1.0,86,-2.0,-2.0,тепло,1031.4,1026.5,,,,,,2024-12-01 06:00:00,2024-12-01 10:00:00,2024,12
ЮЗ,1.0,н/о,,н/о,0.3,-2.5,81,-2.0,-2.0,тепло,1030.3,1025.5,,1.2,,,,2024-12-01 15:00:00,2024-12-01 19:00:00,2024,12
ЮЗ,2.0,н/о,,н/о,0.1,-1.6,88,-4.0,-4.0,тепло,1029.1,1024.3,,,,,,2024-12-01 18:00:00,2024-12-01 22:00:00,2024,12
ЮЗ,2.0,н/о,,н/о,-0.2,-1.9,88,-4.0,-4.0,тепло,1028.9,1024.0,,,,,,2024-12-01 21:00:00,2024-12-02 01:00:00,2024,12
ЮЗ,2.0,н/о,,н/о,-0.3,-1.8,90,-4.0,-4.0,тепло,1028.3,1023.5,,,,,,2024-12-02 00:00:00,2024-12-02 04:00:00,2024,12
З,2.0,н/о,,н/о,-0.2,-1.4,92,-4.0,-4.0,тепло,1027.5,1022.7,-0.4,,,,,2024-12-02 03:00:00,2024-12-02 07:00:00,2024,12
ЮЗ,2.0,н/о,,н/о,-0.2,-0.8,96,-4.0,-4.0,тепло,1028.2,1023.4,,,,,,2024-12-02 06:00:00,2024-12-02 10:00:00,2024,12
ЮЗ,2.0,н/о,,н/о,0.3,-0.2,96,-3.0,-3.0,тепло,1028.2,1023.4,,,,,,2024-12-02 09:00:00,2024-12-02 13:00:00,2024,12
З,2.0,н/о,,н/о,0.7,-0.3,93,-3.0,-3.0,тепло,1028.4,1023.5,,,,,,2024-12-02 12:00:00,2024-12-02 16:00:00,2024,12
ЮЗ,2.0,н/о,,н/о,0.1,-0.4,96,-4.0,-4.0,тепло,1028.7,1023.9,,0.8,,,,2024-12-02 15:00:00,2024-12-02 19:00:00,2024,12
ЮЗ,2.0,н/о,,н/о,-0.1,-0.7,96,-4.0,-4.0,тепло,1028.6,1023.8,,,,,,2024-12-02 18:00:00,2024-12-02 22:00:00,2024,12
Ю,1.0,н/о,,н/о,-0.4,-1.1,95,-3.0,-3.0,тепло,1028.6,1023.8,,,,,,2024-12-02 21:00:00,2024-12-03 01:00:00,2024,12
Ю,2.0,н/о,,н/о,-0.6,-1.3,95,-5.0,-5.0,тепло,1028.5,1023.6,,,,,,2024-12-03 00:00:00,2024-12-03 04:00:00,2024,12
Ю,2.0,н/о,,н/о,-0.4,-1.0,96,-4.0,-4.0,тепло,1028.2,1023.4,-0.6,,,,,2024-12-03 03:00:00,2024-12-03 07:00:00,2024,12
ЮЗ,2.0,н/о,,н/о,-0.3,-0.8,96,-4.0,-4.0,тепло,1028.8,1023.9,,,,,,2024-12-03 06:00:00,2024-12-03 10:00:00,2024,12
ЮЗ,3.0,н/о,,н/о,-0.3,-0.8,96,-5.0,-5.0,по сезону,1028.9,1024.0,,,,,,2024-12-03 09:00:00,2024-12-03 13:00:00,2024,12
ЮЗ,1.0,н/о,,н/о,-0.1,-0.4,98,-2.0,-2.0,тепло,1029.2,1024.3,,,,,,2024-12-03 12:00:00,2024-12-03 16:00:00,2024,12
ЮЗ,2.0,н/о,,н/о,0.1,0.1,100,-4.0,-4.0,тепло,1029.6,1024.8,,0.1,,,,2024-12-03 15:00:00,2024-12-03 19:00:00,2024,12
ЮЗ,2.0,н/о,,н/о,-0.3,-0.6,98,-4.0,-4.0,тепло,1029.8,1024.9,,,,,,2024-12-03 18:00:00,2024-12-03 22:00:00,2024,12
ЮЗ,3.0,н/о,,н/о,-1.6,-1.8,99,-7.0,-7.0,по сезону,1030.0,1025.1,,,,,,2024-12-03 21:00:00,2024-12-04 01:00:00,2024,12
ЮЗ,3.0,н/о,,н/о,-2.8,-3.1,98,-8.0,-8.0,по сезону,1030.4,1025.5,,,,,,2024-12-04 00:00:00,2024-12-04 04:00:00,2024,12
ЮЗ,2.0,н/о,,н/о,-3.2,-3.4,99,-8.0,-8.0,по сезону,1030.1,1025.2,-3.3,,,,,2024-12-04 03:00:00,2024-12-04 07:00:00,2024,12
ЮЗ,3.0,н/о,,н/о,-3.1,-3.1,100,-9.0,-9.0,по сезону,1030.3,1025.4,-3.4,,,,,2024-12-04 06:00:00,2024-12-04 10:00:00,2024,12
ЮЗ,3.0,н/о,,н/о,-2.6,-3.2,96,-8.0,-8.0,по сезону,1030.0,1025.1,,,,,,2024-12-04 09:00:00,2024-12-04 13:00:00,2024,12
ЮЗ,3.0,н/о,,н/о,-3.3,-3.9,96,-9.0,-9.0,по сезону,1030.2,1025.3,,,,,,2024-12-04 12:00:00,2024-12-04 16:00:00,2024,12
ЮЗ,2.0,н/о,,н/о,-4.0,-4.5,96,-8.0,-8.0,по сезону,1030.2,1025.3,,-2.5,,,,2024-12-04 15:00:00,2024-12-04 19:00:00,2024,12
ЮЗ,2.0,н/о,,н/о,-3.2,-4.1,93,-7.0,-7.0,по сезону,1030.0,1025.1,,,,,,2024-12-04 18:00:00,2024-12-04 22:00:00,2024,12
З,2.0,н/о,,н/о,-3.5,-4.9,90,-8.0,-8.0,по сезону,1030.6,1025.7,,,,,,2024-12-04 21:00:00,2024-12-05 01:00:00,2024,12
ЮЗ,1.0,н/о,,н/о,-2.9,-4.6,88,-5.0,-5.0,тепло,1030.6,1025.7,,,,,,2024-12-05 00:00:00,2024-12-05 04:00:00,2024,12
З,1.0,н/о,,н/о,-2.7,-4.1,90,-5.0,-5.0,тепло,1031.3,1026.4,-4.0,,,,,2024-12-05 03:00:00,2024-12-05 07:00:00,2024,12
СЗ,2.0,н/о,,н/о,-2.4,-2.8,97,-7.0,-7.0,по сезону,1032.1,1027.2,,,,,,2024-12-05 06:00:00,2024-12-05 10:00:00,2024,12
С,6.0,н/о,,н/о,-1.6,-4.9,78,-8.0,-8.0,по сезону,1033.9,1029.0,,,,,,2024-12-05 09:00:00,2024-12-05 13:00:00,2024,12
С,4.0,н/о,,н/о,-2.0,-6.1,73,-8.0,-8.0,по сезону,1035.9,1031.0,,,,,,2024-12-05 12:00:00,2024-12-05 16:00:00,2024,12
С,5.0,н/о,,н/о,-2.7,-6.3,76,-9.0,-9.0,по сезону,1037.7,1032.8,,-1.3,,,,2024-12-05 15:00:00,2024-12-05 19:00:00,2024,12
СВ,3.0,н/о,,н/о,-2.7,-7.0,72,-8.0,-8.0,по сезону,1038.8,1033.9,,,,,,2024-12-05 18:00:00,2024-12-05 22:00:00,2024,12
СВ,3.0,н/о,,н/о,-2.3,-7.0,70,-7.0,-7.0,по сезону,1040.1,1035.2,,,,,,2024-12-05 21:00:00,2024-12-06 01:00:00,2024,12
С,2.0,н/о,,н/о,-2.7,-7.5,70,-6.0,-6.0,по сезону,1041.1,1036.1,,,,,,2024-12-06 00:00:00,2024-12-06 04:00:00,2024,12
СВ,3.0,н/о,,н/о,-3.0,-8.6,65,-8.0,-8.0,по сезону,1042.0,1037.1,-3.0,,,,,2024-12-06 03:00:00,2024-12-06 07:00:00,2024,12
СВ,1.0,н/о,,н/о,-5.3,-8.9,76,-8.0,-8.0,по сезону,1043.0,1038.0,-6.3,,,,,2024-12-06 06:00:00,2024-12-06 10:00:00,2024,12
СВ,3.0,н/о,,н/о,-2.6,-8.4,64,-7.0,-7.0,по сезону,1043.3,1038.4,,,,,,2024-12-06 09:00:00,2024-12-06 13:00:00,2024,12
СВ,1.0,н/о,,н/о,-4.3,-8.6,72,-6.0,-6.0,по сезону,1043.8,1038.8,,,,,,2024-12-06 12:00:00,2024-12-06 16:00:00,2024,12
штиль,0.0,н/о,,н/о,-9.1,-10.1,92,-10.0,-10.0,по сезону,1044.6,1039.5,,-2.3,,,,2024-12-06 15:00:00,2024-12-06 19:00:00,2024,12
Ю,1.0,н/о,,н/о,-10.8,-11.4,95,-13.0,-13.0,по сезону,1045.6,1040.4,,,,,,2024-12-06 18:00:00,2024-12-06 22:00:00,2024,12
Ю,1.0,н/о,,н/о,-11.8,-12.1,98,-14.0,-14.0,по сезону,1046.5,1041.3,,,,,,2024-12-06 21:00:00,2024-12-07 01:00:00,2024,12
ЮВ,1.0,н/о,,н/о,-13.6,-14.3,94,-16.0,-16.0,холодно,1047.2,1042.0,,,,,,2024-12-07 00:00:00,2024-12-07 04:00:00,2024,12
ЮВ,1.0,н/о,,н/о,-12.0,-12.7,95,-14.0,-14.0,прохладно,1046.8,1041.7,-14.4,,,,,2024-12-07 03:00:00,2024-12-07 07:00:00,2024,12
штиль,0.0,н/о,,н/о,-12.9,-13.8,93,-13.0,-13.0,по сезону,1047.6,1042.4,-14.7,,,,,2024-12-07 06:00:00,2024-12-07 10:00:00,2024,12
В,2.0,н/о,,н/о,-6.8,-8.7,86,-11.0,-11.0,по сезону,1047.1,1042.0,,,,,,2024-12-07 09:00:00,2024-12-07 13:00:00,2024,12
Ю,2.0,н/о,,н/о,-6.2,-8.7,82,-11.0,-11.0,по сезону,1046.7,1041.7,,,,,,2024-12-07 12:00:00,2024-12-07 16:00:00,2024,12
ЮВ,2.0,н/о,,н/о,-9.9,-10.6,95,-14.0,-14.0,прохладно,1046.9,1041.8,,-5.6,,,,2024-12-07 15:00:00,2024-12-07 19:00:00,2024,12
ЮВ,2.0,н/о,,н/о,-11.4,-11.9,96,-16.0,-16.0,холодно,1046.6,1041.4,,,,,,2024-12-07 18:00:00,2024-12-07 22:00:00,2024,12
ЮВ,1.0,н/о,,н/о,-14.8,-15.5,94,-17.0,-17.0,холодно,1046.5,1041.3,,,,,,2024-12-07 21:00:00,2024-12-08 01:00:00,2024,12
ЮВ,2.0,н/о,,н/о,-12.1,-12.6,96,-17.0,-17.0,холодно,1046.5,1041.3,,,,,,2024-12-08 00:00:00,2024-12-08 04:00:00,2024,12
Ю,2.0,н/о,,н/о,-11.1,-12.0,93,-16.0,-16.0,холодно,1045.6,1040.5,-14.9,,,,,2024-12-08 03:00:00,2024-12-08 07:00:00,2024,12
ЮВ,1.0,н/о,,н/о,-12.6,-13.6,92,-15.0,-15.0,холодно,1045.9,1040.7,,,,,,2024-12-08 06:00:00,2024-12-08 10:00:00,2024,12
Ю,3.0,н/о,,н/о,-6.5,-8.9,83,-12.0,-12.0,прохладно,1045.1,1040.1,,,,,,2024-12-08 09:00:00,2024-12-08 13:00:00,2024,12
ЮВ,2.0,н/о,,н/о,-6.3,-9.8,76,-11.0,-11.0,прохладно,1044.2,1039.2,,,,,,2024-12-08 12:00:00,2024-12-08 16:00:00,2024,12
ЮВ,2.0,н/о,,н/о,-9.7,-11.2,89,-14.0,-14.0,холодно,1043.3,1038.2,,-5.9,,,,2024-12-08 15:00:00,2024-12-08 19:00:00,2024,12
ЮВ,2.0,н/о,,н/о,-10.7,-11.8,92,-15.0,-15.0,холодно,1042.6,1037.5,,,,,,2024-12-08 18:00:00,2024-12-08 22:00:00,2024,12
Ю,2.0,н/о,,н/о,-10.9,-12.1,91,-15.0,-15.0,холодно,1042.2,1037.1,,,,,,2024-12-08 21:00:00,2024-12-09 01:00:00,2024,12
Ю,3.0,н/о,,н/о,-8.6,-10.3,87,-14.0,-14.0,прохладно,1041.1,1036.0,,,,,,2024-12-09 00:00:00,2024-12-09 04:00:00,2024,12
Ю,3.0,н/о,,н/о,-7.6,-9.4,87,-13.0,-13.0,прохладно,1040.7,1035.7,-11.9,,,,,2024-12-09 03:00:00,2024-12-09 07:00:00,2024,12
Ю,3.0,н/о,,н/о,-8.0,-9.9,86,-14.0,-14.0,холодно,1040.9,1035.9,,,,,,2024-12-09 06:00:00,2024-12-09 10:00:00,2024,12
Ю,3.0,н/о,,н/о,-5.8,-8.1,84,-11.0,-11.0,прохладно,1040.4,1035.4,,,,,,2024-12-09 09:00:00,2024-12-09 13:00:00,2024,12
Ю,2.0,н/о,,н/о,-3.9,-7.0,79,-8.0,-8.0,по сезону,1039.5,1034.5,,,,,,2024-12-09 12:00:00,2024-12-09 16:00:00,2024,12
Ю,2.0,н/о,,н/о,-5.5,-8.2,81,-10.0,-10.0,по сезону,1039.5,1034.5,,-3.8,,,,2024-12-09 15:00:00,2024-12-09 19:00:00,2024,12
Ю,2.0,н/о,,н/о,-5.0,-8.2,78,-9.0,-9.0,по сезону,1038.9,1033.9,,,,,,2024-12-09 18:00:00,2024-12-09 22:00:00,2024,12
Ю,3.0,н/о,,н/о,-3.6,-8.4,69,-9.0,-9.0,по сезону,1037.8,1032.8,,,,,,2024-12-09 21:00:00,2024-12-10 01:00:00,2024,12
ЮЗ,2.0,н/о,,н/о,-5.1,-9.4,72,-9.0,-9.0,по сезону,1036.5,1031.5,,,,,,2024-12-10 00:00:00,2024-12-10 04:00:00,2024,12
Ю,3.0,н/о,,н/о,-6.6,-9.5,80,-12.0,-12.0,по сезону,1034.8,1029.8,-6.6,,,,,2024-12-10 03:00:00,2024-12-10 07:00:00,2024,12
ЮЗ,2.0,н/о,,н/о,-7.0,-9.1,85,-11.0,-11.0,по сезону,1034.0,1029.0,-7.0,,,,,2024-12-10 06:00:00,2024-12-10 10:00:00,2024,12
ЮЗ,2.0,н/о,,н/о,-4.9,-7.7,81,-9.0,-9.0,по сезону,1032.7,1027.8,,,,,,2024-12-10 09:00:00,2024-12-10 13:00:00,2024,12
ЮЗ,2.0,н/о,,н/о,-5.1,-7.2,85,-9.0,-9.0,по сезону,1031.6,1026.6,,,,,,2024-12-10 12:00:00,2024-12-10 16:00:00,2024,12
Ю,2.0,н/о,,н/о,-4.6,-6.2,89,-9.0,-9.0,по сезону,1030.4,1025.5,,-4.6,,,,2024-12-10 15:00:00,2024-12-10 19:00:00,2024,12
Ю,2.0,н/о,,н/о,-5.2,-6.1,93,-10.0,-10.0,по сезону,1029.3,1024.3,,,,,,2024-12-10 18:00:00,2024-12-10 22:00:00,2024,12
ЮЗ,2.0,н/о,,н/о,-4.4,-5.4,93,-9.0,-9.0,по сезону,1027.4,1022.4,,,,,,2024-12-10 21:00:00,2024-12-11 01:00:00,2024,12
ЮЗ,3.0,н/о,,н/о,-4.1,-4.9,94,-10.0,-10.0,по сезону,1025.6,1020.7,,,,,,2024-12-11 00:00:00,2024-12-11 04:00:00,2024,12
ЮЗ,2.0,н/о,,н/о,-3.8,-4.3,96,-8.0,-8.0,по сезону,1023.8,1018.9,-5.2,,,,,2024-12-11 03:00:00,2024-12-11 07:00:00,2024,12
ЮЗ,3.0,н/о,,н/о,-2.9,-3.9,93,-8.0,-8.0,по сезону,1021.5,1016.7,,,,,,2024-12-11 06:00:00,2024-12-11 10:00:00,2024,12
ЮЗ,3.0,н/о,,н/о,-1.4,-2.7,91,-6.0,-6.0,тепло,1019.6,1014.8,,,,,,2024-12-11 09:00:00,2024-12-11 13:00:00,2024,12
ЮЗ,,н/о,,н/о,-1.3,-3.0,88,-6.0,-6.0,по сезону,1016.9,1012.1,,,,,,2024-12-11 12:00:00,2024-12-11 16:00:00,2024,12
ЮЗ,4.0,н/о,,н/о,-0.4,-2.1,88,-6.0,-6.0,тепло,1014.5,1009.7,,-0.4,,,,2024-12-11 15:00:00,2024-12-11 19:00:00,2024,12
ЮЗ,,н/о,,н/о,0.2,-1.4,89,-5.0,-5.0,тепло,1011.9,1007.1,,,,,,2024-12-11 18:00:00,2024-12-11 22:00:00,2024,12
ЮЗ,,н/о,,н/о,-0.1,-1.1,93,-6.0,-6.0,тепло,1010.1,1005.4,,,,,,2024-12-11 21:00:00,2024-12-12 01:00:00,2024,12
ЮЗ,3.0,н/о,,н/о,-0.1,-0.8,95,-5.0,-5.0,тепло,1008.5,1003.8,,,,,,2024-12-12 00:00:00,2024-12-12 04:00:00,2024,12
ЮЗ,3.0,н/о,,н/о,-0.4,-0.5,99,-5.0,-5.0,тепло,1006.5,1001.7,-0.4,,,,,2024-12-12 03:00:00,2024-12-12 07:00:00,2024,12
Ю,2.0,н/о,,н/о,-0.6,-0.6,100,-5.0,-5.0,тепло,1004.5,999.8,-0.7,,,,,2024-12-12 06:00:00,2024-12-12 10:00:00,2024,12
Ю,3.0,н/о,,н/о,-0.4,-0.4,100,-5.0,-5.0,тепло,1001.4,996.7,,,,,,2024-12-12 09:00:00,2024-12-12 13:00:00,2024,12
Ю,2.0,н/о,,н/о,-1.2,-1.2,100,-5.0,-5.0,тепло,997.4,992.7,,,,,,2024-12-12 12:00:00,2024-12-12 16:00:00,2024,12
В,1.0,н/о,,н/о,-1.5,-1.5,100,-4.0,-4.0,тепло,992.9,988.2,,-0.4,,,,2024-12-12 15:00:00,2024-12-12 19:00:00,2024,12
СЗ,1.0,н/о,,н/о,-1.7,-1.7,100,-4.0,-4.0,тепло,991.2,986.5,,,,,,2024-12-12 18:00:00,2024-12-12 22:00:00,2024,12
СЗ,3.0,н/о,,н/о,-2.7,-2.7,100,-8.0,-8.0,по сезону,992.4,987.7,,,,,,2024-12-12 21:00:00,2024-12-13 01:00:00,2024,12
З,3.0,н/о,,н/о,-2.5,-3.0,96,-8.0,-8.0,по сезону,993.1,988.4,,,,,,2024-12-13 00:00:00,2024-12-13 04:00:00,2024,12
З,3.0,н/о,,н/о,-2.9,-3.2,98,-8.0,-8.0,по сезону,993.8,989.1,-3.0,,,,,2024-12-13 03:00:00,2024-12-13 07:00:00,2024,12
З,,н/о,,н/о,-4.4,-6.2,87,-11.0,-11.0,по сезону,996.0,991.2,-4.4,,,,,2024-12-13 06:00:00,2024-12-13 10:00:00,2024,12
З,3.0,н/о,,н/о,-4.2,-6.1,87,-10.0,-10.0,по сезону,997.4,992.6,,,,,,2024-12-13 09:00:00,2024-12-13 13:00:00,2024,12
З,3.0,н/о,,н/о,-5.4,-7.5,85,-11.0,-11.0,по сезону,998.2,993.5,,,,,,2024-12-13 12:00:00,2024-12-13 16:00:00,2024,12
ЮЗ,4.0,н/о,,н/о,-7.5,-8.7,91,-14.0,-14.0,по сезону,999.6,994.7,,-2.6,,,,2024-12-13 15:00:00,2024-12-13 19:00:00,2024,12
ЮЗ,4.0,н/о,,н/о,-7.5,-8.6,92,-14.0,-14.0,по сезону,1000.0,995.2,,,,,,2024-12-13 18:00:00,2024-12-13 22:00:00,2024,12
З,3.0,н/о,,н/о,-8.0,-8.8,94,-14.0,-14.0,по сезону,1001.0,996.1,,,,,,2024-12-13 21:00:00,2024-12-14 01:00:00,2024,12
ЮЗ,2.0,н/о,,н/о,-6.7,-7.3,95,-11.0,-11.0,по сезону,1002.5,997.7,,,,,,2024-12-14 00:00:00,2024-12-14 04:00:00,2024,12
СЗ,4.0,н/о,,н/о,-6.4,-9.5,79,-13.0,-13.0,по сезону,1003.8,999.0,-8.1,,,,,2024-12-14 03:00:00,2024-12-14 07:00:00,2024,12
З,3.0,н/о,,н/о,-8.0,-10.8,80,-14.0,-14.0,по сезону,1006.3,1001.5,-8.2,,,,,2024-12-14 06:00:00,2024-12-14 10:00:00,2024,12
СЗ,4.0,н/о,,н/о,-7.9,-10.5,82,-15.0,-15.0,по сезону,1008.1,1003.2,,,,,,2024-12-14 09:00:00,2024-12-14 13:00:00,2024,12
З,3.0,н/о,,н/о,-7.2,-10.9,75,-13.0,-13.0,по сезону,1008.9,1004.0,,,,,,2024-12-14 12:00:00,2024-12-14 16:00:00,2024,12
З,3.0,н/о,,н/о,-8.7,-12.0,77,-14.0,-14.0,по сезону,1010.6,1005.6,,-6.5,,,,2024-12-14 15:00:00,2024-12-14 19:00:00,2024,12
З,,н/о,,н/о,-10.5,-12.5,85,-16.0,-16.0,по сезону,1012.0,1007.1,,,,,,2024-12-14 18:00:00,2024-12-14 22:00:00,2024,12
З,2.0,н/о,,н/о,-12.2,-14.0,86,-17.0,-17.0,прохладно,1013.9,1008.9,,,,,,2024-12-14 21:00:00,2024-12-15 01:00:00,2024,12
ЮЗ,1.0,н/о,,н/о,-14.1,-15.1,92,-17.0,-17.0,прохладно,1015.6,1010.5,,,,,,2024-12-15 00:00:00,2024-12-15 04:00:00,2024,12
Ю,2.0,н/о,,н/о,-17.4,-18.4,92,-23.0,-23.0,очень  холодно,1016.5,1011.4,-17.5,,,,,2024-12-15 03:00:00,2024-12-15 07:00:00,2024,12
ЮВ,2.0,н/о,,н/о,-17.9,-19.0,91,-23.0,-23.0,очень  холодно,1017.9,1012.7,-19.8,,,,,2024-12-15 06:00:00,2024-12-15 10:00:00,2024,12
ЮВ,2.0,н/о,,н/о,-14.6,-16.2,88,-20.0,-20.0,холодно,1016.8,1011.7,,,,,,2024-12-15 09:00:00,2024-12-15 13:00:00,2024,12
Ю,4.0,н/о,,н/о,-10.7,-11.6,93,-18.0,-18.0,холодно,1014.3,1009.3,,,,,,2024-12-15 12:00:00,2024-12-15 16:00:00,2024,12
Ю,,н/о,,н/о,-5.3,-5.7,97,-13.0,-13.0,по сезону,1011.7,1006.8,,-5.3,,,,2024-12-15 15:00:00,2024-12-15 19:00:00,2024,12
Ю,,н/о,,н/о,-4.8,-5.1,98,-11.0,-11.0,по сезону,1009.9,1005.0,,,,,,2024-12-15 18:00:00,2024-12-15 22:00:00,2024,12
Ю,,н/о,,н/о,-3.1,-3.3,99,-10.0,-10.0,по сезону,1008.3,1003.5,,,,,,2024-12-15 21:00:00,2024-12-16 01:00:00,2024,12
Ю,,н/о,,н/о,-2.3,-2.5,99,-9.0,-9.0,по сезону,1007.3,1002.5,,,,,,2024-12-16 00:00:00,2024-12-16 04:00:00,2024,12
ЮЗ,2.0,н/о,,н/о,-0.6,-0.6,100,-5.0,-5.0,тепло,999.0,994.3,,,,,,2024-12-16 12:00:00,2024-12-16 16:00:00,2024,12
ЮЗ,,н/о,,н/о,-1.3,-1.3,100,-7.0,-7.0,по сезону,999.9,995.2,,-0.5,,,,2024-12-16 15:00:00,2024-12-16 19:00:00,2024,12
ЮЗ,4.0,н/о,,н/о,-2.3,-2.6,98,-8.0,-8.0,по сезону,1000.1,995.3,,,,,,2024-12-16 18:00:00,2024-12-16 22:00:00,2024,12
Ю,,н/о,,н/о,-1.2,-2.0,94,-7.0,-7.0,по сезону,998.1,993.4,,,,,,2024-12-16 21:00:00,2024-12-17 01:00:00,2024,12
Ю,3.0,н/о,,н/о,-1.3,-1.9,96,-6.0,-6.0,по сезону,995.7,991.0,,,,,,2024-12-17 00:00:00,2024-12-17 04:00:00,2024,12
Ю,,н/о,,н/о,-0.9,-0.9,100,-8.0,-8.0,по сезону,992.0,987.3,-3.0,,,,,2024-12-17 03:00:00,2024-12-17 07:00:00,2024,12
Ю,,н/о,,н/о,-0.7,-0.7,100,-8.0,-8.0,по сезону,988.5,983.8,,,,,,2024-12-17 06:00:00,2024-12-17 10:00:00,2024,12
ЮЗ,,н/о,,н/о,1.0,1.0,100,-5.0,-5.0,тепло,985.9,981.3,,,,,,2024-12-17 09:00:00,2024-12-17 13:00:00,2024,12
ЮЗ,,н/о,,н/о,0.3,-2.6,81,-5.0,-5.0,по сезону,986.8,982.2,,,,,,2024-12-17 12:00:00,2024-12-17 16:00:00,2024,12
З,,н/о,,н/о,-1.0,-1.1,99,-7.0,-7.0,по сезону,988.2,983.6,,1.5,,,,2024-12-17 15:00:00,2024-12-17 19:00:00,2024,12
ЮЗ,,н/о,,н/о,-0.8,-0.9,99,-7.0,-7.0,по сезону,989.6,984.9,,,,,,2024-12-17 18:00:00,2024-12-17 22:00:00,2024,12
ЮЗ,,н/о,,н/о,-0.4,-2.1,88,-6.0,-6.0,по сезону,990.3,985.6,,,,,,2024-12-17 21:00:00,2024-12-18 01:00:00,2024,12
ЮЗ,3.0,н/о,,н/о,-0.7,-2.3,89,-6.0,-6.0,по сезону,990.8,986.1,,,,,,2024-12-18 00:00:00,2024-12-18 04:00:00,2024,12
ЮЗ,3.0,н/о,,н/о,-1.2,-2.4,92,-6.0,-6.0,по сезону,990.6,985.9,-1.2,,,,,2024-12-18 03:00:00,2024-12-18 07:00:00,2024,12
Ю,2.0,н/о,,н/о,-1.9,-2.5,96,-6.0,-6.0,по сезону,990.8,986.1,-1.9,,,,,2024-12-18 06:00:00,2024-12-18 10:00:00,2024,12
Ю,2.0,н/о,,н/о,-1.6,-2.5,94,-6.0,-6.0,по сезону,990.8,986.1,,,,,,2024-12-18 09:00:00,2024-12-18 13:00:00,2024,12
Ю,1.0,н/о,,н/о,-1.6,-2.5,94,-4.0,-4.0,по сезону,991.1,986.4,,,,,,2024-12-18 12:00:00,2024-12-18 16:00:00,2024,12
СЗ,2.0,н/о,,н/о,-2.4,-2.9,96,-7.0,-7.0,по сезону,991.9,987.2,,-1.1,,,,2024-12-18 15:00:00,2024-12-18 19:00:00,2024,12
СЗ,4.0,н/о,,н/о,-3.8,-4.3,96,-10.0,-10.0,по сезону,993.2,988.5,,,,,,2024-12-18 18:00:00,2024-12-18 22:00:00,2024,12
С,5.0,н/о,,н/о,-4.8,-5.9,92,-12.0,-12.0,по сезону,995.4,990.6,,,,,,2024-12-18 21:00:00,2024-12-19 01:00:00,2024,12
СЗ,5.0,н/о,,н/о,-5.5,-6.7,91,-13.0,-13.0,прохладно,998.3,993.5,,,,,,2024-12-19 00:00:00,2024-12-19 04:00:00,2024,12
СЗ,4.0,н/о,,н/о,-6.5,-7.5,93,-13.0,-13.0,прохладно,1002.0,997.2,-6.5,,,,,2024-12-19 03:00:00,2024-12-19 07:00:00,2024,12
СЗ,3.0,н/о,,н/о,-7.6,-8.8,91,-13.0,-13.0,прохладно,1005.6,1000.7,-7.7,,,,,2024-12-19 06:00:00,2024-12-19 10:00:00,2024,12
СЗ,5.0,н/о,,н/о,-5.0,-6.0,93,-12.0,-12.0,прохладно,1007.7,1002.9,,,,,,2024-12-19 09:00:00,2024-12-19 13:00:00,2024,12
СЗ,4.0,н/о,,н/о,-4.4,-5.9,89,-11.0,-11.0,по сезону,1010.1,1005.3,,,,,,2024-12-19 12:00:00,2024-12-19 16:00:00,2024,12
СЗ,1.0,н/о,,н/о,-5.8,-7.0,91,-8.0,-8.0,по сезону,1012.3,1007.4,,-4.1,,,,2024-12-19 15:00:00,2024-12-19 19:00:00,2024,12
З,2.0,н/о,,н/о,-6.3,-7.8,89,-11.0,-11.0,по сезону,1014.1,1009.2,,,,,,2024-12-19 18:00:00,2024-12-19 22:00:00,2024,12
З,1.0,н/о,,н/о,-8.6,-9.9,90,-11.0,-11.0,по сезону,1015.4,1010.5,,,,,,2024-12-19 21:00:00,2024-12-20 01:00:00,2024,12
штиль,0.0,н/о,,н/о,-13.4,-13.9,96,-13.0,-13.0,по сезону,1017.1,1012.1,,,,,,2024-12-20 00:00:00,2024-12-20 04:00:00,2024,12
ЮЗ,1.0,н/о,,н/о,-12.3,-12.8,96,-15.0,-15.0,по сезону,1018.2,1013.1,-16.3,,,,,2024-12-20 03:00:00,2024-12-20 07:00:00,2024,12
ЮВ,1.0,н/о,,н/о,-10.5,-11.3,94,-13.0,-13.0,по сезону,1019.3,1014.3,,,,,,2024-12-20 06:00:00,2024-12-20 10:00:00,2024,12
Ю,2.0,н/о,,н/о,-9.7,-11.1,89,-14.0,-14.0,по сезону,1019.5,1014.5,,,,,,2024-12-20 09:00:00,2024-12-20 13:00:00,2024,12
Ю,3.0,н/о,,н/о,-9.4,-10.7,90,-15.0,-15.0,по сезону,1019.4,1014.4,,,,,,2024-12-20 12:00:00,2024-12-20 16:00:00,2024,12
Ю,3.0,н/о,,н/о,-8.2,-9.4,91,-14.0,-14.0,по сезону,1019.6,1014.7,,-8.2,,,,2024-12-20 15:00:00,2024-12-20 19:00:00,2024,12
Ю,3.0,н/о,,н/о,-8.5,-9.0,96,-14.0,-14.0,по сезону,1019.7,1014.7,,,,,,2024-12-20 18:00:00,2024-12-20 22:00:00,2024,12
Ю,3.0,н/о,,н/о,-7.2,-7.4,98,-13.0,-13.0,по сезону,1019.4,1014.5,,,,,,2024-12-20 21:00:00,2024-12-21 01:00:00,2024,12
Ю,3.0,н/о,,н/о,-5.0,-5.5,96,-11.0,-11.0,по сезону,1018.6,1013.7,,,,,,2024-12-21 00:00:00,2024-12-21 04:00:00,2024,12
Ю,3.0,н/о,,н/о,-2.7,-2.8,99,-8.0,-8.0,тепло,1018.3,1013.5,-8.5,,,,,2024-12-21 03:00:00,2024-12-21 07:00:00,2024,12
Ю,3.0,н/о,,н/о,1.1,0.8,98,-4.0,-4.0,тепло,1018.8,1014.0,,,,,,2024-12-21 06:00:00,2024-12-21 10:00:00,2024,12
Ю,4.0,н/о,,н/о,1.8,-1.6,78,-3.0,-3.0,тепло,1018.8,1014.0,,,,,,2024-12-21 09:00:00,2024-12-21 13:00:00,2024,12
Ю,,н/о,,н/о,-0.8,-3.0,85,-5.0,-5.0,тепло,1020.1,1015.2,,,,,,2024-12-21 12:00:00,2024-12-21 16:00:00,2024,12
Ю,,н/о,,н/о,-0.2,-0.7,96,-5.0,-5.0,тепло,1020.8,1016.0,,2.9,,,,2024-12-21 15:00:00,2024-12-21 19:00:00,2024,12
Ю,3.0,н/о,,н/о,-0.9,-2.1,92,-6.0,-6.0,тепло,1021.8,1017.0,,,,,,2024-12-21 18:00:00,2024-12-21 22:00:00,2024,12
Ю,2.0,н/о,,н/о,-1.1,-2.1,93,-5.0,-5.0,тепло,1021.8,1017.0,,,,,,2024-12-21 21:00:00,2024-12-22 01:00:00,2024,12
Ю,3.0,н/о,,н/о,-0.9,-1.4,96,-6.0,-6.0,тепло,1021.7,1016.9,,,,,,2024-12-22 00:00:00,2024-12-22 04:00:00,2024,12
Ю,3.0,н/о,,н/о,-0.7,-0.7,100,-6.0,-6.0,тепло,1021.3,1016.5,-1.3,,,,,2024-12-22 03:00:00,2024-12-22 07:00:00,2024,12
Ю,3.0,н/о,,н/о,0.5,0.5,100,-4.0,-4.0,тепло,1021.5,1016.7,,,,,,2024-12-22 06:00:00,2024-12-22 10:00:00,2024,12
Ю,3.0,н/о,,н/о,1.5,1.4,99,-3.0,-3.0,тепло,1021.5,1016.7,,,,,,2024-12-22 09:00:00,2024-12-22 13:00:00,2024,12
Ю,4.0,н/о,,н/о,-1.2,-1.2,100,-7.0,-7.0,по сезону,1022.1,1017.3,,,,,,2024-12-22 12:00:00,2024-12-22 16:00:00,2024,12
Ю,4.0,н/о,,н/о,-6.2,-7.0,94,-13.0,-13.0,по сезону,1024.7,1019.8,,,,,,2024-12-22 21:00:00,2024-12-23 01:00:00,2024,12
Ю,4.0,н/о,,н/о,-6.6,-7.0,97,-13.0,-13.0,по сезону,1025.1,1020.2,,,,,,2024-12-23 00:00:00,2024-12-23 04:00:00,2024,12
ЮВ,3.0,н/о,,н/о,-6.3,-6.7,97,-12.0,-12.0,по сезону,1025.4,1020.4,-6.6,,,,,2024-12-23 03:00:00,2024-12-23 07:00:00,2024,12
ЮВ,3.0,н/о,,н/о,-7.0,-7.9,93,-13.0,-13.0,по сезону,1026.6,1021.6,-7.0,,,,,2024-12-23 06:00:00,2024-12-23 10:00:00,2024,12
ЮВ,1.0,н/о,,н/о,-10.4,-11.6,91,-13.0,-13.0,по сезону,1026.8,1021.8,,,,,,2024-12-23 18:00:00,2024-12-23 22:00:00,2024,12
ЮВ,1.0,н/о,,н/о,-12.6,-13.4,94,-15.0,-15.0,по сезону,1027.0,1021.9,,,,,,2024-12-23 21:00:00,2024-12-24 01:00:00,2024,12
Ю,1.0,н/о,,н/о,-13.6,-14.3,94,-16.0,-16.0,по сезону,1027.0,1021.9,,,,,,2024-12-24 00:00:00,2024-12-24 04:00:00,2024,12
штиль,0.0,н/о,,н/о,-16.8,-17.6,93,-17.0,-17.0,по сезону,1026.6,1021.4,-16.8,,,,,2024-12-24 03:00:00,2024-12-24 07:00:00,2024,12
ЮВ,1.0,н/о,,н/о,-14.3,-14.9,95,-17.0,-17.0,по сезону,1026.7,1021.6,-17.0,,,,,2024-12-24 06:00:00,2024-12-24 10:00:00,2024,12
В,1.0,н/о,,н/о,-9.6,-12.5,79,-12.0,-12.0,по сезону,1026.9,1021.9,,,,,,2024-12-24 09:00:00,2024-12-24 13:00:00,2024,12
В,2.0,н/о,,н/о,-10.2,-12.8,81,-15.0,-15.0,по сезону,1027.0,1022.0,,,,,,2024-12-24 12:00:00,2024-12-24 16:00:00,2024,12
Ю,1.0,н/о,,н/о,-13.6,-14.7,91,-16.0,-16.0,по сезону,1028.0,1022.9,,-8.8,,,,2024-12-24 15:00:00,2024-12-24 19:00:00,2024,12
ЮВ,1.0,н/о,,н/о,-14.1,-14.8,94,-17.0,-17.0,по сезону,1028.8,1023.6,,,,,,2024-12-24 18:00:00,2024-12-24 22:00:00,2024,12
ЮВ,1.0,н/о,,н/о,-14.2,-15.0,94,-17.0,-17.0,по сезону,1029.1,1024.0,,,,,,2024-12-24 21:00:00,2024-12-25 01:00:00,2024,12
ЮВ,1.0,н/о,,н/о,-13.8,-14.6,94,-16.0,-16.0,по сезону,1029.5,1024.4,,,,,,2024-12-25 00:00:00,2024-12-25 04:00:00,2024,12
штиль,0.0,н/о,,н/о,-11.1,-11.9,94,-11.0,-11.0,по сезону,1029.4,1024.3,-15.4,,,,,2024-12-25 03:00:00,2024-12-25 07:00:00,2024,12
В,1.0,н/о,,н/о,-9.9,-10.6,95,-12.0,-12.0,по сезону,1029.6,1024.6,,,,,,2024-12-25 06:00:00,2024-12-25 10:00:00,2024,12
штиль,0.0,н/о,,н/о,-8.0,-9.1,92,-9.0,-9.0,по сезону,1029.8,1024.8,,,,,,2024-12-25 09:00:00,2024-12-25 13:00:00,2024,12
В,1.0,н/о,,н/о,-6.5,-7.7,91,-9.0,-9.0,по сезону,1029.7,1024.7,,,,,,2024-12-25 12:00:00,2024-12-25 16:00:00,2024,12
В,1.0,н/о,,н/о,-6.4,-7.1,95,-9.0,-9.0,по сезону,1029.8,1024.8,,-6.4,,,,2024-12-25 15:00:00,2024-12-25 19:00:00,2024,12
штиль,0.0,н/о,,н/о,-6.4,-6.7,98,-7.0,-7.0,тепло,1030.1,1025.1,,,,,,2024-12-25 18:00:00,2024-12-25 22:00:00,2024,12
С,1.0,н/о,,н/о,-5.9,-6.1,98,-8.0,-8.0,тепло,1030.8,1025.8,,,,,,2024-12-26 00:00:00,2024-12-26 04:00:00,2024,12
СЗ,1.0,н/о,,н/о,-5.4,-5.7,98,-8.0,-8.0,тепло,1031.4,1026.4,-6.4,,,,,2024-12-26 03:00:00,2024-12-26 07:00:00,2024,12
СЗ,1.0,н/о,,н/о,-5.4,-5.7,98,-8.0,-8.0,тепло,1032.6,1027.6,,,,,,2024-12-26 06:00:00,2024-12-26 10:00:00,2024,12
СЗ,1.0,н/о,,н/о,-4.2,-5.2,93,-7.0,-7.0,тепло,1033.4,1028.4,,,,,,2024-12-26 09:00:00,2024-12-26 13:00:00,2024,12
СЗ,2.0,н/о,,н/о,-4.5,-5.1,96,-9.0,-9.0,по сезону,1033.7,1028.8,,,,,,2024-12-26 12:00:00,2024-12-26 16:00:00,2024,12
СЗ,2.0,н/о,,н/о,-4.8,-5.1,98,-9.0,-9.0,по сезону,1034.2,1029.2,,-4.2,,,,2024-12-26 15:00:00,2024-12-26 19:00:00,2024,12
З,2.0,н/о,,н/о,-4.7,-4.9,98,-9.0,-9.0,по сезону,1033.6,1028.6,,,,,,2024-12-26 18:00:00,2024-12-26 22:00:00,2024,12
ЮЗ,1.0,н/о,,н/о,-4.2,-4.2,100,-7.0,-7.0,тепло,1032.9,1028.0,,,,,,2024-12-26 21:00:00,2024-12-27 01:00:00,2024,12
ЮЗ,1.0,н/о,,н/о,-4.8,-4.8,100,-7.0,-7.0,тепло,1032.7,1027.8,,,,,,2024-12-27 00:00:00,2024-12-27 04:00:00,2024,12
ЮЗ,2.0,н/о,,н/о,-5.1,-5.1,100,-10.0,-10.0,по сезону,1031.5,1026.5,-5.6,,,,,2024-12-27 03:00:00,2024-12-27 07:00:00,2024,12
ЮЗ,3.0,н/о,,н/о,-4.1,-4.8,95,-10.0,-10.0,по сезону,1030.6,1025.7,,,,,,2024-12-27 06:00:00,2024-12-27 10:00:00,2024,12
З,,н/о,,н/о,-3.2,-3.9,95,-9.0,-9.0,по сезону,1029.6,1024.7,,,,,,2024-12-27 09:00:00,2024-12-27 13:00:00,2024,12
ЮЗ,,н/о,,н/о,-2.7,-4.0,91,-8.0,-8.0,по сезону,1028.6,1023.8,,,,,,2024-12-27 12:00:00,2024-12-27 16:00:00,2024,12
ЮЗ,4.0,н/о,,н/о,-2.8,-3.9,92,-9.0,-9.0,по сезону,1028.3,1023.4,,-2.7,,,,2024-12-27 15:00:00,2024-12-27 19:00:00,2024,12
З,2.0,н/о,,н/о,-2.6,-3.7,92,-7.0,-7.0,по сезону,1028.3,1023.4,,,,,,2024-12-27 18:00:00,2024-12-27 22:00:00,2024,12
штиль,0.0,н/о,,н/о,-2.7,-3.2,96,-4.0,-4.0,тепло,1028.2,1023.3,,,,,,2024-12-27 21:00:00,2024-12-28 01:00:00,2024,12
штиль,0.0,н/о,,н/о,-2.9,-3.1,99,-4.0,-4.0,тепло,1027.7,1022.8,,,,,,2024-12-28 00:00:00,2024-12-28 04:00:00,2024,12
Ю,1.0,н/о,,н/о,-3.4,-3.4,100,-6.0,-6.0,по сезону,1027.0,1022.1,-3.4,,,,,2024-12-28 03:00:00,2024-12-28 07:00:00,2024,12
Ю,1.0,н/о,,н/о,-3.2,-3.3,99,-6.0,-6.0,по сезону,1026.8,1022.0,-3.6,,,,,2024-12-28 06:00:00,2024-12-28 10:00:00,2024,12
Ю,1.0,н/о,,н/о,-2.2,-2.5,98,-5.0,-5.0,тепло,1026.2,1021.3,,,,,,2024-12-28 09:00:00,2024-12-28 13:00:00,2024,12
штиль,0.0,н/о,,н/о,-2.7,-2.8,99,-4.0,-4.0,тепло,1025.3,1020.5,,,,,,2024-12-28 12:00:00,2024-12-28 16:00:00,2024,12
СЗ,1.0,н/о,,н/о,-3.4,-3.4,100,-6.0,-6.0,по сезону,1025.4,1020.5,,-1.8,,,,2024-12-28 15:00:00,2024-12-28 19:00:00,2024,12
штиль,0.0,н/о,,н/о,-3.1,-3.1,100,-4.0,-4.0,тепло,1025.6,1020.7,,,,,,2024-12-28 18:00:00,2024-12-28 22:00:00,2024,12
С,1.0,н/о,,н/о,-2.7,-2.9,99,-5.0,-5.0,тепло,1025.7,1020.8,,,,,,2024-12-28 21:00:00,2024-12-29 01:00:00,2024,12
С,2.0,н/о,,н/о,-3.8,-4.9,92,-8.0,-8.0,по сезону,1025.4,1020.5,,,,,,2024-12-29 00:00:00,2024-12-29 04:00:00,2024,12
С,2.0,н/о,,н/о,-5.2,-5.9,95,-10.0,-10.0,по сезону,1025.7,1020.8,-5.3,,,,,2024-12-29 03:00:00,2024-12-29 07:00:00,2024,12
С,2.0,н/о,,н/о,-5.8,-6.2,97,-10.0,-10.0,по сезону,1026.4,1021.4,-5.8,,,,,2024-12-29 06:00:00,2024-12-29 10:00:00,2024,12
С,1.0,н/о,,н/о,-6.0,-6.5,96,-9.0,-9.0,по сезону,1026.6,1021.7,,,,,,2024-12-29 09:00:00,2024-12-29 13:00:00,2024,12
С,2.0,н/о,,н/о,-6.1,-6.4,98,-11.0,-11.0,по сезону,1025.9,1020.9,,,,,,2024-12-29 12:00:00,2024-12-29 16:00:00,2024,12
штиль,0.0,н/о,,н/о,-6.7,-6.7,100,-8.0,-8.0,по сезону,1026.4,1021.4,,-5.2,,,,2024-12-29 15:00:00,2024-12-29 19:00:00,2024,12
Ю,1.0,н/о,,н/о,-6.7,-6.7,100,-9.0,-9.0,по сезону,1026.6,1021.6,,,,,,2024-12-29 18:00:00,2024-12-29 22:00:00,2024,12
Ю,1.0,н/о,,н/о,-7.5,-7.5,100,-10.0,-10.0,по сезону,1026.2,1021.2,,,,,,2024-12-29 21:00:00,2024-12-30 01:00:00,2024,12
Ю,1.0,н/о,,н/о,-8.2,-8.3,99,-11.0,-11.0,по сезону,1025.8,1020.8,,,,,,2024-12-30 00:00:00,2024-12-30 04:00:00,2024,12
Ю,1.0,н/о,,н/о,-9.9,-10.1,98,-12.0,-12.0,по сезону,1025.6,1020.6,-9.9,,,,,2024-12-30 03:00:00,2024-12-30 07:00:00,2024,12
ЮЗ,2.0,н/о,,н/о,-9.1,-9.2,99,-14.0,-14.0,по сезону,1025.2,1020.2,-10.2,,,,,2024-12-30 06:00:00,2024-12-30 10:00:00,2024,12
Ю,1.0,н/о,,н/о,-7.4,-7.4,100,-10.0,-10.0,по сезону,1024.2,1019.3,,,,,,2024-12-30 09:00:00,2024-12-30 13:00:00,2024,12
ЮЗ,2.0,н/о,,н/о,-6.0,-6.0,100,-11.0,-11.0,по сезону,1022.4,1017.5,,,,,,2024-12-30 12:00:00,2024-12-30 16:00:00,2024,12
Ю,2.0,н/о,,н/о,-5.9,-5.9,100,-10.0,-10.0,по сезону,1021.5,1016.5,,-5.9,,,,2024-12-30 15:00:00,2024-12-30 19:00:00,2024,12
Ю,2.0,н/о,,н/о,-5.5,-5.5,100,-10.0,-10.0,по сезону,1019.6,1014.7,,,,,,2024-12-30 18:00:00,2024-12-30 22:00:00,2024,12
Ю,3.0,н/о,,н/о,-4.5,-4.9,97,-10.0,-10.0,по сезону,1017.5,1012.6,,,,,,2024-12-30 21:00:00,2024-12-31 01:00:00,2024,12
Ю,4.0,н/о,,н/о,-4.0,-4.7,95,-10.0,-10.0,тепло,1015.9,1011.1,,,,,,2024-12-31 00:00:00,2024-12-31 04:00:00,2024,12
ЮЗ,,н/о,,н/о,-4.6,-5.3,95,-10.0,-10.0,тепло,1015.1,1010.2,-5.9,,,,,2024-12-31 03:00:00,2024-12-31 07:00:00,2024,12
ЮЗ,4.0,н/о,,н/о,-3.5,-4.1,96,-10.0,-10.0,тепло,1014.3,1009.5,,,,,,2024-12-31 06:00:00,2024-12-31 10:00:00,2024,12
ЮЗ,,н/о,,н/о,-2.2,-3.1,94,-9.0,-9.0,тепло,1012.9,1008.1,,,,,,2024-12-31 09:00:00,2024-12-31 13:00:00,2024,12
Ю,3.0,н/о,,н/о,-1.5,-1.8,98,-7.0,-7.0,тепло,1007.8,1003.0,,-1.5,,,,2024-12-31 15:00:00,2024-12-31 19:00:00,2024,12
ЮЗ,,н/о,,н/о,-1.3,-1.3,100,-8.0,-8.0,тепло,1003.8,999.0,,,,,,2024-12-31 18:00:00,2024-12-31 22:00:00,2024,12
ЮЗ,,н/о,,н/о,0.6,-0.7,91,-5.0,-5.0,тепло,1002.0,997.3,,,,,,2024-12-31 21:00:00,2025-01-01 01:00:00,2024,12
З,,н/о,,н/о,0.1,-2.0,86,-5.0,-5.0,тепло,1003.6,998.9,,,,,,2025-01-01 00:00:00,2025-01-01 04:00:00,2025,1
З,,н/о,,н/о,-0.9,-4.5,77,-6.0,-6.0,тепло,1006.3,1001.5,-1.6,,,,,2025-01-01 03:00:00,2025-01-01 07:00:00,2025,1
З,,н/о,,н/о,-2.3,-6.1,75,-9.0,-9.0,тепло,1009.1,1004.3,-2.4,,,,,2025-01-01 06:00:00,2025-01-01 10:00:00,2025,1
З,,н/о,,н/о,-2.1,-6.4,72,-8.0,-8.0,тепло,1012.3,1007.5,,,,,,2025-01-01 09:00:00,2025-01-01 13:00:00,2025,1
СЗ,,н/о,,н/о,-3.1,-6.8,76,-9.0,-9.0,по сезону,1014.6,1009.8,,,,,,2025-01-01 12:00:00,2025-01-01 16:00:00,2025,1
ЮЗ,2.0,н/о,,н/о,-5.5,-7.5,86,-10.0,-10.0,по сезону,1016.1,1011.2,,-1.0,,,,2025-01-01 15:00:00,2025-01-01 19:00:00,2025,1
ЮЗ,3.0,н/о,,н/о,-5.1,-6.9,87,-11.0,-11.0,по сезону,1015.0,1010.1,,,,,,2025-01-01 18:00:00,2025-01-01 22:00:00,2025,1
Ю,3.0,н/о,,н/о,-6.2,-7.2,93,-12.0,-12.0,по сезону,1012.2,1007.3,,,,,,2025-01-01 21:00:00,2025-01-02 01:00:00,2025,1
Ю,5.0,н/о,,н/о,-4.9,-5.4,96,-12.0,-12.0,по сезону,1006.8,1001.9,,,,,,2025-01-02 00:00:00,2025-01-02 04:00:00,2025,1
ЮЗ,,н/о,,н/о,-0.0,-0.2,99,-6.0,-6.0,тепло,1002.9,998.2,-7.3,,,,,2025-01-02 03:00:00,2025-01-02 07:00:00,2025,1
ЮЗ,,н/о,,н/о,1.3,0.3,93,-3.0,-3.0,тепло,1002.2,997.5,,,,,,2025-01-02 06:00:00,2025-01-02 10:00:00,2025,1
ЮЗ,,н/о,,н/о,2.0,0.9,92,-2.0,-2.0,тепло,1000.8,996.1,,,,,,2025-01-02 09:00:00,2025-01-02 13:00:00,2025,1
ЮЗ,,н/о,,н/о,2.5,0.9,89,-1.0,-1.0,тепло,998.9,994.2,,,,,,2025-01-02 12:00:00,2025-01-02 16:00:00,2025,1
ЮЗ,,н/о,,н/о,2.8,0.6,85,-2.0,-2.0,тепло,999.0,994.3,,2.9,,,,2025-01-02 15:00:00,2025-01-02 19:00:00,2025,1
ЮЗ,,н/о,,н/о,2.7,-0.1,82,-2.0,-2.0,тепло,1000.6,995.9,,,,,,2025-01-02 18:00:00,2025-01-02 22:00:00,2025,1
ЮЗ,,н/о,,н/о,2.3,-0.9,79,-2.0,-2.0,тепло,1002.1,997.5,,,,,,2025-01-02 21:00:00,2025-01-03 01:00:00,2025,1
ЮЗ,,н/о,,н/о,1.2,-1.5,82,-3.0,-3.0,тепло,1002.8,998.1,,,,,,2025-01-03 00:00:00,2025-01-03 04:00:00,2025,1
ЮЗ,3.0,н/о,,н/о,0.8,-1.1,87,-4.0,-4.0,тепло,1003.9,999.2,0.4,,,,,2025-01-03 03:00:00,2025-01-03 07:00:00,2025,1
ЮЗ,,н/о,,н/о,0.9,-0.4,91,-4.0,-4.0,тепло,1005.3,1000.6,0.3,,,,,2025-01-03 06:00:00,2025-01-03 10:00:00,2025,1
ЮЗ,,н/о,,н/о,2.3,0.7,89,-3.0,-3.0,тепло,1006.6,1001.9,,,,,,2025-01-03 09:00:00,2025-01-03 13:00:00,2025,1
ЮЗ,,н/о,,н/о,2.5,1.2,91,-2.0,-2.0,тепло,1008.0,1003.3,,,,,,2025-01-03 12:00:00,2025-01-03 16:00:00,2025,1
ЮЗ,3.0,н/о,,н/о,1.7,0.9,94,-3.0,-3.0,тепло,1009.7,1005.0,,2.7,,,,2025-01-03 15:00:00,2025-01-03 19:00:00,2025,1
Ю,2.0,н/о,,н/о,2.0,0.9,92,-1.0,-1.0,тепло,1010.0,1005.3,,,,,,2025-01-03 18:00:00,2025-01-03 22:00:00,2025,1
Ю,2.0,н/о,,н/о,1.6,0.8,94,-2.0,-2.0,тепло,1010.6,1005.9,,,,,,2025-01-03 21:00:00,2025-01-04 01:00:00,2025,1
ЮЗ,2.0,н/о,,н/о,1.3,1.1,99,-2.0,-2.0,тепло,1010.5,1005.7,,,,,,2025-01-04 00:00:00,2025-01-04 04:00:00,2025,1
Ю,1.0,н/о,,н/о,1.4,1.3,99,-1.0,-1.0,тепло,1009.8,1005.1,1.1,,,,,2025-01-04 03:00:00,2025-01-04 07:00:00,2025,1
Ю,3.0,н/о,,н/о,1.5,1.5,100,-3.0,-3.0,тепло,1009.2,1004.5,,,,,,2025-01-04 06:00:00,2025-01-04 10:00:00,2025,1
Ю,,н/о,,н/о,1.8,1.8,100,-3.0,-3.0,тепло,1007.2,1002.5,,,,,,2025-01-04 09:00:00,2025-01-04 13:00:00,2025,1
Ю,,н/о,,н/о,1.9,1.9,100,-4.0,-4.0,тепло,1004.8,1000.1,,,,,,2025-01-04 12:00:00,2025-01-04 16:00:00,2025,1
Ю,,н/о,,н/о,2.4,2.3,99,-3.0,-3.0,тепло,1004.2,999.5,,2.4,,,,2025-01-04 15:00:00,2025-01-04 19:00:00,2025,1
Ю,,н/о,,н/о,2.0,2.0,100,-3.0,-3.0,тепло,1003.6,998.9,,,,,,2025-01-04 18:00:00,2025-01-04 22:00:00,2025,1
ЮЗ,2.0,н/о,,н/о,1.1,1.1,100,-3.0,-3.0,тепло,1002.8,998.1,,,,,,2025-01-04 21:00:00,2025-01-05 01:00:00,2025,1
З,3.0,н/о,,н/о,-1.5,-1.5,100,-7.0,-7.0,тепло,1004.6,999.8,,,,,,2025-01-05 00:00:00,2025-01-05 04:00:00,2025,1
ЮЗ,2.0,н/о,,н/о,-2.5,-4.7,85,-6.0,-6.0,тепло,1006.7,1001.9,-2.6,,,,,2025-01-05 03:00:00,2025-01-05 07:00:00,2025,1
ЮЗ,3.0,н/о,,н/о,-4.1,-5.3,91,-10.0,-10.0,по сезону,1008.5,1003.7,-4.7,,,,,2025-01-05 06:00:00,2025-01-05 10:00:00,2025,1
ЮЗ,4.0,н/о,,н/о,-1.8,-3.6,87,-8.0,-8.0,тепло,1009.3,1004.5,,,,,,2025-01-05 09:00:00,2025-01-05 13:00:00,2025,1
ЮЗ,,н/о,,н/о,-2.5,-4.6,85,-8.0,-8.0,по сезону,1010.8,1006.0,,,,,,2025-01-05 12:00:00,2025-01-05 16:00:00,2025,1
ЮЗ,2.0,н/о,,н/о,-3.1,-5.8,82,-7.0,-7.0,тепло,1013.0,1008.2,,-1.6,,,,2025-01-05 15:00:00,2025-01-05 19:00:00,2025,1
З,4.0,н/о,,н/о,-2.7,-4.7,86,-9.0,-9.0,тепло,1015.2,1010.4,,,,,,2025-01-05 18:00:00,2025-01-05 22:00:00,2025,1
З,2.0,н/о,,н/о,-4.6,-6.0,90,-9.0,-9.0,тепло,1017.9,1013.1,,,,,,2025-01-05 21:00:00,2025-01-06 01:00:00,2025,1
ЮЗ,2.0,н/о,,н/о,-5.4,-6.7,91,-10.0,-10.0,по сезону,1019.9,1015.0,,,,,,2025-01-06 00:00:00,2025-01-06 04:00:00,2025,1
Ю,2.0,н/о,,н/о,-7.2,-7.7,96,-12.0,-12.0,по сезону,1020.6,1015.7,-7.2,,,,,2025-01-06 03:00:00,2025-01-06 07:00:00,2025,1
ЮЗ,3.0,н/о,,н/о,-6.7,-8.5,87,-12.0,-12.0,по сезону,1022.6,1017.7,-7.7,,,,,2025-01-06 06:00:00,2025-01-06 10:00:00,2025,1
ЮЗ,2.0,н/о,,н/о,-4.9,-8.0,79,-9.0,-9.0,по сезону,1023.4,1018.5,,,,,,2025-01-06 09:00:00,2025-01-06 13:00:00,2025,1
ЮЗ,2.0,н/о,,н/о,-5.8,-8.5,81,-10.0,-10.0,по сезону,1024.4,1019.5,,,,,,2025-01-06 12:00:00,2025-01-06 16:00:00,2025,1
ЮЗ,3.0,н/о,,н/о,-7.5,-8.9,90,-13.0,-13.0,по сезону,1025.7,1020.8,,-4.7,,,,2025-01-06 15:00:00,2025-01-06 19:00:00,2025,1
В,1.0,н/о,,н/о,-9.8,-10.8,92,-12.0,-12.0,по сезону,1027.2,1022.2,,,,,,2025-01-06 18:00:00,2025-01-06 22:00:00,2025,1
З,1.0,н/о,,н/о,-9.7,-9.9,98,-12.0,-12.0,по сезону,1029.0,1024.0,,,,,,2025-01-06 21:00:00,2025-01-07 01:00:00,2025,1
ЮВ,2.0,н/о,,н/о,-12.2,-12.8,95,-17.0,-17.0,прохладно,1030.2,1025.1,,,,,,2025-01-07 00:00:00,2025-01-07 04:00:00,2025,1
ЮВ,2.0,н/о,,н/о,-14.1,-14.7,95,-19.0,-19.0,прохладно,1031.4,1026.3,-14.2,,,,,2025-01-07 03:00:00,2025-01-07 07:00:00,2025,1
Ю,3.0,н/о,,н/о,-14.1,-14.7,95,-21.0,-21.0,холодно,1032.0,1026.9,-14.9,,,,,2025-01-07 06:00:00,2025-01-07 10:00:00,2025,1
ЮВ,2.0,н/о,,н/о,-9.7,-10.6,93,-14.0,-14.0,по сезону,1032.0,1027.0,,,,,,2025-01-07 09:00:00,2025-01-07 13:00:00,2025,1
Ю,4.0,н/о,,н/о,-7.5,-8.7,91,-14.0,-14.0,по сезону,1030.0,1025.0,,,,,,2025-01-07 12:00:00,2025-01-07 16:00:00,2025,1
Ю,,н/о,,н/о,-5.1,-5.4,98,-13.0,-13.0,по сезону,1026.9,1022.0,,-5.1,,,,2025-01-07 15:00:00,2025-01-07 19:00:00,2025,1
Ю,,н/о,,н/о,-3.9,-4.1,99,-12.0,-12.0,по сезону,1025.0,1020.2,,,,,,2025-01-07 18:00:00,2025-01-07 22:00:00,2025,1
Ю,,н/о,,н/о,-2.3,-2.3,100,-9.0,-9.0,по сезону,1023.8,1018.9,,,,,,2025-01-07 21:00:00,2025-01-08 01:00:00,2025,1
ЮЗ,,н/о,,н/о,0.4,0.4,100,-5.0,-5.0,тепло,1023.4,1018.6,,,,,,2025-01-08 00:00:00,2025-01-08 04:00:00,2025,1
Ю,,н/о,,н/о,0.2,0.2,100,-6.0,-6.0,тепло,1023.4,1018.5,-5.0,,,,,2025-01-08 03:00:00,2025-01-08 07:00:00,2025,1
Ю,,н/о,,н/о,0.4,0.4,100,-5.0,-5.0,тепло,1024.0,1019.2,,,,,,2025-01-08 06:00:00,2025-01-08 10:00:00,2025,1
Ю,,н/о,,н/о,1.2,0.9,98,-5.0,-5.0,тепло,1023.8,1019.0,,,,,,2025-01-08 09:00:00,2025-01-08 13:00:00,2025,1
Ю,,н/о,,н/о,1.4,0.9,96,-4.0,-4.0,тепло,1023.8,1019.0,,,,,,2025-01-08 12:00:00,2025-01-08 16:00:00,2025,1
Ю,,н/о,,н/о,1.5,0.8,95,-4.0,-4.0,тепло,1023.7,1019.0,,1.5,,,,2025-01-08 15:00:00,2025-01-08 19:00:00,2025,1
Ю,,н/о,,н/о,1.5,0.5,93,-4.0,-4.0,тепло,1023.2,1018.4,,,,,,2025-01-08 18:00:00,2025-01-08 22:00:00,2025,1
Ю,,н/о,,н/о,0.7,0.2,96,-5.0,-5.0,тепло,1021.9,1017.1,,,,,,2025-01-08 21:00:00,2025-01-09 01:00:00,2025,1
Ю,,н/о,,н/о,0.9,0.9,100,-5.0,-5.0,тепло,1021.3,1016.5,,,,,,2025-01-09 00:00:00,2025-01-09 04:00:00,2025,1
Ю,,н/о,,н/о,0.8,0.8,100,-5.0,-5.0,тепло,1019.3,1014.5,0.6,,,,,2025-01-09 03:00:00,2025-01-09 07:00:00,2025,1
Ю,,н/о,,н/о,1.4,1.4,100,-6.0,-6.0,по сезону,1016.5,1011.8,,,,,,2025-01-09 06:00:00,2025-01-09 10:00:00,2025,1
Ю,,н/о,,н/о,2.0,1.6,97,-5.0,-5.0,по сезону,1014.2,1009.4,,,,,,2025-01-09 09:00:00,2025-01-09 13:00:00,2025,1
Ю,,н/о,,н/о,2.1,1.9,99,-5.0,-5.0,по сезону,1013.7,1009.0,,,,,,2025-01-09 12:00:00,2025-01-09 16:00:00,2025,1
ЮЗ,,н/о,,н/о,2.5,2.5,100,-3.0,-3.0,тепло,1016.4,1011.6,,2.6,,,,2025-01-09 15:00:00,2025-01-09 19:00:00,2025,1
ЮЗ,2.0,н/о,,н/о,2.7,2.7,100,-1.0,-1.0,тепло,1019.8,1015.0,,,,,,2025-01-09 18:00:00,2025-01-09 22:00:00,2025,1
З,1.0,н/о,,н/о,2.4,2.4,100,0.0,0.0,тепло,1022.7,1018.0,,,,,,2025-01-09 21:00:00,2025-01-10 01:00:00,2025,1
СВ,2.0,н/о,,н/о,-0.5,-0.5,100,-5.0,-5.0,тепло,1025.6,1020.8,,,,,,2025-01-10 00:00:00,2025-01-10 04:00:00,2025,1
штиль,0.0,н/о,,н/о,-1.4,-1.4,100,-3.0,-3.0,тепло,1027.4,1022.5,-2.4,,,,,2025-01-10 03:00:00,2025-01-10 07:00:00,2025,1
Ю,1.0,н/о,,н/о,-1.0,-1.0,100,-3.0,-3.0,тепло,1028.8,1024.0,-2.6,,,,,2025-01-10 06:00:00,2025-01-10 10:00:00,2025,1
штиль,0.0,н/о,,н/о,1.0,0.6,97,-0.0,-0.0,тепло,1029.7,1024.9,,,,,,2025-01-10 09:00:00,2025-01-10 13:00:00,2025,1
С,1.0,н/о,,н/о,0.9,0.4,96,-1.0,-1.0,тепло,1029.1,1024.3,,,,,,2025-01-10 12:00:00,2025-01-10 16:00:00,2025,1
штиль,0.0,н/о,,н/о,0.5,0.4,99,-1.0,-1.0,тепло,1029.0,1024.2,,1.3,,,,2025-01-10 15:00:00,2025-01-10 19:00:00,2025,1
ЮВ,2.0,н/о,,н/о,1.1,1.1,100,-3.0,-3.0,тепло,1028.5,1023.7,,,,,,2025-01-10 18:00:00,2025-01-10 22:00:00,2025,1
Ю,3.0,н/о,,н/о,1.0,1.0,100,-4.0,-4.0,тепло,1028.3,1023.5,,,,,,2025-01-10 21:00:00,2025-01-11 01:00:00,2025,1
Ю,3.0,н/о,,н/о,0.8,0.8,100,-4.0,-4.0,тепло,1027.7,1022.9,,,,,,2025-01-11 00:00:00,2025-01-11 04:00:00,2025,1
Ю,3.0,н/о,,н/о,0.8,0.8,100,-4.0,-4.0,тепло,1026.9,1022.1,0.5,,,,,2025-01-11 03:00:00,2025-01-11 07:00:00,2025,1
Ю,2.0,н/о,,н/о,1.5,1.5,100,-2.0,-2.0,тепло,1027.5,1022.7,,,,,,2025-01-11 06:00:00,2025-01-11 10:00:00,2025,1
ЮВ,1.0,н/о,,н/о,1.6,1.6,100,-1.0,-1.0,тепло,1027.1,1022.3,,,,,,2025-01-11 09:00:00,2025-01-11 13:00:00,2025,1
ЮВ,3.0,н/о,,н/о,1.4,0.0,90,-3.0,-3.0,тепло,1025.8,1021.0,,,,,,2025-01-11 12:00:00,2025-01-11 16:00:00,2025,1
ЮВ,1.0,н/о,,н/о,-1.8,-2.6,94,-4.0,-4.0,тепло,1025.2,1020.3,,1.8,,,,2025-01-11 15:00:00,2025-01-11 19:00:00,2025,1
ЮВ,2.0,н/о,,н/о,-3.6,-4.6,93,-8.0,-8.0,тепло,1025.2,1020.3,,,,,,2025-01-11 18:00:00,2025-01-11 22:00:00,2025,1
ЮВ,2.0,н/о,,н/о,-5.0,-5.5,96,-9.0,-9.0,тепло,1025.3,1020.3,,,,,,2025-01-11 21:00:00,2025-01-12 01:00:00,2025,1
ЮВ,1.0,н/о,,н/о,-7.7,-7.7,100,-10.0,-10.0,по сезону,1025.7,1020.7,,,,,,2025-01-12 00:00:00,2025-01-12 04:00:00,2025,1
Ю,1.0,н/о,,н/о,-9.0,-9.1,99,-11.0,-11.0,по сезону,1025.3,1020.3,-9.0,,,,,2025-01-12 03:00:00,2025-01-12 07:00:00,2025,1
штиль,0.0,н/о,,н/о,-8.8,-8.8,100,-9.0,-9.0,тепло,1025.6,1020.6,-10.9,,,,,2025-01-12 06:00:00,2025-01-12 10:00:00,2025,1
В,2.0,н/о,,н/о,-3.6,-7.0,77,-8.0,-8.0,тепло,1024.6,1019.7,,,,,,2025-01-12 09:00:00,2025-01-12 13:00:00,2025,1
В,2.0,н/о,,н/о,-3.1,-6.9,75,-7.0,-7.0,тепло,1023.8,1018.9,,,,,,2025-01-12 12:00:00,2025-01-12 16:00:00,2025,1
Ю,1.0,н/о,,н/о,-6.3,-8.4,85,-9.0,-9.0,по сезону,1023.3,1018.4,,-1.8,,,,2025-01-12 15:00:00,2025-01-12 19:00:00,2025,1
штиль,0.0,н/о,,н/о,-10.5,-11.1,95,-11.0,-11.0,по сезону,1023.2,1018.2,,,,,,2025-01-12 18:00:00,2025-01-12 22:00:00,2025,1
Ю,3.0,н/о,,н/о,-6.9,-7.6,95,-13.0,-13.0,по сезону,1022.7,1017.8,,,,,,2025-01-12 21:00:00,2025-01-13 01:00:00,2025,1
Ю,2.0,н/о,,н/о,-6.4,-7.1,95,-11.0,-11.0,по сезону,1022.6,1017.7,,,,,,2025-01-13 00:00:00,2025-01-13 04:00:00,2025,1
Ю,1.0,н/о,,н/о,-6.1,-6.7,96,-9.0,-9.0,тепло,1021.8,1016.9,-10.9,,,,,2025-01-13 03:00:00,2025-01-13 07:00:00,2025,1
ЮВ,1.0,н/о,,н/о,-4.8,-5.5,95,-7.0,-7.0,тепло,1022.1,1017.2,,,,,,2025-01-13 06:00:00,2025-01-13 10:00:00,2025,1
ЮВ,2.0,н/о,,н/о,-4.0,-4.5,96,-8.0,-8.0,тепло,1021.9,1017.0,,,,,,2025-01-13 09:00:00,2025-01-13 13:00:00,2025,1
Ю,2.0,н/о,,н/о,-3.1,-3.1,100,-7.0,-7.0,тепло,1021.2,1016.4,,,,,,2025-01-13 12:00:00,2025-01-13 16:00:00,2025,1
Ю,2.0,н/о,,н/о,-2.4,-2.4,100,-7.0,-7.0,тепло,1021.3,1016.5,,-2.4,,,,2025-01-13 15:00:00,2025-01-13 19:00:00,2025,1
Ю,1.0,н/о,,н/о,-1.3,-1.3,100,-4.0,-4.0,тепло,1021.1,1016.2,,,,,,2025-01-13 18:00:00,2025-01-13 22:00:00,2025,1
З,2.0,н/о,,н/о,0.1,0.1,100,-4.0,-4.0,тепло,1021.5,1016.7,,,,,,2025-01-13 21:00:00,2025-01-14 01:00:00,2025,1
ЮЗ,2.0,н/о,,н/о,-0.7,-1.4,95,-5.0,-5.0,тепло,1021.7,1016.9,,,,,,2025-01-14 00:00:00,2025-01-14 04:00:00,2025,1
З,2.0,н/о,,н/о,-1.3,-3.1,88,-5.0,-5.0,тепло,1021.8,1016.9,-2.4,,,,,2025-01-14 03:00:00,2025-01-14 07:00:00,2025,1
З,2.0,н/о,,н/о,-2.3,-4.6,84,-6.0,-6.0,тепло,1022.3,1017.5,,,,,,2025-01-14 06:00:00,2025-01-14 10:00:00,2025,1
ЮЗ,3.0,н/о,,н/о,-2.0,-4.6,82,-7.0,-7.0,тепло,1021.9,1017.0,,,,,,2025-01-14 09:00:00,2025-01-14 13:00:00,2025,1
ЮЗ,2.0,н/о,,н/о,-3.7,-5.8,85,-8.0,-8.0,по сезону,1021.1,1016.2,,,,,,2025-01-14 12:00:00,2025-01-14 16:00:00,2025,1
ЮЗ,3.0,н/о,,н/о,-4.8,-6.1,91,-10.0,-10.0,по сезону,1020.4,1015.5,,-1.4,,,,2025-01-14 15:00:00,2025-01-14 19:00:00,2025,1
ЮЗ,3.0,н/о,,н/о,-3.7,-4.8,92,-9.0,-9.0,тепло,1018.8,1014.0,,,,,,2025-01-14 18:00:00,2025-01-14 22:00:00,2025,1
ЮЗ,3.0,н/о,,н/о,-2.5,-3.9,90,-8.0,-8.0,тепло,1016.9,1012.1,,,,,,2025-01-14 21:00:00,2025-01-15 01:00:00,2025,1
ЮЗ,3.0,н/о,,н/о,-2.6,-4.3,88,-8.0,-8.0,тепло,1016.1,1011.3,,,,,,2025-01-15 00:00:00,2025-01-15 04:00:00,2025,1
ЮЗ,3.0,н/о,,н/о,-2.3,-3.6,91,-8.0,-8.0,тепло,1014.7,1009.8,-5.4,,,,,2025-01-15 03:00:00,2025-01-15 07:00:00,2025,1
ЮЗ,3.0,н/о,,н/о,-2.1,-3.2,92,-7.0,-7.0,тепло,1014.0,1009.1,,,,,,2025-01-15 06:00:00,2025-01-15 10:00:00,2025,1
ЮЗ,2.0,н/о,,н/о,-1.6,-3.3,88,-6.0,-6.0,тепло,1013.0,1008.2,,,,,,2025-01-15 09:00:00,2025-01-15 13:00:00,2025,1
ЮЗ,3.0,н/о,,н/о,-1.8,-2.8,93,-7.0,-7.0,тепло,1012.0,1007.2,,,,,,2025-01-15 12:00:00,2025-01-15 16:00:00,2025,1
ЮЗ,2.0,н/о,,н/о,-1.8,-2.6,94,-6.0,-6.0,тепло,1011.3,1006.5,,-1.2,,,,2025-01-15 15:00:00,2025-01-15 19:00:00,2025,1
З,3.0,н/о,,н/о,-1.4,-1.8,97,-7.0,-7.0,тепло,1010.5,1005.7,,,,,,2025-01-15 18:00:00,2025-01-15 22:00:00,2025,1
З,3.0,н/о,,н/о,-1.1,-1.5,97,-6.0,-6.0,тепло,1010.4,1005.6,,,,,,2025-01-15 21:00:00,2025-01-16 01:00:00,2025,1
З,2.0,н/о,,н/о,-0.5,-0.9,97,-4.0,-4.0,тепло,1011.0,1006.2,,,,,,2025-01-16 00:00:00,2025-01-16 04:00:00,2025,1
СЗ,,н/о,,н/о,-2.3,-3.8,89,-10.0,-10.0,по сезону,1012.8,1008.0,-2.3,,,,,2025-01-16 03:00:00,2025-01-16 07:00:00,2025,1
СЗ,,н/о,,н/о,-4.5,-7.0,83,-12.0,-12.0,по сезону,1015.0,1010.2,-4.5,,,,,2025-01-16 06:00:00,2025-01-16 10:00:00,2025,1
С,,н/о,,н/о,-5.6,-8.4,81,-13.0,-13.0,по сезону,1016.2,1011.3,,,,,,2025-01-16 09:00:00,2025-01-16 13:00:00,2025,1
СЗ,,н/о,,н/о,-6.9,-10.1,78,-14.0,-14.0,по сезону,1017.1,1012.2,,,,,,2025-01-16 12:00:00,2025-01-16 16:00:00,2025,1
СЗ,3.0,н/о,,н/о,-7.9,-10.9,79,-14.0,-14.0,по сезону,1017.8,1012.8,,-2.3,,,,2025-01-16 15:00:00,2025-01-16 19:00:00,2025,1
СЗ,2.0,н/о,,н/о,-7.8,-10.7,80,-12.0,-12.0,по сезону,1017.3,1012.4,,,,,,2025-01-16 18:00:00,2025-01-16 22:00:00,2025,1
Ю,2.0,н/о,,н/о,-7.7,-9.9,84,-12.0,-12.0,по сезону,1016.1,1011.2,,,,,,2025-01-16 21:00:00,2025-01-17 01:00:00,2025,1
Ю,3.0,н/о,,н/о,-7.6,-9.1,89,-13.0,-13.0,по сезону,1013.5,1008.6,,,,,,2025-01-17 00:00:00,2025-01-17 04:00:00,2025,1
Ю,3.0,н/о,,н/о,-7.1,-8.4,90,-13.0,-13.0,по сезону,1011.8,1006.9,-8.3,,,,,2025-01-17 03:00:00,2025-01-17 07:00:00,2025,1
Ю,3.0,н/о,,н/о,-5.4,-6.1,95,-11.0,-11.0,по сезону,1009.8,1004.9,,,,,,2025-01-17 06:00:00,2025-01-17 10:00:00,2025,1
Ю,2.0,н/о,,н/о,-2.4,-2.8,97,-7.0,-7.0,по сезону,1007.7,1002.9,,,,,,2025-01-17 09:00:00,2025-01-17 13:00:00,2025,1
Ю,2.0,н/о,,н/о,-1.8,-1.8,100,-6.0,-6.0,по сезону,1006.9,1002.1,,,,,,2025-01-17 12:00:00,2025-01-17 16:00:00,2025,1
Ю,2.0,н/о,,н/о,-1.7,-1.7,100,-6.0,-6.0,тепло,1006.9,1002.2,,-1.6,,,,2025-01-17 15:00:00,2025-01-17 19:00:00,2025,1
ЮВ,1.0,н/о,,н/о,-2.0,-2.0,100,-4.0,-4.0,тепло,1007.6,1002.8,,,,,,2025-01-17 18:00:00,2025-01-17 22:00:00,2025,1
В,1.0,н/о,,н/о,-2.3,-2.3,100,-5.0,-5.0,тепло,1008.7,1003.9,,,,,,2025-01-17 21:00:00,2025-01-18 01:00:00,2025,1
В,1.0,н/о,,н/о,-3.7,-3.7,100,-6.0,-6.0,тепло,1009.9,1005.1,,,,,,2025-01-18 00:00:00,2025-01-18 04:00:00,2025,1
СВ,1.0,н/о,,н/о,-3.9,-3.9,100,-6.0,-6.0,тепло,1010.6,1005.8,-3.9,,,,,2025-01-18 03:00:00,2025-01-18 07:00:00,2025,1
ЮВ,2.0,н/о,,н/о,-3.5,-3.6,99,-8.0,-8.0,по сезону,1011.0,1006.2,-4.0,,,,,2025-01-18 06:00:00,2025-01-18 10:00:00,2025,1
Ю,2.0,н/о,,н/о,-3.0,-3.2,99,-7.0,-7.0,по сезону,1010.9,1006.0,,,,,,2025-01-18 09:00:00,2025-01-18 13:00:00,2025,1
Ю,2.0,н/о,,н/о,-2.9,-3.6,95,-7.0,-7.0,по сезону,1009.9,1005.1,,,,,,2025-01-18 12:00:00,2025-01-18 16:00:00,2025,1
Ю,2.0,н/о,,н/о,-3.3,-3.6,98,-8.0,-8.0,по сезону,1009.2,1004.4,,-2.6,,,,2025-01-18 15:00:00,2025-01-18 19:00:00,2025,1
Ю,3.0,н/о,,н/о,-3.2,-3.4,99,-9.0,-9.0,по сезону,1008.0,1003.2,,,,,,2025-01-18 18:00:00,2025-01-18 22:00:00,2025,1
Ю,2.0,н/о,,н/о,-3.1,-3.5,97,-7.0,-7.0,по сезону,1006.8,1002.0,,,,,,2025-01-18 21:00:00,2025-01-19 01:00:00,2025,1
Ю,2.0,н/о,,н/о,-3.2,-3.5,98,-8.0,-8.0,по сезону,1005.9,1001.1,,,,,,2025-01-19 00:00:00,2025-01-19 04:00:00,2025,1
Ю,3.0,н/о,,н/о,-2.5,-2.7,99,-8.0,-8.0,по сезону,1005.3,1000.6,-3.4,,,,,2025-01-19 03:00:00,2025-01-19 07:00:00,2025,1
Ю,3.0,н/о,,н/о,-2.0,-2.2,99,-7.0,-7.0,по сезону,1006.0,1001.2,,,,,,2025-01-19 06:00:00,2025-01-19 10:00:00,2025,1
Ю,3.0,н/о,,н/о,-1.5,-2.2,95,-7.0,-7.0,по сезону,1006.3,1001.6,,,,,,2025-01-19 09:00:00,2025-01-19 13:00:00,2025,1
Ю,1.0,н/о,,н/о,-1.3,-1.9,96,-4.0,-4.0,тепло,1006.7,1001.9,,,,,,2025-01-19 12:00:00,2025-01-19 16:00:00,2025,1
Ю,2.0,н/о,,н/о,-1.3,-1.5,99,-5.0,-5.0,по сезону,1007.2,1002.4,,-1.2,,,,2025-01-19 15:00:00,2025-01-19 19:00:00,2025,1
ЮЗ,2.0,н/о,,н/о,-0.6,-0.7,99,-5.0,-5.0,тепло,1006.7,1001.9,,,,,,2025-01-19 18:00:00,2025-01-19 22:00:00,2025,1
ЮЗ,3.0,н/о,,н/о,0.0,0.0,100,-5.0,-5.0,тепло,1005.5,1000.8,,,,,,2025-01-19 21:00:00,2025-01-20 01:00:00,2025,1
З,2.0,н/о,,н/о,0.5,0.3,99,-3.0,-3.0,тепло,1004.7,1000.0,,,,,,2025-01-20 00:00:00,2025-01-20 04:00:00,2025,1
З,3.0,н/о,,н/о,0.2,-0.6,94,-5.0,-5.0,тепло,1002.9,998.2,-1.3,,,,,2025-01-20 03:00:00,2025-01-20 07:00:00,2025,1
З,3.0,н/о,,н/о,-0.6,-2.4,88,-5.0,-5.0,тепло,1001.9,997.2,,,,,,2025-01-20 06:00:00,2025-01-20 10:00:00,2025,1
З,3.0,н/о,,н/о,-0.5,-1.8,91,-5.0,-5.0,тепло,1000.9,996.2,,,,,,2025-01-20 09:00:00,2025-01-20 13:00:00,2025,1
З,3.0,н/о,,н/о,-0.3,-1.8,90,-5.0,-5.0,тепло,1000.8,996.1,,,,,,2025-01-20 12:00:00,2025-01-20 16:00:00,2025,1
СЗ,3.0,н/о,,н/о,-0.4,-1.3,94,-5.0,-5.0,тепло,1001.6,996.9,,0.3,,,,2025-01-20 15:00:00,2025-01-20 19:00:00,2025,1
СЗ,,н/о,,н/о,-0.3,-3.2,81,-8.0,-8.0,тепло,1003.7,999.0,,,,,,2025-01-20 18:00:00,2025-01-20 22:00:00,2025,1
СЗ,,н/о,,н/о,-1.3,-4.5,79,-9.0,-9.0,тепло,1004.9,1000.2,,,,,,2025-01-20 21:00:00,2025-01-21 01:00:00,2025,1
СЗ,,н/о,,н/о,-6.5,-10.3,74,-16.0,-16.0,по сезону,1007.9,1003.1,,,,,,2025-01-21 00:00:00,2025-01-21 04:00:00,2025,1
СЗ,,н/о,,н/о,-6.7,-10.8,73,-15.0,-15.0,по сезону,1011.2,1006.3,-7.0,,,,,2025-01-21 03:00:00,2025-01-21 07:00:00,2025,1
СЗ,,н/о,,н/о,-7.8,-11.8,73,-16.0,-16.0,по сезону,1013.7,1008.8,-8.2,,,,,2025-01-21 06:00:00,2025-01-21 10:00:00,2025,1
СЗ,,н/о,,н/о,-7.6,-12.3,69,-16.0,-16.0,по сезону,1014.8,1009.9,,,,,,2025-01-21 09:00:00,2025-01-21 13:00:00,2025,1
СЗ,,н/о,,н/о,-8.6,-12.9,71,-18.0,-18.0,прохладно,1016.7,1011.7,,,,,,2025-01-21 12:00:00,2025-01-21 16:00:00,2025,1
СЗ,,н/о,,н/о,-9.1,-12.8,74,-17.0,-17.0,по сезону,1019.2,1014.2,,-6.7,,,,2025-01-21 15:00:00,2025-01-21 19:00:00,2025,1
СЗ,,н/о,,н/о,-10.1,-13.5,76,-17.0,-17.0,по сезону,1021.4,1016.4,,,,,,2025-01-21 18:00:00,2025-01-21 22:00:00,2025,1
СЗ,,н/о,,н/о,-9.7,-12.7,79,-19.0,-19.0,по сезону,1022.9,1017.9,,,,,,2025-01-21 21:00:00,2025-01-22 01:00:00,2025,1
СЗ,,н/о,,н/о,-10.2,-14.0,74,-19.0,-19.0,по сезону,1027.2,1022.2,,,,,,2025-01-22 00:00:00,2025-01-22 04:00:00,2025,1
СЗ,,н/о,,н/о,-12.6,-16.9,70,-22.0,-22.0,прохладно,1031.3,1026.2,-12.7,,,,,2025-01-22 03:00:00,2025-01-22 07:00:00,2025,1
С,3.0,н/о,,н/о,-13.4,-17.9,69,-20.0,-20.0,прохладно,1035.6,1030.4,-14.0,,,,,2025-01-22 06:00:00,2025-01-22 10:00:00,2025,1
С,2.0,н/о,,н/о,-11.1,-18.2,56,-16.0,-16.0,по сезону,1038.3,1033.2,,,,,,2025-01-22 09:00:00,2025-01-22 13:00:00,2025,1
С,2.0,н/о,,н/о,-10.8,-19.6,48,-15.0,-15.0,по сезону,1040.7,1035.6,,,,,,2025-01-22 12:00:00,2025-01-22 16:00:00,2025,1
ЮВ,1.0,н/о,,н/о,-15.6,-19.5,72,-18.0,-18.0,по сезону,1042.9,1037.7,,-9.3,,,,2025-01-22 15:00:00,2025-01-22 19:00:00,2025,1
Ю,2.0,н/о,,н/о,-19.7,-21.8,83,-25.0,-25.0,очень  холодно,1044.1,1038.8,,,,,,2025-01-22 18:00:00,2025-01-22 22:00:00,2025,1
ЮВ,1.0,н/о,,н/о,-22.8,-24.7,84,-26.0,-26.0,очень  холодно,1045.6,1040.2,,,,,,2025-01-22 21:00:00,2025-01-23 01:00:00,2025,1
ЮВ,1.0,н/о,,н/о,-21.3,-23.1,85,-24.0,-24.0,холодно,1045.7,1040.4,,,,,,2025-01-23 00:00:00,2025-01-23 04:00:00,2025,1
штиль,0.0,н/о,,н/о,-21.2,-23.4,82,-21.0,-21.0,прохладно,1045.6,1040.3,-23.2,,,,,2025-01-23 03:00:00,2025-01-23 07:00:00,2025,1
Ю,2.0,н/о,,н/о,-15.6,-20.7,65,-21.0,-21.0,прохладно,1044.9,1039.7,,,,,,2025-01-23 06:00:00,2025-01-23 10:00:00,2025,1
Ю,3.0,н/о,,н/о,-14.1,-19.7,62,-21.0,-21.0,холодно,1044.2,1039.0,,,,,,2025-01-23 09:00:00,2025-01-23 13:00:00,2025,1
ЮВ,3.0,н/о,,н/о,-13.5,-19.2,62,-20.0,-20.0,холодно,1042.8,1037.6,,,,,,2025-01-23 12:00:00,2025-01-23 16:00:00,2025,1
ЮВ,2.0,н/о,,н/о,-13.2,-19.6,59,-18.0,-18.0,по сезону,1041.2,1036.1,,-13.2,,,,2025-01-23 15:00:00,2025-01-23 19:00:00,2025,1
ЮВ,2.0,н/о,,н/о,-12.6,-18.7,60,-17.0,-17.0,по сезону,1039.0,1033.8,,,,,,2025-01-23 18:00:00,2025-01-23 22:00:00,2025,1
Ю,4.0,н/о,,н/о,-13.9,-18.8,66,-21.0,-21.0,прохладно,1037.6,1032.4,,,,,,2025-01-23 21:00:00,2025-01-24 01:00:00,2025,1
ЮВ,2.0,н/о,,н/о,-14.7,-18.5,73,-20.0,-20.0,прохладно,1036.9,1031.7,,,,,,2025-01-24 00:00:00,2025-01-24 04:00:00,2025,1
ЮВ,3.0,н/о,,н/о,-14.8,-18.4,74,-21.0,-21.0,прохладно,1035.1,1030.0,-14.8,,,,,2025-01-24 03:00:00,2025-01-24 07:00:00,2025,1
ЮВ,2.0,н/о,,н/о,-14.7,-18.1,75,-20.0,-20.0,по сезону,1034.8,1029.6,-15.0,,,,,2025-01-24 06:00:00,2025-01-24 10:00:00,2025,1
ЮВ,4.0,н/о,,н/о,-13.1,-17.2,71,-20.0,-20.0,прохладно,1033.4,1028.3,,,,,,2025-01-24 09:00:00,2025-01-24 13:00:00,2025,1
ЮВ,3.0,н/о,,н/о,-13.2,-16.8,74,-19.0,-19.0,прохладно,1031.9,1026.8,,,,,,2025-01-24 12:00:00,2025-01-24 16:00:00,2025,1
ЮВ,2.0,н/о,,н/о,-13.4,-16.0,81,-18.0,-18.0,по сезону,1030.9,1025.8,,-12.7,,,,2025-01-24 15:00:00,2025-01-24 19:00:00,2025,1
В,2.0,н/о,,н/о,-12.2,-14.5,83,-17.0,-17.0,по сезону,1030.1,1025.0,,,,,,2025-01-24 18:00:00,2025-01-24 22:00:00,2025,1
В,2.0,н/о,,н/о,-11.1,-12.9,87,-16.0,-16.0,по сезону,1029.0,1023.9,,,,,,2025-01-24 21:00:00,2025-01-25 01:00:00,2025,1
В,1.0,н/о,,н/о,-11.0,-11.9,93,-13.0,-13.0,по сезону,1028.2,1023.2,,,,,,2025-01-25 00:00:00,2025-01-25 04:00:00,2025,1
В,2.0,н/о,,н/о,-10.9,-11.7,94,-15.0,-15.0,по сезону,1028.1,1023.1,-13.4,,,,,2025-01-25 03:00:00,2025-01-25 07:00:00,2025,1
ЮВ,2.0,н/о,,н/о,-10.7,-11.6,93,-15.0,-15.0,по сезону,1028.4,1023.3,,,,,,2025-01-25 06:00:00,2025-01-25 10:00:00,2025,1
ЮВ,1.0,н/о,,н/о,-9.8,-11.9,85,-12.0,-12.0,по сезону,1028.6,1023.5,,,,,,2025-01-25 09:00:00,2025-01-25 13:00:00,2025,1
ЮВ,1.0,н/о,,н/о,-9.8,-12.3,82,-12.0,-12.0,по сезону,1028.4,1023.4,,,,,,2025-01-25 12:00:00,2025-01-25 16:00:00,2025,1
ЮВ,1.0,н/о,,н/о,-10.3,-12.0,87,-13.0,-13.0,по сезону,1029.0,1024.0,,-9.7,,,,2025-01-25 15:00:00,2025-01-25 19:00:00,2025,1
Ю,1.0,н/о,,н/о,-10.3,-12.1,87,-13.0,-13.0,по сезону,1029.3,1024.2,,,,,,2025-01-25 18:00:00,2025-01-25 22:00:00,2025,1
штиль,0.0,н/о,,н/о,-10.2,-11.7,89,-11.0,-11.0,по сезону,1029.2,1024.2,,,,,,2025-01-25 21:00:00,2025-01-26 01:00:00,2025,1
штиль,0.0,н/о,,н/о,-10.1,-11.3,91,-11.0,-11.0,по сезону,1029.3,1024.3,,,,,,2025-01-26 00:00:00,2025-01-26 04:00:00,2025,1
штиль,0.0,н/о,,н/о,-9.8,-10.8,92,-10.0,-10.0,по сезону,1029.5,1024.5,-10.4,,,,,2025-01-26 03:00:00,2025-01-26 07:00:00,2025,1
ЮЗ,1.0,н/о,,н/о,-9.5,-10.9,90,-12.0,-12.0,по сезону,1029.9,1024.9,,,,,,2025-01-26 06:00:00,2025-01-26 10:00:00,2025,1
ЮЗ,2.0,н/о,,н/о,-7.8,-10.2,83,-12.0,-12.0,по сезону,1029.5,1024.5,,,,,,2025-01-26 09:00:00,2025-01-26 13:00:00,2025,1
Ю,2.0,н/о,,н/о,-7.2,-9.5,84,-12.0,-12.0,по сезону,1029.1,1024.2,,,,,,2025-01-26 12:00:00,2025-01-26 16:00:00,2025,1
Ю,2.0,н/о,,н/о,-7.0,-8.6,88,-11.0,-11.0,по сезону,1028.6,1023.6,,-7.0,,,,2025-01-26 15:00:00,2025-01-26 19:00:00,2025,1
Ю,1.0,н/о,,н/о,-2.5,-2.8,98,-5.0,-5.0,тепло,1026.4,1021.5,,,,,,2025-01-27 00:00:00,2025-01-27 04:00:00,2025,1
Ю,1.0,н/о,,н/о,-0.9,-1.4,96,-3.0,-3.0,тепло,1025.8,1021.0,-7.0,,,,,2025-01-27 03:00:00,2025-01-27 07:00:00,2025,1
ЮЗ,3.0,н/о,,н/о,0.1,-0.4,96,-5.0,-5.0,тепло,1025.4,1020.6,,,,,,2025-01-27 06:00:00,2025-01-27 10:00:00,2025,1
ЮЗ,2.0,н/о,,н/о,2.0,1.0,93,-1.0,-1.0,тепло,1024.9,1020.1,,,,,,2025-01-27 09:00:00,2025-01-27 13:00:00,2025,1
ЮЗ,2.0,н/о,,н/о,2.3,1.2,92,-1.0,-1.0,тепло,1024.1,1019.3,,,,,,2025-01-27 12:00:00,2025-01-27 16:00:00,2025,1
ЮЗ,3.0,н/о,,н/о,1.4,1.2,99,-3.0,-3.0,тепло,1023.6,1018.8,,2.3,,,,2025-01-27 15:00:00,2025-01-27 19:00:00,2025,1
ЮЗ,4.0,н/о,,н/о,1.7,1.2,96,-4.0,-4.0,тепло,1022.5,1017.7,,,,,,2025-01-27 18:00:00,2025-01-27 22:00:00,2025,1
ЮЗ,3.0,н/о,,н/о,1.0,0.6,97,-4.0,-4.0,тепло,1022.3,1017.6,,,,,,2025-01-27 21:00:00,2025-01-28 01:00:00,2025,1
ЮЗ,3.0,н/о,,н/о,0.8,0.7,99,-4.0,-4.0,тепло,1022.1,1017.3,,,,,,2025-01-28 00:00:00,2025-01-28 04:00:00,2025,1
ЮЗ,3.0,н/о,,н/о,0.8,0.7,99,-4.0,-4.0,тепло,1021.6,1016.8,0.8,,,,,2025-01-28 03:00:00,2025-01-28 07:00:00,2025,1
ЮЗ,3.0,н/о,,н/о,0.9,0.8,99,-4.0,-4.0,тепло,1022.0,1017.2,0.7,,,,,2025-01-28 06:00:00,2025-01-28 10:00:00,2025,1
ЮЗ,2.0,н/о,,н/о,1.7,1.0,95,-2.0,-2.0,тепло,1021.6,1016.8,,,,,,2025-01-28 09:00:00,2025-01-28 13:00:00,2025,1
ЮЗ,3.0,н/о,,н/о,1.6,0.8,94,-3.0,-3.0,тепло,1021.2,1016.4,,,,,,2025-01-28 12:00:00,2025-01-28 16:00:00,2025,1
З,3.0,н/о,,н/о,1.5,1.3,99,-3.0,-3.0,тепло,1021.8,1017.0,,1.8,,,,2025-01-28 15:00:00,2025-01-28 19:00:00,2025,1
З,3.0,н/о,,н/о,2.0,1.1,94,-2.0,-2.0,тепло,1021.9,1017.1,,,,,,2025-01-28 18:00:00,2025-01-28 22:00:00,2025,1
З,3.0,н/о,,н/о,1.9,1.1,94,-3.0,-3.0,тепло,1022.9,1018.2,,,,,,2025-01-28 21:00:00,2025-01-29 01:00:00,2025,1
З,2.0,н/о,,н/о,2.0,1.3,95,-1.0,-1.0,тепло,1023.5,1018.7,,,,,,2025-01-29 00:00:00,2025-01-29 04:00:00,2025,1
ЮЗ,1.0,н/о,,н/о,1.7,1.2,96,-0.0,-0.0,тепло,1024.4,1019.6,1.5,,,,,2025-01-29 03:00:00,2025-01-29 07:00:00,2025,1
ЮЗ,2.0,н/о,,н/о,1.8,1.3,96,-2.0,-2.0,тепло,1025.3,1020.5,1.5,,,,,2025-01-29 06:00:00,2025-01-29 10:00:00,2025,1
ЮЗ,2.0,н/о,,н/о,2.3,1.7,96,-1.0,-1.0,тепло,1025.8,1021.1,,,,,,2025-01-29 09:00:00,2025-01-29 13:00:00,2025,1
ЮЗ,3.0,н/о,,н/о,2.1,1.4,95,-2.0,-2.0,тепло,1026.2,1021.4,,,,,,2025-01-29 12:00:00,2025-01-29 16:00:00,2025,1
З,2.0,н/о,,н/о,1.4,0.6,94,-2.0,-2.0,тепло,1027.2,1022.4,,2.6,,,,2025-01-29 15:00:00,2025-01-29 19:00:00,2025,1
ЮЗ,2.0,н/о,,н/о,0.9,0.0,94,-3.0,-3.0,тепло,1027.8,1023.0,,,,,,2025-01-29 18:00:00,2025-01-29 22:00:00,2025,1
ЮЗ,2.0,н/о,,н/о,1.0,0.0,93,-3.0,-3.0,тепло,1028.8,1024.0,,,,,,2025-01-29 21:00:00,2025-01-30 01:00:00,2025,1
Ю,2.0,н/о,,н/о,-0.2,-0.8,96,-4.0,-4.0,тепло,1028.9,1024.1,,,,,,2025-01-30 00:00:00,2025-01-30 04:00:00,2025,1
ЮЗ,2.0,н/о,,н/о,-0.8,-0.9,99,-5.0,-5.0,тепло,1029.3,1024.4,-1.0,,,,,2025-01-30 03:00:00,2025-01-30 07:00:00,2025,1
ЮЗ,3.0,н/о,,н/о,-0.9,-0.9,100,-6.0,-6.0,тепло,1029.4,1024.5,-1.0,,,,,2025-01-30 06:00:00,2025-01-30 10:00:00,2025,1
ЮЗ,4.0,н/о,,н/о,-0.8,-1.1,98,-7.0,-7.0,тепло,1029.5,1024.6,,,,,,2025-01-30 09:00:00,2025-01-30 13:00:00,2025,1
З,2.0,н/о,,н/о,-0.4,-0.9,96,-4.0,-4.0,тепло,1029.1,1024.3,,,,,,2025-01-30 12:00:00,2025-01-30 16:00:00,2025,1
ЮЗ,2.0,н/о,,н/о,0.1,-0.6,95,-4.0,-4.0,тепло,1029.1,1024.2,,0.1,,,,2025-01-30 15:00:00,2025-01-30 19:00:00,2025,1
штиль,0.0,н/о,,н/о,0.1,-0.4,96,-1.0,-1.0,тепло,1028.7,1023.8,,,,,,2025-01-30 18:00:00,2025-01-30 22:00:00,2025,1
ЮЗ,1.0,н/о,,н/о,0.3,-0.2,96,-2.0,-2.0,тепло,1028.6,1023.8,,,,,,2025-01-30 21:00:00,2025-01-31 01:00:00,2025,1
ЮЗ,1.0,н/о,,н/о,0.4,0.2,99,-2.0,-2.0,тепло,1028.4,1023.6,,,,,,2025-01-31 00:00:00,2025-01-31 04:00:00,2025,1
Ю,1.0,н/о,,н/о,0.9,0.8,99,-1.0,-1.0,тепло,1027.8,1023.0,0.1,,,,,2025-01-31 03:00:00,2025-01-31 07:00:00,2025,1
штиль,0.0,н/о,,н/о,0.9,0.9,100,-1.0,-1.0,тепло,1028.0,1023.2,,,,,,2025-01-31 06:00:00,2025-01-31 10:00:00,2025,1
ЮЗ,1.0,н/о,,н/о,2.5,1.8,95,1.0,1.0,тепло,1028.1,1023.3,,,,,,2025-01-31 09:00:00,2025-01-31 13:00:00,2025,1
ЮЗ,1.0,н/о,,н/о,2.3,1.6,95,0.0,0.0,тепло,1028.5,1023.7,,,,,,2025-01-31 12:00:00,2025-01-31 16:00:00,2025,1
штиль,0.0,н/о,,н/о,2.2,1.7,96,1.0,1.0,тепло,1029.3,1024.5,,2.8,,,,2025-01-31 15:00:00,2025-01-31 19:00:00,2025,1
штиль,0.0,н/о,,н/о,1.3,1.1,99,-0.0,-0.0,тепло,1029.9,1025.1,,,,,,2025-01-31 18:00:00,2025-01-31 22:00:00,2025,1
штиль,0.0,н/о,,н/о,0.8,0.8,100,-1.0,-1.0,тепло,1029.9,1025.1,,,,,,2025-01-31 21:00:00,2025-02-01 01:00:00,2025,1
З,1.0,н/о,,н/о,1.3,1.3,100,-1.0,-1.0,тепло,1030.5,1025.6,,,,,,2025-02-01 00:00:00,2025-02-01 04:00:00,2025,2
штиль,0.0,н/о,,н/о,0.5,0.5,100,-1.0,-1.0,тепло,1030.5,1025.6,0.5,,,,,2025-02-01 03:00:00,2025-02-01 07:00:00,2025,2
ЮЗ,1.0,н/о,,н/о,2.3,2.2,99,0.0,0.0,тепло,1031.1,1026.3,0.4,,,,,2025-02-01 06:00:00,2025-02-01 10:00:00,2025,2
Ю,1.0,н/о,,н/о,3.2,1.7,90,2.0,2.0,тепло,1031.1,1026.3,,,,,,2025-02-01 09:00:00,2025-02-01 13:00:00,2025,2
Ю,1.0,н/о,,н/о,2.9,1.1,88,1.0,1.0,тепло,1030.8,1026.0,,,,,,2025-02-01 12:00:00,2025-02-01 16:00:00,2025,2
Ю,2.0,н/о,,н/о,1.5,1.1,97,-2.0,-2.0,тепло,1030.6,1025.7,,3.8,,,,2025-02-01 15:00:00,2025-02-01 19:00:00,2025,2
Ю,2.0,н/о,,н/о,1.1,1.0,99,-3.0,-3.0,тепло,1030.2,1025.3,,,,,,2025-02-01 18:00:00,2025-02-01 22:00:00,2025,2
Ю,2.0,н/о,,н/о,0.9,0.9,100,-3.0,-3.0,тепло,1029.6,1024.8,,,,,,2025-02-01 21:00:00,2025-02-02 01:00:00,2025,2
Ю,3.0,н/о,,н/о,1.1,1.1,100,-4.0,-4.0,тепло,1028.8,1024.0,,,,,,2025-02-02 00:00:00,2025-02-02 04:00:00,2025,2
Ю,2.0,н/о,,н/о,1.1,1.1,100,-3.0,-3.0,тепло,1027.9,1023.1,0.7,,,,,2025-02-02 03:00:00,2025-02-02 07:00:00,2025,2
Ю,4.0,н/о,,н/о,0.8,0.3,96,-5.0,-5.0,тепло,1027.0,1022.2,,,,,,2025-02-02 06:00:00,2025-02-02 10:00:00,2025,2
Ю,,н/о,,н/о,-0.3,-0.7,97,-7.0,-7.0,тепло,1026.5,1021.7,,,,,,2025-02-02 09:00:00,2025-02-02 13:00:00,2025,2
Ю,,н/о,,н/о,-0.4,-0.4,100,-7.0,-7.0,тепло,1025.6,1020.8,,,,,,2025-02-02 12:00:00,2025-02-02 16:00:00,2025,2
Ю,,н/о,,н/о,-0.6,-0.6,100,-6.0,-6.0,тепло,1025.7,1020.8,,1.1,,,,2025-02-02 15:00:00,2025-02-02 19:00:00,2025,2
Ю,3.0,н/о,,н/о,-1.2,-1.2,100,-6.0,-6.0,тепло,1025.5,1020.6,,,,,,2025-02-02 18:00:00,2025-02-02 22:00:00,2025,2
Ю,3.0,н/о,,н/о,-1.7,-1.7,100,-7.0,-7.0,тепло,1025.1,1020.3,,,,,,2025-02-02 21:00:00,2025-02-03 01:00:00,2025,2
Ю,4.0,н/о,,н/о,-2.3,-2.3,100,-9.0,-9.0,тепло,1024.4,1019.5,,,,,,2025-02-03 00:00:00,2025-02-03 04:00:00,2025,2
Ю,5.0,н/о,,н/о,-2.4,-2.4,100,-9.0,-9.0,тепло,1023.4,1018.5,-2.4,,,,,2025-02-03 03:00:00,2025-02-03 07:00:00,2025,2
Ю,3.0,н/о,,н/о,-2.5,-2.5,100,-8.0,-8.0,тепло,1023.4,1018.5,-2.6,,,,,2025-02-03 06:00:00,2025-02-03 10:00:00,2025,2
Ю,3.0,н/о,,н/о,-1.4,-1.4,100,-7.0,-7.0,тепло,1023.1,1018.3,,,,,,2025-02-03 09:00:00,2025-02-03 13:00:00,2025,2
Ю,2.0,н/о,,н/о,-0.7,-1.2,96,-5.0,-5.0,тепло,1022.6,1017.7,,,,,,2025-02-03 12:00:00,2025-02-03 16:00:00,2025,2
Ю,3.0,н/о,,н/о,-0.3,-0.3,100,-5.0,-5.0,тепло,1022.9,1018.0,,-0.3,,,,2025-02-03 15:00:00,2025-02-03 19:00:00,2025,2
Ю,2.0,н/о,,н/о,-0.6,-0.6,100,-5.0,-5.0,тепло,1025.0,1020.2,,,,,,2025-02-03 21:00:00,2025-02-04 01:00:00,2025,2
Ю,3.0,н/о,,н/о,-0.7,-0.7,100,-6.0,-6.0,тепло,1025.9,1021.1,,,,,,2025-02-04 00:00:00,2025-02-04 04:00:00,2025,2
ЮВ,2.0,н/о,,н/о,-1.1,-1.1,100,-5.0,-5.0,тепло,1027.3,1022.5,-1.1,,,,,2025-02-04 03:00:00,2025-02-04 07:00:00,2025,2
ЮВ,2.0,н/о,,н/о,-1.1,-1.1,100,-5.0,-5.0,тепло,1028.8,1024.0,-1.4,,,,,2025-02-04 06:00:00,2025-02-04 10:00:00,2025,2
ЮВ,4.0,н/о,,н/о,-0.4,-1.4,93,-6.0,-6.0,тепло,1029.5,1024.6,,,,,,2025-02-04 09:00:00,2025-02-04 13:00:00,2025,2
В,3.0,н/о,,н/о,-1.6,-3.5,87,-7.0,-7.0,тепло,1030.5,1025.6,,,,,,2025-02-04 12:00:00,2025-02-04 16:00:00,2025,2
В,2.0,н/о,,н/о,-2.2,-3.7,89,-6.0,-6.0,тепло,1030.8,1025.9,,-0.3,,,,2025-02-04 15:00:00,2025-02-04 19:00:00,2025,2
В,2.0,н/о,,н/о,-4.6,-6.4,87,-9.0,-9.0,тепло,1031.7,1026.7,,,,,,2025-02-04 18:00:00,2025-02-04 22:00:00,2025,2
В,2.0,н/о,,н/о,-5.7,-7.3,88,-10.0,-10.0,тепло,1032.1,1027.2,,,,,,2025-02-04 21:00:00,2025-02-05 01:00:00,2025,2
В,2.0,н/о,,н/о,-4.7,-6.0,91,-9.0,-9.0,тепло,1032.8,1027.9,,,,,,2025-02-05 00:00:00,2025-02-05 04:00:00,2025,2
В,3.0,н/о,,н/о,-4.3,-7.0,81,-10.0,-10.0,тепло,1033.8,1028.9,-5.9,,,,,2025-02-05 03:00:00,2025-02-05 07:00:00,2025,2
В,3.0,н/о,,н/о,-5.2,-8.3,79,-11.0,-11.0,тепло,1034.9,1029.9,,,,,,2025-02-05 06:00:00,2025-02-05 10:00:00,2025,2
В,3.0,н/о,,н/о,-2.9,-8.6,65,-8.0,-8.0,тепло,1035.4,1030.5,,,,,,2025-02-05 09:00:00,2025-02-05 13:00:00,2025,2
В,3.0,н/о,,н/о,-2.3,-8.2,64,-7.0,-7.0,тепло,1035.3,1030.4,,,,,,2025-02-05 12:00:00,2025-02-05 16:00:00,2025,2
ЮВ,1.0,н/о,,н/о,-6.3,-9.2,80,-9.0,-9.0,тепло,1036.5,1031.5,,-2.0,,,,2025-02-05 15:00:00,2025-02-05 19:00:00,2025,2
В,3.0,н/о,,н/о,-5.6,-9.0,77,-11.0,-11.0,по сезону,1037.5,1032.5,,,,,,2025-02-05 18:00:00,2025-02-05 22:00:00,2025,2
В,2.0,н/о,,н/о,-6.9,-9.8,80,-11.0,-11.0,тепло,1038.4,1033.4,,,,,,2025-02-05 21:00:00,2025-02-06 01:00:00,2025,2
В,2.0,н/о,,н/о,-7.9,-10.5,82,-12.0,-12.0,по сезону,1039.6,1034.6,,,,,,2025-02-06 00:00:00,2025-02-06 04:00:00,2025,2
В,2.0,н/о,,н/о,-9.0,-11.0,85,-13.0,-13.0,по сезону,1040.6,1035.5,-9.0,,,,,2025-02-06 03:00:00,2025-02-06 07:00:00,2025,2
В,2.0,н/о,,н/о,-8.1,-10.2,85,-13.0,-13.0,по сезону,1042.2,1037.1,-9.6,,,,,2025-02-06 06:00:00,2025-02-06 10:00:00,2025,2
В,3.0,н/о,,н/о,-5.1,-7.3,85,-11.0,-11.0,по сезону,1043.0,1038.0,,,,,,2025-02-06 09:00:00,2025-02-06 13:00:00,2025,2
В,3.0,н/о,,н/о,-4.3,-6.6,84,-10.0,-10.0,по сезону,1044.0,1039.0,,,,,,2025-02-06 12:00:00,2025-02-06 16:00:00,2025,2
В,1.0,н/о,,н/о,-5.4,-7.2,87,-8.0,-8.0,тепло,1044.8,1039.8,,-4.3,,,,2025-02-06 15:00:00,2025-02-06 19:00:00,2025,2
СВ,1.0,н/о,,н/о,-6.2,-7.8,88,-9.0,-9.0,тепло,1045.6,1040.5,,,,,,2025-02-06 18:00:00,2025-02-06 22:00:00,2025,2
В,1.0,н/о,,н/о,-5.4,-6.5,92,-8.0,-8.0,тепло,1046.0,1041.0,,,,,,2025-02-06 21:00:00,2025-02-07 01:00:00,2025,2
В,2.0,н/о,,н/о,-6.7,-8.0,90,-11.0,-11.0,по сезону,1047.6,1042.5,,,,,,2025-02-07 00:00:00,2025-02-07 04:00:00,2025,2
В,1.0,н/о,,н/о,-9.2,-10.1,93,-12.0,-12.0,по сезону,1048.3,1043.2,-9.2,,,,,2025-02-07 03:00:00,2025-02-07 07:00:00,2025,2
штиль,0.0,н/о,,н/о,-9.5,-9.7,98,-10.0,-10.0,по сезону,1049.7,1044.6,-12.3,,,,,2025-02-07 06:00:00,2025-02-07 10:00:00,2025,2
СЗ,1.0,н/о,,н/о,-4.8,-7.6,81,-7.0,-7.0,тепло,1049.6,1044.6,,,,,,2025-02-07 09:00:00,2025-02-07 13:00:00,2025,2
С,2.0,н/о,,н/о,-2.9,-6.7,75,-7.0,-7.0,по сезону,1049.1,1044.1,,,,,,2025-02-07 12:00:00,2025-02-07 16:00:00,2025,2
СЗ,1.0,н/о,,н/о,-7.6,-9.0,90,-10.0,-10.0,по сезону,1049.1,1044.0,,-2.7,,,,2025-02-07 15:00:00,2025-02-07 19:00:00,2025,2
СЗ,1.0,н/о,,н/о,-10.4,-10.9,96,-13.0,-13.0,по сезону,1048.9,1043.7,,,,,,2025-02-07 18:00:00,2025-02-07 22:00:00,2025,2
СЗ,1.0,н/о,,н/о,-9.6,-10.1,96,-12.0,-12.0,по сезону,1048.5,1043.4,,,,,,2025-02-07 21:00:00,2025-02-08 01:00:00,2025,2
СЗ,1.0,н/о,,н/о,-11.9,-12.4,96,-14.0,-14.0,по сезону,1048.6,1043.4,,,,,,2025-02-08 00:00:00,2025-02-08 04:00:00,2025,2
СЗ,1.0,н/о,,н/о,-12.6,-13.0,97,-15.0,-15.0,по сезону,1048.2,1043.0,-12.8,,,,,2025-02-08 03:00:00,2025-02-08 07:00:00,2025,2
СЗ,2.0,н/о,,н/о,-10.7,-11.1,97,-15.0,-15.0,по сезону,1048.6,1043.5,,,,,,2025-02-08 06:00:00,2025-02-08 10:00:00,2025,2
С,3.0,н/о,,н/о,-6.7,-9.0,84,-12.0,-12.0,по сезону,1048.2,1043.1,,,,,,2025-02-08 09:00:00,2025-02-08 13:00:00,2025,2
С,4.0,н/о,,н/о,-4.6,-7.4,81,-11.0,-11.0,по сезону,1047.3,1042.3,,,,,,2025-02-08 12:00:00,2025-02-08 16:00:00,2025,2
С,3.0,н/о,,н/о,-8.1,-10.0,86,-14.0,-14.0,по сезону,1047.3,1042.2,,-4.4,,,,2025-02-08 15:00:00,2025-02-08 19:00:00,2025,2
С,3.0,н/о,,н/о,-9.7,-11.5,87,-16.0,-16.0,по сезону,1047.0,1041.9,,,,,,2025-02-08 18:00:00,2025-02-08 22:00:00,2025,2
С,4.0,н/о,,н/о,-11.1,-12.1,92,-18.0,-18.0,прохладно,1046.8,1041.7,,,,,,2025-02-08 21:00:00,2025-02-09 01:00:00,2025,2
С,4.0,н/о,,н/о,-10.9,-11.6,95,-18.0,-18.0,прохладно,1045.5,1040.4,,,,,,2025-02-09 00:00:00,2025-02-09 04:00:00,2025,2
С,4.0,н/о,,н/о,-9.1,-9.5,97,-16.0,-16.0,прохладно,1044.8,1039.7,-11.5,,,,,2025-02-09 03:00:00,2025-02-09 07:00:00,2025,2
СВ,3.0,н/о,,н/о,-8.7,-9.1,97,-15.0,-15.0,по сезону,1044.9,1039.8,,,,,,2025-02-09 06:00:00,2025-02-09 10:00:00,2025,2
СВ,4.0,н/о,,н/о,-7.8,-8.9,92,-15.0,-15.0,прохладно,1044.3,1039.2,,,,,,2025-02-09 09:00:00,2025-02-09 13:00:00,2025,2
В,2.0,н/о,,н/о,-6.2,-8.9,81,-10.0,-10.0,по сезону,1043.6,1038.6,,,,,,2025-02-09 12:00:00,2025-02-09 16:00:00,2025,2
СВ,2.0,н/о,,н/о,-7.8,-8.7,93,-12.0,-12.0,по сезону,1043.8,1038.7,,-6.0,,,,2025-02-09 15:00:00,2025-02-09 19:00:00,2025,2
СВ,2.0,н/о,,н/о,-8.4,-8.9,96,-13.0,-13.0,по сезону,1043.6,1038.5,,,,,,2025-02-09 18:00:00,2025-02-09 22:00:00,2025,2
СВ,2.0,н/о,,н/о,-8.6,-8.8,98,-13.0,-13.0,по сезону,1042.9,1037.8,,,,,,2025-02-09 21:00:00,2025-02-10 01:00:00,2025,2
В,1.0,н/о,,н/о,-9.1,-9.2,99,-12.0,-12.0,тепло,1041.9,1036.8,,,,,,2025-02-10 00:00:00,2025-02-10 04:00:00,2025,2
СВ,2.0,н/о,,н/о,-9.4,-9.6,98,-14.0,-14.0,по сезону,1041.0,1035.9,-9.4,,,,,2025-02-10 03:00:00,2025-02-10 07:00:00,2025,2
СВ,1.0,н/о,,н/о,-9.5,-9.7,98,-12.0,-12.0,тепло,1040.5,1035.4,-9.6,,,,,2025-02-10 06:00:00,2025-02-10 10:00:00,2025,2
В,1.0,н/о,,н/о,-8.0,-8.1,99,-11.0,-11.0,по сезону,1039.6,1034.5,,,,,,2025-02-10 09:00:00,2025-02-10 13:00:00,2025,2
СВ,1.0,н/о,,н/о,-5.3,-7.9,82,-8.0,-8.0,тепло,1038.0,1033.0,,,,,,2025-02-10 12:00:00,2025-02-10 16:00:00,2025,2
штиль,0.0,н/о,,н/о,-9.4,-10.6,91,-10.0,-10.0,по сезону,1037.7,1032.6,,-5.2,,,,2025-02-10 15:00:00,2025-02-10 19:00:00,2025,2
штиль,0.0,н/о,,н/о,-12.0,-12.4,97,-12.0,-12.0,по сезону,1037.0,1031.9,,,,,,2025-02-10 18:00:00,2025-02-10 22:00:00,2025,2
штиль,0.0,н/о,,н/о,-13.7,-14.3,95,-14.0,-14.0,по сезону,1037.0,1031.8,,,,,,2025-02-10 21:00:00,2025-02-11 01:00:00,2025,2
штиль,0.0,н/о,,н/о,-13.2,-13.7,96,-13.0,-13.0,по сезону,1036.5,1031.4,,,,,,2025-02-11 00:00:00,2025-02-11 04:00:00,2025,2
С,1.0,н/о,,н/о,-14.0,-14.7,94,-16.0,-16.0,по сезону,1036.3,1031.2,-15.8,,,,,2025-02-11 03:00:00,2025-02-11 07:00:00,2025,2
штиль,0.0,н/о,,н/о,-12.1,-12.6,96,-12.0,-12.0,по сезону,1037.1,1032.0,,,,,,2025-02-11 06:00:00,2025-02-11 10:00:00,2025,2
СВ,4.0,н/о,,н/о,-8.5,-9.0,96,-15.0,-15.0,по сезону,1037.0,1032.0,,,,,,2025-02-11 09:00:00,2025-02-11 13:00:00,2025,2
С,4.0,н/о,,н/о,-8.0,-9.4,90,-15.0,-15.0,по сезону,1036.4,1031.4,,,,,,2025-02-11 12:00:00,2025-02-11 16:00:00,2025,2
С,6.0,н/о,,н/о,-8.9,-9.8,93,-17.0,-17.0,по сезону,1036.6,1031.6,,-7.6,,,,2025-02-11 15:00:00,2025-02-11 19:00:00,2025,2
С,4.0,н/о,,н/о,-8.7,-9.6,93,-16.0,-16.0,по сезону,1036.5,1031.5,,,,,,2025-02-11 18:00:00,2025-02-11 22:00:00,2025,2
С,3.0,н/о,,н/о,-9.3,-10.2,93,-15.0,-15.0,по сезону,1035.4,1030.3,,,,,,2025-02-11 21:00:00,2025-02-12 01:00:00,2025,2
СЗ,3.0,н/о,,н/о,-10.0,-10.9,93,-16.0,-16.0,по сезону,1034.7,1029.6,,,,,,2025-02-12 00:00:00,2025-02-12 04:00:00,2025,2
СЗ,1.0,н/о,,н/о,-13.2,-13.7,96,-16.0,-16.0,по сезону,1033.9,1028.8,-13.2,,,,,2025-02-12 03:00:00,2025-02-12 07:00:00,2025,2
СЗ,1.0,н/о,,н/о,-9.8,-10.2,97,-12.0,-12.0,по сезону,1033.0,1027.9,,,,,,2025-02-12 06:00:00,2025-02-12 10:00:00,2025,2
З,2.0,н/о,,н/о,-7.4,-8.6,91,-12.0,-12.0,по сезону,1031.6,1026.7,,,,,,2025-02-12 09:00:00,2025-02-12 13:00:00,2025,2
З,2.0,н/о,,н/о,-7.5,-8.6,92,-12.0,-12.0,по сезону,1029.5,1024.5,,,,,,2025-02-12 12:00:00,2025-02-12 16:00:00,2025,2
З,1.0,н/о,,н/о,-8.2,-8.8,95,-11.0,-11.0,по сезону,1028.6,1023.6,,-6.7,,,,2025-02-12 15:00:00,2025-02-12 19:00:00,2025,2
штиль,0.0,н/о,,н/о,-8.9,-9.5,95,-10.0,-10.0,тепло,1027.2,1022.2,,,,,,2025-02-12 18:00:00,2025-02-12 22:00:00,2025,2
З,1.0,н/о,,н/о,-6.9,-8.5,88,-9.0,-9.0,тепло,1025.8,1020.8,,,,,,2025-02-12 21:00:00,2025-02-13 01:00:00,2025,2
З,2.0,н/о,,н/о,-7.7,-9.2,89,-12.0,-12.0,по сезону,1025.0,1020.0,,,,,,2025-02-13 00:00:00,2025-02-13 04:00:00,2025,2
СЗ,1.0,н/о,,н/о,-10.9,-12.0,92,-13.0,-13.0,по сезону,1025.1,1020.1,-10.9,,,,,2025-02-13 03:00:00,2025-02-13 07:00:00,2025,2
штиль,0.0,н/о,,н/о,-12.0,-12.6,95,-12.0,-12.0,по сезону,1026.0,1021.0,-13.9,,,,,2025-02-13 06:00:00,2025-02-13 10:00:00,2025,2
С,1.0,н/о,,н/о,-7.2,-9.6,83,-10.0,-10.0,по сезону,1025.4,1020.4,,,,,,2025-02-13 09:00:00,2025-02-13 13:00:00,2025,2
Ю,2.0,н/о,,н/о,-5.9,-9.4,76,-10.0,-10.0,по сезону,1024.6,1019.6,,,,,,2025-02-13 12:00:00,2025-02-13 16:00:00,2025,2
ЮВ,2.0,н/о,,н/о,-10.3,-11.6,90,-15.0,-15.0,по сезону,1024.0,1019.0,,-5.3,,,,2025-02-13 15:00:00,2025-02-13 19:00:00,2025,2
ЮВ,1.0,н/о,,н/о,-13.5,-14.0,96,-16.0,-16.0,по сезону,1023.3,1018.2,,,,,,2025-02-13 18:00:00,2025-02-13 22:00:00,2025,2
штиль,0.0,н/о,,н/о,-15.8,-16.7,93,-16.0,-16.0,по сезону,1022.5,1017.4,,,,,,2025-02-13 21:00:00,2025-02-14 01:00:00,2025,2
Ю,2.0,н/о,,н/о,-13.1,-13.7,95,-18.0,-18.0,по сезону,1021.9,1016.8,,,,,,2025-02-14 00:00:00,2025-02-14 04:00:00,2025,2
Ю,2.0,н/о,,н/о,-10.3,-10.7,97,-15.0,-15.0,по сезону,1020.9,1015.9,-17.7,,,,,2025-02-14 03:00:00,2025-02-14 07:00:00,2025,2
Ю,2.0,н/о,,н/о,-9.1,-9.4,98,-14.0,-14.0,по сезону,1020.4,1015.4,,,,,,2025-02-14 06:00:00,2025-02-14 10:00:00,2025,2
Ю,3.0,н/о,,н/о,-8.6,-9.5,93,-15.0,-15.0,по сезону,1019.5,1014.6,,,,,,2025-02-14 09:00:00,2025-02-14 13:00:00,2025,2
ЮЗ,3.0,н/о,,н/о,-7.6,-10.2,82,-13.0,-13.0,по сезону,1019.0,1014.1,,,,,,2025-02-14 12:00:00,2025-02-14 16:00:00,2025,2
ЮЗ,2.0,н/о,,н/о,-10.7,-12.2,89,-15.0,-15.0,по сезону,1018.8,1013.9,,-7.0,,,,2025-02-14 15:00:00,2025-02-14 19:00:00,2025,2
ЮЗ,1.0,н/о,,н/о,-12.0,-13.2,91,-14.0,-14.0,по сезону,1018.9,1013.9,,,,,,2025-02-14 18:00:00,2025-02-14 22:00:00,2025,2
Ю,2.0,н/о,,н/о,-15.8,-16.5,94,-21.0,-21.0,по сезону,1018.3,1013.2,,,,,,2025-02-14 21:00:00,2025-02-15 01:00:00,2025,2
ЮВ,2.0,н/о,,н/о,-15.2,-16.0,94,-20.0,-20.0,по сезону,1017.0,1012.0,,,,,,2025-02-15 00:00:00,2025-02-15 04:00:00,2025,2
Ю,2.0,н/о,,н/о,-14.5,-15.3,94,-19.0,-19.0,по сезону,1016.0,1011.0,-17.0,,,,,2025-02-15 03:00:00,2025-02-15 07:00:00,2025,2
Ю,3.0,н/о,,н/о,-11.3,-12.2,93,-17.0,-17.0,по сезону,1014.9,1009.9,,,,,,2025-02-15 06:00:00,2025-02-15 10:00:00,2025,2
Ю,3.0,н/о,,н/о,-6.8,-9.5,81,-12.0,-12.0,по сезону,1012.4,1007.5,,,,,,2025-02-15 09:00:00,2025-02-15 13:00:00,2025,2
Ю,,н/о,,н/о,-2.2,-6.2,74,-9.0,-9.0,по сезону,1009.1,1004.3,,,,,,2025-02-15 12:00:00,2025-02-15 16:00:00,2025,2
Ю,,н/о,,н/о,-1.9,-4.3,84,-8.0,-8.0,тепло,1007.1,1002.4,,-1.9,,,,2025-02-15 15:00:00,2025-02-15 19:00:00,2025,2
Ю,,н/о,,н/о,-4.8,-5.5,95,-13.0,-13.0,по сезону,1006.0,1001.2,,,,,,2025-02-15 18:00:00,2025-02-15 22:00:00,2025,2
Ю,,н/о,,н/о,-4.4,-4.5,99,-11.0,-11.0,тепло,1003.5,998.7,,,,,,2025-02-15 21:00:00,2025-02-16 01:00:00,2025,2
Ю,3.0,н/о,,н/о,-2.7,-2.7,100,-8.0,-8.0,тепло,999.9,995.1,,,,,,2025-02-16 00:00:00,2025-02-16 04:00:00,2025,2
З,4.0,н/о,,н/о,-2.5,-2.5,100,-9.0,-9.0,тепло,999.3,994.6,-4.9,,,,,2025-02-16 03:00:00,2025-02-16 07:00:00,2025,2
З,3.0,н/о,,н/о,-8.7,-9.7,92,-15.0,-15.0,по сезону,1003.6,998.7,-8.7,,,,,2025-02-16 06:00:00,2025-02-16 10:00:00,2025,2
З,3.0,н/о,,н/о,-8.2,-11.3,78,-14.0,-14.0,по сезону,1006.7,1001.8,,,,,,2025-02-16 09:00:00,2025-02-16 13:00:00,2025,2
З,4.0,н/о,,н/о,-8.0,-11.9,73,-15.0,-15.0,по сезону,1008.2,1003.3,,,,,,2025-02-16 12:00:00,2025-02-16 16:00:00,2025,2
З,1.0,н/о,,н/о,-10.4,-12.5,85,-13.0,-13.0,по сезону,1010.6,1005.6,,-2.5,,,,2025-02-16 15:00:00,2025-02-16 19:00:00,2025,2
Ю,2.0,н/о,,н/о,-11.5,-13.7,84,-16.0,-16.0,по сезону,1011.1,1006.1,,,,,,2025-02-16 18:00:00,2025-02-16 22:00:00,2025,2
ЮЗ,2.0,н/о,,н/о,-11.7,-13.5,86,-16.0,-16.0,по сезону,1011.8,1006.8,,,,,,2025-02-16 21:00:00,2025-02-17 01:00:00,2025,2
Ю,2.0,н/о,,н/о,-13.4,-14.3,93,-18.0,-18.0,по сезону,1012.5,1007.5,,,,,,2025-02-17 00:00:00,2025-02-17 04:00:00,2025,2
З,2.0,н/о,,н/о,-13.0,-14.2,91,-18.0,-18.0,по сезону,1014.5,1009.5,-14.2,,,,,2025-02-17 03:00:00,2025-02-17 07:00:00,2025,2
З,4.0,н/о,,н/о,-13.0,-14.8,86,-20.0,-20.0,прохладно,1017.3,1012.3,,,,,,2025-02-17 06:00:00,2025-02-17 10:00:00,2025,2
З,2.0,н/о,,н/о,-10.5,-13.8,77,-15.0,-15.0,по сезону,1019.4,1014.4,,,,,,2025-02-17 09:00:00,2025-02-17 13:00:00,2025,2
ЮЗ,3.0,н/о,,н/о,-9.2,-13.4,71,-15.0,-15.0,прохладно,1020.8,1015.9,,,,,,2025-02-17 12:00:00,2025-02-17 16:00:00,2025,2
Ю,2.0,н/о,,н/о,-13.3,-15.2,86,-18.0,-18.0,прохладно,1022.9,1017.8,,-8.9,,,,2025-02-17 15:00:00,2025-02-17 19:00:00,2025,2
Ю,1.0,н/о,,н/о,-16.8,-18.0,90,-20.0,-20.0,холодно,1024.8,1019.7,,,,,,2025-02-17 18:00:00,2025-02-17 22:00:00,2025,2
В,1.0,н/о,,н/о,-18.8,-20.1,89,-22.0,-22.0,холодно,1026.3,1021.1,,,,,,2025-02-17 21:00:00,2025-02-18 01:00:00,2025,2
Ю,2.0,н/о,,н/о,-18.6,-19.6,92,-24.0,-24.0,очень  холодно,1027.4,1022.2,,,,,,2025-02-18 00:00:00,2025-02-18 04:00:00,2025,2
штиль,0.0,н/о,,н/о,-25.0,-26.6,86,-25.0,-25.0,очень  холодно,1028.8,1023.4,-25.0,,,,,2025-02-18 03:00:00,2025-02-18 07:00:00,2025,2
СЗ,1.0,н/о,,н/о,-21.8,-23.3,88,-25.0,-25.0,очень  холодно,1030.1,1024.8,-26.2,,,,,2025-02-18 06:00:00,2025-02-18 10:00:00,2025,2
Ю,2.0,н/о,,н/о,-11.8,-15.3,75,-16.0,-16.0,прохладно,1030.5,1025.4,,,,,,2025-02-18 09:00:00,2025-02-18 13:00:00,2025,2
Ю,2.0,н/о,,н/о,-9.7,-14.1,70,-14.0,-14.0,прохладно,1030.2,1025.2,,,,,,2025-02-18 12:00:00,2025-02-18 16:00:00,2025,2
Ю,2.0,н/о,,н/о,-14.6,-16.1,88,-20.0,-20.0,очень  холодно,1031.1,1025.9,,-9.7,,,,2025-02-18 15:00:00,2025-02-18 19:00:00,2025,2
В,1.0,н/о,,н/о,-16.6,-17.8,90,-19.0,-19.0,холодно,1031.4,1026.3,,,,,,2025-02-18 18:00:00,2025-02-18 22:00:00,2025,2
ЮВ,1.0,н/о,,н/о,-18.9,-20.0,91,-22.0,-22.0,очень  холодно,1031.6,1026.4,,,,,,2025-02-18 21:00:00,2025-02-19 01:00:00,2025,2
Ю,3.0,н/о,,н/о,-16.8,-17.8,92,-24.0,-24.0,очень  холодно,1030.7,1025.5,,,,,,2025-02-19 00:00:00,2025-02-19 04:00:00,2025,2
Ю,2.0,н/о,,н/о,-16.3,-17.3,92,-22.0,-22.0,очень  холодно,1030.8,1025.6,-21.0,,,,,2025-02-19 03:00:00,2025-02-19 07:00:00,2025,2
ЮЗ,1.0,н/о,,н/о,-13.9,-15.2,90,-16.0,-16.0,прохладно,1031.2,1026.1,,,,,,2025-02-19 06:00:00,2025-02-19 10:00:00,2025,2
Ю,2.0,н/о,,н/о,-9.1,-11.7,81,-14.0,-14.0,прохладно,1031.0,1025.9,,,,,,2025-02-19 09:00:00,2025-02-19 13:00:00,2025,2
Ю,3.0,н/о,,н/о,-7.9,-11.6,75,-14.0,-14.0,прохладно,1030.5,1025.5,,,,,,2025-02-19 12:00:00,2025-02-19 16:00:00,2025,2
Ю,2.0,н/о,,н/о,-9.5,-11.7,84,-14.0,-14.0,прохладно,1030.9,1025.9,,-7.8,,,,2025-02-19 15:00:00,2025-02-19 19:00:00,2025,2
Ю,3.0,н/о,,н/о,-11.9,-13.1,91,-18.0,-18.0,холодно,1031.3,1026.2,,,,,,2025-02-19 18:00:00,2025-02-19 22:00:00,2025,2
Ю,3.0,н/о,,н/о,-13.1,-14.3,91,-19.0,-19.0,холодно,1031.8,1026.7,,,,,,2025-02-19 21:00:00,2025-02-20 01:00:00,2025,2
штиль,0.0,н/о,,н/о,-14.2,-15.3,91,-14.0,-14.0,по сезону,1032.4,1027.3,,,,,,2025-02-20 00:00:00,2025-02-20 04:00:00,2025,2
Ю,2.0,н/о,,н/о,-15.3,-16.6,90,-20.0,-20.0,по сезону,1032.8,1027.6,-15.3,,,,,2025-02-20 03:00:00,2025-02-20 07:00:00,2025,2
Ю,3.0,н/о,,н/о,-15.3,-17.3,85,-22.0,-22.0,прохладно,1033.7,1028.5,-17.1,,,,,2025-02-20 06:00:00,2025-02-20 10:00:00,2025,2
Ю,2.0,н/о,,н/о,-10.2,-14.0,74,-15.0,-15.0,по сезону,1033.9,1028.8,,,,,,2025-02-20 09:00:00,2025-02-20 13:00:00,2025,2
Ю,2.0,н/о,,н/о,-8.7,-13.6,68,-13.0,-13.0,по сезону,1034.2,1029.2,,,,,,2025-02-20 12:00:00,2025-02-20 16:00:00,2025,2
Ю,1.0,н/о,,н/о,-13.0,-15.2,84,-15.0,-15.0,по сезону,1035.5,1030.4,,-8.0,,,,2025-02-20 15:00:00,2025-02-20 19:00:00,2025,2
ЮВ,2.0,н/о,,н/о,-18.0,-19.0,92,-23.0,-23.0,холодно,1036.4,1031.2,,,,,,2025-02-20 18:00:00,2025-02-20 22:00:00,2025,2
штиль,0.0,н/о,,н/о,-21.9,-23.3,88,-22.0,-22.0,прохладно,1037.1,1031.8,,,,,,2025-02-20 21:00:00,2025-02-21 01:00:00,2025,2
ЮВ,1.0,н/о,,н/о,-23.1,-24.6,87,-26.0,-26.0,очень  холодно,1037.9,1032.5,,,,,,2025-02-21 00:00:00,2025-02-21 04:00:00,2025,2
Ю,1.0,н/о,,н/о,-23.7,-25.4,86,-27.0,-27.0,очень  холодно,1038.1,1032.7,-25.0,,,,,2025-02-21 03:00:00,2025-02-21 07:00:00,2025,2
штиль,0.0,н/о,,н/о,-19.8,-21.0,90,-20.0,-20.0,прохладно,1039.0,1033.7,-26.3,,,,,2025-02-21 06:00:00,2025-02-21 10:00:00,2025,2
штиль,0.0,н/о,,н/о,-11.2,-15.1,73,-11.0,-11.0,по сезону,1038.1,1033.0,,,,,,2025-02-21 09:00:00,2025-02-21 13:00:00,2025,2
С,4.0,н/о,,н/о,-7.7,-11.6,74,-14.0,-14.0,по сезону,1037.0,1032.0,,,,,,2025-02-21 12:00:00,2025-02-21 16:00:00,2025,2
С,2.0,н/о,,н/о,-10.9,-13.6,80,-15.0,-15.0,по сезону,1036.9,1031.8,,-7.7,,,,2025-02-21 15:00:00,2025-02-21 19:00:00,2025,2
С,2.0,н/о,,н/о,-14.3,-15.2,93,-19.0,-19.0,по сезону,1035.8,1030.7,,,,,,2025-02-21 21:00:00,2025-02-22 01:00:00,2025,2
С,2.0,н/о,,н/о,-14.6,-15.5,93,-20.0,-20.0,по сезону,1034.5,1029.4,,,,,,2025-02-22 00:00:00,2025-02-22 04:00:00,2025,2
С,4.0,н/о,,н/о,-14.1,-15.4,90,-22.0,-22.0,прохладно,1032.9,1027.8,-15.8,,,,,2025-02-22 03:00:00,2025-02-22 07:00:00,2025,2
С,6.0,н/о,,н/о,-12.5,-15.2,80,-21.0,-21.0,прохладно,1031.9,1026.8,,,,,,2025-02-22 06:00:00,2025-02-22 10:00:00,2025,2
С,7.0,н/о,,н/о,-8.7,-13.6,68,-18.0,-18.0,прохладно,1030.2,1025.1,,,,,,2025-02-22 09:00:00,2025-02-22 13:00:00,2025,2
С,,н/о,,н/о,-8.5,-10.1,88,-17.0,-17.0,холодно,1028.5,1023.5,,,,,,2025-02-22 12:00:00,2025-02-22 16:00:00,2025,2
С,,н/о,,н/о,-8.7,-10.6,86,-17.0,-17.0,прохладно,1027.8,1022.8,,-8.4,,,,2025-02-22 15:00:00,2025-02-22 19:00:00,2025,2
С,4.0,н/о,,н/о,-9.5,-10.7,91,-16.0,-16.0,по сезону,1027.2,1022.2,,,,,,2025-02-22 18:00:00,2025-02-22 22:00:00,2025,2
С,4.0,н/о,,н/о,-9.4,-10.3,93,-16.0,-16.0,по сезону,1026.1,1021.1,,,,,,2025-02-22 21:00:00,2025-02-23 01:00:00,2025,2
С,4.0,н/о,,н/о,-8.7,-9.6,93,-16.0,-16.0,по сезону,1025.3,1020.3,,,,,,2025-02-23 00:00:00,2025-02-23 04:00:00,2025,2
С,3.0,н/о,,н/о,-7.9,-9.1,91,-14.0,-14.0,по сезону,1024.6,1019.6,-9.7,,,,,2025-02-23 03:00:00,2025-02-23 07:00:00,2025,2
С,4.0,н/о,,н/о,-6.9,-8.2,90,-14.0,-14.0,по сезону,1024.4,1019.4,,,,,,2025-02-23 06:00:00,2025-02-23 10:00:00,2025,2
С,3.0,н/о,,н/о,-4.9,-6.6,88,-10.0,-10.0,по сезону,1023.8,1018.9,,,,,,2025-02-23 09:00:00,2025-02-23 13:00:00,2025,2
С,4.0,н/о,,н/о,-4.6,-6.1,89,-11.0,-11.0,по сезону,1023.3,1018.4,,,,,,2025-02-23 12:00:00,2025-02-23 16:00:00,2025,2
С,4.0,н/о,,н/о,-5.6,-7.3,88,-12.0,-12.0,по сезону,1023.1,1018.2,,-4.6,,,,2025-02-23 15:00:00,2025-02-23 19:00:00,2025,2
С,3.0,н/о,,н/о,-6.8,-9.2,83,-12.0,-12.0,по сезону,1022.8,1017.8,,,,,,2025-02-23 18:00:00,2025-02-23 22:00:00,2025,2
СЗ,1.0,н/о,,н/о,-7.6,-8.4,94,-10.0,-10.0,по сезону,1022.7,1017.7,,,,,,2025-02-23 21:00:00,2025-02-24 01:00:00,2025,2
В,2.0,н/о,,н/о,-7.7,-8.7,93,-12.0,-12.0,по сезону,1022.7,1017.7,,,,,,2025-02-24 00:00:00,2025-02-24 04:00:00,2025,2
В,3.0,н/о,,н/о,-10.0,-11.3,90,-16.0,-16.0,по сезону,1023.3,1018.3,-10.0,,,,,2025-02-24 03:00:00,2025-02-24 07:00:00,2025,2
В,3.0,н/о,,н/о,-11.5,-13.7,84,-17.0,-17.0,по сезону,1025.0,1019.9,-12.1,,,,,2025-02-24 06:00:00,2025-02-24 10:00:00,2025,2
В,2.0,н/о,,н/о,-9.6,-13.0,76,-14.0,-14.0,по сезону,1025.7,1020.7,,,,,,2025-02-24 09:00:00,2025-02-24 13:00:00,2025,2
В,2.0,н/о,,н/о,-8.7,-12.3,75,-13.0,-13.0,по сезону,1025.9,1020.9,,,,,,2025-02-24 12:00:00,2025-02-24 16:00:00,2025,2
штиль,0.0,н/о,,н/о,-11.2,-13.6,82,-11.0,-11.0,по сезону,1026.0,1020.9,,-8.2,,,,2025-02-24 15:00:00,2025-02-24 19:00:00,2025,2
Ю,1.0,н/о,,н/о,-14.1,-15.1,92,-17.0,-17.0,по сезону,1025.8,1020.7,,,,,,2025-02-24 18:00:00,2025-02-24 22:00:00,2025,2
штиль,0.0,н/о,,н/о,-20.6,-21.8,90,-21.0,-21.0,прохладно,1025.4,1020.2,,,,,,2025-02-24 21:00:00,2025-02-25 01:00:00,2025,2
штиль,0.0,н/о,,н/о,-23.1,-24.6,87,-23.0,-23.0,холодно,1024.2,1018.9,,,,,,2025-02-25 00:00:00,2025-02-25 04:00:00,2025,2
штиль,0.0,н/о,,н/о,-23.4,-24.9,87,-23.0,-23.0,холодно,1024.1,1018.8,-24.5,,,,,2025-02-25 03:00:00,2025-02-25 07:00:00,2025,2
штиль,0.0,н/о,,н/о,-18.8,-20.0,90,-19.0,-19.0,прохладно,1024.1,1019.0,-25.0,,,,,2025-02-25 06:00:00,2025-02-25 10:00:00,2025,2
СВ,1.0,н/о,,н/о,-11.1,-13.8,80,-13.0,-13.0,по сезону,1023.6,1018.6,,,,,,2025-02-25 09:00:00,2025-02-25 13:00:00,2025,2
С,2.0,н/о,,н/о,-7.7,-11.8,72,-12.0,-12.0,по сезону,1022.9,1017.9,,,,,,2025-02-25 12:00:00,2025-02-25 16:00:00,2025,2
СЗ,1.0,н/о,,н/о,-12.3,-14.6,83,-15.0,-15.0,по сезону,1022.7,1017.7,,-7.0,,,,2025-02-25 15:00:00,2025-02-25 19:00:00,2025,2
штиль,0.0,н/о,,н/о,-17.6,-18.7,91,-18.0,-18.0,прохладно,1023.1,1017.9,,,,,,2025-02-25 18:00:00,2025-02-25 22:00:00,2025,2
СЗ,1.0,н/о,,н/о,-18.0,-19.0,92,-21.0,-21.0,прохладно,1022.2,1017.0,,,,,,2025-02-25 21:00:00,2025-02-26 01:00:00,2025,2
СЗ,1.0,н/о,,н/о,-15.3,-16.2,93,-18.0,-18.0,по сезону,1020.4,1015.3,,,,,,2025-02-26 00:00:00,2025-02-26 04:00:00,2025,2
СЗ,1.0,н/о,,н/о,-13.2,-13.9,94,-16.0,-16.0,по сезону,1020.0,1014.9,-19.2,,,,,2025-02-26 03:00:00,2025-02-26 07:00:00,2025,2
С,4.0,н/о,,н/о,-10.8,-12.3,89,-18.0,-18.0,прохладно,1019.9,1014.9,,,,,,2025-02-26 06:00:00,2025-02-26 10:00:00,2025,2
С,,н/о,,н/о,-8.3,-11.0,81,-17.0,-17.0,прохладно,1018.8,1013.8,,,,,,2025-02-26 09:00:00,2025-02-26 13:00:00,2025,2
С,5.0,н/о,,н/о,-7.3,-10.3,79,-15.0,-15.0,прохладно,1017.9,1012.9,,,,,,2025-02-26 12:00:00,2025-02-26 16:00:00,2025,2
С,2.0,н/о,,н/о,-7.5,-9.7,84,-12.0,-12.0,по сезону,1017.5,1012.6,,-7.2,,,,2025-02-26 15:00:00,2025-02-26 19:00:00,2025,2
С,1.0,н/о,,н/о,-7.2,-8.6,90,-10.0,-10.0,по сезону,1017.2,1012.3,,,,,,2025-02-26 18:00:00,2025-02-26 22:00:00,2025,2
ЮВ,1.0,н/о,,н/о,-7.6,-8.6,93,-10.0,-10.0,по сезону,1017.6,1012.7,,,,,,2025-02-26 21:00:00,2025-02-27 01:00:00,2025,2
ЮВ,1.0,н/о,,н/о,-8.6,-9.4,94,-11.0,-11.0,по сезону,1018.8,1013.9,,,,,,2025-02-27 00:00:00,2025-02-27 04:00:00,2025,2
ЮВ,2.0,н/о,,н/о,-11.7,-12.9,91,-16.0,-16.0,по сезону,1020.0,1015.0,-11.7,,,,,2025-02-27 03:00:00,2025-02-27 07:00:00,2025,2
Ю,2.0,н/о,,н/о,-12.0,-14.3,83,-17.0,-17.0,прохладно,1022.5,1017.5,-12.8,,,,,2025-02-27 06:00:00,2025-02-27 10:00:00,2025,2
Ю,2.0,н/о,,н/о,-8.2,-12.7,70,-13.0,-13.0,по сезону,1023.7,1018.7,,,,,,2025-02-27 09:00:00,2025-02-27 13:00:00,2025,2
СВ,1.0,н/о,,н/о,-7.7,-12.1,71,-10.0,-10.0,по сезону,1024.1,1019.2,,,,,,2025-02-27 12:00:00,2025-02-27 16:00:00,2025,2
Ю,1.0,н/о,,н/о,-11.9,-14.4,82,-14.0,-14.0,прохладно,1025.7,1020.6,,-6.7,,,,2025-02-27 15:00:00,2025-02-27 19:00:00,2025,2
штиль,0.0,н/о,,н/о,-17.0,-18.1,91,-17.0,-17.0,прохладно,1026.9,1021.7,,,,,,2025-02-27 18:00:00,2025-02-27 22:00:00,2025,2
СЗ,1.0,н/о,,н/о,-12.9,-14.0,91,-15.0,-15.0,по сезону,1027.4,1022.3,,,,,,2025-02-27 21:00:00,2025-02-28 01:00:00,2025,2
СЗ,1.0,н/о,,н/о,-10.9,-12.5,88,-13.0,-13.0,по сезону,1028.1,1023.1,,,,,,2025-02-28 00:00:00,2025-02-28 04:00:00,2025,2
штиль,0.0,н/о,,н/о,-9.9,-11.6,87,-10.0,-10.0,по сезону,1029.1,1024.1,-17.8,,,,,2025-02-28 03:00:00,2025-02-28 07:00:00,2025,2
СЗ,1.0,н/о,,н/о,-8.3,-10.0,88,-11.0,-11.0,по сезону,1030.4,1025.4,,,,,,2025-02-28 06:00:00,2025-02-28 10:00:00,2025,2
С,2.0,н/о,,н/о,-4.3,-7.0,81,-8.0,-8.0,по сезону,1030.1,1025.2,,,,,,2025-02-28 09:00:00,2025-02-28 13:00:00,2025,2
СВ,1.0,н/о,,н/о,-2.5,-6.5,74,-4.0,-4.0,по сезону,1029.9,1025.0,,,,,,2025-02-28 12:00:00,2025-02-28 16:00:00,2025,2
штиль,0.0,н/о,,н/о,-7.1,-8.5,90,-8.0,-8.0,по сезону,1030.5,1025.5,,-1.9,,,,2025-02-28 15:00:00,2025-02-28 19:00:00,2025,2
ЮВ,1.0,н/о,,н/о,-17.0,-18.0,92,-20.0,-20.0,прохладно,1031.1,1025.9,,,,,,2025-03-01 00:00:00,2025-03-01 04:00:00,2025,3
ЮВ,1.0,н/о,,н/о,-18.6,-19.8,90,-21.0,-21.0,холодно,1031.2,1026.0,-20.2,,,,,2025-03-01 03:00:00,2025-03-01 07:00:00,2025,3
ЮВ,1.0,н/о,,н/о,-14.5,-15.3,94,-17.0,-17.0,прохладно,1031.3,1026.2,,,,,,2025-03-01 06:00:00,2025-03-01 10:00:00,2025,3
С,1.0,н/о,,н/о,-8.0,-10.5,82,-10.0,-10.0,по сезону,1030.4,1025.4,,,,,,2025-03-01 09:00:00,2025-03-01 13:00:00,2025,3
СЗ,2.0,н/о,,н/о,-2.8,-7.1,72,-7.0,-7.0,по сезону,1029.2,1024.3,,,,,,2025-03-01 12:00:00,2025-03-01 16:00:00,2025,3
штиль,0.0,н/о,,н/о,-7.1,-9.6,82,-8.0,-8.0,по сезону,1029.0,1024.1,,-2.6,,,,2025-03-01 15:00:00,2025-03-01 19:00:00,2025,3
ЮВ,1.0,н/о,,н/о,-12.5,-13.2,94,-15.0,-15.0,по сезону,1029.0,1023.9,,,,,,2025-03-01 18:00:00,2025-03-01 22:00:00,2025,3
Ю,1.0,н/о,,н/о,-17.4,-18.3,93,-20.0,-20.0,холодно,1028.8,1023.6,,,,,,2025-03-01 21:00:00,2025-03-02 01:00:00,2025,3
ЮВ,1.0,н/о,,н/о,-17.1,-18.1,92,-20.0,-20.0,прохладно,1028.1,1023.0,,,,,,2025-03-02 00:00:00,2025-03-02 04:00:00,2025,3
Ю,1.0,н/о,,н/о,-17.7,-18.8,91,-21.0,-21.0,холодно,1027.5,1022.3,-20.3,,,,,2025-03-02 03:00:00,2025-03-02 07:00:00,2025,3
штиль,0.0,н/о,,н/о,-14.4,-15.2,94,-14.0,-14.0,по сезону,1027.2,1022.1,,,,,,2025-03-02 06:00:00,2025-03-02 10:00:00,2025,3
С,1.0,н/о,,н/о,-9.3,-10.7,90,-12.0,-12.0,по сезону,1026.1,1021.1,,,,,,2025-03-02 09:00:00,2025-03-02 13:00:00,2025,3
С,1.0,н/о,,н/о,-4.0,-8.1,73,-6.0,-6.0,по сезону,1023.9,1019.0,,,,,,2025-03-02 12:00:00,2025-03-02 16:00:00,2025,3
ЮВ,1.0,н/о,,н/о,-8.5,-11.0,82,-11.0,-11.0,по сезону,1023.0,1018.0,,-1.9,,,,2025-03-02 15:00:00,2025-03-02 19:00:00,2025,3
Ю,2.0,н/о,,н/о,-10.0,-11.5,89,-15.0,-15.0,по сезону,1021.9,1016.9,,,,,,2025-03-02 18:00:00,2025-03-02 22:00:00,2025,3
Ю,2.0,н/о,,н/о,-10.7,-12.1,89,-15.0,-15.0,по сезону,1020.7,1015.7,,,,,,2025-03-02 21:00:00,2025-03-03 01:00:00,2025,3
Ю,2.0,н/о,,н/о,-10.0,-11.0,92,-15.0,-15.0,по сезону,1019.4,1014.5,,,,,,2025-03-03 00:00:00,2025-03-03 04:00:00,2025,3
ЮВ,2.0,н/о,,н/о,-9.6,-10.4,94,-14.0,-14.0,по сезону,1018.6,1013.6,-10.7,,,,,2025-03-03 03:00:00,2025-03-03 07:00:00,2025,3
Ю,3.0,н/о,,н/о,-7.6,-9.0,90,-13.0,-13.0,по сезону,1017.8,1012.9,,,,,,2025-03-03 06:00:00,2025-03-03 10:00:00,2025,3
ЮЗ,2.0,н/о,,н/о,-3.5,-6.1,82,-8.0,-8.0,по сезону,1017.3,1012.4,,,,,,2025-03-03 09:00:00,2025-03-03 13:00:00,2025,3
Ю,3.0,н/о,,н/о,-2.9,-6.2,78,-8.0,-8.0,по сезону,1016.6,1011.7,,,,,,2025-03-03 12:00:00,2025-03-03 16:00:00,2025,3
Ю,3.0,н/о,,н/о,-4.4,-5.3,93,-10.0,-10.0,по сезону,1016.3,1011.4,,-1.8,,,,2025-03-03 15:00:00,2025-03-03 19:00:00,2025,3
Ю,2.0,н/о,,н/о,-5.1,-6.0,93,-9.0,-9.0,по сезону,1015.9,1011.0,,,,,,2025-03-03 18:00:00,2025-03-03 22:00:00,2025,3
Ю,2.0,н/о,,н/о,-5.6,-6.4,94,-10.0,-10.0,по сезону,1015.0,1010.2,,,,,,2025-03-03 21:00:00,2025-03-04 01:00:00,2025,3
Ю,1.0,н/о,,н/о,-5.8,-6.3,96,-8.0,-8.0,тепло,1013.9,1009.0,,,,,,2025-03-04 00:00:00,2025-03-04 04:00:00,2025,3
Ю,2.0,н/о,,н/о,-4.8,-5.3,96,-9.0,-9.0,по сезону,1013.1,1008.2,-6.0,,,,,2025-03-04 03:00:00,2025-03-04 07:00:00,2025,3
Ю,3.0,н/о,,н/о,-4.0,-5.1,92,-9.0,-9.0,по сезону,1012.7,1007.8,,,,,,2025-03-04 06:00:00,2025-03-04 10:00:00,2025,3
Ю,4.0,н/о,,н/о,-2.3,-4.0,88,-8.0,-8.0,по сезону,1011.9,1007.1,,,,,,2025-03-04 09:00:00,2025-03-04 13:00:00,2025,3
Ю,4.0,н/о,,н/о,-2.5,-3.8,91,-9.0,-9.0,по сезону,1010.3,1005.5,,,,,,2025-03-04 12:00:00,2025-03-04 16:00:00,2025,3
Ю,5.0,н/о,,н/о,-4.2,-5.0,94,-11.0,-11.0,по сезону,1008.6,1003.8,,-1.7,,,,2025-03-04 15:00:00,2025-03-04 19:00:00,2025,3
Ю,4.0,н/о,,н/о,-3.9,-4.6,95,-10.0,-10.0,по сезону,1006.9,1002.1,,,,,,2025-03-04 18:00:00,2025-03-04 22:00:00,2025,3
Ю,3.0,н/о,,н/о,-2.7,-3.3,96,-8.0,-8.0,по сезону,1003.7,999.0,,,,,,2025-03-04 21:00:00,2025-03-05 01:00:00,2025,3
Ю,2.0,н/о,,н/о,-1.9,-1.9,100,-6.0,-6.0,тепло,1000.5,995.8,,,,,,2025-03-05 00:00:00,2025-03-05 04:00:00,2025,3
Ю,2.0,н/о,,н/о,-0.9,-0.9,100,-5.0,-5.0,тепло,998.3,993.6,-4.4,,,,,2025-03-05 03:00:00,2025-03-05 07:00:00,2025,3
Ю,2.0,н/о,,н/о,1.5,1.2,98,-2.0,-2.0,тепло,997.8,993.1,,,,,,2025-03-05 06:00:00,2025-03-05 10:00:00,2025,3
ЮВ,2.0,н/о,,н/о,2.6,0.9,89,-1.0,-1.0,тепло,997.7,993.0,,,,,,2025-03-05 09:00:00,2025-03-05 13:00:00,2025,3
С,2.0,н/о,,н/о,1.9,0.8,92,-2.0,-2.0,тепло,998.2,993.6,,,,,,2025-03-05 12:00:00,2025-03-05 16:00:00,2025,3
СЗ,1.0,н/о,,н/о,1.3,0.7,96,-1.0,-1.0,тепло,999.9,995.3,,3.5,,,,2025-03-05 15:00:00,2025-03-05 19:00:00,2025,3
СЗ,3.0,н/о,,н/о,1.1,0.0,92,-3.0,-3.0,тепло,1001.3,996.7,,,,,,2025-03-05 18:00:00,2025-03-05 22:00:00,2025,3
СЗ,2.0,н/о,,н/о,0.5,-0.8,91,-3.0,-3.0,тепло,1001.8,997.1,,,,,,2025-03-05 21:00:00,2025-03-06 01:00:00,2025,3
З,1.0,н/о,,н/о,-0.1,-1.9,88,-2.0,-2.0,тепло,1001.4,996.7,,,,,,2025-03-06 00:00:00,2025-03-06 04:00:00,2025,3
Ю,1.0,н/о,,н/о,-0.3,-1.2,94,-2.0,-2.0,тепло,1000.3,995.6,-0.5,,,,,2025-03-06 03:00:00,2025-03-06 07:00:00,2025,3
ЮЗ,2.0,н/о,,н/о,1.6,0.4,92,-2.0,-2.0,тепло,998.7,994.0,,,,,,2025-03-06 06:00:00,2025-03-06 10:00:00,2025,3
Ю,3.0,н/о,,н/о,2.7,-0.9,77,-1.0,-1.0,тепло,997.3,992.7,,,,,,2025-03-06 09:00:00,2025-03-06 13:00:00,2025,3
ЮЗ,3.0,н/о,,н/о,0.7,-0.8,90,-4.0,-4.0,по сезону,998.4,993.7,,,,,,2025-03-06 12:00:00,2025-03-06 16:00:00,2025,3
З,2.0,н/о,,н/о,0.8,-0.2,93,-3.0,-3.0,тепло,1000.0,995.3,,2.8,,,,2025-03-06 15:00:00,2025-03-06 19:00:00,2025,3
З,2.0,н/о,,н/о,1.9,-1.2,80,-1.0,-1.0,тепло,1001.6,996.9,,,,,,2025-03-06 18:00:00,2025-03-06 22:00:00,2025,3
З,2.0,н/о,,н/о,1.8,-1.4,79,-1.0,-1.0,тепло,1002.3,997.6,,,,,,2025-03-06 21:00:00,2025-03-07 01:00:00,2025,3
Ю,1.0,н/о,,н/о,0.7,0.1,96,-1.0,-1.0,тепло,1001.3,996.6,,,,,,2025-03-07 00:00:00,2025-03-07 04:00:00,2025,3
Ю,1.0,н/о,,н/о,0.7,0.7,100,-2.0,-2.0,тепло,1000.1,995.4,0.3,,,,,2025-03-07 03:00:00,2025-03-07 07:00:00,2025,3
ЮЗ,2.0,н/о,,н/о,2.5,2.5,100,-1.0,-1.0,тепло,998.1,993.5,,,,,,2025-03-07 06:00:00,2025-03-07 10:00:00,2025,3
З,4.0,н/о,,н/о,4.6,3.8,95,0.0,0.0,тепло,998.7,994.1,,,,,,2025-03-07 09:00:00,2025-03-07 13:00:00,2025,3
СЗ,3.0,н/о,,н/о,6.0,2.9,80,3.0,3.0,тепло,1001.2,996.6,,,,,,2025-03-07 12:00:00,2025-03-07 16:00:00,2025,3
З,2.0,н/о,,н/о,5.0,3.4,89,2.0,2.0,тепло,1003.7,999.1,,6.1,,,,2025-03-07 15:00:00,2025-03-07 19:00:00,2025,3
З,3.0,н/о,,н/о,4.6,3.1,90,1.0,1.0,тепло,1004.5,999.9,,,,,,2025-03-07 18:00:00,2025-03-07 22:00:00,2025,3
СЗ,,н/о,,н/о,4.2,1.7,84,-1.0,-1.0,тепло,1005.8,1001.1,,,,,,2025-03-07 21:00:00,2025-03-08 01:00:00,2025,3
СЗ,,н/о,,н/о,2.6,-1.3,75,-4.0,-4.0,тепло,1008.1,1003.4,,,,,,2025-03-08 00:00:00,2025-03-08 04:00:00,2025,3
СЗ,,н/о,,н/о,1.3,-1.8,80,-5.0,-5.0,по сезону,1010.5,1005.7,1.3,,,,,2025-03-08 03:00:00,2025-03-08 07:00:00,2025,3
СЗ,,н/о,,н/о,1.5,-2.7,74,-5.0,-5.0,по сезону,1012.6,1007.8,1.2,,,,,2025-03-08 06:00:00,2025-03-08 10:00:00,2025,3
СЗ,,н/о,,н/о,1.8,-2.7,72,-5.0,-5.0,по сезону,1014.9,1010.2,,,,,,2025-03-08 09:00:00,2025-03-08 13:00:00,2025,3
СЗ,,н/о,,н/о,2.1,-3.0,69,-4.0,-4.0,по сезону,1017.3,1012.6,,,,,,2025-03-08 12:00:00,2025-03-08 16:00:00,2025,3
СЗ,,н/о,,н/о,0.5,-3.8,73,-4.0,-4.0,по сезону,1019.7,1014.9,,2.6,,,,2025-03-08 15:00:00,2025-03-08 19:00:00,2025,3
З,2.0,н/о,,н/о,-0.9,-4.8,75,-4.0,-4.0,по сезону,1020.9,1016.1,,,,,,2025-03-08 18:00:00,2025-03-08 22:00:00,2025,3
штиль,0.0,н/о,,н/о,-4.2,-5.7,89,-5.0,-5.0,по сезону,1021.8,1016.9,,,,,,2025-03-08 21:00:00,2025-03-09 01:00:00,2025,3
ЮВ,1.0,н/о,,н/о,-5.9,-6.7,94,-8.0,-8.0,по сезону,1021.8,1016.8,,,,,,2025-03-09 00:00:00,2025-03-09 04:00:00,2025,3
ЮЗ,3.0,н/о,,н/о,-1.7,-5.5,75,-6.0,-6.0,по сезону,1020.8,1015.9,-7.0,,,,,2025-03-09 03:00:00,2025-03-09 07:00:00,2025,3
ЮЗ,,н/о,,н/о,1.2,-3.6,70,-4.0,-4.0,по сезону,1018.7,1013.9,,,,,,2025-03-09 06:00:00,2025-03-09 10:00:00,2025,3
ЮЗ,,н/о,,н/о,3.8,-1.8,67,-1.0,-1.0,тепло,1016.3,1011.5,,,,,,2025-03-09 09:00:00,2025-03-09 13:00:00,2025,3
ЮЗ,,н/о,,н/о,4.7,-1.6,64,0.0,0.0,тепло,1013.7,1009.0,,,,,,2025-03-09 12:00:00,2025-03-09 16:00:00,2025,3
ЮЗ,,н/о,,н/о,4.2,-0.2,73,-1.0,-1.0,тепло,1012.9,1008.2,,5.5,,,,2025-03-09 15:00:00,2025-03-09 19:00:00,2025,3
З,,н/о,,н/о,4.1,0.9,80,-0.0,-0.0,тепло,1014.5,1009.8,,,,,,2025-03-09 18:00:00,2025-03-09 22:00:00,2025,3
ЮЗ,,н/о,,н/о,3.4,1.3,86,-1.0,-1.0,тепло,1015.2,1010.5,,,,,,2025-03-09 21:00:00,2025-03-10 01:00:00,2025,3
З,1.0,н/о,,н/о,2.4,1.1,91,1.0,1.0,тепло,1015.4,1010.7,,,,,,2025-03-10 00:00:00,2025-03-10 04:00:00,2025,3
З,2.0,н/о,,н/о,7.2,-0.6,58,5.0,5.0,тепло,1018.6,1013.9,,,,,,2025-03-10 09:00:00,2025-03-10 13:00:00,2025,3
З,3.0,н/о,,н/о,8.3,-4.9,39,6.0,6.0,тепло,1019.3,1014.6,,,,,,2025-03-10 12:00:00,2025-03-10 16:00:00,2025,3
штиль,0.0,н/о,,н/о,2.9,-4.8,57,2.0,2.0,тепло,1020.6,1015.9,,8.7,,,,2025-03-10 15:00:00,2025-03-10 19:00:00,2025,3
ЮВ,1.0,н/о,,н/о,1.3,-3.9,68,-0.0,-0.0,тепло,1022.6,1017.8,,,,,,2025-03-10 18:00:00,2025-03-10 22:00:00,2025,3
штиль,0.0,н/о,,н/о,-2.0,-3.6,89,-3.0,-3.0,тепло,1022.9,1018.0,,,,,,2025-03-10 21:00:00,2025-03-11 01:00:00,2025,3
ЮВ,1.0,н/о,,н/о,-2.8,-4.0,91,-5.0,-5.0,тепло,1023.1,1018.2,,,,,,2025-03-11 00:00:00,2025-03-11 04:00:00,2025,3
В,1.0,н/о,,н/о,-2.2,-2.6,97,-5.0,-5.0,тепло,1023.3,1018.5,-3.5,,,,,2025-03-11 03:00:00,2025-03-11 07:00:00,2025,3
В,2.0,н/о,,н/о,-1.4,-1.4,100,-6.0,-6.0,по сезону,1023.0,1018.2,,,,,,2025-03-11 06:00:00,2025-03-11 10:00:00,2025,3
Ю,4.0,н/о,,н/о,3.7,1.3,84,-1.0,-1.0,тепло,1022.7,1017.9,,,,,,2025-03-11 09:00:00,2025-03-11 13:00:00,2025,3
Ю,3.0,н/о,,н/о,5.0,1.7,79,2.0,2.0,тепло,1021.4,1016.7,,,,,,2025-03-11 12:00:00,2025-03-11 16:00:00,2025,3
Ю,,н/о,,н/о,2.3,2.2,99,-3.0,-3.0,тепло,1016.9,1012.1,,,,,,2025-03-11 21:00:00,2025-03-12 01:00:00,2025,3
Ю,4.0,н/о,,н/о,2.3,2.2,99,-3.0,-3.0,тепло,1014.3,1009.5,,,,,,2025-03-12 00:00:00,2025-03-12 04:00:00,2025,3
Ю,3.0,н/о,,н/о,1.8,1.8,100,-3.0,-3.0,тепло,1013.0,1008.3,1.8,,,,,2025-03-12 03:00:00,2025-03-12 07:00:00,2025,3
Ю,3.0,н/о,,н/о,2.4,2.4,100,-2.0,-2.0,тепло,1013.0,1008.3,,,,,,2025-03-12 06:00:00,2025-03-12 10:00:00,2025,3
Ю,2.0,н/о,,н/о,4.1,3.2,94,1.0,1.0,тепло,1013.2,1008.5,,,,,,2025-03-12 09:00:00,2025-03-12 13:00:00,2025,3
Ю,2.0,н/о,,н/о,3.5,3.0,97,0.0,0.0,тепло,1013.1,1008.4,,,,,,2025-03-12 12:00:00,2025-03-12 16:00:00,2025,3
Ю,1.0,н/о,,н/о,2.9,2.9,100,1.0,1.0,тепло,1012.8,1008.1,,4.5,,,,2025-03-12 15:00:00,2025-03-12 19:00:00,2025,3
Ю,3.0,н/о,,н/о,3.4,3.4,100,-1.0,-1.0,тепло,1012.0,1007.3,,,,,,2025-03-12 18:00:00,2025-03-12 22:00:00,2025,3
Ю,4.0,н/о,,н/о,3.5,3.5,100,-1.0,-1.0,тепло,1010.2,1005.5,,,,,,2025-03-12 21:00:00,2025-03-13 01:00:00,2025,3
Ю,3.0,н/о,,н/о,3.7,3.7,100,-0.0,-0.0,тепло,1008.5,1003.8,,,,,,2025-03-13 00:00:00,2025-03-13 04:00:00,2025,3
Ю,2.0,н/о,,н/о,3.0,2.7,98,-0.0,-0.0,тепло,1007.2,1002.5,2.5,,,,,2025-03-13 03:00:00,2025-03-13 07:00:00,2025,3
ЮЗ,2.0,н/о,,н/о,5.1,4.3,95,2.0,2.0,тепло,1007.7,1003.0,,,,,,2025-03-13 06:00:00,2025-03-13 10:00:00,2025,3
ЮЗ,2.0,н/о,,н/о,7.8,5.6,86,6.0,6.0,тепло,1008.5,1003.9,,,,,,2025-03-13 09:00:00,2025-03-13 13:00:00,2025,3
З,2.0,н/о,,н/о,9.7,7.3,85,8.0,8.0,тепло,1010.6,1006.0,,,,,,2025-03-13 12:00:00,2025-03-13 16:00:00,2025,3
С,2.0,н/о,,н/о,8.4,5.6,83,7.0,7.0,тепло,1012.7,1008.1,,9.8,,,,2025-03-13 15:00:00,2025-03-13 19:00:00,2025,3
ЮЗ,3.0,н/о,,н/о,6.6,5.3,91,3.0,3.0,тепло,1015.6,1010.9,,,,,,2025-03-13 18:00:00,2025-03-13 22:00:00,2025,3
Ю,1.0,н/о,,н/о,2.8,2.5,98,1.0,1.0,тепло,1017.0,1012.3,,,,,,2025-03-13 21:00:00,2025-03-14 01:00:00,2025,3
ЮВ,2.0,н/о,,н/о,1.7,1.7,100,-2.0,-2.0,тепло,1017.7,1012.9,,,,,,2025-03-14 00:00:00,2025-03-14 04:00:00,2025,3
ЮВ,2.0,н/о,,н/о,1.3,1.3,100,-2.0,-2.0,тепло,1017.7,1013.0,-2.2,,,,,2025-03-14 03:00:00,2025-03-14 07:00:00,2025,3
Ю,4.0,н/о,,н/о,4.4,4.4,100,-0.0,-0.0,тепло,1018.1,1013.4,,,,,,2025-03-14 06:00:00,2025-03-14 10:00:00,2025,3
Ю,5.0,н/о,,н/о,7.4,6.1,91,3.0,3.0,тепло,1016.1,1011.4,,,,,,2025-03-14 09:00:00,2025-03-14 13:00:00,2025,3
Ю,,н/о,,н/о,9.0,7.3,89,6.0,6.0,тепло,1013.7,1009.1,,,,,,2025-03-14 12:00:00,2025-03-14 16:00:00,2025,3
З,1.0,н/о,,н/о,2.0,2.0,100,0.0,0.0,тепло,1003.3,998.7,,,,,,2025-03-16 21:00:00,2025-03-17 01:00:00,2025,3
З,1.0,н/о,,н/о,1.3,1.3,100,-1.0,-1.0,тепло,1004.1,999.4,,,,,,2025-03-17 00:00:00,2025-03-17 04:00:00,2025,3
штиль,0.0,н/о,,н/о,1.1,1.1,100,-0.0,-0.0,тепло,1005.2,1000.5,,,,,,2025-03-17 03:00:00,2025-03-17 07:00:00,2025,3
С,2.0,н/о,,н/о,1.7,1.7,100,-2.0,-2.0,тепло,1005.6,1000.9,,,,,,2025-03-17 06:00:00,2025-03-17 10:00:00,2025,3
С,1.0,н/о,,н/о,2.7,2.7,100,1.0,1.0,тепло,1005.4,1000.7,,,,,,2025-03-17 09:00:00,2025-03-17 13:00:00,2025,3
С,2.0,н/о,,н/о,3.5,2.3,92,0.0,0.0,по сезону,1005.1,1000.4,,,,,,2025-03-17 12:00:00,2025-03-17 16:00:00,2025,3
СЗ,2.0,н/о,,н/о,0.4,0.4,100,-3.0,-3.0,тепло,1006.2,1001.5,,,,,,2025-03-17 21:00:00,2025-03-18 01:00:00,2025,3
СЗ,1.0,н/о,,н/о,0.5,0.5,100,-2.0,-2.0,тепло,1007.3,1002.6,,,,,,2025-03-18 00:00:00,2025-03-18 04:00:00,2025,3
СЗ,1.0,н/о,,н/о,0.1,0.1,100,-2.0,-2.0,тепло,1008.6,1003.9,0.1,,,,,2025-03-18 03:00:00,2025-03-18 07:00:00,2025,3
СЗ,1.0,н/о,,н/о,1.7,-0.0,88,-0.0,-0.0,тепло,1010.3,1005.6,,,,,,2025-03-18 06:00:00,2025-03-18 10:00:00,2025,3
С,2.0,н/о,,н/о,4.2,-1.3,67,2.0,2.0,тепло,1011.0,1006.3,,,,,,2025-03-18 09:00:00,2025-03-18 13:00:00,2025,3
СВ,3.0,н/о,,н/о,4.4,-2.3,62,1.0,1.0,тепло,1011.0,1006.3,,,,,,2025-03-18 12:00:00,2025-03-18 16:00:00,2025,3
С,2.0,н/о,,н/о,3.2,-2.0,69,1.0,1.0,тепло,1011.3,1006.6,,4.6,,,,2025-03-18 15:00:00,2025-03-18 19:00:00,2025,3
С,2.0,н/о,,н/о,2.2,-1.5,76,-1.0,-1.0,тепло,1011.7,1007.0,,,,,,2025-03-18 18:00:00,2025-03-18 22:00:00,2025,3
С,3.0,н/о,,н/о,0.7,-0.7,90,-4.0,-4.0,по сезону,1012.5,1007.8,,,,,,2025-03-18 21:00:00,2025-03-19 01:00:00,2025,3
С,2.0,н/о,,н/о,-0.5,-0.5,100,-5.0,-5.0,по сезону,1012.8,1008.0,,,,,,2025-03-19 00:00:00,2025-03-19 04:00:00,2025,3
СЗ,2.0,н/о,,н/о,-1.3,-1.3,100,-5.0,-5.0,по сезону,1014.2,1009.4,-2.7,,,,,2025-03-19 03:00:00,2025-03-19 07:00:00,2025,3
С,4.0,н/о,,н/о,1.2,-0.5,88,-4.0,-4.0,по сезону,1014.8,1010.0,,,,,,2025-03-19 06:00:00,2025-03-19 10:00:00,2025,3
С,3.0,н/о,,н/о,4.8,-1.5,64,2.0,2.0,тепло,1015.7,1011.0,,,,,,2025-03-19 09:00:00,2025-03-19 13:00:00,2025,3
С,3.0,н/о,,н/о,5.2,-2.9,56,2.0,2.0,тепло,1015.7,1011.0,,,,,,2025-03-19 12:00:00,2025-03-19 16:00:00,2025,3
штиль,0.0,н/о,,н/о,3.1,-2.1,69,2.0,2.0,тепло,1016.0,1011.3,,5.5,,,,2025-03-19 15:00:00,2025-03-19 19:00:00,2025,3
штиль,0.0,н/о,,н/о,-0.5,-3.3,81,-2.0,-2.0,по сезону,1017.0,1012.2,,,,,,2025-03-19 18:00:00,2025-03-19 22:00:00,2025,3
З,3.0,н/о,,н/о,1.1,-1.9,80,-3.0,-3.0,по сезону,1017.3,1012.5,,,,,,2025-03-19 21:00:00,2025-03-20 01:00:00,2025,3
З,3.0,н/о,,н/о,0.6,-3.6,73,-4.0,-4.0,тепло,1017.5,1012.7,,,,,,2025-03-20 00:00:00,2025-03-20 04:00:00,2025,3
ЮЗ,3.0,н/о,,н/о,0.1,-4.8,70,-4.0,-4.0,тепло,1017.3,1012.5,-0.9,,,,,2025-03-20 03:00:00,2025-03-20 07:00:00,2025,3
З,4.0,н/о,,н/о,1.7,-3.2,70,-3.0,-3.0,тепло,1018.2,1013.4,,,,,,2025-03-20 06:00:00,2025-03-20 10:00:00,2025,3
З,4.0,н/о,,н/о,4.2,-1.3,67,0.0,0.0,тепло,1018.8,1014.1,,,,,,2025-03-20 09:00:00,2025-03-20 13:00:00,2025,3
СЗ,3.0,н/о,,н/о,5.9,0.3,67,3.0,3.0,тепло,1019.0,1014.3,,,,,,2025-03-20 12:00:00,2025-03-20 16:00:00,2025,3
З,2.0,н/о,,н/о,4.8,-1.1,66,3.0,3.0,тепло,1020.1,1015.4,,6.5,,,,2025-03-20 15:00:00,2025-03-20 19:00:00,2025,3
СЗ,1.0,н/о,,н/о,-0.6,-3.1,83,-3.0,-3.0,по сезону,1023.0,1018.1,,,,,,2025-03-20 18:00:00,2025-03-20 22:00:00,2025,3
штиль,0.0,н/о,,н/о,-3.5,-4.2,95,-5.0,-5.0,по сезону,1024.8,1019.9,,,,,,2025-03-20 21:00:00,2025-03-21 01:00:00,2025,3
штиль,0.0,н/о,,н/о,-5.3,-5.4,99,-6.0,-6.0,по сезону,1026.4,1021.5,,,,,,2025-03-21 00:00:00,2025-03-21 04:00:00,2025,3
Ю,1.0,н/о,,н/о,-6.2,-6.2,100,-9.0,-9.0,по сезону,1027.7,1022.8,-6.3,,,,,2025-03-21 03:00:00,2025-03-21 07:00:00,2025,3
ЮЗ,3.0,н/о,,н/о,5.4,-4.5,49,3.0,3.0,тепло,1028.8,1024.0,,,,,,2025-03-21 06:00:00,2025-03-21 10:00:00,2025,3
ЮЗ,3.0,н/о,,н/о,8.9,-8.2,29,7.0,7.0,тепло,1029.0,1024.3,,,,,,2025-03-21 09:00:00,2025-03-21 13:00:00,2025,3
ЮЗ,4.0,н/о,,н/о,9.4,-8.7,27,7.0,7.0,тепло,1027.6,1023.0,,,,,,2025-03-21 12:00:00,2025-03-21 16:00:00,2025,3
Ю,2.0,н/о,,н/о,6.8,-6.6,38,5.0,5.0,тепло,1026.8,1022.1,,9.7,,,,2025-03-21 15:00:00,2025-03-21 19:00:00,2025,3
Ю,2.0,н/о,,н/о,3.5,-4.8,55,1.0,1.0,тепло,1027.1,1022.3,,,,,,2025-03-21 18:00:00,2025-03-21 22:00:00,2025,3
Ю,2.0,н/о,,н/о,2.0,-3.4,67,-1.0,-1.0,тепло,1026.4,1021.6,,,,,,2025-03-21 21:00:00,2025-03-22 01:00:00,2025,3
ЮВ,1.0,н/о,,н/о,0.3,-2.1,84,-2.0,-2.0,тепло,1025.8,1020.9,,,,,,2025-03-22 00:00:00,2025-03-22 04:00:00,2025,3
ЮВ,1.0,н/о,,н/о,1.7,-0.4,86,-0.0,-0.0,тепло,1024.8,1020.0,-0.2,,,,,2025-03-22 03:00:00,2025-03-22 07:00:00,2025,3
Ю,1.0,н/о,,н/о,4.9,1.7,80,4.0,4.0,тепло,1025.5,1020.7,,,,,,2025-03-22 06:00:00,2025-03-22 10:00:00,2025,3
С,1.0,н/о,,н/о,7.8,1.8,66,7.0,7.0,тепло,1026.4,1021.7,,,,,,2025-03-22 09:00:00,2025-03-22 13:00:00,2025,3
С,,н/о,,н/о,4.4,1.6,82,-1.0,-1.0,по сезону,1028.6,1023.8,,,,,,2025-03-22 12:00:00,2025-03-22 16:00:00,2025,3
С,,н/о,,н/о,2.8,-0.1,81,-2.0,-2.0,по сезону,1030.2,1025.4,,8.6,,,,2025-03-22 15:00:00,2025-03-22 19:00:00,2025,3
С,2.0,н/о,,н/о,-0.3,-3.4,80,-4.0,-4.0,по сезону,1033.1,1028.2,,,,,,2025-03-22 18:00:00,2025-03-22 22:00:00,2025,3
С,2.0,н/о,,н/о,-1.6,-6.2,71,-5.0,-5.0,по сезону,1033.9,1029.0,,,,,,2025-03-22 21:00:00,2025-03-23 01:00:00,2025,3
штиль,0.0,н/о,,н/о,-4.4,-7.6,78,-5.0,-5.0,по сезону,1034.6,1029.6,,,,,,2025-03-23 00:00:00,2025-03-23 04:00:00,2025,3
СЗ,1.0,н/о,,н/о,-5.1,-8.6,76,-7.0,-7.0,по сезону,1035.9,1030.9,-6.0,,,,,2025-03-23 03:00:00,2025-03-23 07:00:00,2025,3
С,3.0,н/о,,н/о,0.6,-8.7,50,-3.0,-3.0,по сезону,1036.5,1031.7,,,,,,2025-03-23 06:00:00,2025-03-23 10:00:00,2025,3
С,5.0,н/о,,н/о,3.0,-10.9,35,-1.0,-1.0,по сезону,1036.0,1031.2,,,,,,2025-03-23 09:00:00,2025-03-23 13:00:00,2025,3
С,3.0,н/о,,н/о,4.6,-11.7,29,2.0,2.0,по сезону,1034.7,1029.9,,,,,,2025-03-23 12:00:00,2025-03-23 16:00:00,2025,3
С,3.0,н/о,,н/о,2.2,-10.5,38,-1.0,-1.0,по сезону,1034.0,1029.2,,4.8,,,,2025-03-23 15:00:00,2025-03-23 19:00:00,2025,3
СЗ,1.0,н/о,,н/о,-3.6,-9.4,64,-5.0,-5.0,по сезону,1034.9,1030.0,,,,,,2025-03-23 18:00:00,2025-03-23 22:00:00,2025,3
штиль,0.0,н/о,,н/о,-5.9,-8.5,82,-7.0,-7.0,по сезону,1035.3,1030.3,,,,,,2025-03-23 21:00:00,2025-03-24 01:00:00,2025,3
штиль,0.0,н/о,,н/о,-7.8,-8.3,96,-9.0,-9.0,по сезону,1035.6,1030.5,,,,,,2025-03-24 00:00:00,2025-03-24 04:00:00,2025,3
штиль,0.0,н/о,,н/о,-7.8,-8.2,97,-9.0,-9.0,по сезону,1035.4,1030.4,-8.6,,,,,2025-03-24 03:00:00,2025-03-24 07:00:00,2025,3
С,1.0,н/о,,н/о,2.3,-6.3,53,1.0,1.0,тепло,1036.1,1031.3,,,,,,2025-03-24 06:00:00,2025-03-24 10:00:00,2025,3
С,2.0,н/о,,н/о,8.4,-11.7,23,7.0,7.0,тепло,1035.3,1030.6,,,,,,2025-03-24 09:00:00,2025-03-24 13:00:00,2025,3
С,3.0,н/о,,н/о,9.5,-9.8,25,8.0,8.0,тепло,1034.8,1030.1,,,,,,2025-03-24 12:00:00,2025-03-24 16:00:00,2025,3
С,1.0,н/о,,н/о,5.6,-9.2,34,5.0,5.0,тепло,1034.4,1029.6,,9.7,,,,2025-03-24 15:00:00,2025-03-24 19:00:00,2025,3
штиль,0.0,н/о,,н/о,-0.1,-7.1,59,-1.0,-1.0,тепло,1034.8,1029.9,,,,,,2025-03-24 18:00:00,2025-03-24 22:00:00,2025,3
штиль,0.0,н/о,,н/о,-4.0,-5.8,87,-5.0,-5.0,по сезону,1034.8,1029.9,,,,,,2025-03-24 21:00:00,2025-03-25 01:00:00,2025,3
штиль,0.0,н/о,,н/о,-5.0,-5.8,94,-6.0,-6.0,по сезону,1034.8,1029.8,,,,,,2025-03-25 00:00:00,2025-03-25 04:00:00,2025,3
штиль,0.0,н/о,,н/о,-6.6,-6.8,98,-8.0,-8.0,по сезону,1034.5,1029.5,-7.4,,,,,2025-03-25 03:00:00,2025-03-25 07:00:00,2025,3
ЮВ,1.0,н/о,,н/о,5.2,-1.8,61,4.0,4.0,тепло,1034.1,1029.3,,,,,,2025-03-25 06:00:00,2025-03-25 10:00:00,2025,3
Ю,3.0,н/о,,н/о,10.1,-3.4,38,9.0,9.0,тепло,1032.8,1028.1,,,,,,2025-03-25 09:00:00,2025-03-25 13:00:00,2025,3
Ю,3.0,н/о,,н/о,11.7,-1.5,40,10.0,10.0,тепло,1031.4,1026.7,,,,,,2025-03-25 12:00:00,2025-03-25 16:00:00,2025,3
Ю,2.0,н/о,,н/о,10.5,0.4,50,10.0,10.0,тепло,1030.0,1025.3,,12.4,,,,2025-03-25 15:00:00,2025-03-25 19:00:00,2025,3
Ю,2.0,н/о,,н/о,6.1,0.7,68,4.0,4.0,тепло,1029.5,1024.8,,,,,,2025-03-25 18:00:00,2025-03-25 22:00:00,2025,3
Ю,3.0,н/о,,н/о,4.6,-0.2,71,1.0,1.0,тепло,1029.3,1024.6,,,,,,2025-03-25 21:00:00,2025-03-26 01:00:00,2025,3
Ю,3.0,н/о,,н/о,3.0,-0.6,77,-1.0,-1.0,тепло,1029.1,1024.3,,,,,,2025-03-26 00:00:00,2025-03-26 04:00:00,2025,3
Ю,3.0,н/о,,н/о,2.2,-2.8,69,-2.0,-2.0,по сезону,1028.8,1024.0,2.2,,,,,2025-03-26 03:00:00,2025-03-26 07:00:00,2025,3
Ю,4.0,н/о,,н/о,7.0,-4.2,45,4.0,4.0,тепло,1028.4,1023.7,2.1,,,,,2025-03-26 06:00:00,2025-03-26 10:00:00,2025,3
Ю,,н/о,,н/о,11.7,-2.3,38,9.0,9.0,тепло,1027.1,1022.5,,,,,,2025-03-26 09:00:00,2025-03-26 13:00:00,2025,3
Ю,,н/о,,н/о,12.3,-3.0,34,10.0,10.0,тепло,1025.5,1020.9,,,,,,2025-03-26 12:00:00,2025-03-26 16:00:00,2025,3
ЮВ,,н/о,,н/о,9.6,-4.1,38,8.0,8.0,тепло,1025.2,1020.5,,12.5,,,,2025-03-26 15:00:00,2025-03-26 19:00:00,2025,3
Ю,5.0,н/о,,н/о,6.1,-5.9,42,3.0,3.0,тепло,1025.6,1020.9,,,,,,2025-03-26 18:00:00,2025-03-26 22:00:00,2025,3
Ю,3.0,н/о,,н/о,4.1,-5.7,49,1.0,1.0,тепло,1025.5,1020.7,,,,,,2025-03-26 21:00:00,2025-03-27 01:00:00,2025,3
ЮВ,2.0,н/о,,н/о,1.2,-4.7,65,-2.0,-2.0,тепло,1024.8,1020.0,,,,,,2025-03-27 00:00:00,2025-03-27 04:00:00,2025,3
штиль,0.0,н/о,,н/о,-1.2,-4.9,76,-2.0,-2.0,по сезону,1025.1,1020.3,-1.2,,,,,2025-03-27 03:00:00,2025-03-27 07:00:00,2025,3
ЮВ,3.0,н/о,,н/о,6.0,-4.1,48,3.0,3.0,тепло,1025.4,1020.7,,,,,,2025-03-27 06:00:00,2025-03-27 10:00:00,2025,3
Ю,4.0,н/о,,н/о,11.5,-5.0,31,10.0,10.0,тепло,1025.0,1020.4,,,,,,2025-03-27 09:00:00,2025-03-27 13:00:00,2025,3
Ю,3.0,н/о,,н/о,13.1,-7.1,24,12.0,12.0,тепло,1024.1,1019.5,,,,,,2025-03-27 12:00:00,2025-03-27 16:00:00,2025,3
ЮВ,2.0,н/о,,н/о,10.7,-6.1,30,10.0,10.0,тепло,1023.8,1019.2,,13.2,,,,2025-03-27 15:00:00,2025-03-27 19:00:00,2025,3
штиль,0.0,н/о,,н/о,2.5,-4.6,59,2.0,2.0,тепло,1024.6,1019.8,,,,,,2025-03-27 18:00:00,2025-03-27 22:00:00,2025,3
штиль,0.0,н/о,,н/о,2.5,-2.7,69,2.0,2.0,тепло,1024.6,1019.8,,,,,,2025-03-27 21:00:00,2025-03-28 01:00:00,2025,3
штиль,0.0,н/о,,н/о,-2.3,-5.4,79,-3.0,-3.0,по сезону,1024.3,1019.5,,,,,,2025-03-28 00:00:00,2025-03-28 04:00:00,2025,3
Ю,1.0,н/о,,н/о,-2.3,-3.5,91,-5.0,-5.0,по сезону,1024.4,1019.6,-3.3,,,,,2025-03-28 03:00:00,2025-03-28 07:00:00,2025,3
В,2.0,н/о,,н/о,5.4,-0.8,64,3.0,3.0,тепло,1024.7,1020.0,,,,,,2025-03-28 06:00:00,2025-03-28 10:00:00,2025,3
ЮВ,3.0,н/о,,н/о,12.4,-3.9,32,11.0,11.0,тепло,1023.5,1018.9,,,,,,2025-03-28 09:00:00,2025-03-28 13:00:00,2025,3
С,4.0,н/о,,н/о,12.7,-4.2,31,11.0,11.0,тепло,1022.1,1017.5,,,,,,2025-03-28 12:00:00,2025-03-28 16:00:00,2025,3
В,1.0,н/о,,н/о,11.4,-4.4,33,12.0,12.0,тепло,1021.9,1017.3,,13.6,0.3,,,2025-03-28 15:00:00,2025-03-28 19:00:00,2025,3
штиль,0.0,н/о,,н/о,1.5,-3.7,68,1.0,1.0,тепло,1022.9,1018.1,,,,,,2025-03-28 18:00:00,2025-03-28 22:00:00,2025,3
штиль,0.0,н/о,,н/о,-0.1,-3.5,78,-1.0,-1.0,тепло,1022.9,1018.1,,,,,,2025-03-28 21:00:00,2025-03-29 01:00:00,2025,3
штиль,0.0,н/о,,н/о,-2.7,-4.2,89,-4.0,-4.0,по сезону,1022.9,1018.0,,,,,,2025-03-29 00:00:00,2025-03-29 04:00:00,2025,3
Ю,1.0,н/о,,н/о,-2.4,-3.0,96,-5.0,-5.0,по сезону,1023.5,1018.7,-2.7,,,,,2025-03-29 03:00:00,2025-03-29 07:00:00,2025,3
СВ,1.0,н/о,,н/о,6.4,-0.1,63,6.0,6.0,тепло,1024.0,1019.3,,,,,,2025-03-29 06:00:00,2025-03-29 10:00:00,2025,3
СВ,2.0,н/о,,н/о,12.4,-4.1,31,12.0,12.0,тепло,1023.6,1019.0,,,,,,2025-03-29 09:00:00,2025-03-29 13:00:00,2025,3
штиль,0.0,н/о,,н/о,-2.1,-4.1,86,-3.0,-3.0,по сезону,1023.4,1018.5,,,,,,2025-03-30 00:00:00,2025-03-30 04:00:00,2025,3
штиль,0.0,н/о,,н/о,-0.7,-2.7,86,-2.0,-2.0,по сезону,1023.7,1018.8,-3.9,,,,,2025-03-30 03:00:00,2025-03-30 07:00:00,2025,3
СВ,2.0,н/о,,н/о,6.1,-0.6,62,4.0,4.0,тепло,1023.7,1019.0,,,,,,2025-03-30 06:00:00,2025-03-30 10:00:00,2025,3
В,2.0,н/о,,н/о,13.1,-3.3,32,13.0,13.0,тепло,1022.7,1018.1,,,,,,2025-03-30 09:00:00,2025-03-30 13:00:00,2025,3
ЮВ,2.0,н/о,,н/о,13.5,-3.5,31,13.0,13.0,тепло,1021.9,1017.3,,,,,,2025-03-30 12:00:00,2025-03-30 16:00:00,2025,3
Ю,3.0,н/о,,н/о,10.1,1.4,55,8.0,8.0,тепло,1021.7,1017.1,,13.8,,,,2025-03-30 15:00:00,2025-03-30 19:00:00,2025,3
штиль,0.0,н/о,,н/о,2.2,0.7,90,1.0,1.0,тепло,1022.4,1017.6,,,,,,2025-03-30 18:00:00,2025-03-30 22:00:00,2025,3
штиль,0.0,н/о,,н/о,-0.4,-0.6,99,-2.0,-2.0,по сезону,1022.3,1017.5,,,,,,2025-03-30 21:00:00,2025-03-31 01:00:00,2025,3
штиль,0.0,н/о,,н/о,-2.5,-2.5,100,-4.0,-4.0,по сезону,1022.9,1018.0,,,,,,2025-03-31 00:00:00,2025-03-31 04:00:00,2025,3
штиль,0.0,н/о,,н/о,-1.4,-1.4,100,-3.0,-3.0,по сезону,1023.3,1018.5,-2.8,,,,,2025-03-31 03:00:00,2025-03-31 07:00:00,2025,3
В,3.0,н/о,,н/о,8.5,4.9,78,6.0,6.0,тепло,1023.8,1019.1,,,,,,2025-03-31 06:00:00,2025-03-31 10:00:00,2025,3
СВ,3.0,н/о,,н/о,14.2,5.9,57,13.0,13.0,тепло,1023.3,1018.7,,,,,,2025-03-31 09:00:00,2025-03-31 13:00:00,2025,3
СВ,4.0,н/о,,н/о,16.2,4.6,46,16.0,16.0,тепло,1022.6,1018.1,,,,,,2025-03-31 12:00:00,2025-03-31 16:00:00,2025,3
СВ,2.0,н/о,,н/о,14.0,3.6,49,14.0,14.0,тепло,1022.2,1017.6,,16.4,,,,2025-03-31 15:00:00,2025-03-31 19:00:00,2025,3
В,3.0,н/о,,н/о,10.9,3.4,60,9.0,9.0,тепло,1023.4,1018.8,,,,,,2025-03-31 18:00:00,2025-03-31 22:00:00,2025,3
В,3.0,н/о,,н/о,7.8,1.7,65,5.0,5.0,тепло,1023.4,1018.7,,,,,,2025-03-31 21:00:00,2025-04-01 01:00:00,2025,3
В,2.0,н/о,,н/о,5.6,-0.2,66,3.0,3.0,тепло,1023.6,1018.9,,,,,,2025-04-01 00:00:00,2025-04-01 04:00:00,2025,4
В,3.0,н/о,,н/о,9.5,1.9,59,8.0,8.0,тепло,1022.6,1017.9,,,,,,2025-04-01 06:00:00,2025-04-01 10:00:00,2025,4
СВ,3.0,н/о,,н/о,17.1,3.2,39,17.0,17.0,тепло,1021.3,1016.8,,,,,,2025-04-01 09:00:00,2025-04-01 13:00:00,2025,4
В,3.0,н/о,,н/о,22.2,2.9,28,22.0,22.0,комфорт,1019.0,1014.6,,,,,,2025-04-01 12:00:00,2025-04-01 16:00:00,2025,4
В,2.0,н/о,,н/о,20.1,2.3,31,21.0,21.0,комфорт,1017.8,1013.4,,22.6,,,,2025-04-01 15:00:00,2025-04-01 19:00:00,2025,4
штиль,0.0,н/о,,н/о,10.9,4.2,63,11.0,11.0,тепло,1017.8,1013.2,,,,,,2025-04-01 18:00:00,2025-04-01 22:00:00,2025,4
Ю,1.0,н/о,,н/о,7.3,4.7,84,6.0,6.0,тепло,1016.3,1011.6,,,,,,2025-04-01 21:00:00,2025-04-02 01:00:00,2025,4
штиль,0.0,н/о,,н/о,5.1,4.1,93,4.0,4.0,тепло,1014.4,1009.8,,,,,,2025-04-02 00:00:00,2025-04-02 04:00:00,2025,4
Ю,1.0,н/о,,н/о,5.4,3.7,89,4.0,4.0,тепло,1013.1,1008.4,4.3,,,,,2025-04-02 03:00:00,2025-04-02 07:00:00,2025,4
В,1.0,н/о,,н/о,12.1,4.9,61,12.0,12.0,тепло,1012.0,1007.5,,,,,,2025-04-02 06:00:00,2025-04-02 10:00:00,2025,4
ЮВ,2.0,н/о,,н/о,13.7,8.8,72,13.0,13.0,тепло,1010.4,1005.9,,,,,,2025-04-02 09:00:00,2025-04-02 13:00:00,2025,4
ЮВ,2.0,н/о,,н/о,15.0,9.3,69,15.0,15.0,тепло,1009.0,1004.5,,,,,,2025-04-02 12:00:00,2025-04-02 16:00:00,2025,4
СВ,1.0,н/о,,н/о,13.5,8.6,72,14.0,14.0,тепло,1007.7,1003.2,,15.1,,,,2025-04-02 15:00:00,2025-04-02 19:00:00,2025,4
штиль,0.0,н/о,,н/о,9.5,7.5,87,9.0,9.0,тепло,1007.2,1002.6,,,,,,2025-04-02 18:00:00,2025-04-02 22:00:00,2025,4
З,2.0,н/о,,н/о,11.9,8.9,82,11.0,11.0,тепло,1006.5,1002.0,,,,,,2025-04-02 21:00:00,2025-04-03 01:00:00,2025,4
СЗ,3.0,н/о,,н/о,9.0,5.8,80,7.0,7.0,тепло,1007.3,1002.7,,,,,,2025-04-03 00:00:00,2025-04-03 04:00:00,2025,4
СЗ,2.0,н/о,,н/о,6.5,4.6,88,4.0,4.0,тепло,1007.7,1003.1,5.5,,,,,2025-04-03 03:00:00,2025-04-03 07:00:00,2025,4
С,4.0,н/о,,н/о,10.0,4.1,67,8.0,8.0,тепло,1008.7,1004.1,,,,,,2025-04-03 06:00:00,2025-04-03 10:00:00,2025,4
СЗ,4.0,н/о,,н/о,13.6,1.9,45,12.0,12.0,тепло,1008.0,1003.5,,,,,,2025-04-03 09:00:00,2025-04-03 13:00:00,2025,4
С,6.0,н/о,,н/о,14.9,-1.9,31,13.0,13.0,тепло,1007.3,1002.8,,,,,,2025-04-03 12:00:00,2025-04-03 16:00:00,2025,4
С,4.0,н/о,,н/о,13.0,-2.7,33,12.0,12.0,тепло,1007.5,1003.0,,15.2,,,,2025-04-03 15:00:00,2025-04-03 19:00:00,2025,4
С,2.0,н/о,,н/о,3.5,-3.0,62,1.0,1.0,тепло,1011.0,1006.3,,,,,,2025-04-03 21:00:00,2025-04-04 01:00:00,2025,4
СЗ,2.0,н/о,,н/о,-0.8,-4.8,74,-4.0,-4.0,по сезону,1011.6,1006.8,,,,,,2025-04-04 00:00:00,2025-04-04 04:00:00,2025,4
СЗ,2.0,н/о,,н/о,1.1,-3.8,70,-2.0,-2.0,по сезону,1012.2,1007.4,-1.5,,,,,2025-04-04 03:00:00,2025-04-04 07:00:00,2025,4
З,3.0,н/о,,н/о,8.1,-4.7,40,6.0,6.0,тепло,1012.3,1007.6,,,,,,2025-04-04 06:00:00,2025-04-04 10:00:00,2025,4
ЮЗ,3.0,н/о,,н/о,12.6,-3.7,32,12.0,12.0,тепло,1010.1,1005.6,,,,,,2025-04-04 09:00:00,2025-04-04 13:00:00,2025,4
З,,н/о,,н/о,15.4,-5.1,24,15.0,15.0,тепло,1007.0,1002.5,,,,,,2025-04-04 12:00:00,2025-04-04 16:00:00,2025,4
Ю,,н/о,,н/о,14.6,-4.6,26,14.0,14.0,тепло,1003.6,999.1,,15.6,,,,2025-04-04 15:00:00,2025-04-04 19:00:00,2025,4
З,2.0,н/о,,н/о,13.5,1.7,45,13.0,13.0,тепло,1001.9,997.4,,,,,,2025-04-05 06:00:00,2025-04-05 10:00:00,2025,4
З,4.0,н/о,,н/о,19.0,2.9,34,19.0,19.0,тепло,1001.9,997.4,,,,,,2025-04-05 09:00:00,2025-04-05 13:00:00,2025,4
СЗ,3.0,н/о,,н/о,18.7,2.9,35,19.0,19.0,тепло,1001.6,997.2,,,,,,2025-04-05 12:00:00,2025-04-05 16:00:00,2025,4
СВ,1.0,н/о,,н/о,14.5,3.4,47,15.0,15.0,тепло,1001.9,997.4,,20.3,,,,2025-04-05 15:00:00,2025-04-05 19:00:00,2025,4
штиль,0.0,н/о,,н/о,10.0,2.6,60,10.0,10.0,тепло,1003.8,999.2,,,,,,2025-04-05 18:00:00,2025-04-05 22:00:00,2025,4
С,1.0,н/о,,н/о,6.1,2.4,77,5.0,5.0,тепло,1004.4,999.7,,,,,,2025-04-05 21:00:00,2025-04-06 01:00:00,2025,4
Ю,1.0,н/о,,н/о,4.8,3.2,89,3.0,3.0,тепло,1004.7,1000.0,,,,,,2025-04-06 00:00:00,2025-04-06 04:00:00,2025,4
штиль,0.0,н/о,,н/о,5.8,3.5,85,5.0,5.0,тепло,1005.2,1000.5,3.4,,,,,2025-04-06 03:00:00,2025-04-06 07:00:00,2025,4
Ю,2.0,н/о,,н/о,15.7,8.8,64,16.0,16.0,тепло,1004.8,1000.4,,,,,,2025-04-06 06:00:00,2025-04-06 10:00:00,2025,4
ЮЗ,3.0,н/о,,н/о,20.3,6.5,41,22.0,22.0,комфорт,1004.4,1000.0,,,,,,2025-04-06 09:00:00,2025-04-06 13:00:00,2025,4
ЮЗ,,н/о,,н/о,13.4,10.9,85,13.0,13.0,тепло,1004.7,1000.2,,,,,,2025-04-06 12:00:00,2025-04-06 16:00:00,2025,4
З,,н/о,,н/о,12.0,11.4,96,11.0,11.0,тепло,1005.1,1000.6,,20.9,2.0,,,2025-04-06 15:00:00,2025-04-06 19:00:00,2025,4
Ю,2.0,н/о,,н/о,11.2,11.2,100,10.0,10.0,тепло,1005.7,1001.2,,,,,,2025-04-06 18:00:00,2025-04-06 22:00:00,2025,4
Ю,2.0,н/о,,н/о,10.6,10.6,100,9.0,9.0,тепло,1004.5,1000.0,,,,,,2025-04-06 21:00:00,2025-04-07 01:00:00,2025,4
ЮЗ,2.0,н/о,,н/о,10.7,10.7,100,9.0,9.0,тепло,1005.0,1000.5,,,,,,2025-04-07 00:00:00,2025-04-07 04:00:00,2025,4
З,2.0,н/о,,н/о,11.0,11.0,100,10.0,10.0,тепло,1006.0,1001.5,10.4,,9.0,,,2025-04-07 03:00:00,2025-04-07 07:00:00,2025,4
З,3.0,н/о,,н/о,11.9,10.6,92,10.0,10.0,тепло,1008.1,1003.5,,,,,,2025-04-07 06:00:00,2025-04-07 10:00:00,2025,4
З,3.0,н/о,,н/о,15.2,10.1,72,15.0,15.0,тепло,1009.3,1004.8,,,,,,2025-04-07 09:00:00,2025-04-07 13:00:00,2025,4
ЮЗ,2.0,н/о,,н/о,16.8,9.5,62,17.0,17.0,тепло,1009.8,1005.3,,,,,,2025-04-07 12:00:00,2025-04-07 16:00:00,2025,4
ЮВ,1.0,н/о,,н/о,14.0,11.1,83,14.0,14.0,тепло,1010.1,1005.6,,17.4,1.0,,,2025-04-07 15:00:00,2025-04-07 19:00:00,2025,4
штиль,0.0,н/о,,н/о,9.9,9.0,94,9.0,9.0,тепло,1011.7,1007.1,,,,,,2025-04-07 18:00:00,2025-04-07 22:00:00,2025,4
Ю,2.0,н/о,,н/о,11.7,8.5,81,11.0,11.0,тепло,1012.3,1007.7,,,,,,2025-04-07 21:00:00,2025-04-08 01:00:00,2025,4
ЮВ,1.0,н/о,,н/о,7.4,7.1,98,6.0,6.0,тепло,1012.4,1007.8,,,,,,2025-04-08 00:00:00,2025-04-08 04:00:00,2025,4
Ю,2.0,н/о,,н/о,7.0,6.9,99,5.0,5.0,тепло,1012.3,1007.7,6.3,,,,,2025-04-08 03:00:00,2025-04-08 07:00:00,2025,4
Ю,3.0,н/о,,н/о,14.9,10.3,74,14.0,14.0,тепло,1012.1,1007.6,,,,,,2025-04-08 06:00:00,2025-04-08 10:00:00,2025,4
Ю,,н/о,,н/о,18.3,9.4,56,18.0,18.0,тепло,1011.1,1006.6,,,,,,2025-04-08 09:00:00,2025-04-08 13:00:00,2025,4
З,,н/о,,н/о,10.8,6.9,77,8.0,8.0,тепло,1010.0,1005.5,,,,,,2025-04-08 18:00:00,2025-04-08 22:00:00,2025,4
З,,н/о,,н/о,4.4,3.5,94,1.0,1.0,по сезону,1012.6,1007.9,,,,,,2025-04-08 21:00:00,2025-04-09 01:00:00,2025,4
ЮЗ,2.0,н/о,,н/о,3.5,0.1,78,1.0,1.0,тепло,1013.3,1008.6,,,,,,2025-04-09 00:00:00,2025-04-09 04:00:00,2025,4
ЮЗ,2.0,н/о,,н/о,2.1,-1.2,79,-1.0,-1.0,по сезону,1014.4,1009.7,1.7,,4.0,,,2025-04-09 03:00:00,2025-04-09 07:00:00,2025,4
З,4.0,н/о,,н/о,4.7,-2.4,60,1.0,1.0,по сезону,1015.0,1010.3,,,,,,2025-04-09 06:00:00,2025-04-09 10:00:00,2025,4
ЮЗ,,н/о,,н/о,6.9,-5.0,42,4.0,4.0,тепло,1014.6,1009.9,,,,,,2025-04-09 09:00:00,2025-04-09 13:00:00,2025,4
ЮЗ,,н/о,,н/о,7.8,-6.5,36,6.0,6.0,тепло,1013.7,1009.0,,,,,,2025-04-09 12:00:00,2025-04-09 16:00:00,2025,4
ЮЗ,,н/о,,н/о,6.8,-6.0,40,5.0,5.0,тепло,1013.2,1008.5,,8.0,,,,2025-04-09 15:00:00,2025-04-09 19:00:00,2025,4
Ю,2.0,н/о,,н/о,2.9,-4.2,60,0.0,0.0,по сезону,1013.5,1008.8,,,,,,2025-04-09 18:00:00,2025-04-09 22:00:00,2025,4
штиль,0.0,н/о,,н/о,1.3,-4.8,64,1.0,1.0,по сезону,1013.5,1008.7,,,,,,2025-04-09 21:00:00,2025-04-10 01:00:00,2025,4
штиль,0.0,н/о,,н/о,-1.3,-2.6,91,-3.0,-3.0,по сезону,1012.9,1008.1,,,,,,2025-04-10 00:00:00,2025-04-10 04:00:00,2025,4
штиль,0.0,н/о,,н/о,-0.4,-1.7,91,-2.0,-2.0,по сезону,1011.4,1006.6,-1.8,,,,,2025-04-10 03:00:00,2025-04-10 07:00:00,2025,4
штиль,0.0,н/о,,н/о,4.1,-0.6,71,3.0,3.0,по сезону,1010.7,1006.0,,,,,,2025-04-10 06:00:00,2025-04-10 10:00:00,2025,4
З,1.0,н/о,,н/о,7.6,-7.0,35,8.0,8.0,тепло,1009.1,1004.5,,,,,,2025-04-10 09:00:00,2025-04-10 13:00:00,2025,4
С,2.0,н/о,,н/о,8.0,-5.9,37,7.0,7.0,по сезону,1008.0,1003.4,,,,,,2025-04-10 12:00:00,2025-04-10 16:00:00,2025,4
Ю,1.0,н/о,,н/о,7.9,-7.5,33,8.0,8.0,тепло,1008.6,1004.0,,9.4,,,,2025-04-10 15:00:00,2025-04-10 19:00:00,2025,4
Ю,1.0,н/о,,н/о,5.4,-2.6,56,5.0,5.0,тепло,1009.2,1004.6,,,,,,2025-04-10 18:00:00,2025-04-10 22:00:00,2025,4
ЮЗ,2.0,н/о,,н/о,5.0,0.0,70,3.0,3.0,по сезону,1009.9,1005.2,,,,,,2025-04-10 21:00:00,2025-04-11 01:00:00,2025,4
ЮВ,1.0,н/о,,н/о,3.4,2.5,94,2.0,2.0,по сезону,1010.1,1005.5,,,,,,2025-04-11 00:00:00,2025-04-11 04:00:00,2025,4
ЮЗ,2.0,н/о,,н/о,3.3,3.0,98,0.0,0.0,по сезону,1010.3,1005.6,2.5,,0.3,,,2025-04-11 03:00:00,2025-04-11 07:00:00,2025,4
З,1.0,н/о,,н/о,5.1,2.8,85,4.0,4.0,по сезону,1010.5,1005.9,,,,,,2025-04-11 06:00:00,2025-04-11 10:00:00,2025,4
З,2.0,н/о,,н/о,6.7,1.8,71,5.0,5.0,по сезону,1010.5,1005.9,,,,,,2025-04-11 09:00:00,2025-04-11 13:00:00,2025,4
ЮЗ,2.0,н/о,,н/о,8.4,0.6,58,7.0,7.0,по сезону,1009.9,1005.3,,,,,,2025-04-11 12:00:00,2025-04-11 16:00:00,2025,4
З,2.0,н/о,,н/о,7.9,-2.0,50,6.0,6.0,по сезону,1010.0,1005.4,,9.3,,,,2025-04-11 15:00:00,2025-04-11 19:00:00,2025,4
ЮЗ,1.0,н/о,,н/о,3.6,0.2,78,2.0,2.0,по сезону,1011.5,1006.8,,,,,,2025-04-11 18:00:00,2025-04-11 22:00:00,2025,4
ЮВ,1.0,н/о,,н/о,0.4,-0.4,94,-2.0,-2.0,по сезону,1012.3,1007.5,,,,,,2025-04-11 21:00:00,2025-04-12 01:00:00,2025,4
ЮВ,1.0,н/о,,н/о,-1.6,-1.6,100,-4.0,-4.0,по сезону,1012.8,1008.1,,,,,,2025-04-12 00:00:00,2025-04-12 04:00:00,2025,4
штиль,0.0,н/о,,н/о,-1.3,-1.3,100,-3.0,-3.0,прохладно,1013.6,1008.8,-2.7,,,,,2025-04-12 03:00:00,2025-04-12 07:00:00,2025,4
Ю,3.0,н/о,,н/о,8.6,1.7,62,6.0,6.0,по сезону,1014.3,1009.6,,,,,,2025-04-12 06:00:00,2025-04-12 10:00:00,2025,4
ЮЗ,3.0,н/о,,н/о,10.6,-3.4,37,9.0,9.0,тепло,1014.0,1009.5,,,,,,2025-04-12 09:00:00,2025-04-12 13:00:00,2025,4
ЮЗ,,н/о,,н/о,12.9,-4.9,29,12.0,12.0,тепло,1012.8,1008.3,,,,,,2025-04-12 12:00:00,2025-04-12 16:00:00,2025,4
ЮЗ,,н/о,,н/о,11.5,-4.6,32,10.0,10.0,тепло,1012.2,1007.6,,13.0,,,,2025-04-12 15:00:00,2025-04-12 19:00:00,2025,4
З,,н/о,,н/о,10.1,-2.8,40,9.0,9.0,тепло,1013.7,1009.1,,,,,,2025-04-12 18:00:00,2025-04-12 22:00:00,2025,4
З,2.0,н/о,,н/о,8.1,3.2,71,6.0,6.0,тепло,1015.3,1010.7,,,,,,2025-04-12 21:00:00,2025-04-13 01:00:00,2025,4
З,1.0,н/о,,н/о,4.8,2.3,84,4.0,4.0,тепло,1015.9,1011.2,,,,,,2025-04-13 00:00:00,2025-04-13 04:00:00,2025,4
ЮВ,2.0,н/о,,н/о,2.2,0.5,89,-1.0,-1.0,по сезону,1015.8,1011.1,2.2,,,,,2025-04-13 03:00:00,2025-04-13 07:00:00,2025,4
ЮЗ,2.0,н/о,,н/о,10.8,1.9,54,10.0,10.0,тепло,1015.8,1011.2,,,,,,2025-04-13 06:00:00,2025-04-13 10:00:00,2025,4
З,,н/о,,н/о,13.9,0.9,41,13.0,13.0,тепло,1015.7,1011.1,,,,,,2025-04-13 09:00:00,2025-04-13 13:00:00,2025,4
З,,н/о,,н/о,14.5,-0.3,36,14.0,14.0,тепло,1015.5,1011.0,,,,,,2025-04-13 12:00:00,2025-04-13 16:00:00,2025,4
штиль,0.0,н/о,,н/о,11.8,2.3,52,12.0,12.0,тепло,1015.8,1011.2,,14.7,,,,2025-04-13 15:00:00,2025-04-13 19:00:00,2025,4
СЗ,2.0,н/о,,н/о,8.1,4.0,75,6.0,6.0,по сезону,1018.0,1013.3,,,,,,2025-04-13 18:00:00,2025-04-13 22:00:00,2025,4
СЗ,1.0,н/о,,н/о,6.0,4.7,91,5.0,5.0,тепло,1020.2,1015.5,,,,,,2025-04-13 21:00:00,2025-04-14 01:00:00,2025,4
СЗ,2.0,н/о,,н/о,4.7,3.8,94,2.0,2.0,по сезону,1021.1,1016.4,,,,,,2025-04-14 00:00:00,2025-04-14 04:00:00,2025,4
СЗ,3.0,н/о,,н/о,4.3,3.2,93,1.0,1.0,по сезону,1023.4,1018.7,4.1,,1.0,,,2025-04-14 03:00:00,2025-04-14 07:00:00,2025,4
СЗ,5.0,н/о,,н/о,5.8,-0.1,66,2.0,2.0,по сезону,1026.0,1021.2,,,,,,2025-04-14 06:00:00,2025-04-14 10:00:00,2025,4
СЗ,3.0,н/о,,н/о,8.9,-2.0,46,7.0,7.0,по сезону,1027.0,1022.3,,,,,,2025-04-14 09:00:00,2025-04-14 13:00:00,2025,4
СЗ,3.0,н/о,,н/о,11.4,-3.2,36,10.0,10.0,по сезону,1027.2,1022.6,,,,,,2025-04-14 12:00:00,2025-04-14 16:00:00,2025,4
С,1.0,н/о,,н/о,10.5,-2.8,39,11.0,11.0,тепло,1027.6,1023.0,,11.7,,,,2025-04-14 15:00:00,2025-04-14 19:00:00,2025,4
штиль,0.0,н/о,,н/о,3.5,-1.1,72,3.0,3.0,по сезону,1030.1,1025.4,,,,,,2025-04-14 18:00:00,2025-04-14 22:00:00,2025,4
ЮВ,1.0,н/о,,н/о,0.6,-1.8,84,-1.0,-1.0,по сезону,1031.7,1026.8,,,,,,2025-04-14 21:00:00,2025-04-15 01:00:00,2025,4
штиль,0.0,н/о,,н/о,-1.8,-2.3,96,-3.0,-3.0,прохладно,1032.7,1027.8,,,,,,2025-04-15 00:00:00,2025-04-15 04:00:00,2025,4
штиль,0.0,н/о,,н/о,1.0,0.5,96,-0.0,-0.0,по сезону,1033.6,1028.8,-2.6,,,,,2025-04-15 03:00:00,2025-04-15 07:00:00,2025,4
ЮЗ,3.0,н/о,,н/о,12.3,-1.7,38,11.0,11.0,тепло,1033.3,1028.6,,,,,,2025-04-15 06:00:00,2025-04-15 10:00:00,2025,4
ЮЗ,4.0,н/о,,н/о,15.1,-1.8,31,14.0,14.0,тепло,1031.9,1027.3,,,,,,2025-04-15 09:00:00,2025-04-15 13:00:00,2025,4
ЮЗ,3.0,н/о,,н/о,16.7,-1.1,30,17.0,17.0,тепло,1030.0,1025.4,,,,,,2025-04-15 12:00:00,2025-04-15 16:00:00,2025,4
ЮЗ,,н/о,,н/о,15.6,-1.6,31,16.0,16.0,тепло,1028.4,1023.9,,,,,,2025-04-15 15:00:00,2025-04-15 19:00:00,2025,4
Ю,3.0,н/о,,н/о,11.5,-0.2,44,10.0,10.0,тепло,1028.5,1023.8,,,,,,2025-04-15 18:00:00,2025-04-15 22:00:00,2025,4
ЮЗ,3.0,н/о,,н/о,10.5,0.4,50,9.0,9.0,тепло,1028.1,1023.4,,,,,,2025-04-15 21:00:00,2025-04-16 01:00:00,2025,4
ЮЗ,1.0,н/о,,н/о,8.8,1.2,59,9.0,9.0,тепло,1027.6,1022.9,,,,,,2025-04-16 00:00:00,2025-04-16 04:00:00,2025,4
ЮВ,1.0,н/о,,н/о,8.3,2.4,66,8.0,8.0,тепло,1027.4,1022.7,7.0,,,,,2025-04-16 03:00:00,2025-04-16 07:00:00,2025,4
З,2.0,н/о,,н/о,14.3,3.1,47,14.0,14.0,тепло,1026.9,1022.3,,,,,,2025-04-16 06:00:00,2025-04-16 10:00:00,2025,4
З,4.0,н/о,,н/о,19.5,1.3,30,20.0,20.0,тепло,1026.3,1021.8,,,,,,2025-04-16 09:00:00,2025-04-16 13:00:00,2025,4
СЗ,,н/о,,н/о,20.6,2.4,30,21.0,21.0,комфорт,1025.9,1021.4,,,,,,2025-04-16 12:00:00,2025-04-16 16:00:00,2025,4
СЗ,,н/о,,н/о,18.9,2.6,34,19.0,19.0,тепло,1025.9,1021.4,,21.3,,,,2025-04-16 15:00:00,2025-04-16 19:00:00,2025,4
З,2.0,н/о,,н/о,15.9,-0.6,32,16.0,16.0,тепло,1027.5,1022.9,,,,,,2025-04-16 18:00:00,2025-04-16 22:00:00,2025,4
штиль,0.0,н/о,,н/о,6.1,0.8,69,5.0,5.0,тепло,1027.9,1023.2,,,,,,2025-04-16 21:00:00,2025-04-17 01:00:00,2025,4
ЮВ,1.0,н/о,,н/о,2.5,0.8,89,1.0,1.0,по сезону,1028.8,1024.0,,,,,,2025-04-17 00:00:00,2025-04-17 04:00:00,2025,4
штиль,0.0,н/о,,н/о,3.0,1.8,92,2.0,2.0,по сезону,1029.6,1024.8,0.2,,,,,2025-04-17 03:00:00,2025-04-17 07:00:00,2025,4
штиль,0.0,н/о,,н/о,15.5,1.5,39,16.0,16.0,тепло,1029.3,1024.7,,,,,,2025-04-17 06:00:00,2025-04-17 10:00:00,2025,4
З,2.0,н/о,,н/о,20.4,-3.3,20,21.0,21.0,комфорт,1027.6,1023.1,,,,,,2025-04-17 09:00:00,2025-04-17 13:00:00,2025,4
З,2.0,н/о,,н/о,22.0,-1.3,21,21.0,21.0,комфорт,1025.1,1020.6,,,,,,2025-04-17 12:00:00,2025-04-17 16:00:00,2025,4
СЗ,1.0,н/о,,н/о,19.9,-0.1,26,21.0,21.0,комфорт,1023.3,1018.8,,22.5,,,,2025-04-17 15:00:00,2025-04-17 19:00:00,2025,4
Ю,1.0,н/о,,н/о,12.3,2.1,50,13.0,13.0,тепло,1023.9,1019.3,,,,,,2025-04-17 18:00:00,2025-04-17 22:00:00,2025,4
В,1.0,н/о,,н/о,7.2,1.2,66,7.0,7.0,тепло,1023.5,1018.8,,,,,,2025-04-17 21:00:00,2025-04-18 01:00:00,2025,4
штиль,0.0,н/о,,н/о,5.4,2.7,83,4.0,4.0,тепло,1023.0,1018.2,,,,,,2025-04-18 00:00:00,2025-04-18 04:00:00,2025,4
В,1.0,н/о,,н/о,11.2,3.9,61,11.0,11.0,тепло,1022.3,1017.7,4.5,,,,,2025-04-18 03:00:00,2025-04-18 07:00:00,2025,4
СЗ,2.0,н/о,,н/о,16.5,1.9,37,17.0,17.0,тепло,1022.2,1017.7,,,,,,2025-04-18 06:00:00,2025-04-18 10:00:00,2025,4
СЗ,2.0,н/о,,н/о,21.8,1.0,25,21.0,21.0,комфорт,1021.1,1016.6,,,,,,2025-04-18 09:00:00,2025-04-18 13:00:00,2025,4
СЗ,4.0,н/о,,н/о,22.3,0.8,24,22.0,22.0,комфорт,1019.9,1015.5,,,,,,2025-04-18 12:00:00,2025-04-18 16:00:00,2025,4
штиль,0.0,н/о,,н/о,19.0,4.4,38,19.0,19.0,тепло,1019.4,1014.9,,23.3,,,,2025-04-18 15:00:00,2025-04-18 19:00:00,2025,4
В,2.0,н/о,,н/о,14.1,5.4,56,14.0,14.0,тепло,1019.7,1015.2,,,,,,2025-04-18 18:00:00,2025-04-18 22:00:00,2025,4
штиль,0.0,н/о,,н/о,11.9,6.9,71,11.0,11.0,тепло,1019.6,1015.0,,,,,,2025-04-18 21:00:00,2025-04-19 01:00:00,2025,4
ЮВ,1.0,н/о,,н/о,7.8,4.6,80,7.0,7.0,тепло,1019.9,1015.3,,,,,,2025-04-19 00:00:00,2025-04-19 04:00:00,2025,4
В,1.0,н/о,,н/о,8.9,7.4,90,8.0,8.0,тепло,1020.0,1015.4,6.2,,,,,2025-04-19 03:00:00,2025-04-19 07:00:00,2025,4
З,1.0,н/о,,н/о,20.1,7.8,45,22.0,22.0,комфорт,1019.9,1015.4,,,,,,2025-04-19 06:00:00,2025-04-19 10:00:00,2025,4
СЗ,4.0,н/о,,н/о,24.1,5.9,31,24.0,24.0,комфорт,1019.1,1014.7,,,,,,2025-04-19 09:00:00,2025-04-19 13:00:00,2025,4
З,3.0,н/о,,н/о,25.3,5.0,27,25.0,25.0,комфорт,1017.3,1013.0,,,,,,2025-04-19 12:00:00,2025-04-19 16:00:00,2025,4
ЮЗ,2.0,н/о,,н/о,24.6,3.7,26,24.0,24.0,комфорт,1015.9,1011.5,,26.2,,,,2025-04-19 15:00:00,2025-04-19 19:00:00,2025,4
ЮЗ,3.0,н/о,,н/о,20.4,5.0,36,21.0,21.0,комфорт,1016.7,1012.2,,,,,,2025-04-19 18:00:00,2025-04-19 22:00:00,2025,4
ЮЗ,3.0,н/о,,н/о,18.0,5.7,44,18.0,18.0,тепло,1016.6,1012.1,,,,,,2025-04-19 21:00:00,2025-04-20 01:00:00,2025,4
З,3.0,н/о,,н/о,16.7,7.2,53,17.0,17.0,тепло,1017.4,1012.9,,,,,,2025-04-20 00:00:00,2025-04-20 04:00:00,2025,4
З,3.0,н/о,,н/о,15.1,9.0,67,14.0,14.0,тепло,1017.0,1012.5,13.6,,2.0,,,2025-04-20 03:00:00,2025-04-20 07:00:00,2025,4
З,,н/о,,н/о,19.0,6.1,43,20.0,20.0,тепло,1017.1,1012.6,,,,,,2025-04-20 06:00:00,2025-04-20 10:00:00,2025,4
З,,н/о,,н/о,24.6,4.9,28,24.0,24.0,комфорт,1017.0,1012.6,,,,,,2025-04-20 09:00:00,2025-04-20 13:00:00,2025,4
З,,н/о,,н/о,26.4,2.3,21,25.0,25.0,комфорт,1016.1,1011.8,,,,,,2025-04-20 12:00:00,2025-04-20 16:00:00,2025,4
ЮЗ,3.0,н/о,,н/о,25.1,0.2,19,24.0,24.0,комфорт,1015.6,1011.2,,27.2,,,,2025-04-20 15:00:00,2025-04-20 19:00:00,2025,4
ЮЗ,4.0,н/о,,н/о,21.0,1.7,28,21.0,21.0,комфорт,1016.9,1012.5,,,,,,2025-04-20 18:00:00,2025-04-20 22:00:00,2025,4
З,,н/о,,н/о,18.4,0.9,31,19.0,19.0,тепло,1017.8,1013.3,,,,,,2025-04-20 21:00:00,2025-04-21 01:00:00,2025,4
ЮЗ,3.0,н/о,,н/о,16.2,0.1,33,16.0,16.0,тепло,1018.4,1013.9,,,,,,2025-04-21 00:00:00,2025-04-21 04:00:00,2025,4
ЮЗ,3.0,н/о,,н/о,15.4,-0.1,35,15.0,15.0,тепло,1019.7,1015.2,15.4,,,,,2025-04-21 03:00:00,2025-04-21 07:00:00,2025,4
З,2.0,н/о,,н/о,21.9,1.7,26,22.0,22.0,комфорт,1020.6,1016.1,,,,,,2025-04-21 06:00:00,2025-04-21 10:00:00,2025,4
ЮЗ,3.0,н/о,,н/о,25.8,-2.1,16,24.0,24.0,комфорт,1020.4,1016.0,,,,,,2025-04-21 09:00:00,2025-04-21 13:00:00,2025,4
ЮЗ,,н/о,,н/о,26.1,-2.8,15,24.0,24.0,комфорт,1019.8,1015.5,,,,,,2025-04-21 12:00:00,2025-04-21 16:00:00,2025,4
З,1.0,н/о,,н/о,23.6,-1.5,19,22.0,22.0,комфорт,1019.5,1015.0,,26.7,,,,2025-04-21 15:00:00,2025-04-21 19:00:00,2025,4
Ю,2.0,н/о,,н/о,18.5,0.6,30,19.0,19.0,тепло,1020.2,1015.7,,,,,,2025-04-21 18:00:00,2025-04-21 22:00:00,2025,4
ЮЗ,3.0,н/о,,н/о,19.6,-0.1,27,20.0,20.0,тепло,1020.8,1016.3,,,,,,2025-04-21 21:00:00,2025-04-22 01:00:00,2025,4
штиль,0.0,н/о,,н/о,8.9,3.2,67,8.0,8.0,тепло,1021.4,1016.7,,,,,,2025-04-22 00:00:00,2025-04-22 04:00:00,2025,4
штиль,0.0,н/о,,н/о,10.6,5.6,71,10.0,10.0,тепло,1021.1,1016.5,7.6,,,,,2025-04-22 03:00:00,2025-04-22 07:00:00,2025,4
Ю,2.0,н/о,,н/о,21.4,4.3,33,22.0,22.0,комфорт,1020.7,1016.2,,,,,,2025-04-22 06:00:00,2025-04-22 10:00:00,2025,4
ЮЗ,3.0,н/о,,н/о,26.7,2.4,21,25.0,25.0,комфорт,1019.5,1015.1,,,,,,2025-04-22 09:00:00,2025-04-22 13:00:00,2025,4
ЮЗ,,н/о,,н/о,26.1,-1.2,17,24.0,24.0,комфорт,1018.3,1014.0,,,,,,2025-04-22 12:00:00,2025-04-22 16:00:00,2025,4
ЮЗ,,н/о,,н/о,23.6,2.7,25,23.0,23.0,комфорт,1017.8,1013.4,,27.2,,,,2025-04-22 15:00:00,2025-04-22 19:00:00,2025,4
Ю,2.0,н/о,,н/о,19.0,3.6,36,20.0,20.0,тепло,1018.8,1014.3,,,,,,2025-04-22 18:00:00,2025-04-22 22:00:00,2025,4
Ю,3.0,н/о,,н/о,17.0,5.3,46,17.0,17.0,тепло,1018.8,1014.3,,,,,,2025-04-22 21:00:00,2025-04-23 01:00:00,2025,4
З,1.0,н/о,,н/о,16.3,5.6,49,17.0,17.0,тепло,1018.7,1014.2,,,,,,2025-04-23 00:00:00,2025-04-23 04:00:00,2025,4
Ю,1.0,н/о,,н/о,13.5,7.3,66,14.0,14.0,тепло,1019.1,1014.5,9.0,,,,,2025-04-23 03:00:00,2025-04-23 07:00:00,2025,4
ЮЗ,3.0,н/о,,н/о,19.8,9.9,53,21.0,21.0,комфорт,1019.7,1015.2,,,,,,2025-04-23 06:00:00,2025-04-23 10:00:00,2025,4
Ю,2.0,н/о,,н/о,22.3,9.1,43,24.0,24.0,комфорт,1018.5,1014.1,,,,,,2025-04-23 09:00:00,2025-04-23 13:00:00,2025,4
Ю,3.0,н/о,,н/о,24.2,7.0,33,24.0,24.0,комфорт,1016.7,1012.3,,,,,,2025-04-23 12:00:00,2025-04-23 16:00:00,2025,4
ЮВ,2.0,н/о,,н/о,22.0,7.2,38,23.0,23.0,комфорт,1015.7,1011.3,,24.6,,,,2025-04-23 15:00:00,2025-04-23 19:00:00,2025,4
штиль,0.0,н/о,,н/о,12.8,9.1,78,12.0,12.0,тепло,1015.8,1011.2,,,,,,2025-04-23 18:00:00,2025-04-23 22:00:00,2025,4
штиль,0.0,н/о,,н/о,11.4,10.9,97,11.0,11.0,тепло,1015.2,1010.6,,,,,,2025-04-23 21:00:00,2025-04-24 01:00:00,2025,4
Ю,2.0,н/о,,н/о,12.9,12.7,99,12.0,12.0,тепло,1014.2,1009.7,,,,,,2025-04-24 00:00:00,2025-04-24 04:00:00,2025,4
СВ,1.0,н/о,,н/о,13.8,11.2,84,14.0,14.0,тепло,1012.8,1008.3,9.7,,0.8,,,2025-04-24 03:00:00,2025-04-24 07:00:00,2025,4
В,3.0,н/о,,н/о,21.4,11.3,53,23.0,23.0,комфорт,1010.8,1006.4,,,,,,2025-04-24 06:00:00,2025-04-24 10:00:00,2025,4
Ю,,н/о,,н/о,23.3,8.1,38,24.0,24.0,комфорт,1009.7,1005.4,,,,,,2025-04-24 09:00:00,2025-04-24 13:00:00,2025,4
С,,н/о,,н/о,18.9,14.2,74,21.0,21.0,комфорт,1007.3,1002.8,,,,,,2025-04-24 12:00:00,2025-04-24 16:00:00,2025,4
СЗ,2.0,н/о,,н/о,15.5,13.8,90,15.0,15.0,тепло,1006.8,1002.3,,25.4,2.0,,,2025-04-24 15:00:00,2025-04-24 19:00:00,2025,4
штиль,0.0,н/о,,н/о,12.0,12.0,100,11.0,11.0,тепло,1006.8,1002.3,,,,,,2025-04-24 18:00:00,2025-04-24 22:00:00,2025,4
ЮВ,1.0,н/о,,н/о,12.8,12.8,100,13.0,13.0,тепло,1006.0,1001.5,,,,,,2025-04-24 21:00:00,2025-04-25 01:00:00,2025,4
З,1.0,н/о,,н/о,14.3,13.0,92,15.0,15.0,тепло,1005.8,1001.3,,,,,,2025-04-25 00:00:00,2025-04-25 04:00:00,2025,4
штиль,0.0,н/о,,н/о,13.3,13.3,100,13.0,13.0,тепло,1005.4,1000.9,11.7,,0.5,,,2025-04-25 03:00:00,2025-04-25 07:00:00,2025,4
С,2.0,н/о,,н/о,13.7,13.7,100,13.0,13.0,тепло,1005.3,1000.8,,,,,,2025-04-25 06:00:00,2025-04-25 10:00:00,2025,4
С,1.0,н/о,,н/о,14.3,14.3,100,15.0,15.0,тепло,1005.1,1000.6,,,,,,2025-04-25 09:00:00,2025-04-25 13:00:00,2025,4
С,1.0,н/о,,н/о,14.6,14.6,100,15.0,15.0,по сезону,1004.5,1000.0,,,,,,2025-04-25 12:00:00,2025-04-25 16:00:00,2025,4
СЗ,1.0,н/о,,н/о,14.7,14.5,99,15.0,15.0,тепло,1003.8,999.4,,15.1,0.5,,,2025-04-25 15:00:00,2025-04-25 19:00:00,2025,4
штиль,0.0,н/о,,н/о,9.9,9.9,100,9.0,9.0,по сезону,1004.4,999.8,,,,,,2025-04-25 18:00:00,2025-04-25 22:00:00,2025,4
штиль,0.0,н/о,,н/о,8.2,8.2,100,7.0,7.0,по сезону,1004.2,999.6,,,,,,2025-04-25 21:00:00,2025-04-26 01:00:00,2025,4
штиль,0.0,н/о,,н/о,6.5,6.5,100,5.0,5.0,по сезону,1004.1,999.5,,,,,,2025-04-26 00:00:00,2025-04-26 04:00:00,2025,4
штиль,0.0,н/о,,н/о,8.1,7.1,93,7.0,7.0,по сезону,1003.7,999.2,6.4,,0.3,,,2025-04-26 03:00:00,2025-04-26 07:00:00,2025,4
СЗ,1.0,н/о,,н/о,14.1,7.1,63,15.0,15.0,тепло,1003.7,999.7,,,,,,2025-04-26 06:00:00,2025-04-26 10:00:00,2025,4
Ю,3.0,н/о,,н/о,21.2,15.3,69,24.0,24.0,комфорт,1003.1,998.8,,,,,,2025-04-26 09:00:00,2025-04-26 13:00:00,2025,4
ЮЗ,2.0,н/о,,н/о,21.6,14.0,62,24.0,24.0,комфорт,1001.7,997.4,,,,,,2025-04-26 12:00:00,2025-04-26 16:00:00,2025,4
СВ,1.0,н/о,,н/о,16.7,14.2,85,18.0,18.0,тепло,1001.5,997.1,,23.3,0.3,,,2025-04-26 15:00:00,2025-04-26 19:00:00,2025,4
Ю,,н/о,,н/о,13.1,12.5,96,13.0,13.0,тепло,1002.9,998.0,,,,,,2025-04-26 18:00:00,2025-04-26 22:00:00,2025,4
С,4.0,н/о,,н/о,9.1,9.1,100,6.0,6.0,по сезону,1003.1,998.6,,,,,,2025-04-26 21:00:00,2025-04-27 01:00:00,2025,4
С,3.0,н/о,,н/о,6.4,5.0,91,3.0,3.0,по сезону,1003.7,999.1,,,,,,2025-04-27 00:00:00,2025-04-27 04:00:00,2025,4
С,4.0,н/о,,н/о,5.0,3.7,91,1.0,1.0,прохладно,1004.5,999.8,5.0,,0.5,,,2025-04-27 03:00:00,2025-04-27 07:00:00,2025,4
С,3.0,н/о,,н/о,4.2,4.0,99,0.0,0.0,холодно,1005.5,1000.9,3.9,,,,,2025-04-27 06:00:00,2025-04-27 10:00:00,2025,4
С,5.0,н/о,,н/о,5.4,3.6,88,1.0,1.0,очень  холодно,1006.8,1002.2,,,,,,2025-04-27 09:00:00,2025-04-27 13:00:00,2025,4
С,4.0,н/о,,н/о,6.3,3.3,81,3.0,3.0,очень  холодно,1007.2,1002.6,,,,,,2025-04-27 12:00:00,2025-04-27 16:00:00,2025,4
СЗ,2.0,н/о,,н/о,5.5,2.1,79,3.0,3.0,холодно,1008.7,1004.1,,6.4,0.5,,,2025-04-27 15:00:00,2025-04-27 19:00:00,2025,4
СЗ,3.0,н/о,,н/о,4.8,1.4,79,1.0,1.0,прохладно,1009.2,1004.5,,,,,,2025-04-27 18:00:00,2025-04-27 22:00:00,2025,4
СЗ,,н/о,,н/о,3.9,1.5,84,0.0,0.0,прохладно,1008.9,1004.2,,,,,,2025-04-27 21:00:00,2025-04-28 01:00:00,2025,4
СЗ,4.0,н/о,,н/о,1.7,1.1,96,-4.0,-4.0,прохладно,1009.3,1004.6,,,,,,2025-04-28 00:00:00,2025-04-28 04:00:00,2025,4
СЗ,4.0,н/о,,н/о,1.5,0.6,94,-4.0,-4.0,холодно,1010.1,1005.3,1.3,,0.5,,,2025-04-28 03:00:00,2025-04-28 07:00:00,2025,4
СЗ,,н/о,,н/о,-0.0,-0.4,97,-6.0,-6.0,очень  холодно,1011.7,1006.9,-0.0,,,,,2025-04-28 06:00:00,2025-04-28 10:00:00,2025,4
СЗ,,н/о,,н/о,3.6,-0.1,77,-3.0,-3.0,очень  холодно,1012.7,1008.0,,,,,,2025-04-28 09:00:00,2025-04-28 13:00:00,2025,4
З,,н/о,,н/о,1.2,1.0,99,-4.0,-4.0,очень  холодно,1014.3,1009.6,,,,,,2025-04-28 12:00:00,2025-04-28 16:00:00,2025,4
СЗ,,н/о,,н/о,3.0,-2.7,66,-1.0,-1.0,холодно,1015.7,1011.0,,4.7,,,,2025-04-28 15:00:00,2025-04-28 19:00:00,2025,4
З,,н/о,,н/о,2.0,-2.7,71,1.0,1.0,прохладно,1017.8,1013.0,,,,,,2025-04-28 18:00:00,2025-04-28 22:00:00,2025,4
З,3.0,н/о,,н/о,1.9,-2.7,72,-2.0,-2.0,прохладно,1018.7,1013.9,,,,,,2025-04-28 21:00:00,2025-04-29 01:00:00,2025,4
З,3.0,н/о,,н/о,1.7,-2.4,74,-2.0,-2.0,по сезону,1019.9,1015.2,,,,,,2025-04-29 00:00:00,2025-04-29 04:00:00,2025,4
З,2.0,н/о,,н/о,2.5,-2.3,71,-0.0,-0.0,по сезону,1022.2,1017.4,1.0,,0.3,,,2025-04-29 03:00:00,2025-04-29 07:00:00,2025,4
З,3.0,н/о,,н/о,8.1,-4.9,39,6.0,6.0,по сезону,1024.0,1019.3,,,,,,2025-04-29 06:00:00,2025-04-29 10:00:00,2025,4
З,3.0,н/о,,н/о,11.3,-6.8,27,10.0,10.0,тепло,1023.5,1018.9,,,,,,2025-04-29 09:00:00,2025-04-29 13:00:00,2025,4
ЮЗ,,н/о,,н/о,13.3,-7.5,23,13.0,13.0,тепло,1022.2,1017.6,,,,,,2025-04-29 12:00:00,2025-04-29 16:00:00,2025,4
ЮЗ,3.0,н/о,,н/о,12.8,-5.6,27,12.0,12.0,тепло,1020.6,1016.0,,13.7,,,,2025-04-29 15:00:00,2025-04-29 19:00:00,2025,4
Ю,3.0,н/о,,н/о,8.4,-4.9,39,6.0,6.0,по сезону,1020.6,1016.0,,,,,,2025-04-29 18:00:00,2025-04-29 22:00:00,2025,4
Ю,4.0,н/о,,н/о,7.3,-3.9,45,4.0,4.0,по сезону,1019.6,1014.9,,,,,,2025-04-29 21:00:00,2025-04-30 01:00:00,2025,4
Ю,,н/о,,н/о,9.1,-3.0,42,7.0,7.0,тепло,1018.4,1013.7,,,,,,2025-04-30 00:00:00,2025-04-30 04:00:00,2025,4
Ю,,н/о,,н/о,9.4,-2.9,42,8.0,8.0,по сезону,1017.8,1013.2,6.9,,0.3,,,2025-04-30 03:00:00,2025-04-30 07:00:00,2025,4
Ю,,н/о,,н/о,11.0,-2.1,40,9.0,9.0,прохладно,1017.3,1012.7,,,,,,2025-04-30 06:00:00,2025-04-30 10:00:00,2025,4
ЮЗ,,н/о,,н/о,12.9,0.1,41,11.0,11.0,прохладно,1016.7,1012.1,,,,,,2025-04-30 09:00:00,2025-04-30 13:00:00,2025,4
ЮЗ,,н/о,,н/о,12.4,1.9,49,11.0,11.0,холодно,1016.9,1012.3,,,,,,2025-04-30 12:00:00,2025-04-30 16:00:00,2025,4
Ю,,н/о,,н/о,12.8,1.7,47,11.0,11.0,по сезону,1015.8,1011.2,,13.3,,,,2025-04-30 15:00:00,2025-04-30 19:00:00,2025,4
Ю,3.0,н/о,,н/о,12.0,1.5,49,11.0,11.0,по сезону,1015.1,1010.5,,,,,,2025-04-30 18:00:00,2025-04-30 22:00:00,2025,4
ЮЗ,2.0,н/о,,н/о,11.1,4.1,62,10.0,10.0,тепло,1015.2,1010.6,,,,,,2025-04-30 21:00:00,2025-05-01 01:00:00,2025,4
З,2.0,н/о,,н/о,9.7,6.4,80,8.0,8.0,тепло,1015.4,1010.8,,,,,,2025-05-01 00:00:00,2025-05-01 04:00:00,2025,5
З,2.0,н/о,,н/о,9.8,7.3,84,8.0,8.0,по сезону,1016.4,1011.8,8.6,,,,,2025-05-01 03:00:00,2025-05-01 07:00:00,2025,5
З,2.0,н/о,,н/о,13.6,7.0,64,13.0,13.0,по сезону,1017.4,1012.9,,,,,,2025-05-01 06:00:00,2025-05-01 10:00:00,2025,5
З,2.0,н/о,,н/о,16.3,1.5,37,17.0,17.0,тепло,1017.7,1013.2,,,,,,2025-05-01 09:00:00,2025-05-01 13:00:00,2025,5
ЮЗ,2.0,н/о,,н/о,18.4,0.9,31,19.0,19.0,тепло,1017.1,1012.6,,,,,,2025-05-01 12:00:00,2025-05-01 16:00:00,2025,5
З,1.0,н/о,,н/о,17.6,0.1,31,19.0,19.0,тепло,1016.4,1011.9,,19.0,,,,2025-05-01 15:00:00,2025-05-01 19:00:00,2025,5
Ю,1.0,н/о,,н/о,11.0,4.6,65,11.0,11.0,по сезону,1017.0,1012.4,,,,,,2025-05-01 18:00:00,2025-05-01 22:00:00,2025,5
Ю,2.0,н/о,,н/о,10.9,5.5,69,10.0,10.0,тепло,1016.5,1011.9,,,,,,2025-05-01 21:00:00,2025-05-02 01:00:00,2025,5
штиль,0.0,н/о,,н/о,11.0,9.1,88,10.0,10.0,тепло,1016.9,1012.3,,,,,,2025-05-02 00:00:00,2025-05-02 04:00:00,2025,5
Ю,2.0,н/о,,н/о,10.5,9.1,91,9.0,9.0,по сезону,1016.3,1011.7,9.6,,0.8,,,2025-05-02 03:00:00,2025-05-02 07:00:00,2025,5
Ю,4.0,н/о,,н/о,15.7,8.6,63,15.0,15.0,тепло,1016.0,1011.5,,,,,,2025-05-02 06:00:00,2025-05-02 10:00:00,2025,5
Ю,,н/о,,н/о,17.1,9.2,60,16.0,16.0,по сезону,1015.2,1010.7,,,,,,2025-05-02 09:00:00,2025-05-02 13:00:00,2025,5
Ю,,н/о,,н/о,17.7,5.1,43,17.0,17.0,по сезону,1014.0,1009.5,,,,,,2025-05-02 12:00:00,2025-05-02 16:00:00,2025,5
Ю,,н/о,,н/о,15.6,7.9,60,15.0,15.0,по сезону,1012.9,1008.4,,18.5,,,,2025-05-02 15:00:00,2025-05-02 19:00:00,2025,5
ЮВ,1.0,н/о,,н/о,13.4,7.0,65,14.0,14.0,тепло,1010.9,1006.4,,,,,,2025-05-02 18:00:00,2025-05-02 22:00:00,2025,5
штиль,0.0,н/о,,н/о,10.0,9.2,95,9.0,9.0,по сезону,1010.1,1005.5,,,,,,2025-05-02 21:00:00,2025-05-03 01:00:00,2025,5
штиль,0.0,н/о,,н/о,9.3,9.3,100,8.0,8.0,по сезону,1008.0,1003.4,,,,,,2025-05-03 00:00:00,2025-05-03 04:00:00,2025,5
З,2.0,н/о,,н/о,9.7,9.7,100,8.0,8.0,по сезону,1006.7,1002.2,9.0,,0.5,,,2025-05-03 03:00:00,2025-05-03 07:00:00,2025,5
СЗ,4.0,н/о,,н/о,9.5,5.4,76,7.0,7.0,холодно,1007.1,1002.6,8.8,,,,,2025-05-03 06:00:00,2025-05-03 10:00:00,2025,5
СЗ,,н/о,,н/о,10.5,4.6,67,8.0,8.0,холодно,1008.9,1004.3,,,,,,2025-05-03 09:00:00,2025-05-03 13:00:00,2025,5
З,3.0,н/о,,н/о,10.7,4.6,66,9.0,9.0,очень  холодно,1010.5,1005.9,,,,,,2025-05-03 12:00:00,2025-05-03 16:00:00,2025,5
З,2.0,н/о,,н/о,10.9,4.1,63,10.0,10.0,прохладно,1011.2,1006.6,,11.9,0.3,,,2025-05-03 15:00:00,2025-05-03 19:00:00,2025,5
ЮЗ,1.0,н/о,,н/о,6.1,4.1,87,5.0,5.0,холодно,1012.2,1007.5,,,,,,2025-05-03 18:00:00,2025-05-03 22:00:00,2025,5
Ю,2.0,н/о,,н/о,6.6,3.3,79,4.0,4.0,прохладно,1012.9,1008.2,,,,,,2025-05-03 21:00:00,2025-05-04 01:00:00,2025,5
Ю,3.0,н/о,,н/о,5.8,2.8,81,3.0,3.0,по сезону,1012.1,1007.4,,,,,,2025-05-04 00:00:00,2025-05-04 04:00:00,2025,5
Ю,1.0,н/о,,н/о,9.3,2.9,64,9.0,9.0,по сезону,1011.8,1007.2,4.9,,,,,2025-05-04 03:00:00,2025-05-04 07:00:00,2025,5
ЮЗ,3.0,н/о,,н/о,14.8,2.2,43,14.0,14.0,по сезону,1011.8,1007.3,,,,,,2025-05-04 06:00:00,2025-05-04 10:00:00,2025,5
ЮЗ,,н/о,,н/о,19.6,1.5,30,20.0,20.0,тепло,1011.3,1006.9,,,,,,2025-05-04 09:00:00,2025-05-04 13:00:00,2025,5
ЮЗ,,н/о,,н/о,20.8,-0.3,24,21.0,21.0,комфорт,1010.6,1006.2,,,,,,2025-05-04 12:00:00,2025-05-04 16:00:00,2025,5
ЮЗ,,н/о,,н/о,20.5,0.2,26,21.0,21.0,комфорт,1010.1,1005.7,,21.4,,,,2025-05-04 15:00:00,2025-05-04 19:00:00,2025,5
Ю,2.0,н/о,,н/о,17.3,2.0,36,18.0,18.0,тепло,1011.1,1006.6,,,,,,2025-05-04 18:00:00,2025-05-04 22:00:00,2025,5
ЮЗ,3.0,н/о,,н/о,16.7,1.3,35,17.0,17.0,тепло,1011.4,1006.9,,,,,,2025-05-04 21:00:00,2025-05-05 01:00:00,2025,5
Ю,2.0,н/о,,н/о,13.4,1.9,46,13.0,13.0,тепло,1012.1,1007.5,,,,,,2025-05-05 00:00:00,2025-05-05 04:00:00,2025,5
штиль,0.0,н/о,,н/о,15.2,4.6,49,15.0,15.0,тепло,1012.3,1007.8,9.8,,,,,2025-05-05 03:00:00,2025-05-05 07:00:00,2025,5
Ю,3.0,н/о,,н/о,21.3,5.0,34,22.0,22.0,комфорт,1012.2,1007.8,,,,,,2025-05-05 06:00:00,2025-05-05 10:00:00,2025,5
ЮЗ,,н/о,,н/о,24.7,2.2,23,24.0,24.0,комфорт,1011.5,1007.1,,,,,,2025-05-05 09:00:00,2025-05-05 13:00:00,2025,5
ЮЗ,,н/о,,н/о,24.7,1.8,22,24.0,24.0,комфорт,1010.3,1005.9,,,,,,2025-05-05 12:00:00,2025-05-05 16:00:00,2025,5
Ю,,н/о,,н/о,23.5,3.2,27,23.0,23.0,комфорт,1008.9,1004.5,,25.9,,,,2025-05-05 15:00:00,2025-05-05 19:00:00,2025,5
Ю,3.0,н/о,,н/о,18.6,1.2,31,19.0,19.0,тепло,1009.4,1004.9,,,,,,2025-05-05 18:00:00,2025-05-05 22:00:00,2025,5
Ю,3.0,н/о,,н/о,17.7,0.5,31,18.0,18.0,тепло,1008.9,1004.4,,,,,,2025-05-05 21:00:00,2025-05-06 01:00:00,2025,5
Ю,3.0,н/о,,н/о,14.4,2.6,45,14.0,14.0,тепло,1008.2,1003.7,,,,,,2025-05-06 00:00:00,2025-05-06 04:00:00,2025,5
Ю,,н/о,,н/о,13.5,6.0,60,12.0,12.0,тепло,1008.6,1004.1,12.8,,,,,2025-05-06 03:00:00,2025-05-06 07:00:00,2025,5
ЮЗ,4.0,н/о,,н/о,20.2,7.4,43,21.0,21.0,комфорт,1008.1,1003.7,,,,,,2025-05-06 06:00:00,2025-05-06 10:00:00,2025,5
СЗ,,н/о,,н/о,20.0,8.4,47,21.0,21.0,комфорт,1008.1,1003.6,,,,,,2025-05-06 09:00:00,2025-05-06 13:00:00,2025,5
СЗ,4.0,н/о,,н/о,18.1,10.8,62,18.0,18.0,тепло,1009.8,1005.3,,,,,,2025-05-06 12:00:00,2025-05-06 16:00:00,2025,5
СЗ,3.0,н/о,,н/о,17.2,6.2,48,17.0,17.0,тепло,1010.4,1006.0,,22.2,,,,2025-05-06 15:00:00,2025-05-06 19:00:00,2025,5
СЗ,1.0,н/о,,н/о,11.6,5.7,67,12.0,12.0,тепло,1012.4,1007.8,,,,,,2025-05-06 18:00:00,2025-05-06 22:00:00,2025,5
С,3.0,н/о,,н/о,9.5,4.1,69,7.0,7.0,по сезону,1014.7,1010.1,,,,,,2025-05-06 21:00:00,2025-05-07 01:00:00,2025,5
С,2.0,н/о,,н/о,5.7,3.1,83,3.0,3.0,по сезону,1015.5,1010.8,,,,,,2025-05-07 00:00:00,2025-05-07 04:00:00,2025,5
С,3.0,н/о,,н/о,7.9,4.8,81,5.0,5.0,по сезону,1015.7,1011.1,3.6,,,,,2025-05-07 03:00:00,2025-05-07 07:00:00,2025,5
С,1.0,н/о,,н/о,12.3,3.8,56,13.0,13.0,тепло,1015.2,1010.6,,,,,,2025-05-07 06:00:00,2025-05-07 10:00:00,2025,5
С,1.0,н/о,,н/о,15.7,-0.6,33,17.0,17.0,тепло,1013.5,1009.0,,,,,,2025-05-07 09:00:00,2025-05-07 13:00:00,2025,5
СЗ,1.0,н/о,,н/о,18.2,-1.5,26,19.0,19.0,тепло,1011.9,1007.4,,,,,,2025-05-07 12:00:00,2025-05-07 16:00:00,2025,5
штиль,0.0,н/о,,н/о,16.0,3.2,42,16.0,16.0,тепло,1010.4,1005.9,,18.3,,,,2025-05-07 15:00:00,2025-05-07 19:00:00,2025,5
штиль,0.0,н/о,,н/о,13.7,6.6,62,13.0,13.0,тепло,1009.9,1005.4,,,,,,2025-05-07 18:00:00,2025-05-07 22:00:00,2025,5
штиль,0.0,н/о,,н/о,10.5,5.6,72,10.0,10.0,тепло,1008.7,1004.1,,,,,,2025-05-07 21:00:00,2025-05-08 01:00:00,2025,5
штиль,0.0,н/о,,н/о,11.2,6.1,71,11.0,11.0,тепло,1007.4,1002.8,,,,,,2025-05-08 00:00:00,2025-05-08 04:00:00,2025,5
штиль,0.0,н/о,,н/о,11.7,9.1,84,11.0,11.0,тепло,1006.4,1001.9,8.9,,,,,2025-05-08 03:00:00,2025-05-08 07:00:00,2025,5
Ю,2.0,н/о,,н/о,18.3,6.2,45,19.0,19.0,тепло,1005.3,1000.9,,,,,,2025-05-08 06:00:00,2025-05-08 10:00:00,2025,5
Ю,2.0,н/о,,н/о,22.6,11.7,50,25.0,25.0,комфорт,1004.0,999.7,,,,,,2025-05-08 09:00:00,2025-05-08 13:00:00,2025,5
С,3.0,н/о,,н/о,16.7,16.5,99,16.0,16.0,тепло,1003.5,999.1,,,,,,2025-05-08 12:00:00,2025-05-08 16:00:00,2025,5
штиль,0.0,н/о,,н/о,14.0,14.0,100,13.0,13.0,тепло,1004.5,1000.0,,23.4,1.0,,,2025-05-08 15:00:00,2025-05-08 19:00:00,2025,5
СЗ,2.0,н/о,,н/о,13.3,13.3,100,12.0,12.0,тепло,1004.9,1000.4,,,,,,2025-05-08 18:00:00,2025-05-08 22:00:00,2025,5
СЗ,3.0,н/о,,н/о,12.0,12.0,100,10.0,10.0,тепло,1005.5,1001.0,,,,,,2025-05-08 21:00:00,2025-05-09 01:00:00,2025,5
СЗ,2.0,н/о,,н/о,10.2,10.2,100,9.0,9.0,тепло,1006.7,1002.1,,,,,,2025-05-09 00:00:00,2025-05-09 04:00:00,2025,5
СЗ,4.0,н/о,,н/о,10.1,10.1,100,7.0,7.0,по сезону,1007.7,1003.2,9.8,,0.8,,,2025-05-09 03:00:00,2025-05-09 07:00:00,2025,5
СЗ,3.0,н/о,,н/о,11.2,9.8,91,9.0,9.0,по сезону,1009.5,1004.9,,,,,,2025-05-09 06:00:00,2025-05-09 10:00:00,2025,5
СЗ,3.0,н/о,,н/о,11.8,10.3,91,10.0,10.0,по сезону,1010.8,1006.3,,,,,,2025-05-09 09:00:00,2025-05-09 13:00:00,2025,5
СЗ,3.0,н/о,,н/о,14.7,9.8,72,14.0,14.0,тепло,1011.5,1007.0,,,,,,2025-05-09 12:00:00,2025-05-09 16:00:00,2025,5
С,2.0,н/о,,н/о,14.4,7.6,64,14.0,14.0,тепло,1012.4,1007.9,,15.0,0.3,,,2025-05-09 15:00:00,2025-05-09 19:00:00,2025,5
штиль,0.0,н/о,,н/о,6.9,6.8,99,6.0,6.0,по сезону,1013.8,1009.2,,,,,,2025-05-09 18:00:00,2025-05-09 22:00:00,2025,5
штиль,0.0,н/о,,н/о,4.5,4.5,100,3.0,3.0,по сезону,1014.5,1009.8,,,,,,2025-05-09 21:00:00,2025-05-10 01:00:00,2025,5
штиль,0.0,н/о,,н/о,3.5,3.5,100,2.0,2.0,прохладно,1014.7,1010.0,,,,,,2025-05-10 00:00:00,2025-05-10 04:00:00,2025,5
штиль,0.0,н/о,,н/о,8.1,8.1,100,7.0,7.0,прохладно,1014.5,1009.9,3.2,,,,,2025-05-10 03:00:00,2025-05-10 07:00:00,2025,5
ЮВ,2.0,н/о,,н/о,15.9,9.5,66,16.0,16.0,по сезону,1013.8,1009.3,,,,,,2025-05-10 06:00:00,2025-05-10 10:00:00,2025,5
Ю,4.0,н/о,,н/о,17.4,6.9,50,17.0,17.0,по сезону,1012.1,1007.6,,,,,,2025-05-10 09:00:00,2025-05-10 13:00:00,2025,5
ЮВ,,н/о,,н/о,16.2,5.9,50,16.0,16.0,прохладно,1010.7,1006.2,,,,,,2025-05-10 12:00:00,2025-05-10 16:00:00,2025,5
ЮВ,,н/о,,н/о,17.3,6.6,49,17.0,17.0,по сезону,1008.5,1004.1,,17.7,,,,2025-05-10 15:00:00,2025-05-10 19:00:00,2025,5
Ю,3.0,н/о,,н/о,16.5,8.8,60,16.0,16.0,тепло,1006.9,1002.4,,,,,,2025-05-10 18:00:00,2025-05-10 22:00:00,2025,5
З,2.0,н/о,,н/о,14.7,11.0,78,14.0,14.0,тепло,1007.0,1002.5,,,,,,2025-05-10 21:00:00,2025-05-11 01:00:00,2025,5
З,2.0,н/о,,н/о,9.9,6.3,78,8.0,8.0,по сезону,1009.7,1005.1,,,,,,2025-05-11 00:00:00,2025-05-11 04:00:00,2025,5
З,,н/о,,н/о,8.8,3.3,68,6.0,6.0,прохладно,1012.6,1008.0,8.2,,,,,2025-05-11 03:00:00,2025-05-11 07:00:00,2025,5
СЗ,3.0,н/о,,н/о,11.5,3.8,59,10.0,10.0,прохладно,1014.5,1009.9,,,,,,2025-05-11 06:00:00,2025-05-11 10:00:00,2025,5
СЗ,3.0,н/о,,н/о,13.7,0.8,41,13.0,13.0,прохладно,1014.7,1010.1,,,,,,2025-05-11 09:00:00,2025-05-11 13:00:00,2025,5
СЗ,2.0,н/о,,н/о,16.0,0.6,35,16.0,16.0,по сезону,1014.6,1010.1,,,,,,2025-05-11 12:00:00,2025-05-11 16:00:00,2025,5
З,1.0,н/о,,н/о,16.8,0.2,32,18.0,18.0,тепло,1014.9,1010.4,,17.5,,,,2025-05-11 15:00:00,2025-05-11 19:00:00,2025,5
штиль,0.0,н/о,,н/о,7.6,4.1,78,7.0,7.0,прохладно,1015.7,1011.1,,,,,,2025-05-11 18:00:00,2025-05-11 22:00:00,2025,5
штиль,0.0,н/о,,н/о,4.7,4.1,96,4.0,4.0,прохладно,1015.9,1011.2,,,,,,2025-05-11 21:00:00,2025-05-12 01:00:00,2025,5
штиль,0.0,н/о,,н/о,3.9,3.6,98,3.0,3.0,прохладно,1015.7,1011.0,,,,,,2025-05-12 00:00:00,2025-05-12 04:00:00,2025,5
штиль,0.0,н/о,,н/о,8.9,7.9,93,8.0,8.0,по сезону,1015.5,1010.9,2.6,,,,,2025-05-12 03:00:00,2025-05-12 07:00:00,2025,5
С,1.0,н/о,,н/о,16.1,6.3,52,17.0,17.0,тепло,1015.2,1010.7,,,,,,2025-05-12 06:00:00,2025-05-12 10:00:00,2025,5
В,1.0,н/о,,н/о,18.2,2.1,34,19.0,19.0,тепло,1014.2,1009.7,,,,,,2025-05-12 09:00:00,2025-05-12 13:00:00,2025,5
СЗ,2.0,н/о,,н/о,19.8,1.7,30,21.0,21.0,комфорт,1013.0,1008.6,,,,,,2025-05-12 12:00:00,2025-05-12 16:00:00,2025,5
С,2.0,н/о,,н/о,18.9,2.9,34,20.0,20.0,тепло,1012.3,1007.8,,19.9,,,,2025-05-12 15:00:00,2025-05-12 19:00:00,2025,5
штиль,0.0,н/о,,н/о,9.9,4.8,71,9.0,9.0,по сезону,1011.9,1007.3,,,,,,2025-05-12 18:00:00,2025-05-12 22:00:00,2025,5
СЗ,1.0,н/о,,н/о,6.2,4.9,91,5.0,5.0,прохладно,1011.4,1006.8,,,,,,2025-05-12 21:00:00,2025-05-13 01:00:00,2025,5
штиль,0.0,н/о,,н/о,5.8,5.3,97,5.0,5.0,по сезону,1010.5,1005.9,,,,,,2025-05-13 00:00:00,2025-05-13 04:00:00,2025,5
СЗ,1.0,н/о,,н/о,11.0,8.2,83,11.0,11.0,по сезону,1010.8,1006.2,4.8,,,,,2025-05-13 03:00:00,2025-05-13 07:00:00,2025,5
С,2.0,н/о,,н/о,17.7,5.8,46,18.0,18.0,тепло,1009.9,1005.4,,,,,,2025-05-13 06:00:00,2025-05-13 10:00:00,2025,5
ЮВ,1.0,н/о,,н/о,21.0,2.8,30,22.0,22.0,комфорт,1009.1,1004.7,,,,,,2025-05-13 09:00:00,2025-05-13 13:00:00,2025,5
С,2.0,н/о,,н/о,22.6,2.2,26,22.0,22.0,комфорт,1008.1,1003.7,,,,,,2025-05-13 12:00:00,2025-05-13 16:00:00,2025,5
штиль,0.0,н/о,,н/о,19.8,9.9,53,21.0,21.0,комфорт,1007.4,1003.0,,22.8,,,,2025-05-13 15:00:00,2025-05-13 19:00:00,2025,5
штиль,0.0,н/о,,н/о,15.0,9.1,68,15.0,15.0,тепло,1007.5,1003.0,,,,,,2025-05-13 18:00:00,2025-05-13 22:00:00,2025,5
СЗ,1.0,н/о,,н/о,11.2,7.3,77,11.0,11.0,тепло,1006.6,1002.0,,,,,,2025-05-13 21:00:00,2025-05-14 01:00:00,2025,5
штиль,0.0,н/о,,н/о,12.5,7.8,73,12.0,12.0,тепло,1005.8,1001.3,,,,,,2025-05-14 00:00:00,2025-05-14 04:00:00,2025,5
СЗ,1.0,н/о,,н/о,13.6,12.1,91,14.0,14.0,тепло,1004.8,1000.4,10.9,,,,,2025-05-14 03:00:00,2025-05-14 07:00:00,2025,5
СВ,1.0,н/о,,н/о,13.7,12.5,92,14.0,14.0,по сезону,1004.6,1000.1,,,,,,2025-05-14 06:00:00,2025-05-14 10:00:00,2025,5
С,3.0,н/о,,н/о,13.3,13.3,100,12.0,12.0,прохладно,1002.8,998.3,,,,,,2025-05-14 09:00:00,2025-05-14 13:00:00,2025,5
СЗ,2.0,н/о,,н/о,13.9,13.9,100,13.0,13.0,холодно,1000.8,996.3,,,,,,2025-05-14 12:00:00,2025-05-14 16:00:00,2025,5
З,2.0,н/о,,н/о,13.9,13.9,100,13.0,13.0,по сезону,1000.6,996.2,,14.3,2.0,,,2025-05-14 15:00:00,2025-05-14 19:00:00,2025,5
З,3.0,н/о,,н/о,12.5,12.5,100,11.0,11.0,по сезону,1003.5,999.0,,,,,,2025-05-14 18:00:00,2025-05-14 22:00:00,2025,5
З,2.0,н/о,,н/о,10.4,10.0,97,9.0,9.0,по сезону,1006.9,1002.3,,,,,,2025-05-14 21:00:00,2025-05-15 01:00:00,2025,5
З,1.0,н/о,,н/о,7.8,7.8,100,7.0,7.0,по сезону,1010.0,1005.4,,,,,,2025-05-15 00:00:00,2025-05-15 04:00:00,2025,5
штиль,0.0,н/о,,н/о,10.0,8.4,90,9.0,9.0,по сезону,1012.7,1008.1,6.9,,0.3,,,2025-05-15 03:00:00,2025-05-15 07:00:00,2025,5
Ю,2.0,н/о,,н/о,15.6,9.8,68,16.0,16.0,тепло,1014.1,1009.6,,,,,,2025-05-15 06:00:00,2025-05-15 10:00:00,2025,5
ЮЗ,,н/о,,н/о,18.7,4.0,38,19.0,19.0,тепло,1014.6,1010.2,,,,,,2025-05-15 09:00:00,2025-05-15 13:00:00,2025,5
ЮЗ,,н/о,,н/о,19.8,3.9,35,20.0,20.0,тепло,1015.2,1010.7,,,,,,2025-05-15 12:00:00,2025-05-15 16:00:00,2025,5
ЮЗ,,н/о,,н/о,19.4,1.1,29,20.0,20.0,тепло,1015.7,1011.2,,20.2,0.3,,,2025-05-15 15:00:00,2025-05-15 19:00:00,2025,5
штиль,,н/о,,н/о,8.9,7.5,91,8.0,8.0,прохладно,1018.4,1013.7,,,,,,2025-05-15 18:00:00,2025-05-15 22:00:00,2025,5
Ю,1.0,н/о,,н/о,6.3,6.3,100,5.0,5.0,прохладно,1019.6,1015.0,,,,,,2025-05-15 21:00:00,2025-05-16 01:00:00,2025,5
штиль,0.0,н/о,,н/о,4.1,4.1,100,3.0,3.0,по сезону,1020.7,1016.0,,,,,,2025-05-16 00:00:00,2025-05-16 04:00:00,2025,5
штиль,0.0,н/о,,н/о,10.7,10.7,100,10.0,10.0,по сезону,1021.2,1016.6,3.2,,,,,2025-05-16 03:00:00,2025-05-16 07:00:00,2025,5
СЗ,1.0,н/о,,н/о,18.3,9.8,58,20.0,20.0,тепло,1021.7,1017.2,,,,,,2025-05-16 06:00:00,2025-05-16 10:00:00,2025,5
штиль,0.0,н/о,,н/о,20.7,0.9,27,21.0,21.0,комфорт,1021.1,1016.7,,,,,,2025-05-16 09:00:00,2025-05-16 13:00:00,2025,5
З,1.0,н/о,,н/о,21.9,0.9,25,21.0,21.0,комфорт,1020.7,1016.2,,,,,,2025-05-16 12:00:00,2025-05-16 16:00:00,2025,5
штиль,0.0,н/о,,н/о,20.7,2.5,30,21.0,21.0,комфорт,1020.3,1015.8,,22.4,,,,2025-05-16 15:00:00,2025-05-16 19:00:00,2025,5
штиль,0.0,н/о,,н/о,10.9,6.7,75,10.0,10.0,по сезону,1020.5,1015.9,,,,,,2025-05-16 18:00:00,2025-05-16 22:00:00,2025,5
штиль,0.0,н/о,,н/о,7.3,6.9,97,6.0,6.0,по сезону,1021.0,1016.3,,,,,,2025-05-16 21:00:00,2025-05-17 01:00:00,2025,5
штиль,0.0,н/о,,н/о,5.5,5.5,100,4.0,4.0,по сезону,1020.9,1016.2,,,,,,2025-05-17 00:00:00,2025-05-17 04:00:00,2025,5
штиль,0.0,н/о,,н/о,12.2,10.4,89,12.0,12.0,тепло,1020.9,1016.3,4.9,,,,,2025-05-17 03:00:00,2025-05-17 07:00:00,2025,5
СЗ,2.0,н/о,,н/о,21.2,6.8,39,22.0,22.0,комфорт,1020.4,1015.9,,,,,,2025-05-17 06:00:00,2025-05-17 10:00:00,2025,5
СЗ,3.0,н/о,,н/о,22.8,5.6,33,23.0,23.0,комфорт,1019.7,1015.3,,,,,,2025-05-17 09:00:00,2025-05-17 13:00:00,2025,5
СЗ,2.0,н/о,,н/о,23.4,6.0,32,24.0,24.0,комфорт,1018.8,1014.4,,,,,,2025-05-17 12:00:00,2025-05-17 16:00:00,2025,5
С,1.0,н/о,,н/о,22.9,6.7,35,24.0,24.0,комфорт,1017.7,1013.3,,24.3,,,,2025-05-17 15:00:00,2025-05-17 19:00:00,2025,5
штиль,0.0,н/о,,н/о,13.0,9.4,79,13.0,13.0,тепло,1018.5,1013.9,,,,,,2025-05-17 18:00:00,2025-05-17 22:00:00,2025,5
штиль,0.0,н/о,,н/о,9.6,9.4,99,9.0,9.0,тепло,1018.6,1014.0,,,,,,2025-05-17 21:00:00,2025-05-18 01:00:00,2025,5
штиль,0.0,н/о,,н/о,7.5,7.5,100,6.0,6.0,по сезону,1019.4,1014.7,,,,,,2025-05-18 00:00:00,2025-05-18 04:00:00,2025,5
штиль,0.0,н/о,,н/о,13.4,12.6,95,13.0,13.0,тепло,1019.2,1014.6,7.2,,,,,2025-05-18 03:00:00,2025-05-18 07:00:00,2025,5
Ю,1.0,н/о,,н/о,22.6,9.4,43,24.0,24.0,комфорт,1018.6,1014.2,,,,,,2025-05-18 06:00:00,2025-05-18 10:00:00,2025,5
Ю,2.0,н/о,,н/о,23.4,6.8,34,24.0,24.0,комфорт,1018.0,1013.6,,,,,,2025-05-18 09:00:00,2025-05-18 13:00:00,2025,5
Ю,2.0,н/о,,н/о,24.9,4.5,27,24.0,24.0,комфорт,1016.6,1012.2,,,,,,2025-05-18 12:00:00,2025-05-18 16:00:00,2025,5
штиль,0.0,н/о,,н/о,22.3,6.4,36,23.0,23.0,комфорт,1014.7,1010.3,,25.6,,,,2025-05-18 15:00:00,2025-05-18 19:00:00,2025,5
ЮЗ,1.0,н/о,,н/о,19.1,7.1,46,21.0,21.0,комфорт,1014.4,1010.0,,,,,,2025-05-18 18:00:00,2025-05-18 22:00:00,2025,5
штиль,0.0,н/о,,н/о,17.1,8.3,56,17.0,17.0,тепло,1013.7,1009.3,,,,,,2025-05-18 21:00:00,2025-05-19 01:00:00,2025,5
Ю,2.0,н/о,,н/о,17.9,6.9,49,18.0,18.0,тепло,1012.2,1007.7,,,,,,2025-05-19 00:00:00,2025-05-19 04:00:00,2025,5
Ю,2.0,н/о,,н/о,17.0,9.6,62,17.0,17.0,тепло,1011.2,1006.7,16.2,,,,,2025-05-19 03:00:00,2025-05-19 07:00:00,2025,5
Ю,2.0,н/о,,н/о,18.9,11.8,63,20.0,20.0,тепло,1010.9,1006.5,,,,,,2025-05-19 06:00:00,2025-05-19 10:00:00,2025,5
ЮЗ,,н/о,,н/о,17.3,14.0,81,17.0,17.0,тепло,1011.2,1006.8,,,,,,2025-05-19 09:00:00,2025-05-19 13:00:00,2025,5
Ю,3.0,н/о,,н/о,20.1,13.4,65,22.0,22.0,комфорт,1009.0,1004.6,,,,,,2025-05-19 12:00:00,2025-05-19 16:00:00,2025,5
ЮВ,2.0,н/о,,н/о,17.5,13.9,79,18.0,18.0,тепло,1006.6,1002.1,,21.0,0.3,,,2025-05-19 15:00:00,2025-05-19 19:00:00,2025,5
штиль,0.0,н/о,,н/о,14.8,14.4,97,14.0,14.0,тепло,1004.0,999.5,,,,,,2025-05-19 18:00:00,2025-05-19 22:00:00,2025,5
Ю,4.0,н/о,,н/о,14.1,14.1,100,13.0,13.0,тепло,999.1,994.6,,,,,,2025-05-19 21:00:00,2025-05-20 01:00:00,2025,5
Ю,,н/о,,н/о,12.5,12.5,100,11.0,11.0,тепло,996.3,991.9,,,,,,2025-05-20 00:00:00,2025-05-20 04:00:00,2025,5
ЮЗ,,н/о,,н/о,11.5,11.5,100,8.0,8.0,прохладно,995.2,990.7,11.4,,0.8,,,2025-05-20 03:00:00,2025-05-20 07:00:00,2025,5
З,,н/о,,н/о,11.7,11.6,99,9.0,9.0,холодно,998.2,993.7,,,,,,2025-05-20 06:00:00,2025-05-20 10:00:00,2025,5
З,,н/о,,н/о,17.1,10.9,67,17.0,17.0,по сезону,1000.9,996.5,,,,,,2025-05-20 09:00:00,2025-05-20 13:00:00,2025,5
З,,н/о,,н/о,19.9,10.5,55,22.0,22.0,комфорт,1001.7,997.3,,,,,,2025-05-20 12:00:00,2025-05-20 16:00:00,2025,5
ЮЗ,3.0,н/о,,н/о,15.1,9.7,70,14.0,14.0,тепло,1005.0,1000.5,,,,,,2025-05-20 21:00:00,2025-05-21 01:00:00,2025,5
ЮЗ,3.0,н/о,,н/о,13.4,10.4,82,12.0,12.0,тепло,1005.3,1000.8,,,,,,2025-05-21 00:00:00,2025-05-21 04:00:00,2025,5
ЮЗ,2.0,н/о,,н/о,14.3,11.1,81,14.0,14.0,тепло,1006.7,1002.2,13.0,,,,,2025-05-21 03:00:00,2025-05-21 07:00:00,2025,5
ЮЗ,,н/о,,н/о,18.4,11.3,63,19.0,19.0,тепло,1007.7,1003.2,,,,,,2025-05-21 06:00:00,2025-05-21 10:00:00,2025,5
Ю,,н/о,,н/о,18.6,11.6,64,19.0,19.0,по сезону,1007.0,1002.6,,,,,,2025-05-21 09:00:00,2025-05-21 13:00:00,2025,5
Ю,3.0,н/о,,н/о,21.2,10.3,50,23.0,23.0,комфорт,1005.3,1000.9,,,,,,2025-05-21 12:00:00,2025-05-21 16:00:00,2025,5
штиль,0.0,н/о,,н/о,14.1,10.6,79,14.0,14.0,прохладно,1006.4,1001.9,,21.9,0.3,,,2025-05-21 15:00:00,2025-05-21 19:00:00,2025,5
ЮВ,1.0,н/о,,н/о,11.1,9.8,92,11.0,11.0,по сезону,1007.0,1002.4,,,,,,2025-05-21 18:00:00,2025-05-21 22:00:00,2025,5
штиль,0.0,н/о,,н/о,6.7,6.7,100,6.0,6.0,прохладно,1007.1,1002.5,,,,,,2025-05-21 21:00:00,2025-05-22 01:00:00,2025,5
штиль,0.0,н/о,,н/о,8.2,8.2,100,7.0,7.0,по сезону,1007.5,1002.9,,,,,,2025-05-22 00:00:00,2025-05-22 04:00:00,2025,5
штиль,0.0,н/о,,н/о,11.9,11.9,100,11.0,11.0,по сезону,1008.4,1003.9,6.7,,,,,2025-05-22 03:00:00,2025-05-22 07:00:00,2025,5
ЮЗ,2.0,н/о,,н/о,19.4,13.0,66,21.0,21.0,комфорт,1009.1,1004.7,,,,,,2025-05-22 06:00:00,2025-05-22 10:00:00,2025,5
З,2.0,н/о,,н/о,23.1,10.3,44,25.0,25.0,комфорт,1009.7,1005.3,,,,,,2025-05-22 09:00:00,2025-05-22 13:00:00,2025,5
С,,н/о,,н/о,17.4,13.3,77,18.0,18.0,прохладно,1010.5,1006.1,,,,,,2025-05-22 12:00:00,2025-05-22 16:00:00,2025,5
З,,н/о,,н/о,15.4,14.1,92,15.0,15.0,по сезону,1012.6,1008.1,,24.0,0.3,,,2025-05-22 15:00:00,2025-05-22 19:00:00,2025,5
З,2.0,н/о,,н/о,14.4,13.8,96,14.0,14.0,по сезону,1014.0,1009.4,,,,,,2025-05-22 18:00:00,2025-05-22 22:00:00,2025,5
СЗ,1.0,н/о,,н/о,10.0,9.6,97,9.0,9.0,по сезону,1015.9,1011.3,,,,,,2025-05-22 21:00:00,2025-05-23 01:00:00,2025,5
штиль,0.0,н/о,,н/о,7.6,7.6,100,6.0,6.0,по сезону,1017.3,1012.6,,,,,,2025-05-23 00:00:00,2025-05-23 04:00:00,2025,5
СЗ,2.0,н/о,,н/о,12.5,10.4,87,12.0,12.0,по сезону,1019.0,1014.4,7.4,,,,,2025-05-23 03:00:00,2025-05-23 07:00:00,2025,5
С,2.0,н/о,,н/о,17.5,8.1,54,18.0,18.0,тепло,1019.8,1015.3,,,,,,2025-05-23 06:00:00,2025-05-23 10:00:00,2025,5
СЗ,4.0,н/о,,н/о,19.8,3.9,35,20.0,20.0,тепло,1019.8,1015.3,,,,,,2025-05-23 09:00:00,2025-05-23 13:00:00,2025,5
С,4.0,н/о,,н/о,20.2,4.1,35,21.0,21.0,комфорт,1019.9,1015.4,,,,,,2025-05-23 12:00:00,2025-05-23 16:00:00,2025,5
СВ,2.0,н/о,,н/о,19.8,5.2,38,21.0,21.0,комфорт,1020.0,1015.5,,20.9,0.3,,,2025-05-23 15:00:00,2025-05-23 19:00:00,2025,5
штиль,0.0,н/о,,н/о,11.3,7.3,76,11.0,11.0,прохладно,1021.0,1016.4,,,,,,2025-05-23 18:00:00,2025-05-23 22:00:00,2025,5
штиль,0.0,н/о,,н/о,8.3,7.1,92,7.0,7.0,прохладно,1021.9,1017.2,,,,,,2025-05-23 21:00:00,2025-05-24 01:00:00,2025,5
штиль,0.0,н/о,,н/о,6.2,6.2,100,5.0,5.0,прохладно,1022.5,1017.8,,,,,,2025-05-24 00:00:00,2025-05-24 04:00:00,2025,5
штиль,0.0,н/о,,н/о,10.4,10.4,100,10.0,10.0,прохладно,1022.9,1018.3,5.8,,,,,2025-05-24 03:00:00,2025-05-24 07:00:00,2025,5
С,2.0,н/о,,н/о,18.6,8.1,50,20.0,20.0,тепло,1022.7,1018.2,,,,,,2025-05-24 06:00:00,2025-05-24 10:00:00,2025,5
С,3.0,н/о,,н/о,20.1,7.8,45,21.0,21.0,комфорт,1022.3,1017.8,,,,,,2025-05-24 09:00:00,2025-05-24 13:00:00,2025,5
СЗ,1.0,н/о,,н/о,18.2,9.5,57,20.0,20.0,по сезону,1021.6,1017.1,,,,,,2025-05-24 12:00:00,2025-05-24 16:00:00,2025,5
СЗ,3.0,н/о,,н/о,18.4,8.9,54,19.0,19.0,тепло,1020.6,1016.1,,20.1,,,,2025-05-24 15:00:00,2025-05-24 19:00:00,2025,5
штиль,0.0,н/о,,н/о,10.8,8.8,87,10.0,10.0,прохладно,1021.5,1016.9,,,,,,2025-05-24 18:00:00,2025-05-24 22:00:00,2025,5
штиль,0.0,н/о,,н/о,8.6,8.5,99,8.0,8.0,прохладно,1022.0,1017.4,,,,,,2025-05-24 21:00:00,2025-05-25 01:00:00,2025,5
штиль,0.0,н/о,,н/о,6.2,6.2,100,5.0,5.0,прохладно,1023.1,1018.4,,,,,,2025-05-25 00:00:00,2025-05-25 04:00:00,2025,5
С,1.0,н/о,,н/о,12.3,12.2,99,12.0,12.0,по сезону,1024.2,1019.6,5.9,,,,,2025-05-25 03:00:00,2025-05-25 07:00:00,2025,5
СВ,2.0,н/о,,н/о,18.7,7.5,48,20.0,20.0,тепло,1024.8,1020.3,,,,,,2025-05-25 06:00:00,2025-05-25 10:00:00,2025,5
С,4.0,н/о,,н/о,20.2,-1.6,23,20.0,20.0,по сезону,1025.2,1020.7,,,,,,2025-05-25 09:00:00,2025-05-25 13:00:00,2025,5
С,3.0,н/о,,н/о,21.3,-0.6,23,21.0,21.0,комфорт,1024.9,1020.4,,,,,,2025-05-25 12:00:00,2025-05-25 16:00:00,2025,5
С,3.0,н/о,,н/о,20.5,0.7,27,21.0,21.0,комфорт,1025.2,1020.7,,21.5,,,,2025-05-25 15:00:00,2025-05-25 19:00:00,2025,5
штиль,0.0,н/о,,н/о,10.0,5.5,74,9.0,9.0,холодно,1026.4,1021.7,,,,,,2025-05-25 18:00:00,2025-05-25 22:00:00,2025,5
штиль,0.0,н/о,,н/о,6.7,5.9,95,6.0,6.0,холодно,1027.6,1022.8,,,,,,2025-05-25 21:00:00,2025-05-26 01:00:00,2025,5
штиль,0.0,н/о,,н/о,4.5,4.5,100,3.0,3.0,прохладно,1029.0,1024.3,,,,,,2025-05-26 00:00:00,2025-05-26 04:00:00,2025,5
штиль,0.0,н/о,,н/о,12.3,10.0,86,12.0,12.0,по сезону,1030.5,1025.9,4.0,,,,,2025-05-26 03:00:00,2025-05-26 07:00:00,2025,5
СВ,1.0,н/о,,н/о,19.4,3.7,35,21.0,21.0,комфорт,1030.8,1026.3,,,,,,2025-05-26 06:00:00,2025-05-26 10:00:00,2025,5
СВ,2.0,н/о,,н/о,21.8,-1.2,21,21.0,21.0,комфорт,1030.4,1025.9,,,,,,2025-05-26 09:00:00,2025-05-26 13:00:00,2025,5
СВ,1.0,н/о,,н/о,23.0,-1.6,19,22.0,22.0,комфорт,1029.7,1025.2,,,,,,2025-05-26 12:00:00,2025-05-26 16:00:00,2025,5
штиль,0.0,н/о,,н/о,23.3,0.5,22,22.0,22.0,комфорт,1028.8,1024.3,,23.9,,,,2025-05-26 15:00:00,2025-05-26 19:00:00,2025,5
штиль,0.0,н/о,,н/о,11.8,6.3,69,11.0,11.0,по сезону,1029.2,1024.6,,,,,,2025-05-26 18:00:00,2025-05-26 22:00:00,2025,5
штиль,0.0,н/о,,н/о,7.4,6.5,94,6.0,6.0,прохладно,1030.0,1025.3,,,,,,2025-05-26 21:00:00,2025-05-27 01:00:00,2025,5
ЮВ,1.0,н/о,,н/о,5.5,5.4,99,4.0,4.0,по сезону,1030.5,1025.8,,,,,,2025-05-27 00:00:00,2025-05-27 04:00:00,2025,5
штиль,0.0,н/о,,н/о,13.2,8.5,73,13.0,13.0,тепло,1030.9,1026.3,4.5,,,,,2025-05-27 03:00:00,2025-05-27 07:00:00,2025,5
В,1.0,н/о,,н/о,22.1,8.0,40,23.0,23.0,комфорт,1030.7,1026.2,,,,,,2025-05-27 06:00:00,2025-05-27 10:00:00,2025,5
В,2.0,н/о,,н/о,25.1,3.4,24,24.0,24.0,комфорт,1029.4,1025.0,,,,,,2025-05-27 09:00:00,2025-05-27 13:00:00,2025,5
ЮЗ,1.0,н/о,,н/о,26.8,3.9,23,26.0,26.0,жарко,1027.8,1023.4,,,,,,2025-05-27 12:00:00,2025-05-27 16:00:00,2025,5
штиль,0.0,н/о,,н/о,26.5,2.5,21,25.0,25.0,комфорт,1026.5,1022.1,,27.2,0.3,,,2025-05-27 15:00:00,2025-05-27 19:00:00,2025,5
штиль,0.0,н/о,,н/о,14.7,9.3,70,14.0,14.0,тепло,1027.1,1022.5,,,,,,2025-05-27 18:00:00,2025-05-27 22:00:00,2025,5
штиль,0.0,н/о,,н/о,10.3,9.2,93,10.0,10.0,по сезону,1027.4,1022.7,,,,,,2025-05-27 21:00:00,2025-05-28 01:00:00,2025,5
штиль,0.0,н/о,,н/о,8.0,7.8,99,7.0,7.0,по сезону,1028.0,1023.3,,,,,,2025-05-28 00:00:00,2025-05-28 04:00:00,2025,5
штиль,0.0,н/о,,н/о,15.9,11.6,76,16.0,16.0,тепло,1028.6,1024.1,7.7,,,,,2025-05-28 03:00:00,2025-05-28 07:00:00,2025,5
С,1.0,н/о,,н/о,23.7,9.6,41,25.0,25.0,комфорт,1028.4,1023.9,,,,,,2025-05-28 06:00:00,2025-05-28 10:00:00,2025,5
СВ,1.0,н/о,,н/о,27.6,7.9,29,27.0,27.0,жарко,1027.6,1023.2,,,,,,2025-05-28 09:00:00,2025-05-28 13:00:00,2025,5
В,2.0,н/о,,н/о,28.9,6.2,24,28.0,28.0,жарко,1026.4,1022.0,,,,,,2025-05-28 12:00:00,2025-05-28 16:00:00,2025,5
СВ,2.0,н/о,,н/о,27.3,8.3,30,27.0,27.0,жарко,1024.9,1020.5,,29.1,,,,2025-05-28 15:00:00,2025-05-28 19:00:00,2025,5
штиль,0.0,н/о,,н/о,16.2,11.5,74,16.0,16.0,тепло,1024.9,1020.4,,,,,,2025-05-28 18:00:00,2025-05-28 22:00:00,2025,5
штиль,0.0,н/о,,н/о,12.9,11.6,92,12.0,12.0,тепло,1025.0,1020.4,,,,,,2025-05-28 21:00:00,2025-05-29 01:00:00,2025,5
штиль,0.0,н/о,,н/о,11.1,11.1,100,10.0,10.0,тепло,1025.3,1020.7,,,,,,2025-05-29 00:00:00,2025-05-29 04:00:00,2025,5
штиль,0.0,н/о,,н/о,17.8,13.2,74,18.0,18.0,тепло,1025.8,1021.3,10.9,,,,,2025-05-29 03:00:00,2025-05-29 07:00:00,2025,5
В,1.0,н/о,,н/о,24.8,12.7,47,27.0,27.0,жарко,1025.1,1020.7,,,,,,2025-05-29 06:00:00,2025-05-29 10:00:00,2025,5
В,3.0,н/о,,н/о,28.8,7.1,25,28.0,28.0,жарко,1023.9,1019.6,,,,,,2025-05-29 09:00:00,2025-05-29 13:00:00,2025,5
СВ,3.0,н/о,,н/о,29.6,6.3,23,28.0,28.0,жарко,1022.1,1017.7,,,,,,2025-05-29 12:00:00,2025-05-29 16:00:00,2025,5
СВ,1.0,н/о,,н/о,28.7,8.3,28,28.0,28.0,жарко,1020.9,1016.5,,30.1,,,,2025-05-29 15:00:00,2025-05-29 19:00:00,2025,5
штиль,0.0,н/о,,н/о,16.6,12.1,75,17.0,17.0,тепло,1020.9,1016.4,,,,,,2025-05-29 18:00:00,2025-05-29 22:00:00,2025,5
штиль,0.0,н/о,,н/о,12.9,12.0,94,12.0,12.0,тепло,1020.8,1016.2,,,,,,2025-05-29 21:00:00,2025-05-30 01:00:00,2025,5
штиль,0.0,н/о,,н/о,12.1,10.9,92,11.0,11.0,по сезону,1020.7,1016.2,,,,,,2025-05-30 00:00:00,2025-05-30 04:00:00,2025,5
ЮВ,1.0,н/о,,н/о,18.5,12.9,70,20.0,20.0,тепло,1020.8,1016.4,11.7,,,,,2025-05-30 03:00:00,2025-05-30 07:00:00,2025,5
В,1.0,н/о,,н/о,25.8,14.2,49,28.0,28.0,жарко,1020.2,1015.8,,,,,,2025-05-30 06:00:00,2025-05-30 10:00:00,2025,5
Ю,3.0,н/о,,н/о,31.9,6.8,21,30.0,30.0,жарко,1018.5,1014.2,,,,,,2025-05-30 09:00:00,2025-05-30 13:00:00,2025,5
Ю,1.0,н/о,,н/о,32.7,7.3,21,31.0,31.0,жарко,1017.1,1012.8,,,,,,2025-05-30 12:00:00,2025-05-30 16:00:00,2025,5
ЮВ,1.0,н/о,,н/о,30.6,9.0,26,30.0,30.0,жарко,1016.4,1012.1,,33.0,,,,2025-05-30 15:00:00,2025-05-30 19:00:00,2025,5
штиль,0.0,н/о,,н/о,20.5,13.8,65,23.0,23.0,комфорт,1017.1,1012.6,,,,,,2025-05-30 18:00:00,2025-05-30 22:00:00,2025,5
штиль,0.0,н/о,,н/о,17.9,12.4,70,18.0,18.0,тепло,1016.8,1012.4,,,,,,2025-05-30 21:00:00,2025-05-31 01:00:00,2025,5
штиль,0.0,н/о,,н/о,14.8,12.4,86,14.0,14.0,тепло,1016.8,1012.3,,,,,,2025-05-31 00:00:00,2025-05-31 04:00:00,2025,5
штиль,0.0,н/о,,н/о,20.8,14.9,69,23.0,23.0,комфорт,1017.0,1012.6,13.6,,,,,2025-05-31 03:00:00,2025-05-31 07:00:00,2025,5
ЮВ,3.0,н/о,,н/о,30.3,10.9,30,30.0,30.0,жарко,1016.0,1011.7,,,,,,2025-05-31 06:00:00,2025-05-31 10:00:00,2025,5
Ю,4.0,н/о,,н/о,31.6,8.2,23,30.0,30.0,жарко,1015.4,1011.1,,,,,,2025-05-31 09:00:00,2025-05-31 13:00:00,2025,5
Ю,1.0,н/о,,н/о,28.3,14.7,43,31.0,31.0,душно,1014.4,1010.1,,,,,,2025-05-31 12:00:00,2025-05-31 16:00:00,2025,5
штиль,0.0,н/о,,н/о,25.3,15.6,55,28.0,28.0,жарко,1014.1,1009.7,,33.5,,,,2025-05-31 15:00:00,2025-05-31 19:00:00,2025,5
штиль,,н/о,,н/о,17.4,17.3,99,17.0,17.0,по сезону,1014.1,1009.6,,,,,,2025-05-31 18:00:00,2025-05-31 22:00:00,2025,5
штиль,0.0,н/о,,н/о,15.2,15.2,100,15.0,15.0,тепло,1013.1,1008.6,,,,,,2025-05-31 21:00:00,2025-06-01 01:00:00,2025,5
Ю,2.0,н/о,,н/о,15.4,15.4,100,15.0,15.0,тепло,1011.3,1006.8,,,,,,2025-06-01 00:00:00,2025-06-01 04:00:00,2025,6
Ю,1.0,н/о,,н/о,20.4,14.1,67,24.0,24.0,комфорт,1011.1,1006.7,14.1,,2.0,,,2025-06-01 03:00:00,2025-06-01 07:00:00,2025,6
штиль,0.0,н/о,,н/о,24.1,16.9,64,28.0,28.0,душно,1010.6,1006.2,,,,,,2025-06-01 06:00:00,2025-06-01 10:00:00,2025,6
Ю,2.0,н/о,,н/о,28.2,11.2,35,29.0,29.0,жарко,1009.5,1005.2,,,,,,2025-06-01 09:00:00,2025-06-01 13:00:00,2025,6
ЮВ,2.0,н/о,,н/о,29.6,7.9,26,29.0,29.0,жарко,1006.3,1002.0,,,,,,2025-06-01 12:00:00,2025-06-01 16:00:00,2025,6
Ю,2.0,н/о,,н/о,18.8,14.9,78,20.0,20.0,тепло,1004.6,1000.2,,,,,,2025-06-01 21:00:00,2025-06-02 01:00:00,2025,6
ЮЗ,2.0,н/о,,н/о,18.2,16.2,88,19.0,19.0,тепло,1003.7,999.3,,,,,,2025-06-02 00:00:00,2025-06-02 04:00:00,2025,6
З,2.0,н/о,,н/о,18.1,16.4,90,19.0,19.0,тепло,1004.9,1000.5,17.3,,,,,2025-06-02 03:00:00,2025-06-02 07:00:00,2025,6
СЗ,,н/о,,н/о,19.1,14.3,74,20.0,20.0,тепло,1006.6,1002.2,,,,,,2025-06-02 06:00:00,2025-06-02 10:00:00,2025,6
З,,н/о,,н/о,20.9,10.8,52,23.0,23.0,комфорт,1007.2,1002.9,,,,,,2025-06-02 09:00:00,2025-06-02 13:00:00,2025,6
СЗ,,н/о,,н/о,21.6,5.2,34,22.0,22.0,комфорт,1007.2,1002.8,,,,,,2025-06-02 12:00:00,2025-06-02 16:00:00,2025,6
СЗ,3.0,н/о,,н/о,14.6,7.0,60,14.0,14.0,по сезону,1010.4,1005.9,,,,,,2025-06-02 18:00:00,2025-06-02 22:00:00,2025,6
З,,н/о,,н/о,14.2,7.0,62,15.0,15.0,тепло,1009.1,1004.6,,,,,,2025-06-02 21:00:00,2025-06-03 01:00:00,2025,6
З,2.0,н/о,,н/о,14.5,7.0,61,14.0,14.0,тепло,1007.8,1003.3,,,,,,2025-06-03 00:00:00,2025-06-03 04:00:00,2025,6
З,2.0,н/о,,н/о,14.8,8.7,67,15.0,15.0,по сезону,1007.3,1002.8,13.9,,,,,2025-06-03 03:00:00,2025-06-03 07:00:00,2025,6
СЗ,,н/о,,н/о,17.6,9.7,60,17.0,17.0,по сезону,1007.8,1003.4,,,,,,2025-06-03 06:00:00,2025-06-03 10:00:00,2025,6
СЗ,,н/о,,н/о,20.6,9.3,48,22.0,22.0,комфорт,1008.3,1003.9,,,,,,2025-06-03 09:00:00,2025-06-03 13:00:00,2025,6
СЗ,,н/о,,н/о,22.1,7.7,40,23.0,23.0,комфорт,1009.0,1004.6,,,,,,2025-06-03 12:00:00,2025-06-03 16:00:00,2025,6
С,,н/о,,н/о,20.9,8.0,43,23.0,23.0,комфорт,1009.5,1005.1,,22.3,,,,2025-06-03 15:00:00,2025-06-03 19:00:00,2025,6
штиль,0.0,н/о,,н/о,12.8,10.2,84,12.0,12.0,прохладно,1010.7,1006.2,,,,,,2025-06-03 18:00:00,2025-06-03 22:00:00,2025,6
штиль,0.0,н/о,,н/о,10.3,9.5,95,9.0,9.0,прохладно,1011.0,1006.4,,,,,,2025-06-03 21:00:00,2025-06-04 01:00:00,2025,6
штиль,0.0,н/о,,н/о,8.0,8.0,100,7.0,7.0,прохладно,1010.7,1006.1,,,,,,2025-06-04 00:00:00,2025-06-04 04:00:00,2025,6
штиль,0.0,н/о,,н/о,14.9,11.4,80,15.0,15.0,по сезону,1010.2,1005.7,7.8,,,,,2025-06-04 03:00:00,2025-06-04 07:00:00,2025,6
ЮЗ,1.0,н/о,,н/о,23.3,11.2,46,26.0,26.0,жарко,1009.0,1004.6,,,,,,2025-06-04 06:00:00,2025-06-04 10:00:00,2025,6
ЮЗ,3.0,н/о,,н/о,27.4,11.1,36,28.0,28.0,жарко,1006.7,1002.4,,,,,,2025-06-04 09:00:00,2025-06-04 13:00:00,2025,6
штиль,,н/о,,н/о,21.6,17.3,77,26.0,26.0,душно,1006.0,1001.6,,,,,,2025-06-04 12:00:00,2025-06-04 16:00:00,2025,6
ЮВ,1.0,н/о,,н/о,19.2,18.7,97,22.0,22.0,комфорт,1005.3,1000.9,,28.3,0.8,,,2025-06-04 15:00:00,2025-06-04 19:00:00,2025,6
штиль,0.0,н/о,,н/о,17.1,17.5,100,17.0,17.0,тепло,1004.8,1000.6,,,,,,2025-06-04 18:00:00,2025-06-04 22:00:00,2025,6
С,2.0,н/о,,н/о,16.0,16.0,100,16.0,16.0,тепло,1004.5,1000.0,,,,,,2025-06-04 21:00:00,2025-06-05 01:00:00,2025,6
С,3.0,н/о,,н/о,15.4,15.4,100,15.0,15.0,тепло,1005.2,1000.7,,,,,,2025-06-05 00:00:00,2025-06-05 04:00:00,2025,6
С,3.0,н/о,,н/о,15.0,15.0,100,14.0,14.0,по сезону,1006.4,1002.0,14.8,,10.0,,,2025-06-05 03:00:00,2025-06-05 07:00:00,2025,6
СВ,5.0,н/о,,н/о,18.3,15.6,84,18.0,18.0,по сезону,1006.8,1002.4,,,,,,2025-06-05 06:00:00,2025-06-05 10:00:00,2025,6
С,,н/о,,н/о,19.7,15.2,75,21.0,21.0,комфорт,1008.3,1003.9,,,,,,2025-06-05 09:00:00,2025-06-05 13:00:00,2025,6
СВ,,н/о,,н/о,20.8,15.4,71,24.0,24.0,комфорт,1009.4,1005.0,,,,,,2025-06-05 12:00:00,2025-06-05 16:00:00,2025,6
С,,н/о,,н/о,21.5,12.9,58,24.0,24.0,комфорт,1009.6,1005.2,,21.8,1.0,,,2025-06-05 15:00:00,2025-06-05 19:00:00,2025,6
С,,н/о,,н/о,18.0,12.5,70,18.0,18.0,тепло,1011.7,1007.3,,,,,,2025-06-05 18:00:00,2025-06-05 22:00:00,2025,6
С,4.0,н/о,,н/о,16.9,9.9,63,16.0,16.0,тепло,1012.9,1008.4,,,,,,2025-06-05 21:00:00,2025-06-06 01:00:00,2025,6
С,3.0,н/о,,н/о,14.0,9.3,73,13.0,13.0,тепло,1013.9,1009.4,,,,,,2025-06-06 00:00:00,2025-06-06 04:00:00,2025,6
С,3.0,н/о,,н/о,14.9,10.2,73,14.0,14.0,по сезону,1015.9,1011.4,13.7,,,,,2025-06-06 03:00:00,2025-06-06 07:00:00,2025,6
С,5.0,н/о,,н/о,18.8,11.2,61,19.0,19.0,тепло,1016.5,1012.0,,,,,,2025-06-06 06:00:00,2025-06-06 10:00:00,2025,6
С,5.0,н/о,,н/о,21.1,10.4,50,23.0,23.0,комфорт,1016.4,1012.0,,,,,,2025-06-06 09:00:00,2025-06-06 13:00:00,2025,6
С,,н/о,,н/о,22.6,10.3,46,24.0,24.0,комфорт,1016.2,1011.8,,,,,,2025-06-06 12:00:00,2025-06-06 16:00:00,2025,6
С,4.0,н/о,,н/о,21.8,10.9,50,24.0,24.0,комфорт,1016.1,1011.7,,22.7,,,,2025-06-06 15:00:00,2025-06-06 19:00:00,2025,6
штиль,0.0,н/о,,н/о,14.1,12.0,87,14.0,14.0,по сезону,1017.0,1012.5,,,,,,2025-06-06 18:00:00,2025-06-06 22:00:00,2025,6
штиль,0.0,н/о,,н/о,11.4,11.0,97,11.0,11.0,по сезону,1017.1,1012.5,,,,,,2025-06-06 21:00:00,2025-06-07 01:00:00,2025,6
штиль,0.0,н/о,,н/о,9.9,9.9,100,9.0,9.0,по сезону,1017.8,1013.2,,,,,,2025-06-07 00:00:00,2025-06-07 04:00:00,2025,6
СЗ,1.0,н/о,,н/о,15.4,13.9,91,16.0,16.0,тепло,1018.0,1013.5,9.3,,,,,2025-06-07 03:00:00,2025-06-07 07:00:00,2025,6
С,1.0,н/о,,н/о,21.2,13.9,63,24.0,24.0,комфорт,1017.8,1013.4,,,,,,2025-06-07 06:00:00,2025-06-07 10:00:00,2025,6
С,2.0,н/о,,н/о,23.1,10.3,44,25.0,25.0,комфорт,1017.1,1012.7,,,,,,2025-06-07 09:00:00,2025-06-07 13:00:00,2025,6
С,1.0,н/о,,н/о,25.2,9.1,36,26.0,26.0,жарко,1016.5,1012.1,,,,,,2025-06-07 12:00:00,2025-06-07 16:00:00,2025,6
штиль,0.0,н/о,,н/о,24.9,12.6,46,27.0,27.0,жарко,1016.0,1011.6,,25.8,,,,2025-06-07 15:00:00,2025-06-07 19:00:00,2025,6
штиль,0.0,н/о,,н/о,14.9,11.9,82,15.0,15.0,тепло,1016.3,1011.8,,,,,,2025-06-07 18:00:00,2025-06-07 22:00:00,2025,6
штиль,0.0,н/о,,н/о,11.8,11.4,97,11.0,11.0,по сезону,1016.7,1012.1,,,,,,2025-06-07 21:00:00,2025-06-08 01:00:00,2025,6
штиль,0.0,н/о,,н/о,11.0,11.0,100,10.0,10.0,тепло,1016.5,1011.9,,,,,,2025-06-08 00:00:00,2025-06-08 04:00:00,2025,6
штиль,0.0,н/о,,н/о,17.1,14.5,85,17.0,17.0,тепло,1017.1,1012.6,9.9,,,,,2025-06-08 03:00:00,2025-06-08 07:00:00,2025,6
Ю,2.0,н/о,,н/о,22.8,15.8,65,27.0,27.0,душно,1017.3,1012.9,,,,,,2025-06-08 06:00:00,2025-06-08 10:00:00,2025,6
штиль,0.0,н/о,,н/о,27.9,10.6,34,28.0,28.0,жарко,1017.0,1012.7,,,,,,2025-06-08 09:00:00,2025-06-08 13:00:00,2025,6
СЗ,1.0,н/о,,н/о,28.7,12.7,37,30.0,30.0,жарко,1016.5,1012.2,,,,,,2025-06-08 12:00:00,2025-06-08 16:00:00,2025,6
штиль,0.0,н/о,,н/о,27.7,16.1,49,31.0,31.0,душно,1016.1,1011.7,,29.5,,,,2025-06-08 15:00:00,2025-06-08 19:00:00,2025,6
штиль,0.0,н/о,,н/о,19.1,16.4,84,21.0,21.0,комфорт,1016.8,1012.4,,,,,,2025-06-08 18:00:00,2025-06-08 22:00:00,2025,6
штиль,0.0,н/о,,н/о,15.1,14.8,98,15.0,15.0,тепло,1017.2,1012.7,,,,,,2025-06-08 21:00:00,2025-06-09 01:00:00,2025,6
штиль,0.0,н/о,,н/о,13.5,13.5,100,13.0,13.0,тепло,1017.6,1013.0,,,,,,2025-06-09 00:00:00,2025-06-09 04:00:00,2025,6
штиль,0.0,н/о,,н/о,20.2,15.6,75,23.0,23.0,комфорт,1017.7,1013.3,13.0,,,,,2025-06-09 03:00:00,2025-06-09 07:00:00,2025,6
Ю,2.0,н/о,,н/о,26.7,18.0,59,31.0,31.0,душно,1018.2,1013.9,,,,,,2025-06-09 06:00:00,2025-06-09 10:00:00,2025,6
Ю,4.0,н/о,,н/о,31.1,12.1,31,32.0,32.0,жарко,1018.0,1013.7,,,,,,2025-06-09 09:00:00,2025-06-09 13:00:00,2025,6
Ю,2.0,н/о,,н/о,32.0,12.1,30,32.0,32.0,жарко,1017.2,1013.0,,,,,,2025-06-09 12:00:00,2025-06-09 16:00:00,2025,6
Ю,2.0,н/о,,н/о,30.2,11.4,31,31.0,31.0,жарко,1016.4,1012.1,,32.2,,,,2025-06-09 15:00:00,2025-06-09 19:00:00,2025,6
Ю,2.0,н/о,,н/о,24.5,10.9,42,26.0,26.0,жарко,1016.9,1012.6,,,,,,2025-06-09 18:00:00,2025-06-09 22:00:00,2025,6
штиль,0.0,н/о,,н/о,17.9,11.5,66,18.0,18.0,тепло,1017.4,1012.9,,,,,,2025-06-09 21:00:00,2025-06-10 01:00:00,2025,6
Ю,2.0,н/о,,н/о,19.1,8.2,49,20.0,20.0,тепло,1017.3,1012.8,,,,,,2025-06-10 00:00:00,2025-06-10 04:00:00,2025,6
ЮВ,1.0,н/о,,н/о,20.7,10.7,53,24.0,24.0,комфорт,1017.2,1012.8,13.7,,,,,2025-06-10 03:00:00,2025-06-10 07:00:00,2025,6
ЮВ,2.0,н/о,,н/о,27.3,11.0,36,28.0,28.0,жарко,1016.8,1012.5,,,,,,2025-06-10 06:00:00,2025-06-10 10:00:00,2025,6
Ю,1.0,н/о,,н/о,31.1,7.3,23,30.0,30.0,жарко,1015.5,1011.2,,,,,,2025-06-10 09:00:00,2025-06-10 13:00:00,2025,6
В,2.0,н/о,,н/о,31.6,9.2,25,31.0,31.0,жарко,1013.7,1009.5,,,,,,2025-06-10 12:00:00,2025-06-10 16:00:00,2025,6
ЮВ,2.0,н/о,,н/о,30.3,7.3,24,29.0,29.0,жарко,1012.3,1008.0,,32.0,,,,2025-06-10 15:00:00,2025-06-10 19:00:00,2025,6
штиль,0.0,н/о,,н/о,18.9,13.1,69,20.0,20.0,тепло,1012.0,1007.6,,,,,,2025-06-10 18:00:00,2025-06-10 22:00:00,2025,6
штиль,0.0,н/о,,н/о,15.6,13.7,88,15.0,15.0,по сезону,1011.3,1006.8,,,,,,2025-06-10 21:00:00,2025-06-11 01:00:00,2025,6
штиль,0.0,н/о,,н/о,13.2,12.1,93,13.0,13.0,по сезону,1011.0,1006.4,,,,,,2025-06-11 00:00:00,2025-06-11 04:00:00,2025,6
штиль,0.0,н/о,,н/о,20.0,15.7,76,22.0,22.0,комфорт,1010.9,1006.5,12.3,,,,,2025-06-11 03:00:00,2025-06-11 07:00:00,2025,6
В,1.0,н/о,,н/о,26.8,15.5,50,30.0,30.0,душно,1010.5,1006.2,,,,,,2025-06-11 06:00:00,2025-06-11 10:00:00,2025,6
Ю,2.0,н/о,,н/о,31.6,9.6,26,31.0,31.0,жарко,1009.6,1005.4,,,,,,2025-06-11 09:00:00,2025-06-11 13:00:00,2025,6
штиль,0.0,н/о,,н/о,32.6,13.0,30,30.0,30.0,жарко,1008.9,1004.7,,,,,,2025-06-11 12:00:00,2025-06-11 16:00:00,2025,6
СЗ,3.0,н/о,,н/о,26.0,18.4,63,31.0,31.0,очень  душно,1009.2,1004.9,,33.1,,,,2025-06-11 15:00:00,2025-06-11 19:00:00,2025,6
СЗ,3.0,н/о,,н/о,22.3,18.6,80,28.0,28.0,душно,1010.4,1006.0,,,,,,2025-06-11 18:00:00,2025-06-11 22:00:00,2025,6
С,2.0,н/о,,н/о,19.5,17.6,89,22.0,22.0,комфорт,1010.6,1006.2,,,,,,2025-06-11 21:00:00,2025-06-12 01:00:00,2025,6
СЗ,1.0,н/о,,н/о,15.9,15.9,100,17.0,17.0,тепло,1010.3,1005.8,,,,,,2025-06-12 00:00:00,2025-06-12 04:00:00,2025,6
С,1.0,н/о,,н/о,19.0,18.0,94,22.0,22.0,комфорт,1010.3,1005.9,15.1,,,,,2025-06-12 03:00:00,2025-06-12 07:00:00,2025,6
СЗ,2.0,н/о,,н/о,23.1,19.1,78,29.0,29.0,очень  душно,1010.0,1005.6,,,,,,2025-06-12 06:00:00,2025-06-12 10:00:00,2025,6
С,1.0,н/о,,н/о,27.0,19.8,65,33.0,33.0,очень  душно,1009.4,1005.1,,,,,,2025-06-12 09:00:00,2025-06-12 13:00:00,2025,6
С,2.0,н/о,,н/о,29.3,20.1,58,36.0,36.0,очень  душно,1008.2,1003.9,,,,,,2025-06-12 12:00:00,2025-06-12 16:00:00,2025,6
СЗ,2.0,н/о,,н/о,28.1,18.8,57,33.0,33.0,очень  душно,1007.2,1002.9,,29.4,,,,2025-06-12 15:00:00,2025-06-12 19:00:00,2025,6
С,2.0,н/о,,н/о,23.1,18.4,75,29.0,29.0,очень  душно,1007.2,1002.8,,,,,,2025-06-12 18:00:00,2025-06-12 22:00:00,2025,6
З,2.0,н/о,,н/о,21.7,18.5,82,26.0,26.0,душно,1006.6,1002.2,,,,,,2025-06-12 21:00:00,2025-06-13 01:00:00,2025,6
ЮЗ,2.0,н/о,,н/о,19.9,18.8,93,24.0,24.0,комфорт,1008.2,1003.8,,,,,,2025-06-13 00:00:00,2025-06-13 04:00:00,2025,6
Ю,2.0,н/о,,н/о,20.2,19.5,96,25.0,25.0,комфорт,1009.2,1004.8,19.0,,,,,2025-06-13 03:00:00,2025-06-13 07:00:00,2025,6
ЮЗ,2.0,н/о,,н/о,25.0,15.3,55,28.0,28.0,жарко,1009.2,1004.9,,,,,,2025-06-13 06:00:00,2025-06-13 10:00:00,2025,6
ЮЗ,2.0,н/о,,н/о,28.6,11.4,34,29.0,29.0,жарко,1009.3,1005.0,,,,,,2025-06-13 09:00:00,2025-06-13 13:00:00,2025,6
Ю,2.0,н/о,,н/о,28.9,11.0,33,29.0,29.0,жарко,1008.7,1004.4,,,,,,2025-06-13 12:00:00,2025-06-13 16:00:00,2025,6
штиль,0.0,н/о,,н/о,28.7,11.4,34,29.0,29.0,жарко,1007.9,1003.6,,29.9,,,,2025-06-13 15:00:00,2025-06-13 19:00:00,2025,6
штиль,0.0,н/о,,н/о,21.1,15.8,72,24.0,24.0,комфорт,1008.3,1003.9,,,,,,2025-06-13 18:00:00,2025-06-13 22:00:00,2025,6
Ю,1.0,н/о,,н/о,20.5,12.9,62,24.0,24.0,комфорт,1008.4,1004.0,,,,,,2025-06-13 21:00:00,2025-06-14 01:00:00,2025,6
ЮВ,1.0,н/о,,н/о,16.4,15.4,94,17.0,17.0,тепло,1007.5,1003.1,,,,,,2025-06-14 00:00:00,2025-06-14 04:00:00,2025,6
ЮВ,1.0,н/о,,н/о,20.1,15.9,77,24.0,24.0,комфорт,1006.6,1002.2,15.5,,,,,2025-06-14 03:00:00,2025-06-14 07:00:00,2025,6
Ю,1.0,н/о,,н/о,22.7,16.7,69,27.0,27.0,душно,1007.0,1002.6,,,,,,2025-06-14 06:00:00,2025-06-14 10:00:00,2025,6
З,2.0,н/о,,н/о,26.1,11.1,39,27.0,27.0,жарко,1008.6,1004.3,,,,,,2025-06-14 09:00:00,2025-06-14 13:00:00,2025,6
ЮЗ,2.0,н/о,,н/о,26.7,6.5,28,26.0,26.0,жарко,1008.8,1004.5,,,,,,2025-06-14 12:00:00,2025-06-14 16:00:00,2025,6
СЗ,1.0,н/о,,н/о,25.4,7.3,32,25.0,25.0,комфорт,1008.9,1004.6,,27.1,,,,2025-06-14 15:00:00,2025-06-14 19:00:00,2025,6
штиль,0.0,н/о,,н/о,16.3,11.8,75,16.0,16.0,по сезону,1009.9,1005.4,,,,,,2025-06-14 18:00:00,2025-06-14 22:00:00,2025,6
штиль,0.0,н/о,,н/о,13.6,10.9,84,13.0,13.0,по сезону,1009.4,1004.9,,,,,,2025-06-14 21:00:00,2025-06-15 01:00:00,2025,6
штиль,0.0,н/о,,н/о,12.3,11.2,93,12.0,12.0,по сезону,1009.4,1004.9,,,,,,2025-06-15 00:00:00,2025-06-15 04:00:00,2025,6
штиль,0.0,н/о,,н/о,16.6,12.7,78,17.0,17.0,по сезону,1008.6,1004.1,11.5,,,,,2025-06-15 03:00:00,2025-06-15 07:00:00,2025,6
штиль,0.0,н/о,,н/о,18.7,13.5,72,19.0,19.0,прохладно,1008.6,1004.1,,,,,,2025-06-15 06:00:00,2025-06-15 10:00:00,2025,6
Ю,1.0,н/о,,н/о,17.0,15.2,89,18.0,18.0,прохладно,1009.4,1005.0,,,,,,2025-06-15 09:00:00,2025-06-15 13:00:00,2025,6
С,2.0,н/о,,н/о,16.1,15.2,94,16.0,16.0,очень  холодно,1007.6,1003.1,,,,,,2025-06-15 12:00:00,2025-06-15 16:00:00,2025,6
СВ,1.0,н/о,,н/о,16.3,15.6,96,17.0,17.0,прохладно,1005.9,1001.5,,18.8,6.0,,,2025-06-15 15:00:00,2025-06-15 19:00:00,2025,6
штиль,0.0,н/о,,н/о,15.5,15.4,99,15.0,15.0,прохладно,1005.8,1001.4,,,,,,2025-06-15 18:00:00,2025-06-15 22:00:00,2025,6
Ю,1.0,н/о,,н/о,13.7,13.7,100,14.0,14.0,по сезону,1005.7,1001.2,,,,,,2025-06-15 21:00:00,2025-06-16 01:00:00,2025,6
штиль,0.0,н/о,,н/о,15.0,12.1,83,15.0,15.0,по сезону,1005.1,1001.4,12.0,,,,,2025-06-16 03:00:00,2025-06-16 07:00:00,2025,6
Ю,1.0,н/о,,н/о,19.1,16.5,85,22.0,22.0,комфорт,1005.9,1001.5,,,,,,2025-06-16 06:00:00,2025-06-16 10:00:00,2025,6
СВ,3.0,н/о,,н/о,22.0,17.6,76,27.0,27.0,душно,1004.9,1000.5,,,,,,2025-06-16 09:00:00,2025-06-16 13:00:00,2025,6
С,1.0,н/о,,н/о,24.0,16.2,62,27.0,27.0,жарко,1003.9,999.6,,,,,,2025-06-16 12:00:00,2025-06-16 16:00:00,2025,6
ЮВ,1.0,н/о,,н/о,23.6,17.5,69,28.0,28.0,душно,1003.3,999.0,,25.2,,,,2025-06-16 15:00:00,2025-06-16 19:00:00,2025,6
ЮЗ,3.0,н/о,,н/о,20.0,15.7,76,23.0,23.0,комфорт,1004.2,999.8,,,,,,2025-06-16 18:00:00,2025-06-16 22:00:00,2025,6
Ю,2.0,н/о,,н/о,15.4,15.4,100,15.0,15.0,по сезону,1004.0,999.6,,,,,,2025-06-16 21:00:00,2025-06-17 01:00:00,2025,6
Ю,1.0,н/о,,н/о,15.1,15.1,100,16.0,16.0,тепло,1003.5,999.0,,,,,,2025-06-17 00:00:00,2025-06-17 04:00:00,2025,6
штиль,0.0,н/о,,н/о,16.5,16.5,100,16.0,16.0,тепло,1003.6,999.2,14.7,,2.0,,,2025-06-17 03:00:00,2025-06-17 07:00:00,2025,6
штиль,0.0,н/о,,н/о,20.1,17.8,87,23.0,23.0,комфорт,1003.8,999.4,,,,,,2025-06-17 06:00:00,2025-06-17 10:00:00,2025,6
СВ,2.0,н/о,,н/о,22.3,16.5,70,27.0,27.0,душно,1002.5,998.2,,,,,,2025-06-17 09:00:00,2025-06-17 13:00:00,2025,6
С,3.0,н/о,,н/о,17.3,16.2,93,17.0,17.0,прохладно,1003.4,999.0,,,,,,2025-06-17 12:00:00,2025-06-17 16:00:00,2025,6
С,2.0,н/о,,н/о,20.0,16.3,79,23.0,23.0,комфорт,1003.0,998.6,,23.5,7.0,,,2025-06-17 15:00:00,2025-06-17 19:00:00,2025,6
СЗ,1.0,н/о,,н/о,16.8,16.6,99,18.0,18.0,тепло,1003.9,999.5,,,,,,2025-06-17 18:00:00,2025-06-17 22:00:00,2025,6
С,2.0,н/о,,н/о,16.4,15.2,93,16.0,16.0,тепло,1003.8,999.3,,,,,,2025-06-17 21:00:00,2025-06-18 01:00:00,2025,6
СЗ,2.0,н/о,,н/о,15.6,15.2,97,15.0,15.0,тепло,1003.6,999.1,,,,,,2025-06-18 00:00:00,2025-06-18 04:00:00,2025,6
С,2.0,н/о,,н/о,15.6,14.7,94,15.0,15.0,тепло,1003.8,999.3,14.8,,,,,2025-06-18 03:00:00,2025-06-18 07:00:00,2025,6
С,3.0,н/о,,н/о,17.8,15.2,85,18.0,18.0,тепло,1003.5,999.1,,,,,,2025-06-18 06:00:00,2025-06-18 10:00:00,2025,6
С,5.0,н/о,,н/о,20.4,12.7,61,22.0,22.0,комфорт,1002.9,998.6,,,,,,2025-06-18 09:00:00,2025-06-18 13:00:00,2025,6
СЗ,4.0,н/о,,н/о,21.9,12.7,56,24.0,24.0,комфорт,1002.2,997.9,,,,,,2025-06-18 12:00:00,2025-06-18 16:00:00,2025,6
СЗ,2.0,н/о,,н/о,21.1,10.2,50,23.0,23.0,комфорт,1001.8,997.4,,22.3,,,,2025-06-18 15:00:00,2025-06-18 19:00:00,2025,6
штиль,0.0,н/о,,н/о,13.9,13.1,95,13.0,13.0,по сезону,1002.3,997.8,,,,,,2025-06-18 18:00:00,2025-06-18 22:00:00,2025,6
штиль,0.0,н/о,,н/о,11.6,11.6,100,11.0,11.0,по сезону,1001.5,997.0,,,,,,2025-06-18 21:00:00,2025-06-19 01:00:00,2025,6
штиль,0.0,н/о,,н/о,12.2,12.2,100,11.0,11.0,тепло,1000.3,995.8,,,,,,2025-06-19 00:00:00,2025-06-19 04:00:00,2025,6
штиль,0.0,н/о,,н/о,15.0,15.0,100,15.0,15.0,тепло,999.7,995.3,11.1,,,,,2025-06-19 03:00:00,2025-06-19 07:00:00,2025,6
СВ,1.0,н/о,,н/о,18.2,15.4,84,20.0,20.0,тепло,999.1,994.7,,,,,,2025-06-19 06:00:00,2025-06-19 10:00:00,2025,6
Ю,1.0,н/о,,н/о,22.5,14.4,60,26.0,26.0,жарко,997.9,993.5,,,,,,2025-06-19 09:00:00,2025-06-19 13:00:00,2025,6
СВ,1.0,н/о,,н/о,21.5,14.0,62,24.0,24.0,комфорт,996.6,992.3,,,,,,2025-06-19 12:00:00,2025-06-19 16:00:00,2025,6
СВ,2.0,н/о,,н/о,20.8,13.6,63,24.0,24.0,комфорт,995.8,991.4,,22.8,,,,2025-06-19 15:00:00,2025-06-19 19:00:00,2025,6
Ю,1.0,н/о,,н/о,14.7,14.1,96,15.0,15.0,тепло,997.0,992.6,,,,,,2025-06-19 18:00:00,2025-06-19 22:00:00,2025,6
СЗ,1.0,н/о,,н/о,14.3,14.3,100,15.0,15.0,тепло,995.4,991.0,,,,,,2025-06-19 21:00:00,2025-06-20 01:00:00,2025,6
штиль,0.0,н/о,,н/о,13.7,13.7,100,13.0,13.0,по сезону,994.8,990.4,,,,,,2025-06-20 00:00:00,2025-06-20 04:00:00,2025,6
штиль,0.0,н/о,,н/о,14.8,14.8,100,14.0,14.0,прохладно,994.4,990.0,13.5,,2.0,,,2025-06-20 03:00:00,2025-06-20 07:00:00,2025,6
Ю,1.0,н/о,,н/о,16.2,15.5,96,17.0,17.0,прохладно,994.7,990.3,,,,,,2025-06-20 06:00:00,2025-06-20 10:00:00,2025,6
З,2.0,н/о,,н/о,18.9,14.3,75,21.0,21.0,комфорт,994.5,990.2,,,,,,2025-06-20 09:00:00,2025-06-20 13:00:00,2025,6
Ю,2.0,н/о,,н/о,16.9,15.3,90,17.0,17.0,очень  холодно,995.1,990.7,,,,,,2025-06-20 12:00:00,2025-06-20 16:00:00,2025,6
штиль,0.0,н/о,,н/о,16.1,16.1,100,16.0,16.0,холодно,995.7,991.3,,20.3,6.0,,,2025-06-20 15:00:00,2025-06-20 19:00:00,2025,6
ЮЗ,1.0,н/о,,н/о,14.0,16.1,100,14.0,14.0,холодно,995.7,992.5,,,,,,2025-06-20 18:00:00,2025-06-20 22:00:00,2025,6
З,2.0,н/о,,н/о,14.4,14.4,100,14.0,14.0,прохладно,997.2,992.8,,,,,,2025-06-20 21:00:00,2025-06-21 01:00:00,2025,6
ЮЗ,2.0,н/о,,н/о,14.0,12.8,92,13.0,13.0,по сезону,997.3,992.9,,,,,,2025-06-21 00:00:00,2025-06-21 04:00:00,2025,6
ЮЗ,2.0,н/о,,н/о,15.1,12.7,86,15.0,15.0,прохладно,997.1,992.7,13.0,,15.0,,,2025-06-21 03:00:00,2025-06-21 07:00:00,2025,6
ЮЗ,3.0,н/о,,н/о,16.1,14.4,90,16.0,16.0,по сезону,1001.0,996.5,,,,,,2025-06-21 21:00:00,2025-06-22 01:00:00,2025,6
З,1.0,н/о,,н/о,15.3,14.8,97,16.0,16.0,тепло,1001.5,997.1,,,,,,2025-06-22 00:00:00,2025-06-22 04:00:00,2025,6
СЗ,2.0,н/о,,н/о,16.2,15.7,97,16.0,16.0,по сезону,1002.6,998.1,15.1,,,,,2025-06-22 03:00:00,2025-06-22 07:00:00,2025,6
С,3.0,н/о,,н/о,17.1,15.6,91,17.0,17.0,прохладно,1003.8,999.4,,,,,,2025-06-22 06:00:00,2025-06-22 10:00:00,2025,6
С,4.0,н/о,,н/о,19.6,15.5,77,22.0,22.0,комфорт,1004.0,999.6,,,,,,2025-06-22 09:00:00,2025-06-22 13:00:00,2025,6
СЗ,4.0,н/о,,н/о,17.9,14.6,81,18.0,18.0,холодно,1004.8,1000.4,,,,,,2025-06-22 12:00:00,2025-06-22 16:00:00,2025,6
СЗ,2.0,н/о,,н/о,17.0,14.2,84,17.0,17.0,прохладно,1006.0,1001.6,,20.0,1.0,,,2025-06-22 15:00:00,2025-06-22 19:00:00,2025,6
СЗ,2.0,н/о,,н/о,16.5,13.8,84,17.0,17.0,по сезону,1007.2,1002.7,,,,,,2025-06-22 18:00:00,2025-06-22 22:00:00,2025,6
СЗ,1.0,н/о,,н/о,15.9,13.1,83,17.0,17.0,по сезону,1007.7,1003.2,,,,,,2025-06-22 21:00:00,2025-06-23 01:00:00,2025,6
штиль,0.0,н/о,,н/о,15.2,13.1,87,15.0,15.0,по сезону,1008.4,1003.9,,,,,,2025-06-23 00:00:00,2025-06-23 04:00:00,2025,6
штиль,0.0,н/о,,н/о,15.6,14.5,93,15.0,15.0,прохладно,1009.1,1004.6,14.5,,,,,2025-06-23 03:00:00,2025-06-23 07:00:00,2025,6
С,2.0,н/о,,н/о,19.1,13.9,72,21.0,21.0,комфорт,1009.6,1005.2,,,,,,2025-06-23 06:00:00,2025-06-23 10:00:00,2025,6
СЗ,4.0,н/о,,н/о,20.9,9.9,49,23.0,23.0,комфорт,1009.9,1005.5,,,,,,2025-06-23 09:00:00,2025-06-23 13:00:00,2025,6
С,3.0,н/о,,н/о,21.3,10.7,51,23.0,23.0,комфорт,1009.7,1005.3,,,,,,2025-06-23 12:00:00,2025-06-23 16:00:00,2025,6
СВ,2.0,н/о,,н/о,20.1,11.1,56,22.0,22.0,комфорт,1009.7,1005.3,,22.1,,,,2025-06-23 15:00:00,2025-06-23 19:00:00,2025,6
штиль,0.0,н/о,,н/о,13.9,12.4,91,13.0,13.0,холодно,1010.5,1006.0,,,,,,2025-06-23 18:00:00,2025-06-23 22:00:00,2025,6
штиль,0.0,н/о,,н/о,14.8,13.0,89,14.0,14.0,прохладно,1010.8,1006.3,,,,,,2025-06-23 21:00:00,2025-06-24 01:00:00,2025,6
штиль,0.0,н/о,,н/о,14.5,12.7,89,14.0,14.0,по сезону,1011.0,1006.5,,,,,,2025-06-24 00:00:00,2025-06-24 04:00:00,2025,6
штиль,0.0,н/о,,н/о,16.3,13.2,82,16.0,16.0,прохладно,1011.3,1006.8,12.2,,,,,2025-06-24 03:00:00,2025-06-24 07:00:00,2025,6
С,2.0,н/о,,н/о,20.0,12.8,63,22.0,22.0,комфорт,1011.5,1007.1,,,,,,2025-06-24 06:00:00,2025-06-24 10:00:00,2025,6
СВ,2.0,н/о,,н/о,21.3,11.4,53,23.0,23.0,комфорт,1010.7,1006.3,,,,,,2025-06-24 09:00:00,2025-06-24 13:00:00,2025,6
С,1.0,н/о,,н/о,23.7,8.8,39,24.0,24.0,комфорт,1009.9,1005.6,,,,,,2025-06-24 12:00:00,2025-06-24 16:00:00,2025,6
С,1.0,н/о,,н/о,23.5,10.0,42,25.0,25.0,комфорт,1009.3,1004.9,,24.1,,,,2025-06-24 15:00:00,2025-06-24 19:00:00,2025,6
штиль,0.0,н/о,,н/о,15.4,12.7,84,15.0,15.0,прохладно,1010.4,1005.9,,,,,,2025-06-24 18:00:00,2025-06-24 22:00:00,2025,6
штиль,0.0,н/о,,н/о,12.4,12.2,99,12.0,12.0,прохладно,1010.3,1005.7,,,,,,2025-06-24 21:00:00,2025-06-25 01:00:00,2025,6
штиль,0.0,н/о,,н/о,11.4,11.4,100,11.0,11.0,прохладно,1009.9,1005.4,,,,,,2025-06-25 00:00:00,2025-06-25 04:00:00,2025,6
ЮВ,1.0,н/о,,н/о,16.7,14.4,86,18.0,18.0,по сезону,1009.5,1005.0,10.9,,,,,2025-06-25 03:00:00,2025-06-25 07:00:00,2025,6
Ю,3.0,н/о,,н/о,23.7,15.4,60,27.0,27.0,жарко,1008.7,1004.4,,,,,,2025-06-25 06:00:00,2025-06-25 10:00:00,2025,6
Ю,4.0,н/о,,н/о,26.6,11.9,40,28.0,28.0,жарко,1007.1,1002.8,,,,,,2025-06-25 09:00:00,2025-06-25 13:00:00,2025,6
Ю,,н/о,,н/о,27.7,11.0,35,28.0,28.0,жарко,1005.4,1001.1,,,,,,2025-06-25 12:00:00,2025-06-25 16:00:00,2025,6
З,,н/о,,н/о,17.7,14.1,79,18.0,18.0,прохладно,1005.5,1001.1,,27.9,,,,2025-06-25 15:00:00,2025-06-25 19:00:00,2025,6
штиль,0.0,н/о,,н/о,16.9,16.9,100,17.0,17.0,по сезону,1004.8,1000.4,,,,,,2025-06-25 18:00:00,2025-06-25 22:00:00,2025,6
Ю,2.0,н/о,,н/о,16.2,16.0,99,16.0,16.0,по сезону,1003.8,999.3,,,,,,2025-06-25 21:00:00,2025-06-26 01:00:00,2025,6
Ю,1.0,н/о,,н/о,16.0,16.0,100,17.0,17.0,тепло,1002.9,998.5,,,,,,2025-06-26 00:00:00,2025-06-26 04:00:00,2025,6
Ю,1.0,н/о,,н/о,16.5,16.5,100,17.0,17.0,по сезону,1002.3,997.9,15.7,,3.0,,,2025-06-26 03:00:00,2025-06-26 07:00:00,2025,6
Ю,2.0,н/о,,н/о,15.7,15.7,100,16.0,16.0,по сезону,997.0,992.5,,,,,,2025-06-26 21:00:00,2025-06-27 01:00:00,2025,6
В,2.0,н/о,,н/о,15.5,15.5,100,15.0,15.0,тепло,994.4,990.0,,,,,,2025-06-27 00:00:00,2025-06-27 04:00:00,2025,6
штиль,0.0,н/о,,н/о,16.5,15.5,94,16.0,16.0,тепло,994.4,987.7,14.9,,12.0,,,2025-06-27 03:00:00,2025-06-27 07:00:00,2025,6
Ю,3.0,н/о,,н/о,18.7,16.7,88,20.0,20.0,тепло,991.1,986.7,,,,,,2025-06-27 06:00:00,2025-06-27 10:00:00,2025,6
ЮЗ,2.0,н/о,,н/о,18.2,17.3,94,19.0,19.0,по сезону,990.9,986.6,,,,,,2025-06-27 09:00:00,2025-06-27 13:00:00,2025,6
СВ,2.0,н/о,,н/о,19.8,15.6,77,23.0,23.0,комфорт,990.2,985.9,,,,,,2025-06-27 12:00:00,2025-06-27 16:00:00,2025,6
С,,н/о,,н/о,18.6,16.3,86,20.0,20.0,тепло,991.3,986.9,,,,,,2025-06-27 15:00:00,2025-06-27 19:00:00,2025,6
СЗ,4.0,н/о,,н/о,17.3,16.3,94,17.0,17.0,тепло,993.2,988.8,,,,,,2025-06-27 18:00:00,2025-06-27 22:00:00,2025,6
СЗ,5.0,н/о,,н/о,16.9,15.8,93,16.0,16.0,тепло,994.5,990.1,,,,,,2025-06-27 21:00:00,2025-06-28 01:00:00,2025,6
СЗ,,н/о,,н/о,15.7,15.3,97,14.0,14.0,тепло,996.4,992.0,,,,,,2025-06-28 00:00:00,2025-06-28 04:00:00,2025,6
СЗ,,н/о,,н/о,14.7,13.6,93,13.0,13.0,по сезону,998.1,993.7,14.5,,2.0,,,2025-06-28 03:00:00,2025-06-28 07:00:00,2025,6
СЗ,,н/о,,н/о,15.0,13.2,89,14.0,14.0,по сезону,999.5,995.1,14.3,,,,,2025-06-28 06:00:00,2025-06-28 10:00:00,2025,6
СЗ,,н/о,,н/о,16.0,13.3,84,15.0,15.0,по сезону,1000.6,996.2,,,,,,2025-06-28 09:00:00,2025-06-28 13:00:00,2025,6
СЗ,3.0,н/о,,н/о,16.1,13.2,83,16.0,16.0,по сезону,1001.8,997.3,,,,,,2025-06-28 12:00:00,2025-06-28 16:00:00,2025,6
СЗ,3.0,н/о,,н/о,17.9,13.4,75,18.0,18.0,тепло,1002.8,998.4,,17.9,0.3,,,2025-06-28 15:00:00,2025-06-28 19:00:00,2025,6
штиль,0.0,н/о,,н/о,12.5,12.2,98,12.0,12.0,по сезону,1003.3,998.8,,,,,,2025-06-28 18:00:00,2025-06-28 22:00:00,2025,6
З,1.0,н/о,,н/о,13.4,12.4,94,13.0,13.0,тепло,1003.3,998.8,,,,,,2025-06-28 21:00:00,2025-06-29 01:00:00,2025,6
З,1.0,н/о,,н/о,14.0,12.7,92,14.0,14.0,тепло,1003.8,999.3,,,,,,2025-06-29 00:00:00,2025-06-29 04:00:00,2025,6
СЗ,2.0,н/о,,н/о,15.2,13.0,87,15.0,15.0,тепло,1004.5,1000.0,11.6,,,,,2025-06-29 03:00:00,2025-06-29 07:00:00,2025,6
СЗ,3.0,н/о,,н/о,18.9,12.4,66,20.0,20.0,тепло,1004.6,1000.2,,,,,,2025-06-29 06:00:00,2025-06-29 10:00:00,2025,6
Ю,2.0,н/о,,н/о,15.0,12.1,83,15.0,15.0,по сезону,1000.5,996.1,,,,,,2025-06-30 00:00:00,2025-06-30 04:00:00,2025,6
Ю,2.0,н/о,,н/о,14.8,14.8,100,14.0,14.0,холодно,998.6,994.2,12.9,,0.8,,,2025-06-30 03:00:00,2025-06-30 07:00:00,2025,6
Ю,,н/о,,н/о,19.8,15.6,77,22.0,22.0,комфорт,995.7,991.4,,,,,,2025-06-30 06:00:00,2025-06-30 10:00:00,2025,6
З,,н/о,,н/о,18.5,18.5,100,20.0,20.0,холодно,995.1,990.7,,,,,,2025-06-30 12:00:00,2025-06-30 16:00:00,2025,6
ЮЗ,2.0,н/о,,н/о,18.1,17.3,95,19.0,19.0,прохладно,995.9,991.6,,,,,,2025-06-30 15:00:00,2025-06-30 19:00:00,2025,6
Ю,1.0,н/о,,н/о,16.6,16.5,99,17.0,17.0,прохладно,996.8,992.4,,,,,,2025-06-30 18:00:00,2025-06-30 22:00:00,2025,6
Ю,2.0,н/о,,н/о,16.1,16.1,100,16.0,16.0,по сезону,997.1,992.7,,,,,,2025-06-30 21:00:00,2025-07-01 01:00:00,2025,6
Ю,2.0,н/о,,н/о,15.1,15.1,100,15.0,15.0,по сезону,998.0,993.5,,,,,,2025-07-01 00:00:00,2025-07-01 04:00:00,2025,7
Ю,1.0,н/о,,н/о,15.8,15.8,100,16.0,16.0,прохладно,998.5,994.0,14.7,,0.3,,,2025-07-01 03:00:00,2025-07-01 07:00:00,2025,7
Ю,3.0,н/о,,н/о,20.8,16.3,75,25.0,25.0,комфорт,998.3,994.0,,,,,,2025-07-01 06:00:00,2025-07-01 10:00:00,2025,7
Ю,,н/о,,н/о,21.3,12.5,57,24.0,24.0,комфорт,998.3,993.9,,,,,,2025-07-01 09:00:00,2025-07-01 13:00:00,2025,7
ЮЗ,,н/о,,н/о,24.0,10.7,43,25.0,25.0,комфорт,997.3,993.0,,,,,,2025-07-01 12:00:00,2025-07-01 16:00:00,2025,7
ЮЗ,,н/о,,н/о,22.3,9.9,45,24.0,24.0,комфорт,996.8,992.5,,24.4,,,,2025-07-01 15:00:00,2025-07-01 19:00:00,2025,7
Ю,,н/о,,н/о,14.4,13.8,96,14.0,14.0,холодно,998.1,993.7,,,,,,2025-07-01 18:00:00,2025-07-01 22:00:00,2025,7
Ю,3.0,н/о,,н/о,16.5,13.1,80,16.0,16.0,холодно,1000.3,995.9,,,,,,2025-07-02 06:00:00,2025-07-02 10:00:00,2025,7
Ю,,н/о,,н/о,21.2,12.9,59,23.0,23.0,комфорт,1001.7,997.4,,22.0,,,,2025-07-02 15:00:00,2025-07-02 19:00:00,2025,7
ЮЗ,2.0,н/о,,н/о,17.4,12.5,73,18.0,18.0,по сезону,1003.1,998.7,,,,,,2025-07-02 18:00:00,2025-07-02 22:00:00,2025,7
ЮЗ,2.0,н/о,,н/о,16.4,12.8,79,17.0,17.0,по сезону,1003.2,998.8,,,,,,2025-07-02 21:00:00,2025-07-03 01:00:00,2025,7
ЮЗ,2.0,н/о,,н/о,15.4,13.1,86,15.0,15.0,по сезону,1003.6,999.1,,,,,,2025-07-03 00:00:00,2025-07-03 04:00:00,2025,7
ЮЗ,2.0,н/о,,н/о,15.2,13.9,92,15.0,15.0,прохладно,1004.8,1000.3,14.7,,,,,2025-07-03 03:00:00,2025-07-03 07:00:00,2025,7
З,2.0,н/о,,н/о,18.8,15.2,80,20.0,20.0,по сезону,1005.8,1001.4,,,,,,2025-07-03 06:00:00,2025-07-03 10:00:00,2025,7
З,3.0,н/о,,н/о,20.2,14.1,68,23.0,23.0,комфорт,1006.2,1001.8,,,,,,2025-07-03 09:00:00,2025-07-03 13:00:00,2025,7
Ю,1.0,н/о,,н/о,16.9,15.5,91,18.0,18.0,по сезону,1007.9,1003.4,,,,,,2025-07-03 18:00:00,2025-07-03 22:00:00,2025,7
ЮЗ,2.0,н/о,,н/о,18.2,15.1,82,19.0,19.0,тепло,1007.2,1002.8,,,,,,2025-07-03 21:00:00,2025-07-04 01:00:00,2025,7
З,2.0,н/о,,н/о,16.7,16.5,99,17.0,17.0,тепло,1006.6,1002.2,,,,,,2025-07-04 00:00:00,2025-07-04 04:00:00,2025,7
З,1.0,н/о,,н/о,17.9,17.5,98,19.0,19.0,тепло,1007.7,1003.3,16.3,,2.0,,,2025-07-04 03:00:00,2025-07-04 07:00:00,2025,7
СЗ,3.0,н/о,,н/о,20.9,18.0,83,25.0,25.0,комфорт,1008.8,1004.4,,,,,,2025-07-04 06:00:00,2025-07-04 10:00:00,2025,7
СЗ,4.0,н/о,,н/о,24.5,18.3,68,29.0,29.0,душно,1009.0,1004.6,,,,,,2025-07-04 09:00:00,2025-07-04 13:00:00,2025,7
СЗ,2.0,н/о,,н/о,26.1,15.1,51,29.0,29.0,жарко,1008.6,1004.3,,26.9,,,,2025-07-04 15:00:00,2025-07-04 19:00:00,2025,7
штиль,0.0,н/о,,н/о,14.0,14.0,100,13.0,13.0,по сезону,1010.5,1006.0,,,,,,2025-07-05 00:00:00,2025-07-05 04:00:00,2025,7
ЮВ,1.0,н/о,,н/о,19.7,18.2,91,23.0,23.0,комфорт,1010.0,1005.6,13.7,,,,,2025-07-05 03:00:00,2025-07-05 07:00:00,2025,7
ЮЗ,2.0,н/о,,н/о,26.3,20.3,70,33.0,33.0,очень  душно,1009.3,1005.0,,,,,,2025-07-05 06:00:00,2025-07-05 10:00:00,2025,7
ЮЗ,3.0,н/о,,н/о,26.7,21.5,73,34.0,34.0,очень  душно,1007.9,1003.6,,,,,,2025-07-05 09:00:00,2025-07-05 13:00:00,2025,7
З,,н/о,,н/о,21.7,20.3,92,27.0,27.0,душно,1007.4,1003.0,,,,,,2025-07-05 12:00:00,2025-07-05 16:00:00,2025,7
штиль,0.0,н/о,,н/о,24.0,20.7,82,30.0,30.0,очень  душно,1006.9,1002.6,,29.5,11.0,,,2025-07-05 15:00:00,2025-07-05 19:00:00,2025,7
СЗ,2.0,н/о,,н/о,19.3,18.9,98,22.0,22.0,комфорт,1008.1,1003.7,,,,,,2025-07-05 18:00:00,2025-07-05 22:00:00,2025,7
СЗ,1.0,н/о,,н/о,17.2,16.5,96,18.0,18.0,тепло,1009.8,1005.3,,,,,,2025-07-05 21:00:00,2025-07-06 01:00:00,2025,7
СЗ,2.0,н/о,,н/о,14.3,13.3,94,14.0,14.0,по сезону,1011.6,1007.1,,,,,,2025-07-06 00:00:00,2025-07-06 04:00:00,2025,7
СЗ,2.0,н/о,,н/о,16.6,14.4,87,17.0,17.0,по сезону,1013.2,1008.7,13.9,,2.0,,,2025-07-06 03:00:00,2025-07-06 07:00:00,2025,7
СЗ,4.0,н/о,,н/о,19.9,12.0,60,22.0,22.0,комфорт,1014.4,1010.0,,,,,,2025-07-06 06:00:00,2025-07-06 10:00:00,2025,7
СЗ,2.0,н/о,,н/о,21.8,8.9,44,23.0,23.0,комфорт,1015.1,1010.7,,22.6,,,,2025-07-06 15:00:00,2025-07-06 19:00:00,2025,7
штиль,0.0,н/о,,н/о,13.8,12.7,93,13.0,13.0,прохладно,1015.8,1011.3,,,,,,2025-07-06 18:00:00,2025-07-06 22:00:00,2025,7
штиль,0.0,н/о,,н/о,11.5,11.3,99,11.0,11.0,прохладно,1016.0,1011.4,,,,,,2025-07-06 21:00:00,2025-07-07 01:00:00,2025,7
штиль,0.0,н/о,,н/о,10.4,10.4,100,10.0,10.0,по сезону,1016.2,1011.6,,,,,,2025-07-07 00:00:00,2025-07-07 04:00:00,2025,7
штиль,0.0,н/о,,н/о,16.8,14.0,84,17.0,17.0,тепло,1016.2,1011.7,10.2,,,,,2025-07-07 03:00:00,2025-07-07 07:00:00,2025,7
З,2.0,н/о,,н/о,22.2,13.9,59,25.0,25.0,комфорт,1016.2,1011.8,,,,,,2025-07-07 06:00:00,2025-07-07 10:00:00,2025,7
З,3.0,н/о,,н/о,24.5,11.0,43,26.0,26.0,жарко,1016.0,1011.6,,,,,,2025-07-07 09:00:00,2025-07-07 13:00:00,2025,7
З,2.0,н/о,,н/о,25.8,11.1,40,27.0,27.0,жарко,1015.1,1010.8,,,,,,2025-07-07 12:00:00,2025-07-07 16:00:00,2025,7
З,2.0,н/о,,н/о,25.1,11.5,43,27.0,27.0,жарко,1014.4,1010.0,,26.1,,,,2025-07-07 15:00:00,2025-07-07 19:00:00,2025,7
штиль,0.0,н/о,,н/о,17.4,14.9,85,17.0,17.0,тепло,1015.1,1010.6,,,,,,2025-07-07 18:00:00,2025-07-07 22:00:00,2025,7
штиль,0.0,н/о,,н/о,14.1,14.1,100,14.0,14.0,по сезону,1015.5,1010.9,,,,,,2025-07-07 21:00:00,2025-07-08 01:00:00,2025,7
штиль,0.0,н/о,,н/о,12.8,12.8,100,12.0,12.0,тепло,1015.9,1011.4,,,,,,2025-07-08 00:00:00,2025-07-08 04:00:00,2025,7
штиль,0.0,н/о,,н/о,19.1,17.2,89,21.0,21.0,комфорт,1016.9,1012.4,12.3,,,,,2025-07-08 03:00:00,2025-07-08 07:00:00,2025,7
З,2.0,н/о,,н/о,25.4,16.8,59,29.0,29.0,душно,1017.3,1013.0,,,,,,2025-07-08 06:00:00,2025-07-08 10:00:00,2025,7
З,1.0,н/о,,н/о,27.9,11.7,37,29.0,29.0,жарко,1015.8,1011.5,,28.6,,,,2025-07-08 15:00:00,2025-07-08 19:00:00,2025,7
штиль,0.0,н/о,,н/о,18.9,16.6,87,20.0,20.0,тепло,1016.5,1012.0,,,,,,2025-07-08 18:00:00,2025-07-08 22:00:00,2025,7
штиль,0.0,н/о,,н/о,16.4,15.8,96,16.0,16.0,тепло,1016.7,1012.3,,,,,,2025-07-08 21:00:00,2025-07-09 01:00:00,2025,7
штиль,0.0,н/о,,н/о,15.6,15.6,100,15.0,15.0,тепло,1017.6,1013.1,,,,,,2025-07-09 00:00:00,2025-07-09 04:00:00,2025,7
штиль,0.0,н/о,,н/о,19.8,18.0,89,22.0,22.0,комфорт,1018.3,1013.9,14.4,,,,,2025-07-09 03:00:00,2025-07-09 07:00:00,2025,7
ЮЗ,2.0,н/о,,н/о,27.4,16.8,52,31.0,31.0,душно,1018.2,1013.9,,,,,,2025-07-09 06:00:00,2025-07-09 10:00:00,2025,7
штиль,0.0,н/о,,н/о,31.0,16.8,43,35.0,35.0,очень  душно,1016.6,1012.3,,,,,,2025-07-09 15:00:00,2025-07-09 19:00:00,2025,7
штиль,0.0,н/о,,н/о,21.3,19.3,88,26.0,26.0,душно,1016.9,1012.5,,,,,,2025-07-09 18:00:00,2025-07-09 22:00:00,2025,7
штиль,0.0,н/о,,н/о,19.1,18.1,94,21.0,21.0,комфорт,1017.2,1012.7,,,,,,2025-07-09 21:00:00,2025-07-10 01:00:00,2025,7
штиль,0.0,н/о,,н/о,16.7,16.7,100,17.0,17.0,тепло,1017.6,1013.1,,,,,,2025-07-10 00:00:00,2025-07-10 04:00:00,2025,7
ЮВ,1.0,н/о,,н/о,22.3,19.9,86,28.0,28.0,душно,1018.3,1013.9,16.1,,,,,2025-07-10 03:00:00,2025-07-10 07:00:00,2025,7
С,1.0,н/о,,н/о,28.9,21.1,63,36.0,36.0,очень  душно,1018.2,1013.9,,,,,,2025-07-10 06:00:00,2025-07-10 10:00:00,2025,7
штиль,0.0,н/о,,н/о,32.1,16.5,39,35.0,35.0,очень  душно,1018.0,1013.7,,,,,,2025-07-10 09:00:00,2025-07-10 13:00:00,2025,7
С,1.0,н/о,,н/о,32.8,14.5,33,34.0,34.0,очень  жарко,1017.4,1013.1,,,,,,2025-07-10 12:00:00,2025-07-10 16:00:00,2025,7
штиль,0.0,н/о,,н/о,32.4,17.3,41,36.0,36.0,очень  душно,1016.8,1012.5,,33.6,,,,2025-07-10 15:00:00,2025-07-10 19:00:00,2025,7
штиль,0.0,н/о,,н/о,22.0,19.8,87,28.0,28.0,душно,1017.6,1013.2,,,,,,2025-07-10 18:00:00,2025-07-10 22:00:00,2025,7
штиль,0.0,н/о,,н/о,19.6,19.1,97,22.0,22.0,комфорт,1017.8,1013.3,,,,,,2025-07-10 21:00:00,2025-07-11 01:00:00,2025,7
штиль,0.0,н/о,,н/о,17.3,17.3,100,17.0,17.0,тепло,1018.0,1013.5,,,,,,2025-07-11 00:00:00,2025-07-11 04:00:00,2025,7
штиль,0.0,н/о,,н/о,22.5,21.0,91,29.0,29.0,очень  душно,1018.8,1014.4,16.8,,,,,2025-07-11 03:00:00,2025-07-11 07:00:00,2025,7
штиль,0.0,н/о,,н/о,29.8,22.0,63,38.0,38.0,очень  душно,1018.9,1014.6,,,,,,2025-07-11 06:00:00,2025-07-11 10:00:00,2025,7
З,1.0,н/о,,н/о,33.3,14.6,32,35.0,35.0,душно,1018.8,1014.5,,,,,,2025-07-11 09:00:00,2025-07-11 13:00:00,2025,7
С,1.0,н/о,,н/о,34.0,15.9,34,36.0,36.0,душно,1018.0,1013.8,,,,,,2025-07-11 12:00:00,2025-07-11 16:00:00,2025,7
С,1.0,н/о,,н/о,31.9,20.2,50,38.0,38.0,очень  душно,1017.8,1013.5,,34.2,,,,2025-07-11 15:00:00,2025-07-11 19:00:00,2025,7
штиль,0.0,н/о,,н/о,23.1,21.2,89,31.0,31.0,очень  душно,1018.2,1013.8,,,,,,2025-07-11 18:00:00,2025-07-11 22:00:00,2025,7
штиль,0.0,н/о,,н/о,20.0,20.0,100,23.0,23.0,комфорт,1018.5,1014.1,,,,,,2025-07-11 21:00:00,2025-07-12 01:00:00,2025,7
штиль,0.0,н/о,,н/о,18.0,18.0,100,18.0,18.0,тепло,1019.2,1014.7,,,,,,2025-07-12 00:00:00,2025-07-12 04:00:00,2025,7
штиль,0.0,н/о,,н/о,22.5,22.5,100,30.0,30.0,очень  душно,1019.1,1014.7,17.7,,,,,2025-07-12 03:00:00,2025-07-12 07:00:00,2025,7
С,1.0,н/о,,н/о,29.0,23.2,71,39.0,39.0,очень  душно,1019.2,1014.9,,,,,,2025-07-12 06:00:00,2025-07-12 10:00:00,2025,7
СЗ,2.0,н/о,,н/о,24.1,18.4,70,29.0,29.0,душно,1019.0,1014.6,,,,,,2025-07-12 12:00:00,2025-07-12 16:00:00,2025,7
С,1.0,н/о,,н/о,28.8,22.6,69,38.0,38.0,очень  душно,1017.8,1013.5,,,,,,2025-07-12 15:00:00,2025-07-12 19:00:00,2025,7
штиль,0.0,н/о,,н/о,22.6,21.5,94,30.0,30.0,очень  душно,1018.8,1014.4,,,,,,2025-07-12 18:00:00,2025-07-12 22:00:00,2025,7
штиль,0.0,н/о,,н/о,20.0,20.0,100,23.0,23.0,комфорт,1019.0,1014.6,,,,,,2025-07-12 21:00:00,2025-07-13 01:00:00,2025,7
В,1.0,н/о,,н/о,20.2,18.4,89,25.0,25.0,комфорт,1019.8,1015.4,,,,,,2025-07-13 00:00:00,2025-07-13 04:00:00,2025,7
В,1.0,н/о,,н/о,20.8,17.6,82,26.0,26.0,душно,1019.9,1015.4,18.5,,,,,2025-07-13 03:00:00,2025-07-13 07:00:00,2025,7
СВ,2.0,н/о,,н/о,24.6,16.5,61,28.0,28.0,душно,1019.4,1015.0,,,,,,2025-07-13 06:00:00,2025-07-13 10:00:00,2025,7
С,2.0,н/о,,н/о,26.4,11.6,40,28.0,28.0,жарко,1019.2,1014.8,,,,,,2025-07-13 09:00:00,2025-07-13 13:00:00,2025,7
СЗ,2.0,н/о,,н/о,28.0,14.8,44,30.0,30.0,жарко,1017.7,1013.4,,,,,,2025-07-13 12:00:00,2025-07-13 16:00:00,2025,7
штиль,0.0,н/о,,н/о,25.6,19.6,69,31.0,31.0,очень  душно,1016.3,1011.9,,28.1,,,,2025-07-13 15:00:00,2025-07-13 19:00:00,2025,7
штиль,0.0,н/о,,н/о,22.5,19.4,83,29.0,29.0,очень  душно,1015.5,1011.1,,,,,,2025-07-13 18:00:00,2025-07-13 22:00:00,2025,7
штиль,0.0,н/о,,н/о,19.2,18.2,94,21.0,21.0,комфорт,1015.3,1010.9,,,,,,2025-07-13 21:00:00,2025-07-14 01:00:00,2025,7
СЗ,1.0,н/о,,н/о,17.3,17.0,98,18.0,18.0,тепло,1015.4,1010.9,,,,,,2025-07-14 00:00:00,2025-07-14 04:00:00,2025,7
штиль,0.0,н/о,,н/о,22.0,18.7,82,27.0,27.0,душно,1014.4,1010.0,16.1,,,,,2025-07-14 03:00:00,2025-07-14 07:00:00,2025,7
С,2.0,н/о,,н/о,22.7,16.5,68,27.0,27.0,душно,1014.0,1009.7,,,,,,2025-07-14 06:00:00,2025-07-14 10:00:00,2025,7
С,3.0,н/о,,н/о,21.8,17.6,77,26.0,26.0,душно,1012.9,1008.5,,,,,,2025-07-14 09:00:00,2025-07-14 13:00:00,2025,7
штиль,0.0,н/о,,н/о,25.5,15.5,54,29.0,29.0,душно,1011.1,1006.8,,25.7,,,,2025-07-14 15:00:00,2025-07-14 19:00:00,2025,7
штиль,0.0,н/о,,н/о,18.0,16.4,90,18.0,18.0,по сезону,1010.6,1006.2,,,,,,2025-07-14 18:00:00,2025-07-14 22:00:00,2025,7
ЮВ,1.0,н/о,,н/о,16.1,16.1,100,17.0,17.0,по сезону,1010.4,1005.9,,,,,,2025-07-14 21:00:00,2025-07-15 01:00:00,2025,7
штиль,0.0,н/о,,н/о,14.0,14.0,100,13.0,13.0,по сезону,1010.2,1005.7,,,,,,2025-07-15 00:00:00,2025-07-15 04:00:00,2025,7
штиль,0.0,н/о,,н/о,18.9,18.9,100,20.0,20.0,по сезону,1009.7,1005.3,,,,,,2025-07-15 03:00:00,2025-07-15 07:00:00,2025,7
З,1.0,н/о,,н/о,29.4,12.7,36,31.0,31.0,жарко,1006.4,1002.2,,,,,,2025-07-15 12:00:00,2025-07-15 16:00:00,2025,7
С,2.0,н/о,,н/о,26.5,17.3,57,31.0,31.0,душно,1005.3,1001.0,,,,,,2025-07-15 15:00:00,2025-07-15 19:00:00,2025,7
штиль,0.0,н/о,,н/о,20.3,18.6,90,24.0,24.0,комфорт,1005.7,1001.3,,,,,,2025-07-15 18:00:00,2025-07-15 22:00:00,2025,7
штиль,0.0,н/о,,н/о,18.6,18.1,97,20.0,20.0,тепло,1005.3,1000.9,,,,,,2025-07-15 21:00:00,2025-07-16 01:00:00,2025,7
штиль,0.0,н/о,,н/о,19.0,19.0,100,21.0,21.0,комфорт,1005.1,1000.7,,,,,,2025-07-16 00:00:00,2025-07-16 04:00:00,2025,7
С,2.0,н/о,,н/о,20.0,19.6,98,24.0,24.0,комфорт,1005.5,1001.1,18.5,,,,,2025-07-16 03:00:00,2025-07-16 07:00:00,2025,7
С,1.0,н/о,,н/о,19.1,19.1,100,22.0,22.0,комфорт,1006.3,1001.9,,,,,,2025-07-16 06:00:00,2025-07-16 10:00:00,2025,7
СВ,3.0,н/о,,н/о,25.5,19.0,67,30.0,30.0,душно,1005.0,1000.7,,26.7,9.0,,,2025-07-16 15:00:00,2025-07-16 19:00:00,2025,7
штиль,0.0,н/о,,н/о,17.2,17.2,100,17.0,17.0,тепло,1006.3,1001.9,,,,,,2025-07-16 21:00:00,2025-07-17 01:00:00,2025,7
штиль,0.0,н/о,,н/о,15.8,15.8,100,16.0,16.0,тепло,1007.1,1002.7,,,,,,2025-07-17 00:00:00,2025-07-17 04:00:00,2025,7
В,1.0,н/о,,н/о,19.1,19.1,100,22.0,22.0,комфорт,1007.2,1002.8,,,,,,2025-07-17 03:00:00,2025-07-17 07:00:00,2025,7
штиль,0.0,н/о,,н/о,22.8,19.8,83,29.0,29.0,очень  душно,1007.8,1003.4,,,,,,2025-07-17 06:00:00,2025-07-17 10:00:00,2025,7
С,1.0,н/о,,н/о,26.5,18.9,63,32.0,32.0,очень  душно,1007.4,1003.1,,,,,,2025-07-17 09:00:00,2025-07-17 13:00:00,2025,7
СВ,1.0,н/о,,н/о,26.6,18.0,59,31.0,31.0,душно,1007.2,1002.9,,,,,,2025-07-17 12:00:00,2025-07-17 16:00:00,2025,7
С,1.0,н/о,,н/о,27.1,15.8,50,30.0,30.0,душно,1006.7,1002.4,,27.9,,,,2025-07-17 15:00:00,2025-07-17 19:00:00,2025,7
штиль,0.0,н/о,,н/о,19.3,18.3,94,21.0,21.0,комфорт,1007.7,1003.3,,,,,,2025-07-17 18:00:00,2025-07-17 22:00:00,2025,7
штиль,0.0,н/о,,н/о,18.7,18.4,98,20.0,20.0,тепло,1007.9,1003.5,,,,,,2025-07-17 21:00:00,2025-07-18 01:00:00,2025,7
штиль,0.0,н/о,,н/о,17.5,17.5,100,17.0,17.0,тепло,1008.4,1003.9,,,,,,2025-07-18 00:00:00,2025-07-18 04:00:00,2025,7
штиль,0.0,н/о,,н/о,20.8,20.0,95,25.0,25.0,комфорт,1009.5,1005.1,17.0,,,,,2025-07-18 03:00:00,2025-07-18 07:00:00,2025,7
С,1.0,н/о,,н/о,25.0,17.2,62,29.0,29.0,душно,1010.5,1006.2,,,,,,2025-07-18 06:00:00,2025-07-18 10:00:00,2025,7
СЗ,3.0,н/о,,н/о,26.9,12.7,41,28.0,28.0,жарко,1011.0,1006.7,,,,,,2025-07-18 09:00:00,2025-07-18 13:00:00,2025,7
С,3.0,н/о,,н/о,24.9,14.2,51,27.0,27.0,жарко,1012.3,1007.9,,28.3,,,,2025-07-18 15:00:00,2025-07-18 19:00:00,2025,7
С,2.0,н/о,,н/о,19.3,12.5,65,21.0,21.0,комфорт,1014.5,1010.1,,,,,,2025-07-18 18:00:00,2025-07-18 22:00:00,2025,7
СЗ,1.0,н/о,,н/о,14.6,12.0,84,15.0,15.0,тепло,1016.1,1011.5,,,,,,2025-07-18 21:00:00,2025-07-19 01:00:00,2025,7
СЗ,1.0,н/о,,н/о,11.8,11.4,97,12.0,12.0,тепло,1017.8,1013.3,,,,,,2025-07-19 00:00:00,2025-07-19 04:00:00,2025,7
СВ,2.0,н/о,,н/о,16.3,11.8,75,16.0,16.0,тепло,1019.5,1015.0,11.7,,,,,2025-07-19 03:00:00,2025-07-19 07:00:00,2025,7
СВ,2.0,н/о,,н/о,19.8,13.4,67,22.0,22.0,комфорт,1020.4,1015.9,,,,,,2025-07-19 06:00:00,2025-07-19 10:00:00,2025,7
В,1.0,н/о,,н/о,25.1,10.2,39,26.0,26.0,жарко,1019.1,1014.7,,,,,,2025-07-19 12:00:00,2025-07-19 16:00:00,2025,7
С,2.0,н/о,,н/о,23.7,10.5,43,25.0,25.0,комфорт,1018.5,1014.1,,25.1,,,,2025-07-19 15:00:00,2025-07-19 19:00:00,2025,7
штиль,0.0,н/о,,н/о,15.2,13.8,91,15.0,15.0,тепло,1019.0,1014.5,,,,,,2025-07-19 18:00:00,2025-07-19 22:00:00,2025,7
штиль,0.0,н/о,,н/о,12.4,11.3,93,12.0,12.0,тепло,1018.7,1014.2,,,,,,2025-07-19 21:00:00,2025-07-20 01:00:00,2025,7
штиль,0.0,н/о,,н/о,11.1,10.8,98,10.0,10.0,холодно,1018.9,1014.3,,,,,,2025-07-20 00:00:00,2025-07-20 04:00:00,2025,7
штиль,0.0,н/о,,н/о,15.1,11.5,79,15.0,15.0,холодно,1019.2,1014.7,10.6,,,,,2025-07-20 03:00:00,2025-07-20 07:00:00,2025,7
СВ,1.0,н/о,,н/о,22.0,13.7,59,25.0,25.0,комфорт,1018.6,1014.2,,,,,,2025-07-20 06:00:00,2025-07-20 10:00:00,2025,7
С,1.0,н/о,,н/о,26.0,12.2,42,27.0,27.0,жарко,1014.7,1010.3,,27.7,,,,2025-07-20 15:00:00,2025-07-20 19:00:00,2025,7
штиль,0.0,н/о,,н/о,17.9,14.0,78,18.0,18.0,прохладно,1014.3,1009.8,,,,,,2025-07-20 18:00:00,2025-07-20 22:00:00,2025,7
штиль,0.0,н/о,,н/о,15.4,14.1,92,15.0,15.0,прохладно,1014.1,1009.6,,,,,,2025-07-20 21:00:00,2025-07-21 01:00:00,2025,7
штиль,0.0,н/о,,н/о,15.0,13.0,88,15.0,15.0,по сезону,1013.0,1008.5,,,,,,2025-07-21 00:00:00,2025-07-21 04:00:00,2025,7
В,2.0,н/о,,н/о,18.3,12.0,67,19.0,19.0,по сезону,1011.8,1007.3,14.7,,,,,2025-07-21 03:00:00,2025-07-21 07:00:00,2025,7
В,2.0,н/о,,н/о,20.5,14.1,67,24.0,24.0,комфорт,1010.3,1005.9,,,,,,2025-07-21 06:00:00,2025-07-21 10:00:00,2025,7
В,2.0,н/о,,н/о,27.3,17.2,54,31.0,31.0,душно,1010.1,1005.8,,,,,,2025-07-21 12:00:00,2025-07-21 16:00:00,2025,7
штиль,0.0,н/о,,н/о,26.8,17.0,55,31.0,31.0,душно,1009.3,1005.0,,27.3,,,,2025-07-21 15:00:00,2025-07-21 19:00:00,2025,7
СВ,2.0,н/о,,н/о,22.6,15.9,66,27.0,27.0,душно,1008.2,1003.8,,,,,,2025-07-21 18:00:00,2025-07-21 22:00:00,2025,7
штиль,0.0,н/о,,н/о,19.6,16.2,81,22.0,22.0,комфорт,1007.8,1003.4,,,,,,2025-07-21 21:00:00,2025-07-22 01:00:00,2025,7
штиль,0.0,н/о,,н/о,18.0,17.4,96,18.0,18.0,тепло,1007.3,1002.9,,,,,,2025-07-22 00:00:00,2025-07-22 04:00:00,2025,7
штиль,0.0,н/о,,н/о,20.8,19.6,93,25.0,25.0,комфорт,1007.5,1003.1,17.2,,,,,2025-07-22 03:00:00,2025-07-22 07:00:00,2025,7
С,2.0,н/о,,н/о,24.7,19.7,74,30.0,30.0,очень  душно,1007.3,1003.0,,,,,,2025-07-22 06:00:00,2025-07-22 10:00:00,2025,7
СЗ,2.0,н/о,,н/о,29.1,18.7,53,34.0,34.0,очень  душно,1006.1,1001.8,,,,,,2025-07-22 12:00:00,2025-07-22 16:00:00,2025,7
З,,н/о,,н/о,26.3,17.4,58,30.0,30.0,душно,1006.2,1001.9,,30.5,,,,2025-07-22 15:00:00,2025-07-22 19:00:00,2025,7
штиль,,н/о,,н/о,20.1,16.7,81,23.0,23.0,комфорт,1005.5,1001.2,,,,,,2025-07-22 18:00:00,2025-07-22 22:00:00,2025,7
СЗ,1.0,н/о,,н/о,21.2,16.5,75,25.0,25.0,комфорт,1005.3,1000.9,,,,,,2025-07-22 21:00:00,2025-07-23 01:00:00,2025,7
штиль,0.0,н/о,,н/о,17.3,16.7,96,17.0,17.0,тепло,1004.6,1000.2,,,,,,2025-07-23 00:00:00,2025-07-23 04:00:00,2025,7
штиль,0.0,н/о,,н/о,20.3,18.1,87,23.0,23.0,комфорт,1004.2,999.8,16.5,,,,,2025-07-23 03:00:00,2025-07-23 07:00:00,2025,7
СВ,1.0,н/о,,н/о,25.6,18.9,66,31.0,31.0,очень  душно,1003.3,999.0,,,,,,2025-07-23 06:00:00,2025-07-23 10:00:00,2025,7
С,3.0,н/о,,н/о,28.1,19.6,60,34.0,34.0,очень  душно,1002.4,998.1,,,,,,2025-07-23 09:00:00,2025-07-23 13:00:00,2025,7
СЗ,2.0,н/о,,н/о,28.5,18.0,53,33.0,33.0,очень  душно,1000.7,996.5,,,,,,2025-07-23 12:00:00,2025-07-23 16:00:00,2025,7
СЗ,,н/о,,н/о,26.5,16.9,56,30.0,30.0,душно,1000.3,996.0,,29.9,,,,2025-07-23 15:00:00,2025-07-23 19:00:00,2025,7
ЮВ,2.0,н/о,,н/о,19.4,18.8,96,22.0,22.0,комфорт,1001.5,997.1,,,,,,2025-07-23 18:00:00,2025-07-23 22:00:00,2025,7
штиль,0.0,н/о,,н/о,16.9,16.9,100,17.0,17.0,по сезону,1000.3,995.8,,,,,,2025-07-23 21:00:00,2025-07-24 01:00:00,2025,7
штиль,0.0,н/о,,н/о,16.9,16.9,100,17.0,17.0,тепло,1000.3,995.4,,,,,,2025-07-24 00:00:00,2025-07-24 04:00:00,2025,7
штиль,0.0,н/о,,н/о,19.4,16.9,85,21.0,21.0,комфорт,1000.3,995.6,16.3,,6.0,,,2025-07-24 03:00:00,2025-07-24 07:00:00,2025,7
С,2.0,н/о,,н/о,23.8,19.9,79,29.0,29.0,душно,999.4,995.1,,,,,,2025-07-24 06:00:00,2025-07-24 10:00:00,2025,7
С,3.0,н/о,,н/о,26.4,19.3,65,32.0,32.0,очень  душно,998.8,994.6,,,,,,2025-07-24 09:00:00,2025-07-24 13:00:00,2025,7
С,4.0,н/о,,н/о,23.6,18.9,75,28.0,28.0,душно,999.2,994.9,,28.1,,,,2025-07-24 15:00:00,2025-07-24 19:00:00,2025,7
СЗ,1.0,н/о,,н/о,21.4,18.9,86,26.0,26.0,душно,1000.2,995.8,,,,,,2025-07-24 18:00:00,2025-07-24 22:00:00,2025,7
штиль,0.0,н/о,,н/о,19.4,18.9,97,22.0,22.0,комфорт,1000.4,996.0,,,,,,2025-07-24 21:00:00,2025-07-25 01:00:00,2025,7
штиль,0.0,н/о,,н/о,19.5,19.0,97,22.0,22.0,комфорт,1000.5,996.1,,,,,,2025-07-25 00:00:00,2025-07-25 04:00:00,2025,7
С,2.0,н/о,,н/о,20.8,19.6,93,26.0,26.0,душно,1001.5,997.2,19.1,,,,,2025-07-25 03:00:00,2025-07-25 07:00:00,2025,7
С,4.0,н/о,,н/о,23.8,20.2,80,29.0,29.0,душно,1002.3,998.0,,,,,,2025-07-25 06:00:00,2025-07-25 10:00:00,2025,7
С,,н/о,,н/о,28.7,10.9,33,29.0,29.0,жарко,1002.7,998.5,,,,,,2025-07-25 12:00:00,2025-07-25 16:00:00,2025,7
С,4.0,н/о,,н/о,25.9,12.1,42,27.0,27.0,жарко,1003.7,999.4,,,,,,2025-07-25 15:00:00,2025-07-25 19:00:00,2025,7
СЗ,1.0,н/о,,н/о,19.3,13.2,68,22.0,22.0,комфорт,1005.7,1001.3,,,,,,2025-07-25 18:00:00,2025-07-25 22:00:00,2025,7
С,3.0,н/о,,н/о,18.4,11.1,62,19.0,19.0,тепло,1007.1,1002.7,,,,,,2025-07-25 21:00:00,2025-07-26 01:00:00,2025,7
С,2.0,н/о,,н/о,15.1,9.7,70,15.0,15.0,тепло,1008.6,1004.1,,,,,,2025-07-26 00:00:00,2025-07-26 04:00:00,2025,7
С,2.0,н/о,,н/о,15.2,10.5,74,15.0,15.0,по сезону,1009.7,1005.2,12.7,,,,,2025-07-26 03:00:00,2025-07-26 07:00:00,2025,7
С,5.0,н/о,,н/о,18.8,10.6,59,19.0,19.0,по сезону,1010.1,1005.6,,,,,,2025-07-26 06:00:00,2025-07-26 10:00:00,2025,7
С,,н/о,,н/о,22.1,7.2,38,23.0,23.0,комфорт,1010.0,1005.6,,,,,,2025-07-26 12:00:00,2025-07-26 16:00:00,2025,7
С,,н/о,,н/о,21.2,6.6,39,22.0,22.0,комфорт,1010.4,1006.0,,23.2,,,,2025-07-26 15:00:00,2025-07-26 19:00:00,2025,7
штиль,0.0,н/о,,н/о,11.5,10.0,90,11.0,11.0,прохладно,1011.5,1006.9,,,,,,2025-07-26 21:00:00,2025-07-27 01:00:00,2025,7
СЗ,2.0,н/о,,н/о,15.2,11.8,80,15.0,15.0,по сезону,1011.7,1007.2,,,,,,2025-07-27 03:00:00,2025-07-27 07:00:00,2025,7
С,4.0,н/о,,н/о,23.7,6.6,33,24.0,24.0,комфорт,1010.2,1005.8,,,,,,2025-07-27 09:00:00,2025-07-27 13:00:00,2025,7
С,4.0,н/о,,н/о,24.8,7.2,32,25.0,25.0,комфорт,1009.5,1005.1,,,,,,2025-07-27 12:00:00,2025-07-27 16:00:00,2025,7
С,5.0,н/о,,н/о,23.7,6.6,33,24.0,24.0,комфорт,1009.1,1004.7,,,,,,2025-07-27 15:00:00,2025-07-27 19:00:00,2025,7
С,1.0,н/о,,н/о,19.6,10.0,54,22.0,22.0,комфорт,1010.1,1005.7,,,,,,2025-07-27 18:00:00,2025-07-27 22:00:00,2025,7
штиль,0.0,н/о,,н/о,15.4,12.6,83,15.0,15.0,тепло,1010.2,1005.7,,,,,,2025-07-27 21:00:00,2025-07-28 01:00:00,2025,7
штиль,0.0,н/о,,н/о,12.8,11.5,92,12.0,12.0,тепло,1010.3,1005.8,,,,,,2025-07-28 00:00:00,2025-07-28 04:00:00,2025,7
С,5.0,н/о,,н/о,23.0,13.2,54,26.0,26.0,жарко,1009.7,1005.3,11.4,,,,,2025-07-28 06:00:00,2025-07-28 10:00:00,2025,7
С,,н/о,,н/о,24.8,10.2,40,26.0,26.0,жарко,1009.0,1004.7,,,,,,2025-07-28 09:00:00,2025-07-28 13:00:00,2025,7
штиль,,н/о,,н/о,26.5,9.1,33,,,,1008.2,1003.9,,,,,,2025-07-28 12:00:00,2025-07-28 16:00:00,2025,7
С,4.0,н/о,,н/о,25.4,8.9,35,26.0,26.0,жарко,1007.9,1003.6,,,,,,2025-07-28 15:00:00,2025-07-28 19:00:00,2025,7
СЗ,2.0,н/о,,н/о,17.9,11.6,67,18.0,18.0,тепло,1008.7,1004.2,,,,,,2025-07-28 18:00:00,2025-07-28 22:00:00,2025,7
СЗ,2.0,н/о,,н/о,18.8,12.3,66,20.0,20.0,тепло,1008.5,1004.1,,,,,,2025-07-28 21:00:00,2025-07-29 01:00:00,2025,7
СЗ,1.0,н/о,,н/о,18.6,13.1,70,20.0,20.0,тепло,1008.5,1004.1,,,,,,2025-07-29 00:00:00,2025-07-29 04:00:00,2025,7
СЗ,1.0,н/о,,н/о,20.6,14.3,67,24.0,24.0,комфорт,1008.9,1004.5,,,,,,2025-07-29 03:00:00,2025-07-29 07:00:00,2025,7
СВ,5.0,н/о,,н/о,27.6,13.1,41,29.0,29.0,жарко,1008.5,1004.2,,,,,,2025-07-29 09:00:00,2025-07-29 13:00:00,2025,7
С,4.0,н/о,,н/о,27.9,13.0,40,30.0,30.0,жарко,1008.2,1003.9,,,,,,2025-07-29 12:00:00,2025-07-29 16:00:00,2025,7
С,3.0,н/о,,н/о,26.2,14.1,47,28.0,28.0,жарко,1008.6,1004.3,,,,,,2025-07-29 15:00:00,2025-07-29 19:00:00,2025,7
штиль,0.0,н/о,,н/о,21.3,17.0,76,25.0,25.0,комфорт,1009.5,1005.1,,,,,,2025-07-29 18:00:00,2025-07-29 22:00:00,2025,7
штиль,0.0,н/о,,н/о,18.7,16.2,85,20.0,20.0,тепло,1009.9,1005.4,,,,,,2025-07-29 21:00:00,2025-07-30 01:00:00,2025,7
штиль,0.0,н/о,,н/о,16.2,15.8,97,16.0,16.0,по сезону,1010.2,1005.7,,,,,,2025-07-30 00:00:00,2025-07-30 04:00:00,2025,7
СЗ,1.0,н/о,,н/о,20.4,17.3,82,25.0,25.0,комфорт,1010.8,1006.4,15.5,,,,,2025-07-30 03:00:00,2025-07-30 07:00:00,2025,7
С,3.0,н/о,,н/о,25.1,18.1,65,29.0,29.0,душно,1011.2,1006.9,,,,,,2025-07-30 06:00:00,2025-07-30 10:00:00,2025,7
С,4.0,н/о,,н/о,28.4,15.8,46,31.0,31.0,душно,1010.5,1006.2,,,,,,2025-07-30 09:00:00,2025-07-30 13:00:00,2025,7
С,1.0,н/о,,н/о,28.9,12.5,36,30.0,30.0,жарко,1009.8,1005.5,,,,,,2025-07-30 12:00:00,2025-07-30 16:00:00,2025,7
штиль,0.0,н/о,,н/о,18.7,16.3,86,20.0,20.0,по сезону,1010.4,1006.0,,,,,,2025-07-30 18:00:00,2025-07-30 22:00:00,2025,7
штиль,0.0,н/о,,н/о,15.8,14.9,94,16.0,16.0,по сезону,1010.7,1006.3,,,,,,2025-07-30 21:00:00,2025-07-31 01:00:00,2025,7
штиль,0.0,н/о,,н/о,14.6,14.5,99,14.0,14.0,по сезону,1010.9,1006.4,,,,,,2025-07-31 00:00:00,2025-07-31 04:00:00,2025,7
штиль,0.0,н/о,,н/о,18.9,18.7,99,20.0,20.0,тепло,1011.5,1007.1,13.8,,,,,2025-07-31 03:00:00,2025-07-31 07:00:00,2025,7
СВ,1.0,н/о,,н/о,25.3,16.4,58,29.0,29.0,душно,1012.1,1007.8,,,,,,2025-07-31 06:00:00,2025-07-31 10:00:00,2025,7
СВ,3.0,н/о,,н/о,27.7,9.6,32,28.0,28.0,жарко,1011.9,1007.6,,,,,,2025-07-31 09:00:00,2025-07-31 13:00:00,2025,7
С,2.0,н/о,,н/о,28.6,8.5,28,28.0,28.0,жарко,1011.9,1007.6,,,,,,2025-07-31 12:00:00,2025-07-31 16:00:00,2025,7
СВ,2.0,н/о,,н/о,27.1,12.0,39,28.0,28.0,жарко,1011.6,1007.3,,,,,,2025-07-31 15:00:00,2025-07-31 19:00:00,2025,7
штиль,0.0,н/о,,н/о,17.9,15.6,86,18.0,18.0,по сезону,1012.4,1007.9,,,,,,2025-07-31 18:00:00,2025-07-31 22:00:00,2025,7
штиль,0.0,н/о,,н/о,15.5,14.7,95,15.0,15.0,прохладно,1012.8,1008.3,,,,,,2025-07-31 21:00:00,2025-08-01 01:00:00,2025,7
штиль,0.0,н/о,,н/о,14.5,14.3,99,14.0,14.0,по сезону,1013.5,1009.0,,,,,,2025-08-01 00:00:00,2025-08-01 04:00:00,2025,8
штиль,0.0,н/о,,н/о,18.6,15.7,83,19.0,19.0,по сезону,1014.0,1009.5,13.5,,,,,2025-08-01 03:00:00,2025-08-01 07:00:00,2025,8
В,1.0,н/о,,н/о,25.1,17.5,63,29.0,29.0,душно,1013.9,1009.5,,,,,,2025-08-01 06:00:00,2025-08-01 10:00:00,2025,8
В,1.0,н/о,,н/о,28.2,15.2,45,31.0,31.0,душно,1013.2,1008.9,,,,,,2025-08-01 09:00:00,2025-08-01 13:00:00,2025,8
СВ,2.0,н/о,,н/о,28.7,13.7,40,31.0,31.0,жарко,1012.7,1008.4,,,,,,2025-08-01 12:00:00,2025-08-01 16:00:00,2025,8
СВ,2.0,н/о,,н/о,28.6,15.0,44,31.0,31.0,жарко,1012.2,1007.9,,29.9,,,,2025-08-01 15:00:00,2025-08-01 19:00:00,2025,8
штиль,0.0,н/о,,н/о,19.8,17.3,86,22.0,22.0,комфорт,1012.9,1008.5,,,,,,2025-08-01 18:00:00,2025-08-01 22:00:00,2025,8
штиль,0.0,н/о,,н/о,18.9,17.1,89,20.0,20.0,тепло,1013.3,1008.9,,,,,,2025-08-01 21:00:00,2025-08-02 01:00:00,2025,8
штиль,0.0,н/о,,н/о,19.4,17.7,90,21.0,21.0,комфорт,1014.4,1010.0,,,,,,2025-08-02 00:00:00,2025-08-02 04:00:00,2025,8
штиль,0.0,н/о,,н/о,19.3,18.8,97,21.0,21.0,комфорт,1015.2,1010.7,18.6,,,,,2025-08-02 03:00:00,2025-08-02 07:00:00,2025,8
В,1.0,н/о,,н/о,21.7,20.5,93,27.0,27.0,душно,1014.9,1010.5,,,,,,2025-08-02 06:00:00,2025-08-02 10:00:00,2025,8
ЮВ,1.0,н/о,,н/о,26.1,19.1,65,31.0,31.0,очень  душно,1015.3,1011.0,,,,,,2025-08-02 09:00:00,2025-08-02 13:00:00,2025,8
штиль,0.0,н/о,,н/о,29.2,18.0,51,34.0,34.0,очень  душно,1015.4,1011.1,,,,,,2025-08-02 12:00:00,2025-08-02 16:00:00,2025,8
штиль,0.0,н/о,,н/о,25.2,18.2,65,30.0,30.0,душно,1015.4,1011.1,,29.6,1.0,,,2025-08-02 15:00:00,2025-08-02 19:00:00,2025,8
штиль,0.0,н/о,,н/о,20.0,19.1,95,23.0,23.0,комфорт,1015.6,1011.2,,,,,,2025-08-02 18:00:00,2025-08-02 22:00:00,2025,8
штиль,0.0,н/о,,н/о,17.6,17.2,98,18.0,18.0,тепло,1016.2,1011.7,,,,,,2025-08-02 21:00:00,2025-08-03 01:00:00,2025,8
В,1.0,н/о,,н/о,18.1,17.3,95,19.0,19.0,тепло,1016.9,1012.5,,,,,,2025-08-03 00:00:00,2025-08-03 04:00:00,2025,8
штиль,0.0,н/о,,н/о,19.2,18.0,93,21.0,21.0,комфорт,1017.0,1012.6,16.7,,,,,2025-08-03 03:00:00,2025-08-03 07:00:00,2025,8
штиль,0.0,н/о,,н/о,27.2,19.5,63,33.0,33.0,очень  душно,1017.3,1012.9,,,,,,2025-08-03 06:00:00,2025-08-03 10:00:00,2025,8
С,1.0,н/о,,н/о,31.3,13.4,34,33.0,33.0,жарко,1017.3,1013.0,,,,,,2025-08-03 09:00:00,2025-08-03 13:00:00,2025,8
С,2.0,н/о,,н/о,32.4,13.3,31,33.0,33.0,жарко,1016.6,1012.4,,,,,,2025-08-03 12:00:00,2025-08-03 16:00:00,2025,8
штиль,0.0,н/о,,н/о,30.5,18.0,47,35.0,35.0,очень  душно,1016.5,1012.2,,32.7,,,,2025-08-03 15:00:00,2025-08-03 19:00:00,2025,8
штиль,0.0,н/о,,н/о,22.3,19.3,83,28.0,28.0,душно,1017.3,1012.9,,,,,,2025-08-03 18:00:00,2025-08-03 22:00:00,2025,8
штиль,0.0,н/о,,н/о,21.6,17.4,77,26.0,26.0,душно,1017.9,1013.5,,,,,,2025-08-03 21:00:00,2025-08-04 01:00:00,2025,8
штиль,0.0,н/о,,н/о,18.8,17.5,92,20.0,20.0,тепло,1018.4,1013.9,,,,,,2025-08-04 00:00:00,2025-08-04 04:00:00,2025,8
штиль,0.0,н/о,,н/о,21.5,18.1,81,26.0,26.0,душно,1018.3,1013.9,17.5,,,,,2025-08-04 03:00:00,2025-08-04 07:00:00,2025,8
В,1.0,н/о,,н/о,27.3,18.6,59,32.0,32.0,очень  душно,1018.1,1013.8,,,,,,2025-08-04 06:00:00,2025-08-04 10:00:00,2025,8
Ю,2.0,н/о,,н/о,35.7,12.7,25,36.0,36.0,очень  жарко,1015.7,1011.5,,,,,,2025-08-04 12:00:00,2025-08-04 16:00:00,2025,8
СВ,1.0,н/о,,н/о,32.1,16.9,40,35.0,35.0,очень  душно,1014.9,1010.6,,35.9,,,,2025-08-04 15:00:00,2025-08-04 19:00:00,2025,8
штиль,0.0,н/о,,н/о,22.9,20.2,85,30.0,30.0,очень  душно,1014.6,1010.2,,,,,,2025-08-04 18:00:00,2025-08-04 22:00:00,2025,8
штиль,0.0,н/о,,н/о,22.5,18.8,80,28.0,28.0,душно,1014.0,1009.6,,,,,,2025-08-04 21:00:00,2025-08-05 01:00:00,2025,8
ЮЗ,2.0,н/о,,н/о,25.8,17.4,60,30.0,30.0,душно,1014.4,1010.0,,,,,,2025-08-05 00:00:00,2025-08-05 04:00:00,2025,8
штиль,0.0,н/о,,н/о,21.7,19.7,88,27.0,27.0,душно,1013.3,1008.9,21.7,,,,,2025-08-05 03:00:00,2025-08-05 07:00:00,2025,8
штиль,0.0,н/о,,н/о,23.7,20.0,80,29.0,29.0,душно,1013.0,1008.7,,,,,,2025-08-05 06:00:00,2025-08-05 10:00:00,2025,8
ЮВ,,н/о,,н/о,31.1,15.0,38,33.0,33.0,душно,1010.1,1005.9,,,,,,2025-08-05 09:00:00,2025-08-05 13:00:00,2025,8
Ю,,н/о,,н/о,31.2,13.6,34,32.0,32.0,жарко,1008.3,1004.1,,,,,,2025-08-05 12:00:00,2025-08-05 16:00:00,2025,8
ЮВ,,н/о,,н/о,29.3,15.2,42,32.0,32.0,душно,1004.7,1000.4,,32.5,,,,2025-08-05 15:00:00,2025-08-05 19:00:00,2025,8
Ю,,н/о,,н/о,20.9,20.9,100,27.0,27.0,душно,1005.8,1001.4,,,,,,2025-08-05 18:00:00,2025-08-05 22:00:00,2025,8
ЮЗ,3.0,н/о,,н/о,22.8,20.7,88,30.0,30.0,очень  душно,1006.0,1001.6,,,,,,2025-08-05 21:00:00,2025-08-06 01:00:00,2025,8
ЮЗ,2.0,н/о,,н/о,21.1,19.5,91,26.0,26.0,душно,1005.9,1001.5,,,,,,2025-08-06 00:00:00,2025-08-06 04:00:00,2025,8
З,2.0,н/о,,н/о,20.9,19.4,91,26.0,26.0,душно,1006.4,1002.0,20.4,,15.0,,,2025-08-06 03:00:00,2025-08-06 07:00:00,2025,8
З,2.0,н/о,,н/о,23.7,21.0,85,30.0,30.0,очень  душно,1006.6,1002.3,,,,,,2025-08-06 06:00:00,2025-08-06 10:00:00,2025,8
З,3.0,н/о,,н/о,26.5,21.3,73,34.0,34.0,очень  душно,1007.0,1002.7,,,,,,2025-08-06 09:00:00,2025-08-06 13:00:00,2025,8
З,2.0,н/о,,н/о,26.3,21.5,75,34.0,34.0,очень  душно,1007.4,1003.1,,,,,,2025-08-06 12:00:00,2025-08-06 16:00:00,2025,8
З,1.0,н/о,,н/о,25.3,21.5,79,32.0,32.0,очень  душно,1007.7,1003.4,,26.9,,,,2025-08-06 15:00:00,2025-08-06 19:00:00,2025,8
З,1.0,н/о,,н/о,23.3,21.3,89,31.0,31.0,очень  душно,1008.4,1004.1,,,,,,2025-08-06 18:00:00,2025-08-06 22:00:00,2025,8
З,2.0,н/о,,н/о,22.1,20.7,92,28.0,28.0,душно,1008.2,1003.8,,,,,,2025-08-06 21:00:00,2025-08-07 01:00:00,2025,8
З,1.0,н/о,,н/о,21.1,20.9,99,26.0,26.0,душно,1008.6,1004.2,,,,,,2025-08-07 00:00:00,2025-08-07 04:00:00,2025,8
З,2.0,н/о,,н/о,22.0,21.0,94,28.0,28.0,душно,1009.0,1004.7,20.7,,,,,2025-08-07 03:00:00,2025-08-07 07:00:00,2025,8
З,2.0,н/о,,н/о,24.6,21.7,84,31.0,31.0,очень  душно,1009.5,1005.2,,,,,,2025-08-07 06:00:00,2025-08-07 10:00:00,2025,8
З,2.0,н/о,,н/о,28.3,21.8,68,36.0,36.0,очень  душно,1009.1,1004.8,,,,,,2025-08-07 09:00:00,2025-08-07 13:00:00,2025,8
СЗ,4.0,н/о,,н/о,28.4,20.7,63,35.0,35.0,очень  душно,1009.0,1004.7,,,,,,2025-08-07 12:00:00,2025-08-07 16:00:00,2025,8
СЗ,2.0,н/о,,н/о,27.3,20.4,66,34.0,34.0,очень  душно,1008.8,1004.5,,28.6,,,,2025-08-07 15:00:00,2025-08-07 19:00:00,2025,8
СЗ,2.0,н/о,,н/о,24.2,20.1,78,30.0,30.0,очень  душно,1009.9,1005.5,,,,,,2025-08-07 18:00:00,2025-08-07 22:00:00,2025,8
З,2.0,н/о,,н/о,22.6,20.0,85,29.0,29.0,очень  душно,1010.0,1005.6,,,,,,2025-08-07 21:00:00,2025-08-08 01:00:00,2025,8
З,1.0,н/о,,н/о,21.3,19.8,91,26.0,26.0,душно,1010.2,1005.8,,,,,,2025-08-08 00:00:00,2025-08-08 04:00:00,2025,8
штиль,0.0,н/о,,н/о,22.3,20.2,88,29.0,29.0,очень  душно,1010.7,1006.3,20.6,,,,,2025-08-08 03:00:00,2025-08-08 07:00:00,2025,8
З,2.0,н/о,,н/о,26.3,20.2,69,32.0,32.0,очень  душно,1010.8,1006.5,,,,,,2025-08-08 06:00:00,2025-08-08 10:00:00,2025,8
СЗ,3.0,н/о,,н/о,28.6,14.7,43,31.0,31.0,жарко,1010.5,1006.3,,,,,,2025-08-08 09:00:00,2025-08-08 13:00:00,2025,8
СЗ,4.0,н/о,,н/о,27.9,16.3,49,31.0,31.0,душно,1010.8,1006.5,,,,,,2025-08-08 12:00:00,2025-08-08 16:00:00,2025,8
СЗ,3.0,н/о,,н/о,25.3,16.5,58,29.0,29.0,душно,1011.8,1007.4,,29.2,,,,2025-08-08 15:00:00,2025-08-08 19:00:00,2025,8
штиль,0.0,н/о,,н/о,18.5,16.0,85,19.0,19.0,тепло,1013.8,1009.3,,,,,,2025-08-08 18:00:00,2025-08-08 22:00:00,2025,8
штиль,0.0,н/о,,н/о,16.0,15.1,94,16.0,16.0,тепло,1014.6,1010.1,,,,,,2025-08-08 21:00:00,2025-08-09 01:00:00,2025,8
З,1.0,н/о,,н/о,13.6,13.6,100,14.0,14.0,тепло,1015.6,1011.1,,,,,,2025-08-09 00:00:00,2025-08-09 04:00:00,2025,8
штиль,0.0,н/о,,н/о,16.7,16.7,100,17.0,17.0,тепло,1016.6,1012.1,13.2,,,,,2025-08-09 03:00:00,2025-08-09 07:00:00,2025,8
С,2.0,н/о,,н/о,21.4,14.3,64,24.0,24.0,комфорт,1016.8,1012.4,,,,,,2025-08-09 06:00:00,2025-08-09 10:00:00,2025,8
СЗ,2.0,н/о,,н/о,22.8,11.6,49,25.0,25.0,комфорт,1016.6,1012.2,,,,,,2025-08-09 09:00:00,2025-08-09 13:00:00,2025,8
С,1.0,н/о,,н/о,25.2,8.7,35,26.0,26.0,жарко,1016.1,1011.7,,,,,,2025-08-09 12:00:00,2025-08-09 16:00:00,2025,8
штиль,0.0,н/о,,н/о,21.7,15.2,67,25.0,25.0,комфорт,1016.0,1011.6,,25.6,,,,2025-08-09 15:00:00,2025-08-09 19:00:00,2025,8
штиль,0.0,н/о,,н/о,16.9,14.7,87,17.0,17.0,тепло,1016.0,1011.5,,,,,,2025-08-09 18:00:00,2025-08-09 22:00:00,2025,8
СЗ,1.0,н/о,,н/о,17.2,16.8,97,18.0,18.0,тепло,1014.9,1010.4,,,,,,2025-08-10 00:00:00,2025-08-10 04:00:00,2025,8
СЗ,2.0,н/о,,н/о,16.4,13.4,82,17.0,17.0,по сезону,1015.0,1010.5,14.9,,,,,2025-08-10 03:00:00,2025-08-10 07:00:00,2025,8
штиль,0.0,н/о,,н/о,17.5,15.8,90,17.0,17.0,прохладно,1014.0,1009.5,,,,,,2025-08-10 06:00:00,2025-08-10 10:00:00,2025,8
З,2.0,н/о,,н/о,22.8,14.0,58,26.0,26.0,жарко,1013.2,1008.9,,,,,,2025-08-10 09:00:00,2025-08-10 13:00:00,2025,8
СЗ,3.0,н/о,,н/о,24.1,11.3,45,26.0,26.0,жарко,1012.2,1007.9,,,,,,2025-08-10 12:00:00,2025-08-10 16:00:00,2025,8
СЗ,1.0,н/о,,н/о,21.6,12.2,55,24.0,24.0,комфорт,1011.8,1007.4,,24.3,1.0,,,2025-08-10 15:00:00,2025-08-10 19:00:00,2025,8
штиль,0.0,н/о,,н/о,15.3,13.9,91,15.0,15.0,прохладно,1012.1,1007.6,,,,,,2025-08-10 18:00:00,2025-08-10 22:00:00,2025,8
штиль,0.0,н/о,,н/о,14.1,13.1,94,14.0,14.0,по сезону,1011.7,1007.2,,,,,,2025-08-10 21:00:00,2025-08-11 01:00:00,2025,8
штиль,0.0,н/о,,н/о,12.6,12.6,100,12.0,12.0,по сезону,1011.9,1007.4,,,,,,2025-08-11 00:00:00,2025-08-11 04:00:00,2025,8
З,2.0,н/о,,н/о,16.8,16.8,100,17.0,17.0,по сезону,1011.9,1007.4,12.2,,,,,2025-08-11 03:00:00,2025-08-11 07:00:00,2025,8
СЗ,3.0,н/о,,н/о,21.1,14.8,67,24.0,24.0,комфорт,1011.4,1007.0,,,,,,2025-08-11 06:00:00,2025-08-11 10:00:00,2025,8
СЗ,,н/о,,н/о,23.1,11.1,47,25.0,25.0,комфорт,1010.9,1006.5,,,,,,2025-08-11 09:00:00,2025-08-11 13:00:00,2025,8
З,3.0,н/о,,н/о,25.2,7.9,33,25.0,25.0,комфорт,1010.3,1005.9,,,,,,2025-08-11 12:00:00,2025-08-11 16:00:00,2025,8
З,1.0,н/о,,н/о,23.0,11.4,48,25.0,25.0,комфорт,1010.1,1005.7,,25.5,,,,2025-08-11 15:00:00,2025-08-11 19:00:00,2025,8
штиль,0.0,н/о,,н/о,16.0,13.7,86,16.0,16.0,по сезону,1009.9,1005.4,,,,,,2025-08-11 18:00:00,2025-08-11 22:00:00,2025,8
штиль,0.0,н/о,,н/о,15.3,13.2,87,15.0,15.0,по сезону,1009.4,1005.0,,,,,,2025-08-11 21:00:00,2025-08-12 01:00:00,2025,8
Ю,1.0,н/о,,н/о,12.5,12.4,99,12.0,12.0,по сезону,1009.2,1004.7,,,,,,2025-08-12 00:00:00,2025-08-12 04:00:00,2025,8
штиль,0.0,н/о,,н/о,14.7,13.6,93,14.0,14.0,прохладно,1008.9,1004.4,11.3,,,,,2025-08-12 03:00:00,2025-08-12 07:00:00,2025,8
З,1.0,н/о,,н/о,18.9,14.7,77,21.0,21.0,комфорт,1008.5,1004.1,,,,,,2025-08-12 06:00:00,2025-08-12 10:00:00,2025,8
штиль,0.0,н/о,,н/о,18.4,16.0,86,19.0,19.0,прохладно,1008.4,1004.0,,,,,,2025-08-12 09:00:00,2025-08-12 13:00:00,2025,8
штиль,0.0,н/о,,н/о,17.6,16.0,90,18.0,18.0,холодно,1007.0,1002.5,,,,,,2025-08-12 12:00:00,2025-08-12 16:00:00,2025,8
штиль,0.0,н/о,,н/о,16.8,15.9,94,17.0,17.0,прохладно,1005.7,1001.2,,19.5,2.0,,,2025-08-12 15:00:00,2025-08-12 19:00:00,2025,8
штиль,0.0,н/о,,н/о,15.5,15.5,100,15.0,15.0,прохладно,1006.0,1001.5,,,,,,2025-08-12 18:00:00,2025-08-12 22:00:00,2025,8
СЗ,1.0,н/о,,н/о,15.6,15.6,100,16.0,16.0,по сезону,1005.1,1000.6,,,,,,2025-08-12 21:00:00,2025-08-13 01:00:00,2025,8
штиль,0.0,н/о,,н/о,15.1,15.1,100,15.0,15.0,тепло,1004.8,1000.3,,,,,,2025-08-13 00:00:00,2025-08-13 04:00:00,2025,8
СЗ,1.0,н/о,,н/о,16.6,16.6,100,17.0,17.0,по сезону,1004.9,1000.4,14.8,,2.0,,,2025-08-13 03:00:00,2025-08-13 07:00:00,2025,8
штиль,0.0,н/о,,н/о,19.8,16.0,79,22.0,22.0,комфорт,1005.3,1000.9,,,,,,2025-08-13 06:00:00,2025-08-13 10:00:00,2025,8
СЗ,3.0,н/о,,н/о,21.0,17.1,78,25.0,25.0,комфорт,1005.4,1001.0,,,,,,2025-08-13 09:00:00,2025-08-13 13:00:00,2025,8
СЗ,3.0,н/о,,н/о,21.7,16.8,74,26.0,26.0,душно,1005.3,1000.9,,,,,,2025-08-13 12:00:00,2025-08-13 16:00:00,2025,8
СЗ,2.0,н/о,,н/о,21.3,15.8,71,25.0,25.0,комфорт,1005.7,1001.4,,23.3,0.3,,,2025-08-13 15:00:00,2025-08-13 19:00:00,2025,8
СЗ,1.0,н/о,,н/о,18.2,16.3,89,20.0,20.0,тепло,1006.6,1002.2,,,,,,2025-08-13 18:00:00,2025-08-13 22:00:00,2025,8
СЗ,2.0,н/о,,н/о,17.3,16.3,94,18.0,18.0,тепло,1006.6,1002.2,,,,,,2025-08-13 21:00:00,2025-08-14 01:00:00,2025,8
З,1.0,н/о,,н/о,15.6,15.6,100,16.0,16.0,тепло,1006.8,1002.3,,,,,,2025-08-14 00:00:00,2025-08-14 04:00:00,2025,8
З,1.0,н/о,,н/о,17.0,16.5,97,18.0,18.0,тепло,1007.4,1002.9,14.7,,,,,2025-08-14 03:00:00,2025-08-14 07:00:00,2025,8
З,1.0,н/о,,н/о,20.8,17.3,80,26.0,26.0,душно,1007.5,1003.1,,,,,,2025-08-14 06:00:00,2025-08-14 10:00:00,2025,8
СЗ,,н/о,,н/о,23.6,17.5,69,28.0,28.0,душно,1006.6,1002.3,,,,,,2025-08-14 12:00:00,2025-08-14 16:00:00,2025,8
Ю,1.0,н/о,,н/о,16.5,15.8,96,17.0,17.0,прохладно,1007.3,1002.8,,25.2,1.0,,,2025-08-14 15:00:00,2025-08-14 19:00:00,2025,8
З,1.0,н/о,,н/о,15.6,15.6,100,16.0,16.0,по сезону,1007.6,1003.5,,,,,,2025-08-14 18:00:00,2025-08-14 22:00:00,2025,8
З,1.0,н/о,,н/о,15.3,15.6,100,16.0,16.0,по сезону,1007.6,1002.9,,,,,,2025-08-14 21:00:00,2025-08-15 01:00:00,2025,8
З,1.0,н/о,,н/о,16.3,15.6,96,17.0,17.0,тепло,1007.6,1002.3,,,,,,2025-08-15 00:00:00,2025-08-15 04:00:00,2025,8
СЗ,1.0,н/о,,н/о,17.0,15.6,91,18.0,18.0,тепло,1007.6,1002.6,15.1,,40.0,,,2025-08-15 03:00:00,2025-08-15 07:00:00,2025,8
СЗ,4.0,н/о,,н/о,19.1,17.2,89,21.0,21.0,комфорт,1007.1,1002.7,,,,,,2025-08-15 06:00:00,2025-08-15 10:00:00,2025,8
СЗ,3.0,н/о,,н/о,21.5,17.3,77,26.0,26.0,душно,1006.9,1002.5,,,,,,2025-08-15 09:00:00,2025-08-15 13:00:00,2025,8
С,3.0,н/о,,н/о,24.3,17.1,64,28.0,28.0,душно,1005.7,1001.4,,,,,,2025-08-15 12:00:00,2025-08-15 16:00:00,2025,8
З,,н/о,,н/о,17.6,16.6,94,19.0,19.0,по сезону,1006.5,1002.1,,24.6,0.3,,,2025-08-15 15:00:00,2025-08-15 19:00:00,2025,8
СЗ,2.0,н/о,,н/о,17.6,15.7,89,18.0,18.0,тепло,1007.2,1002.8,,,,,,2025-08-15 18:00:00,2025-08-15 22:00:00,2025,8
штиль,0.0,н/о,,н/о,13.8,13.8,100,13.0,13.0,по сезону,1007.2,1002.7,,,,,,2025-08-15 21:00:00,2025-08-16 01:00:00,2025,8
штиль,0.0,н/о,,н/о,13.0,13.0,100,12.0,12.0,по сезону,1007.2,1002.7,,,,,,2025-08-16 00:00:00,2025-08-16 04:00:00,2025,8
СЗ,1.0,н/о,,н/о,15.6,15.6,100,16.0,16.0,тепло,1008.1,1003.6,11.3,,1.0,,,2025-08-16 03:00:00,2025-08-16 07:00:00,2025,8
СЗ,3.0,н/о,,н/о,19.7,16.0,79,22.0,22.0,комфорт,1008.3,1003.9,,,,,,2025-08-16 06:00:00,2025-08-16 10:00:00,2025,8
СЗ,4.0,н/о,,н/о,22.5,9.0,42,24.0,24.0,комфорт,1007.8,1003.4,,,,,,2025-08-16 12:00:00,2025-08-16 16:00:00,2025,8
СЗ,3.0,н/о,,н/о,20.2,9.7,51,22.0,22.0,комфорт,1008.2,1003.8,,23.2,,,,2025-08-16 15:00:00,2025-08-16 19:00:00,2025,8
З,2.0,н/о,,н/о,14.4,12.0,85,14.0,14.0,по сезону,1008.9,1004.4,,,,,,2025-08-16 18:00:00,2025-08-16 22:00:00,2025,8
штиль,0.0,н/о,,н/о,10.8,10.8,100,10.0,10.0,прохладно,1009.3,1004.7,,,,,,2025-08-16 21:00:00,2025-08-17 01:00:00,2025,8
штиль,0.0,н/о,,н/о,10.5,10.5,100,10.0,10.0,по сезону,1009.4,1004.8,,,,,,2025-08-17 00:00:00,2025-08-17 04:00:00,2025,8
штиль,0.0,н/о,,н/о,12.8,10.5,86,12.0,12.0,по сезону,1009.4,1005.4,9.8,,,,,2025-08-17 03:00:00,2025-08-17 07:00:00,2025,8
З,2.0,н/о,,н/о,21.2,14.4,65,24.0,24.0,комфорт,1009.8,1005.4,,,,,,2025-08-17 06:00:00,2025-08-17 10:00:00,2025,8
З,2.0,н/о,,н/о,26.8,10.7,36,28.0,28.0,жарко,1008.6,1004.3,,,,,,2025-08-17 12:00:00,2025-08-17 16:00:00,2025,8
Ю,1.0,н/о,,н/о,24.1,13.7,52,26.0,26.0,жарко,1007.9,1003.6,,26.9,,,,2025-08-17 15:00:00,2025-08-17 19:00:00,2025,8
Ю,2.0,н/о,,н/о,20.8,11.9,57,24.0,24.0,комфорт,1008.3,1003.9,,,,,,2025-08-17 18:00:00,2025-08-17 22:00:00,2025,8
Ю,2.0,н/о,,н/о,20.5,11.4,56,23.0,23.0,комфорт,1007.9,1003.5,,,,,,2025-08-17 21:00:00,2025-08-18 01:00:00,2025,8
ЮЗ,2.0,н/о,,н/о,20.2,10.5,54,22.0,22.0,комфорт,1007.6,1003.2,,,,,,2025-08-18 00:00:00,2025-08-18 04:00:00,2025,8
ЮЗ,2.0,н/о,,н/о,19.9,10.2,54,22.0,22.0,комфорт,1008.0,1003.6,19.0,,,,,2025-08-18 03:00:00,2025-08-18 07:00:00,2025,8
ЮЗ,3.0,н/о,,н/о,25.8,9.5,36,26.0,26.0,жарко,1007.7,1003.3,,,,,,2025-08-18 06:00:00,2025-08-18 10:00:00,2025,8
Ю,,н/о,,н/о,29.4,9.7,29,29.0,29.0,жарко,1006.4,1002.1,,,,,,2025-08-18 09:00:00,2025-08-18 13:00:00,2025,8
Ю,,н/о,,н/о,31.3,9.1,25,30.0,30.0,жарко,1004.9,1000.7,,,,,,2025-08-18 12:00:00,2025-08-18 16:00:00,2025,8
Ю,2.0,н/о,,н/о,28.6,8.3,28,28.0,28.0,жарко,1003.5,999.2,,31.5,,,,2025-08-18 15:00:00,2025-08-18 19:00:00,2025,8
С,2.0,н/о,,н/о,19.7,15.2,75,22.0,22.0,комфорт,1004.3,999.9,,,,,,2025-08-18 18:00:00,2025-08-18 22:00:00,2025,8
ЮЗ,1.0,н/о,,н/о,16.0,15.3,96,17.0,17.0,тепло,1003.4,999.0,,,,,,2025-08-18 21:00:00,2025-08-19 01:00:00,2025,8
З,2.0,н/о,,н/о,16.5,16.3,99,17.0,17.0,тепло,1001.3,996.9,,,,,,2025-08-19 00:00:00,2025-08-19 04:00:00,2025,8
З,,н/о,,н/о,14.1,14.1,100,13.0,13.0,тепло,1001.6,997.1,14.1,,1.0,,,2025-08-19 03:00:00,2025-08-19 07:00:00,2025,8
З,3.0,н/о,,н/о,16.9,14.0,83,17.0,17.0,тепло,1001.4,997.0,14.0,,,,,2025-08-19 06:00:00,2025-08-19 10:00:00,2025,8
З,3.0,н/о,,н/о,19.7,12.0,61,21.0,21.0,комфорт,1001.0,996.6,,,,,,2025-08-19 09:00:00,2025-08-19 13:00:00,2025,8
З,,н/о,,н/о,20.8,10.3,51,23.0,23.0,комфорт,1001.1,996.7,,,,,,2025-08-19 12:00:00,2025-08-19 16:00:00,2025,8
З,,н/о,,н/о,17.4,12.2,72,18.0,18.0,тепло,1001.4,996.9,,21.4,5.0,,,2025-08-19 15:00:00,2025-08-19 19:00:00,2025,8
З,2.0,н/о,,н/о,16.3,11.6,74,16.0,16.0,тепло,1001.6,997.2,,,,,,2025-08-19 18:00:00,2025-08-19 22:00:00,2025,8
З,2.0,н/о,,н/о,15.4,12.8,84,15.0,15.0,тепло,1001.3,996.8,,,,,,2025-08-19 21:00:00,2025-08-20 01:00:00,2025,8
З,3.0,н/о,,н/о,15.7,13.5,87,15.0,15.0,тепло,1002.0,997.6,,,,,,2025-08-20 00:00:00,2025-08-20 04:00:00,2025,8
СЗ,4.0,н/о,,н/о,19.7,12.7,64,21.0,21.0,комфорт,1006.2,1001.8,,,,,,2025-08-20 09:00:00,2025-08-20 13:00:00,2025,8
З,2.0,н/о,,н/о,22.3,9.9,45,24.0,24.0,комфорт,1006.7,1002.3,,,,,,2025-08-20 12:00:00,2025-08-20 16:00:00,2025,8
СЗ,1.0,н/о,,н/о,20.4,11.7,57,23.0,23.0,комфорт,1007.0,1002.6,,,,,,2025-08-20 15:00:00,2025-08-20 19:00:00,2025,8
штиль,0.0,н/о,,н/о,17.2,11.8,71,17.0,17.0,по сезону,1008.2,1003.7,,,,,,2025-08-20 18:00:00,2025-08-20 22:00:00,2025,8
З,2.0,н/о,,н/о,25.5,8.6,34,26.0,26.0,жарко,1011.2,1006.9,,,,,,2025-08-22 09:00:00,2025-08-22 13:00:00,2025,8
СЗ,2.0,н/о,,н/о,25.9,11.1,40,27.0,27.0,жарко,1011.2,1006.9,,,,,,2025-08-22 12:00:00,2025-08-22 16:00:00,2025,8
штиль,0.0,н/о,,н/о,23.6,14.5,57,26.0,26.0,жарко,1011.2,1006.8,,,,,,2025-08-22 15:00:00,2025-08-22 19:00:00,2025,8
штиль,0.0,н/о,,н/о,16.0,15.6,97,16.0,16.0,по сезону,1012.4,1007.9,,,,,,2025-08-22 18:00:00,2025-08-22 22:00:00,2025,8
штиль,0.0,н/о,,н/о,15.2,15.0,99,15.0,15.0,по сезону,1012.3,1007.8,,,,,,2025-08-22 21:00:00,2025-08-23 01:00:00,2025,8
штиль,0.0,н/о,,н/о,14.5,14.4,99,14.0,14.0,тепло,1012.0,1007.5,,,,,,2025-08-23 00:00:00,2025-08-23 04:00:00,2025,8
ЮВ,1.0,н/о,,н/о,16.0,15.0,94,17.0,17.0,тепло,1010.9,1006.4,14.4,,,,,2025-08-23 03:00:00,2025-08-23 07:00:00,2025,8
ЮЗ,2.0,н/о,,н/о,24.0,15.2,58,27.0,27.0,жарко,1010.3,1005.9,,,,,,2025-08-23 06:00:00,2025-08-23 10:00:00,2025,8
Ю,,н/о,,н/о,27.8,10.9,35,29.0,29.0,жарко,1009.6,1005.3,,,,,,2025-08-23 09:00:00,2025-08-23 13:00:00,2025,8
Ю,,н/о,,н/о,30.8,9.0,26,30.0,30.0,жарко,1008.3,1004.1,,,,,,2025-08-23 12:00:00,2025-08-23 16:00:00,2025,8
штиль,,н/о,,н/о,26.5,13.0,43,28.0,28.0,жарко,1007.3,1003.0,,30.9,,,,2025-08-23 15:00:00,2025-08-23 19:00:00,2025,8
Ю,1.0,н/о,,н/о,19.7,13.2,66,22.0,22.0,комфорт,1007.5,1003.1,,,,,,2025-08-23 18:00:00,2025-08-23 22:00:00,2025,8
Ю,2.0,н/о,,н/о,20.8,10.3,51,23.0,23.0,комфорт,1007.4,1003.0,,,,,,2025-08-23 21:00:00,2025-08-24 01:00:00,2025,8
Ю,2.0,н/о,,н/о,19.4,9.6,53,21.0,21.0,комфорт,1007.1,1002.7,,,,,,2025-08-24 00:00:00,2025-08-24 04:00:00,2025,8
Ю,3.0,н/о,,н/о,19.4,9.2,52,21.0,21.0,комфорт,1006.8,1002.4,18.1,,,,,2025-08-24 03:00:00,2025-08-24 07:00:00,2025,8
Ю,4.0,н/о,,н/о,26.7,11.4,38,28.0,28.0,жарко,1006.1,1001.8,,,,,,2025-08-24 06:00:00,2025-08-24 10:00:00,2025,8
ЮЗ,,н/о,,н/о,26.5,9.7,35,27.0,27.0,жарко,1005.8,1001.5,,,,,,2025-08-24 09:00:00,2025-08-24 13:00:00,2025,8
Ю,,н/о,,н/о,30.1,9.1,27,30.0,30.0,жарко,1003.9,999.6,,,,,,2025-08-24 12:00:00,2025-08-24 16:00:00,2025,8
Ю,,н/о,,н/о,26.3,11.5,40,28.0,28.0,жарко,1003.1,998.8,,30.2,,,,2025-08-24 15:00:00,2025-08-24 19:00:00,2025,8
Ю,,н/о,,н/о,19.1,17.9,93,22.0,22.0,комфорт,1004.7,1000.3,,,,,,2025-08-24 18:00:00,2025-08-24 22:00:00,2025,8
Ю,3.0,н/о,,н/о,19.1,18.1,94,21.0,21.0,комфорт,1006.2,1001.8,,,,,,2025-08-24 21:00:00,2025-08-25 01:00:00,2025,8
штиль,0.0,н/о,,н/о,17.1,17.0,99,17.0,17.0,тепло,1006.0,1001.6,,,,,,2025-08-25 00:00:00,2025-08-25 04:00:00,2025,8
ЮЗ,1.0,н/о,,н/о,17.5,17.5,100,19.0,19.0,тепло,1007.5,1003.0,16.3,,2.0,,,2025-08-25 03:00:00,2025-08-25 07:00:00,2025,8
З,1.0,н/о,,н/о,21.6,15.5,68,25.0,25.0,комфорт,1008.7,1004.3,,,,,,2025-08-25 09:00:00,2025-08-25 13:00:00,2025,8
З,1.0,н/о,,н/о,24.5,11.6,44,26.0,26.0,жарко,1008.1,1003.8,,,,,,2025-08-25 12:00:00,2025-08-25 16:00:00,2025,8
З,,н/о,,н/о,17.2,10.5,65,17.0,17.0,по сезону,1010.5,1006.0,,24.5,,,,2025-08-25 15:00:00,2025-08-25 19:00:00,2025,8
штиль,,н/о,,н/о,13.5,13.4,99,13.0,13.0,по сезону,1011.4,1006.9,,,,,,2025-08-25 18:00:00,2025-08-25 22:00:00,2025,8
Ю,2.0,н/о,,н/о,12.2,12.2,100,11.0,11.0,по сезону,1013.0,1008.4,,,,,,2025-08-25 21:00:00,2025-08-26 01:00:00,2025,8
З,1.0,н/о,,н/о,12.4,12.3,99,12.0,12.0,по сезону,1014.6,1010.1,,,,,,2025-08-26 00:00:00,2025-08-26 04:00:00,2025,8
ЮВ,1.0,н/о,,н/о,12.2,11.8,97,12.0,12.0,по сезону,1016.3,1011.7,11.6,,1.0,,,2025-08-26 03:00:00,2025-08-26 07:00:00,2025,8
ЮЗ,1.0,н/о,,н/о,17.7,13.6,77,19.0,19.0,тепло,1017.5,1013.0,,,,,,2025-08-26 06:00:00,2025-08-26 10:00:00,2025,8
З,2.0,н/о,,н/о,21.5,11.0,51,23.0,23.0,комфорт,1017.7,1013.3,,,,,,2025-08-26 09:00:00,2025-08-26 13:00:00,2025,8
Ю,1.0,н/о,,н/о,22.7,7.3,37,24.0,24.0,комфорт,1016.9,1012.4,,,,,,2025-08-26 12:00:00,2025-08-26 16:00:00,2025,8
штиль,0.0,н/о,,н/о,18.2,13.4,74,18.0,18.0,тепло,1016.9,1012.5,,23.1,,,,2025-08-26 15:00:00,2025-08-26 19:00:00,2025,8
штиль,0.0,н/о,,н/о,14.6,13.7,94,14.0,14.0,по сезону,1017.0,1012.4,,,,,,2025-08-26 18:00:00,2025-08-26 22:00:00,2025,8
штиль,0.0,н/о,,н/о,13.4,13.0,97,13.0,13.0,по сезону,1015.7,1011.1,,,,,,2025-08-26 21:00:00,2025-08-27 01:00:00,2025,8
Ю,1.0,н/о,,н/о,13.2,13.2,100,13.0,13.0,тепло,1015.1,1010.5,,,,,,2025-08-27 00:00:00,2025-08-27 04:00:00,2025,8
СЗ,1.0,н/о,,н/о,14.8,12.8,88,15.0,15.0,тепло,1014.8,1010.3,11.7,,,,,2025-08-27 03:00:00,2025-08-27 07:00:00,2025,8
С,1.0,н/о,,н/о,18.6,12.6,68,20.0,20.0,тепло,1014.6,1010.1,,,,,,2025-08-27 06:00:00,2025-08-27 10:00:00,2025,8
З,2.0,н/о,,н/о,22.5,6.5,36,23.0,23.0,комфорт,1014.0,1009.6,,,,,,2025-08-27 09:00:00,2025-08-27 13:00:00,2025,8
ЮЗ,,н/о,,н/о,22.9,4.6,30,23.0,23.0,комфорт,1013.2,1008.8,,,,,,2025-08-27 12:00:00,2025-08-27 16:00:00,2025,8
З,,н/о,,н/о,20.2,4.6,36,21.0,21.0,комфорт,1013.9,1009.5,,23.6,,,,2025-08-27 15:00:00,2025-08-27 19:00:00,2025,8
штиль,0.0,н/о,,н/о,15.5,6.8,56,15.0,15.0,тепло,1016.5,1012.0,,,,,,2025-08-27 18:00:00,2025-08-27 22:00:00,2025,8
штиль,0.0,н/о,,н/о,11.2,7.7,79,11.0,11.0,по сезону,1017.2,1012.6,,,,,,2025-08-27 21:00:00,2025-08-28 01:00:00,2025,8
ЮЗ,2.0,н/о,,н/о,13.1,9.2,77,12.0,12.0,тепло,1017.6,1013.0,,,,,,2025-08-28 00:00:00,2025-08-28 04:00:00,2025,8
З,2.0,н/о,,н/о,13.7,9.5,76,13.0,13.0,тепло,1018.9,1014.3,9.9,,,,,2025-08-28 03:00:00,2025-08-28 07:00:00,2025,8
ЮЗ,2.0,н/о,,н/о,16.3,11.9,75,16.0,16.0,тепло,1020.5,1016.0,,,,,,2025-08-28 06:00:00,2025-08-28 10:00:00,2025,8
З,3.0,н/о,,н/о,18.8,9.9,56,20.0,20.0,тепло,1020.9,1016.4,,,,,,2025-08-28 09:00:00,2025-08-28 13:00:00,2025,8
З,2.0,н/о,,н/о,21.2,4.4,33,21.0,21.0,комфорт,1020.6,1016.1,,,,,,2025-08-28 12:00:00,2025-08-28 16:00:00,2025,8
З,1.0,н/о,,н/о,19.2,6.4,43,21.0,21.0,комфорт,1019.9,1015.4,,21.3,,,,2025-08-28 15:00:00,2025-08-28 19:00:00,2025,8
Ю,2.0,н/о,,н/о,12.3,10.5,89,11.0,11.0,по сезону,1020.7,1016.2,,,,,,2025-08-28 18:00:00,2025-08-28 22:00:00,2025,8
З,1.0,н/о,,н/о,14.0,9.3,73,14.0,14.0,тепло,1021.2,1016.6,,,,,,2025-08-28 21:00:00,2025-08-29 01:00:00,2025,8
штиль,0.0,н/о,,н/о,8.8,8.6,99,8.0,8.0,по сезону,1021.3,1016.6,,,,,,2025-08-29 00:00:00,2025-08-29 04:00:00,2025,8
штиль,0.0,н/о,,н/о,11.2,9.9,92,10.0,10.0,по сезону,1021.8,1017.2,7.7,,,,,2025-08-29 03:00:00,2025-08-29 07:00:00,2025,8
З,,н/о,,н/о,20.5,4.6,35,21.0,21.0,комфорт,1021.2,1016.7,,,,,,2025-08-29 09:00:00,2025-08-29 13:00:00,2025,8
З,,н/о,,н/о,22.1,4.6,32,22.0,22.0,комфорт,1020.1,1015.7,,,,,,2025-08-29 12:00:00,2025-08-29 16:00:00,2025,8
З,2.0,н/о,,н/о,20.1,6.5,41,22.0,22.0,комфорт,1020.0,1015.5,,22.6,,,,2025-08-29 15:00:00,2025-08-29 19:00:00,2025,8
штиль,0.0,н/о,,н/о,12.4,10.7,89,12.0,12.0,тепло,1020.8,1016.2,,,,,,2025-08-29 18:00:00,2025-08-29 22:00:00,2025,8
штиль,0.0,н/о,,н/о,11.6,11.3,98,11.0,11.0,тепло,1021.0,1016.4,,,,,,2025-08-29 21:00:00,2025-08-30 01:00:00,2025,8
штиль,0.0,н/о,,н/о,13.4,12.3,93,13.0,13.0,тепло,1021.5,1016.9,,,,,,2025-08-30 00:00:00,2025-08-30 04:00:00,2025,8
штиль,0.0,н/о,,н/о,14.0,13.3,96,14.0,14.0,по сезону,1022.2,1017.7,10.5,,,,,2025-08-30 03:00:00,2025-08-30 07:00:00,2025,8
штиль,0.0,н/о,,н/о,19.5,14.5,73,21.0,21.0,комфорт,1022.6,1018.1,,,,,,2025-08-30 06:00:00,2025-08-30 10:00:00,2025,8
ЮЗ,3.0,н/о,,н/о,25.1,8.2,34,25.0,25.0,комфорт,1021.0,1016.6,,,,,,2025-08-30 09:00:00,2025-08-30 13:00:00,2025,8
З,2.0,н/о,,н/о,26.1,7.6,31,26.0,26.0,жарко,1019.9,1015.5,,,,,,2025-08-30 12:00:00,2025-08-30 16:00:00,2025,8
Ю,1.0,н/о,,н/о,23.9,10.4,43,25.0,25.0,комфорт,1018.5,1014.1,,27.4,,,,2025-08-30 15:00:00,2025-08-30 19:00:00,2025,8
ЮЗ,3.0,н/о,,н/о,23.4,7.0,35,24.0,24.0,комфорт,1018.3,1013.9,,,,,,2025-08-30 18:00:00,2025-08-30 22:00:00,2025,8
ЮЗ,3.0,н/о,,н/о,21.7,6.8,38,22.0,22.0,комфорт,1018.2,1013.8,,,,,,2025-08-30 21:00:00,2025-08-31 01:00:00,2025,8
ЮЗ,2.0,н/о,,н/о,20.1,8.1,46,22.0,22.0,комфорт,1018.5,1014.0,,,,,,2025-08-31 00:00:00,2025-08-31 04:00:00,2025,8
ЮЗ,4.0,н/о,,н/о,19.8,8.3,47,21.0,21.0,комфорт,1018.5,1014.0,17.3,,,,,2025-08-31 03:00:00,2025-08-31 07:00:00,2025,8
З,2.0,н/о,,н/о,24.1,9.6,40,25.0,25.0,комфорт,1018.5,1014.1,,,,,,2025-08-31 06:00:00,2025-08-31 10:00:00,2025,8
З,2.0,н/о,,н/о,29.5,8.8,27,29.0,29.0,жарко,1017.6,1013.3,,,,,,2025-08-31 09:00:00,2025-08-31 13:00:00,2025,8
З,2.0,н/о,,н/о,30.9,6.1,21,29.0,29.0,жарко,1016.7,1012.4,,,,,,2025-08-31 12:00:00,2025-08-31 16:00:00,2025,8
штиль,0.0,н/о,,н/о,24.1,14.5,55,27.0,27.0,жарко,1015.8,1011.4,,30.9,,,,2025-08-31 15:00:00,2025-08-31 19:00:00,2025,8
штиль,0.0,н/о,,н/о,16.5,13.2,81,16.0,16.0,тепло,1015.7,1011.2,,,,,,2025-08-31 18:00:00,2025-08-31 22:00:00,2025,8
штиль,0.0,н/о,,н/о,13.7,13.0,96,13.0,13.0,по сезону,1015.3,1010.8,,,,,,2025-08-31 21:00:00,2025-09-01 01:00:00,2025,8
ЮВ,1.0,н/о,,н/о,12.9,12.8,99,13.0,13.0,тепло,1014.9,1010.4,,,,,,2025-09-01 00:00:00,2025-09-01 04:00:00,2025,9
штиль,0.0,н/о,,н/о,12.5,12.1,97,12.0,12.0,по сезону,1014.3,1009.7,11.9,,,,,2025-09-01 03:00:00,2025-09-01 07:00:00,2025,9
штиль,0.0,н/о,,н/о,20.3,14.4,69,22.0,22.0,комфорт,1013.3,1008.9,,,,,,2025-09-01 06:00:00,2025-09-01 10:00:00,2025,9
СВ,2.0,н/о,,н/о,27.8,14.2,43,30.0,30.0,жарко,1011.5,1007.2,,,,,,2025-09-01 09:00:00,2025-09-01 13:00:00,2025,9
штиль,0.0,н/о,,н/о,30.6,11.1,30,31.0,31.0,жарко,1009.6,1005.4,,,,,,2025-09-01 12:00:00,2025-09-01 16:00:00,2025,9
штиль,0.0,н/о,,н/о,23.7,16.1,62,27.0,27.0,жарко,1008.1,1003.7,,33.0,,,,2025-09-01 15:00:00,2025-09-01 19:00:00,2025,9
штиль,0.0,н/о,,н/о,18.9,13.4,70,20.0,20.0,тепло,1007.3,1002.9,,,,,,2025-09-01 18:00:00,2025-09-01 22:00:00,2025,9
Ю,2.0,н/о,,н/о,23.0,9.0,41,24.0,24.0,комфорт,1003.3,999.0,,,,,,2025-09-02 06:00:00,2025-09-02 10:00:00,2025,9
З,,н/о,,н/о,30.9,11.5,30,31.0,31.0,жарко,1002.3,998.1,,,,,,2025-09-02 12:00:00,2025-09-02 16:00:00,2025,9
ЮЗ,1.0,н/о,,н/о,23.9,16.5,63,27.0,27.0,жарко,1003.5,999.2,,32.7,,,,2025-09-02 15:00:00,2025-09-02 19:00:00,2025,9
штиль,0.0,н/о,,н/о,20.9,16.4,75,24.0,24.0,комфорт,1004.3,999.9,,,,,,2025-09-02 18:00:00,2025-09-02 22:00:00,2025,9
С,1.0,н/о,,н/о,19.4,14.9,75,22.0,22.0,комфорт,1005.7,1001.3,,,,,,2025-09-02 21:00:00,2025-09-03 01:00:00,2025,9
СЗ,1.0,н/о,,н/о,17.1,15.4,90,18.0,18.0,тепло,1005.2,1000.8,,,,,,2025-09-03 00:00:00,2025-09-03 04:00:00,2025,9
З,1.0,н/о,,н/о,16.9,15.3,90,18.0,18.0,тепло,1005.5,1001.1,16.1,,,,,2025-09-03 03:00:00,2025-09-03 07:00:00,2025,9
З,2.0,н/о,,н/о,19.2,14.8,76,21.0,21.0,комфорт,1006.3,1001.8,,,,,,2025-09-03 06:00:00,2025-09-03 10:00:00,2025,9
З,2.0,н/о,,н/о,21.4,14.3,64,24.0,24.0,комфорт,1006.6,1002.3,,,,,,2025-09-03 09:00:00,2025-09-03 13:00:00,2025,9
З,2.0,н/о,,н/о,22.5,14.5,61,26.0,26.0,жарко,1006.3,1001.9,,,,,,2025-09-03 12:00:00,2025-09-03 16:00:00,2025,9
З,3.0,н/о,,н/о,19.4,15.4,78,21.0,21.0,комфорт,1006.3,1001.9,,23.2,,,,2025-09-03 15:00:00,2025-09-03 19:00:00,2025,9
СЗ,2.0,н/о,,н/о,16.6,16.2,97,17.0,17.0,тепло,1007.5,1003.1,,,,,,2025-09-03 18:00:00,2025-09-03 22:00:00,2025,9
СЗ,1.0,н/о,,н/о,15.9,15.9,100,17.0,17.0,тепло,1007.7,1003.2,,,,,,2025-09-03 21:00:00,2025-09-04 01:00:00,2025,9
СЗ,2.0,н/о,,н/о,15.9,15.5,97,16.0,16.0,тепло,1008.0,1003.5,,,,,,2025-09-04 00:00:00,2025-09-04 04:00:00,2025,9
СЗ,2.0,н/о,,н/о,15.3,14.8,97,15.0,15.0,тепло,1008.0,1003.5,15.2,,3.0,,,2025-09-04 03:00:00,2025-09-04 07:00:00,2025,9
С,2.0,н/о,,н/о,16.4,15.2,93,16.0,16.0,по сезону,1008.3,1003.8,,,,,,2025-09-04 06:00:00,2025-09-04 10:00:00,2025,9
СЗ,3.0,н/о,,н/о,16.9,14.8,87,17.0,17.0,по сезону,1008.4,1003.9,,,,,,2025-09-04 09:00:00,2025-09-04 13:00:00,2025,9
СЗ,3.0,н/о,,н/о,17.8,14.9,83,18.0,18.0,прохладно,1008.3,1003.9,,,,,,2025-09-04 12:00:00,2025-09-04 16:00:00,2025,9
штиль,0.0,н/о,,н/о,17.3,16.0,92,17.0,17.0,по сезону,1008.2,1003.8,,18.5,0.3,,,2025-09-04 15:00:00,2025-09-04 19:00:00,2025,9
С,1.0,н/о,,н/о,16.1,15.6,97,17.0,17.0,тепло,1008.7,1004.3,,,,,,2025-09-04 18:00:00,2025-09-04 22:00:00,2025,9
С,4.0,н/о,,н/о,15.7,15.0,96,15.0,15.0,тепло,1008.8,1004.3,,,,,,2025-09-04 21:00:00,2025-09-05 01:00:00,2025,9
С,3.0,н/о,,н/о,15.1,14.4,96,14.0,14.0,тепло,1009.1,1004.6,,,,,,2025-09-05 00:00:00,2025-09-05 04:00:00,2025,9
С,4.0,н/о,,н/о,14.6,13.9,96,13.0,13.0,по сезону,1009.4,1004.9,14.6,,3.0,,,2025-09-05 03:00:00,2025-09-05 07:00:00,2025,9
С,4.0,н/о,,н/о,15.0,14.3,96,14.0,14.0,по сезону,1010.0,1005.5,,,,,,2025-09-05 06:00:00,2025-09-05 10:00:00,2025,9
С,4.0,н/о,,н/о,16.1,14.7,91,15.0,15.0,прохладно,1010.3,1005.8,,,,,,2025-09-05 09:00:00,2025-09-05 13:00:00,2025,9
С,,н/о,,н/о,17.3,14.5,84,17.0,17.0,прохладно,1010.5,1006.0,,,,,,2025-09-05 12:00:00,2025-09-05 16:00:00,2025,9
СЗ,,н/о,,н/о,17.2,14.2,83,17.0,17.0,по сезону,1011.2,1006.7,,17.9,,,,2025-09-05 15:00:00,2025-09-05 19:00:00,2025,9
С,4.0,н/о,,н/о,16.5,14.7,89,16.0,16.0,тепло,1011.1,1006.6,,,,,,2025-09-05 18:00:00,2025-09-05 22:00:00,2025,9
СЗ,3.0,н/о,,н/о,16.5,14.9,90,16.0,16.0,тепло,1011.3,1006.9,,,,,,2025-09-05 21:00:00,2025-09-06 01:00:00,2025,9
С,3.0,н/о,,н/о,16.1,14.7,91,16.0,16.0,тепло,1011.8,1007.3,,,,,,2025-09-06 00:00:00,2025-09-06 04:00:00,2025,9
С,5.0,н/о,,н/о,16.7,15.3,91,16.0,16.0,тепло,1011.9,1007.4,16.1,,,,,2025-09-06 03:00:00,2025-09-06 07:00:00,2025,9
С,5.0,н/о,,н/о,19.1,16.3,84,20.0,20.0,тепло,1012.4,1007.9,,,,,,2025-09-06 06:00:00,2025-09-06 10:00:00,2025,9
СВ,6.0,н/о,,н/о,22.7,16.6,68,27.0,27.0,душно,1012.7,1008.3,,,,,,2025-09-06 09:00:00,2025-09-06 13:00:00,2025,9
С,,н/о,,н/о,25.2,16.6,59,29.0,29.0,душно,1012.9,1008.6,,,,,,2025-09-06 12:00:00,2025-09-06 16:00:00,2025,9
С,,н/о,,н/о,23.0,16.6,67,28.0,28.0,душно,1013.4,1009.1,,25.6,,,,2025-09-06 15:00:00,2025-09-06 19:00:00,2025,9
С,4.0,н/о,,н/о,21.3,16.3,73,25.0,25.0,комфорт,1015.2,1010.8,,,,,,2025-09-06 18:00:00,2025-09-06 22:00:00,2025,9
С,4.0,н/о,,н/о,19.0,16.2,84,20.0,20.0,тепло,1015.9,1011.4,,,,,,2025-09-06 21:00:00,2025-09-07 01:00:00,2025,9
С,3.0,н/о,,н/о,16.8,15.5,92,17.0,17.0,тепло,1016.9,1012.4,,,,,,2025-09-07 00:00:00,2025-09-07 04:00:00,2025,9
С,3.0,н/о,,н/о,16.3,15.2,93,16.0,16.0,тепло,1017.8,1013.3,16.0,,,,,2025-09-07 03:00:00,2025-09-07 07:00:00,2025,9
С,4.0,н/о,,н/о,19.7,16.2,80,22.0,22.0,комфорт,1018.9,1014.4,,,,,,2025-09-07 06:00:00,2025-09-07 10:00:00,2025,9
С,4.0,н/о,,н/о,23.3,16.6,66,28.0,28.0,душно,1018.6,1014.2,,,,,,2025-09-07 09:00:00,2025-09-07 13:00:00,2025,9
С,6.0,н/о,,н/о,24.9,16.1,58,28.0,28.0,жарко,1018.8,1014.4,,,,,,2025-09-07 12:00:00,2025-09-07 16:00:00,2025,9
С,2.0,н/о,,н/о,22.5,16.0,67,27.0,27.0,душно,1019.0,1014.6,,25.2,,,,2025-09-07 15:00:00,2025-09-07 19:00:00,2025,9
С,3.0,н/о,,н/о,19.9,16.2,79,23.0,23.0,комфорт,1020.8,1016.3,,,,,,2025-09-07 18:00:00,2025-09-07 22:00:00,2025,9
С,2.0,н/о,,н/о,16.3,14.8,91,16.0,16.0,тепло,1021.6,1017.0,,,,,,2025-09-07 21:00:00,2025-09-08 01:00:00,2025,9
С,2.0,н/о,,н/о,14.8,14.4,97,14.0,14.0,тепло,1021.9,1017.4,,,,,,2025-09-08 00:00:00,2025-09-08 04:00:00,2025,9
СЗ,1.0,н/о,,н/о,13.5,13.5,100,14.0,14.0,тепло,1022.1,1017.5,12.8,,,,,2025-09-08 03:00:00,2025-09-08 07:00:00,2025,9
С,2.0,н/о,,н/о,18.9,15.8,82,21.0,21.0,комфорт,1022.1,1017.6,,,,,,2025-09-08 06:00:00,2025-09-08 10:00:00,2025,9
СВ,4.0,н/о,,н/о,22.8,14.8,61,27.0,27.0,душно,1021.6,1017.2,,,,,,2025-09-08 09:00:00,2025-09-08 13:00:00,2025,9
С,3.0,н/о,,н/о,24.1,13.8,53,26.0,26.0,жарко,1020.6,1016.2,,,,,,2025-09-08 12:00:00,2025-09-08 16:00:00,2025,9
СЗ,2.0,н/о,,н/о,20.3,14.5,69,23.0,23.0,комфорт,1020.3,1015.8,,24.1,,,,2025-09-08 15:00:00,2025-09-08 19:00:00,2025,9
штиль,0.0,н/о,,н/о,14.7,13.4,92,14.0,14.0,тепло,1021.2,1016.7,,,,,,2025-09-08 18:00:00,2025-09-08 22:00:00,2025,9
З,1.0,н/о,,н/о,12.7,12.6,99,13.0,13.0,тепло,1021.1,1016.5,,,,,,2025-09-08 21:00:00,2025-09-09 01:00:00,2025,9
СЗ,2.0,н/о,,н/о,13.2,12.7,97,12.0,12.0,тепло,1020.8,1016.2,,,,,,2025-09-09 00:00:00,2025-09-09 04:00:00,2025,9
С,3.0,н/о,,н/о,13.6,13.0,96,12.0,12.0,тепло,1021.6,1017.1,12.0,,,,,2025-09-09 03:00:00,2025-09-09 07:00:00,2025,9
С,5.0,н/о,,н/о,15.0,9.8,71,14.0,14.0,тепло,1023.4,1018.8,,,,,,2025-09-09 06:00:00,2025-09-09 10:00:00,2025,9
С,,н/о,,н/о,15.2,8.0,62,14.0,14.0,тепло,1024.3,1019.7,,,,,,2025-09-09 09:00:00,2025-09-09 13:00:00,2025,9
С,,н/о,,н/о,16.3,7.5,56,15.0,15.0,тепло,1024.4,1019.9,,,,,,2025-09-09 12:00:00,2025-09-09 16:00:00,2025,9
С,2.0,н/о,,н/о,9.6,7.6,87,8.0,8.0,по сезону,1027.0,1022.3,,,,,,2025-09-09 21:00:00,2025-09-10 01:00:00,2025,9
СВ,3.0,н/о,,н/о,16.8,8.8,59,17.0,17.0,по сезону,1028.7,1024.1,,,,,,2025-09-10 09:00:00,2025-09-10 13:00:00,2025,9
С,4.0,н/о,,н/о,18.7,5.8,43,19.0,19.0,по сезону,1027.3,1022.8,,,,,,2025-09-10 12:00:00,2025-09-10 16:00:00,2025,9
СЗ,1.0,н/о,,н/о,14.4,9.4,72,15.0,15.0,по сезону,1026.5,1022.0,,18.8,,,,2025-09-10 15:00:00,2025-09-10 19:00:00,2025,9
СЗ,1.0,н/о,,н/о,8.6,7.8,95,8.0,8.0,прохладно,1026.7,1022.0,,,,,,2025-09-10 18:00:00,2025-09-10 22:00:00,2025,9
штиль,0.0,н/о,,н/о,7.7,7.5,99,7.0,7.0,прохладно,1026.5,1021.8,,,,,,2025-09-10 21:00:00,2025-09-11 01:00:00,2025,9
штиль,0.0,н/о,,н/о,5.7,5.7,100,4.0,4.0,прохладно,1025.7,1021.0,,,,,,2025-09-11 00:00:00,2025-09-11 04:00:00,2025,9
штиль,0.0,н/о,,н/о,8.4,8.4,100,7.0,7.0,прохладно,1025.1,1020.4,5.3,,,,,2025-09-11 03:00:00,2025-09-11 07:00:00,2025,9
СЗ,2.0,н/о,,н/о,13.4,13.0,97,13.0,13.0,по сезону,1024.6,1020.0,,,,,,2025-09-11 06:00:00,2025-09-11 10:00:00,2025,9
С,4.0,н/о,,н/о,14.9,12.3,84,14.0,14.0,по сезону,1024.4,1019.8,,,,,,2025-09-11 09:00:00,2025-09-11 13:00:00,2025,9
С,3.0,н/о,,н/о,13.6,12.2,91,12.0,12.0,прохладно,1024.2,1019.6,,17.3,0.5,,,2025-09-11 15:00:00,2025-09-11 19:00:00,2025,9
СВ,3.0,н/о,,н/о,13.1,9.8,80,12.0,12.0,по сезону,1025.4,1020.8,,,,,,2025-09-11 18:00:00,2025-09-11 22:00:00,2025,9
СВ,4.0,н/о,,н/о,11.3,9.4,88,9.0,9.0,по сезону,1025.5,1020.9,,,,,,2025-09-11 21:00:00,2025-09-12 01:00:00,2025,9
С,3.0,н/о,,н/о,10.3,8.5,89,8.0,8.0,по сезону,1025.7,1021.1,,,,,,2025-09-12 00:00:00,2025-09-12 04:00:00,2025,9
С,5.0,н/о,,н/о,9.5,7.3,86,6.0,6.0,прохладно,1026.4,1021.7,9.5,,,,,2025-09-12 03:00:00,2025-09-12 07:00:00,2025,9
С,5.0,н/о,,н/о,11.0,7.7,80,8.0,8.0,прохладно,1027.4,1022.8,9.3,,,,,2025-09-12 06:00:00,2025-09-12 10:00:00,2025,9
СВ,5.0,н/о,,н/о,14.8,7.7,62,13.0,13.0,прохладно,1027.3,1022.7,,,,,,2025-09-12 09:00:00,2025-09-12 13:00:00,2025,9
СВ,,н/о,,н/о,15.3,7.4,59,14.0,14.0,прохладно,1027.9,1023.3,,,,,,2025-09-12 12:00:00,2025-09-12 16:00:00,2025,9
СВ,3.0,н/о,,н/о,14.4,7.2,62,14.0,14.0,по сезону,1028.6,1024.0,,15.8,,,,2025-09-12 15:00:00,2025-09-12 19:00:00,2025,9
СВ,3.0,н/о,,н/о,13.6,7.4,66,13.0,13.0,тепло,1030.0,1025.4,,,,,,2025-09-12 18:00:00,2025-09-12 22:00:00,2025,9
СВ,2.0,н/о,,н/о,12.3,6.8,69,11.0,11.0,тепло,1030.5,1025.9,,,,,,2025-09-12 21:00:00,2025-09-13 01:00:00,2025,9
штиль,0.0,н/о,,н/о,8.2,6.4,88,7.0,7.0,прохладно,1032.5,1027.8,7.9,,,,,2025-09-13 03:00:00,2025-09-13 07:00:00,2025,9
СВ,3.0,н/о,,н/о,18.3,9.8,58,19.0,19.0,тепло,1033.5,1028.9,,,,,,2025-09-13 09:00:00,2025-09-13 13:00:00,2025,9
С,4.0,н/о,,н/о,19.4,8.5,49,20.0,20.0,тепло,1032.9,1028.4,,,,,,2025-09-13 12:00:00,2025-09-13 16:00:00,2025,9
С,1.0,н/о,,н/о,15.4,8.7,64,16.0,16.0,тепло,1032.9,1028.3,,19.5,,,,2025-09-13 15:00:00,2025-09-13 19:00:00,2025,9
СЗ,1.0,н/о,,н/о,9.4,8.4,93,9.0,9.0,по сезону,1033.5,1028.8,,,,,,2025-09-13 18:00:00,2025-09-13 22:00:00,2025,9
штиль,0.0,н/о,,н/о,6.5,6.1,97,5.0,5.0,прохладно,1033.8,1029.1,,,,,,2025-09-13 21:00:00,2025-09-14 01:00:00,2025,9
штиль,0.0,н/о,,н/о,3.9,3.9,100,3.0,3.0,прохладно,1034.2,1029.4,,,,,,2025-09-14 00:00:00,2025-09-14 04:00:00,2025,9
штиль,0.0,н/о,,н/о,3.4,3.4,100,2.0,2.0,холодно,1034.4,1029.6,2.9,,,,,2025-09-14 03:00:00,2025-09-14 07:00:00,2025,9
С,2.0,н/о,,н/о,14.0,9.0,72,14.0,14.0,тепло,1034.0,1029.4,,,,,,2025-09-14 06:00:00,2025-09-14 10:00:00,2025,9
С,4.0,н/о,,н/о,18.1,9.7,58,18.0,18.0,тепло,1032.8,1028.2,,,,,,2025-09-14 09:00:00,2025-09-14 13:00:00,2025,9
В,1.0,н/о,,н/о,18.0,9.2,56,19.0,19.0,тепло,1031.2,1026.7,,,,,,2025-09-14 12:00:00,2025-09-14 16:00:00,2025,9
штиль,0.0,н/о,,н/о,14.8,11.5,81,15.0,15.0,тепло,1030.9,1026.3,,19.6,,,,2025-09-14 15:00:00,2025-09-14 19:00:00,2025,9
штиль,0.0,н/о,,н/о,11.9,10.7,92,11.0,11.0,по сезону,1031.0,1026.4,,,,,,2025-09-14 18:00:00,2025-09-14 22:00:00,2025,9
штиль,0.0,н/о,,н/о,9.7,9.5,99,9.0,9.0,по сезону,1030.3,1025.6,,,,,,2025-09-14 21:00:00,2025-09-15 01:00:00,2025,9
штиль,0.0,н/о,,н/о,9.5,9.5,100,9.0,9.0,по сезону,1030.0,1025.3,,,,,,2025-09-15 00:00:00,2025-09-15 04:00:00,2025,9
штиль,0.0,н/о,,н/о,10.5,10.5,100,10.0,10.0,по сезону,1029.7,1025.1,8.8,,,,,2025-09-15 03:00:00,2025-09-15 07:00:00,2025,9
штиль,0.0,н/о,,н/о,15.0,11.7,81,15.0,15.0,тепло,1029.7,1025.1,,,,,,2025-09-15 06:00:00,2025-09-15 10:00:00,2025,9
штиль,0.0,н/о,,н/о,18.4,9.7,57,19.0,19.0,тепло,1027.5,1023.0,,,,,,2025-09-15 12:00:00,2025-09-15 16:00:00,2025,9
штиль,0.0,н/о,,н/о,14.9,12.8,87,15.0,15.0,тепло,1027.2,1022.6,,19.3,,,,2025-09-15 15:00:00,2025-09-15 19:00:00,2025,9
штиль,0.0,н/о,,н/о,12.0,11.3,95,11.0,11.0,по сезону,1027.3,1022.7,,,,,,2025-09-15 18:00:00,2025-09-15 22:00:00,2025,9
штиль,0.0,н/о,,н/о,10.0,9.8,99,9.0,9.0,по сезону,1026.8,1022.1,,,,,,2025-09-15 21:00:00,2025-09-16 01:00:00,2025,9
штиль,0.0,н/о,,н/о,6.7,6.7,100,6.0,6.0,по сезону,1026.8,1022.1,,,,,,2025-09-16 00:00:00,2025-09-16 04:00:00,2025,9
штиль,0.0,н/о,,н/о,5.4,5.4,100,4.0,4.0,прохладно,1026.9,1022.2,4.6,,,,,2025-09-16 03:00:00,2025-09-16 07:00:00,2025,9
штиль,0.0,н/о,,н/о,15.2,4.4,48,15.0,15.0,тепло,1027.0,1022.4,,,,,,2025-09-16 06:00:00,2025-09-16 10:00:00,2025,9
С,2.0,н/о,,н/о,20.3,3.3,33,21.0,21.0,комфорт,1025.8,1021.3,,,,,,2025-09-16 09:00:00,2025-09-16 13:00:00,2025,9
С,2.0,н/о,,н/о,21.2,1.9,28,21.0,21.0,комфорт,1025.0,1020.5,,,,,,2025-09-16 12:00:00,2025-09-16 16:00:00,2025,9
штиль,0.0,н/о,,н/о,13.5,8.9,74,13.0,13.0,по сезону,1024.5,1019.9,,21.4,,,,2025-09-16 15:00:00,2025-09-16 19:00:00,2025,9
штиль,0.0,н/о,,н/о,8.5,7.6,94,8.0,8.0,по сезону,1024.9,1020.2,,,,,,2025-09-16 18:00:00,2025-09-16 22:00:00,2025,9
штиль,0.0,н/о,,н/о,3.6,3.6,100,2.0,2.0,по сезону,1025.2,1020.4,,,,,,2025-09-17 00:00:00,2025-09-17 04:00:00,2025,9
штиль,0.0,н/о,,н/о,3.9,3.9,100,3.0,3.0,прохладно,1025.7,1020.9,2.9,,,,,2025-09-17 03:00:00,2025-09-17 07:00:00,2025,9
штиль,0.0,н/о,,н/о,14.7,10.5,76,14.0,14.0,тепло,1025.9,1021.3,,,,,,2025-09-17 06:00:00,2025-09-17 10:00:00,2025,9
штиль,0.0,н/о,,н/о,21.0,3.6,32,21.0,21.0,комфорт,1024.9,1020.4,,,,,,2025-09-17 09:00:00,2025-09-17 13:00:00,2025,9
штиль,0.0,н/о,,н/о,13.2,9.2,77,13.0,13.0,тепло,1023.6,1019.0,,21.9,,,,2025-09-17 15:00:00,2025-09-17 19:00:00,2025,9
штиль,0.0,н/о,,н/о,9.3,7.0,86,9.0,9.0,по сезону,1023.9,1019.3,,,,,,2025-09-17 18:00:00,2025-09-17 22:00:00,2025,9
штиль,0.0,н/о,,н/о,5.6,5.2,97,4.0,4.0,по сезону,1024.1,1019.4,,,,,,2025-09-17 21:00:00,2025-09-18 01:00:00,2025,9
штиль,0.0,н/о,,н/о,4.6,4.6,100,3.0,3.0,по сезону,1024.2,1019.5,,,,,,2025-09-18 00:00:00,2025-09-18 04:00:00,2025,9
штиль,0.0,н/о,,н/о,7.7,7.6,99,7.0,7.0,по сезону,1024.2,1019.5,3.8,,,,,2025-09-18 03:00:00,2025-09-18 07:00:00,2025,9
штиль,0.0,н/о,,н/о,12.2,7.7,74,12.0,12.0,тепло,1024.3,1019.7,,,,,,2025-09-18 06:00:00,2025-09-18 10:00:00,2025,9
ЮВ,1.0,н/о,,н/о,21.3,6.9,39,22.0,22.0,комфорт,1023.3,1018.9,,,,,,2025-09-18 09:00:00,2025-09-18 13:00:00,2025,9
штиль,0.0,н/о,,н/о,21.5,3.8,31,22.0,22.0,комфорт,1022.6,1018.1,,,,,,2025-09-18 12:00:00,2025-09-18 16:00:00,2025,9
штиль,0.0,н/о,,н/о,15.4,9.0,66,15.0,15.0,тепло,1022.0,1017.5,,23.0,,,,2025-09-18 15:00:00,2025-09-18 19:00:00,2025,9
Ю,1.0,н/о,,н/о,14.2,7.5,64,15.0,15.0,тепло,1022.7,1018.1,,,,,,2025-09-18 18:00:00,2025-09-18 22:00:00,2025,9
штиль,0.0,н/о,,н/о,12.6,8.9,78,12.0,12.0,тепло,1022.6,1018.0,,,,,,2025-09-18 21:00:00,2025-09-19 01:00:00,2025,9
штиль,0.0,н/о,,н/о,11.2,9.7,90,11.0,11.0,тепло,1022.5,1017.9,,,,,,2025-09-19 00:00:00,2025-09-19 04:00:00,2025,9
штиль,0.0,н/о,,н/о,16.1,9.2,64,16.0,16.0,тепло,1022.3,1017.8,,,,,,2025-09-19 06:00:00,2025-09-19 10:00:00,2025,9
штиль,0.0,н/о,,н/о,13.6,9.2,75,13.0,13.0,тепло,1019.3,1014.8,,23.5,,,,2025-09-19 15:00:00,2025-09-19 19:00:00,2025,9
ЮВ,1.0,н/о,,н/о,11.4,5.5,67,11.0,11.0,тепло,1018.3,1013.7,,,,,,2025-09-19 21:00:00,2025-09-20 01:00:00,2025,9
штиль,0.0,н/о,,н/о,10.4,7.2,81,10.0,10.0,тепло,1017.3,1012.7,,,,,,2025-09-20 00:00:00,2025-09-20 04:00:00,2025,9
штиль,0.0,н/о,,н/о,7.2,5.0,86,6.0,6.0,по сезону,1016.7,1012.0,7.2,,,,,2025-09-20 03:00:00,2025-09-20 07:00:00,2025,9
штиль,0.0,н/о,,н/о,14.4,7.3,62,14.0,14.0,тепло,1016.7,1012.2,6.7,,,,,2025-09-20 06:00:00,2025-09-20 10:00:00,2025,9
штиль,0.0,н/о,,н/о,18.3,7.8,50,18.0,18.0,тепло,1016.4,1011.9,,,,,,2025-09-20 09:00:00,2025-09-20 13:00:00,2025,9
С,1.0,н/о,,н/о,19.7,8.6,49,22.0,22.0,комфорт,1016.0,1011.5,,,,,,2025-09-20 12:00:00,2025-09-20 16:00:00,2025,9
штиль,0.0,н/о,,н/о,14.4,12.3,87,14.0,14.0,тепло,1016.1,1011.6,,19.8,,,,2025-09-20 15:00:00,2025-09-20 19:00:00,2025,9
штиль,0.0,н/о,,н/о,10.8,10.4,97,10.0,10.0,по сезону,1016.9,1012.3,,,,,,2025-09-20 18:00:00,2025-09-20 22:00:00,2025,9
штиль,0.0,н/о,,н/о,7.2,7.1,99,6.0,6.0,по сезону,1016.9,1012.2,,,,,,2025-09-20 21:00:00,2025-09-21 01:00:00,2025,9
штиль,0.0,н/о,,н/о,5.0,5.0,100,4.0,4.0,по сезону,1017.0,1012.3,,,,,,2025-09-21 00:00:00,2025-09-21 04:00:00,2025,9
штиль,0.0,н/о,,н/о,4.2,4.2,100,3.0,3.0,холодно,1017.6,1012.9,3.6,,,,,2025-09-21 03:00:00,2025-09-21 07:00:00,2025,9
штиль,0.0,н/о,,н/о,15.9,11.8,77,16.0,16.0,тепло,1017.9,1013.4,,,,,,2025-09-21 06:00:00,2025-09-21 10:00:00,2025,9
З,2.0,н/о,,н/о,21.6,9.6,46,23.0,23.0,комфорт,1017.1,1012.7,,,,,,2025-09-21 09:00:00,2025-09-21 13:00:00,2025,9
З,3.0,н/о,,н/о,22.3,7.0,37,23.0,23.0,комфорт,1015.8,1011.4,,,,,,2025-09-21 12:00:00,2025-09-21 16:00:00,2025,9
штиль,0.0,н/о,,н/о,18.0,7.9,52,18.0,18.0,тепло,1015.8,1011.3,,22.7,,,,2025-09-21 15:00:00,2025-09-21 19:00:00,2025,9
З,1.0,н/о,,н/о,15.5,8.7,64,16.0,16.0,тепло,1016.4,1011.9,,,,,,2025-09-21 18:00:00,2025-09-21 22:00:00,2025,9
З,1.0,н/о,,н/о,16.8,8.9,60,18.0,18.0,тепло,1015.9,1011.4,,,,,,2025-09-21 21:00:00,2025-09-22 01:00:00,2025,9
З,1.0,н/о,,н/о,16.4,9.9,65,17.0,17.0,тепло,1016.0,1011.5,,,,,,2025-09-22 00:00:00,2025-09-22 04:00:00,2025,9
З,1.0,н/о,,н/о,14.8,10.6,76,15.0,15.0,тепло,1016.0,1011.5,14.5,,,,,2025-09-22 03:00:00,2025-09-22 07:00:00,2025,9
штиль,0.0,н/о,,н/о,19.4,12.2,63,21.0,21.0,комфорт,1016.4,1011.9,,,,,,2025-09-22 06:00:00,2025-09-22 10:00:00,2025,9
З,1.0,н/о,,н/о,23.1,12.8,52,26.0,26.0,жарко,1016.2,1011.8,,,,,,2025-09-22 09:00:00,2025-09-22 13:00:00,2025,9
СЗ,2.0,н/о,,н/о,24.7,12.9,48,27.0,27.0,жарко,1015.2,1010.8,,,,,,2025-09-22 12:00:00,2025-09-22 16:00:00,2025,9
штиль,0.0,н/о,,н/о,17.7,14.8,83,18.0,18.0,тепло,1015.3,1010.8,,25.2,,,,2025-09-22 15:00:00,2025-09-22 19:00:00,2025,9
штиль,0.0,н/о,,н/о,13.4,12.4,94,13.0,13.0,тепло,1015.5,1011.0,,,,,,2025-09-22 18:00:00,2025-09-22 22:00:00,2025,9
штиль,0.0,н/о,,н/о,11.6,11.6,100,11.0,11.0,тепло,1015.8,1011.2,,,,,,2025-09-22 21:00:00,2025-09-23 01:00:00,2025,9
штиль,0.0,н/о,,н/о,9.8,9.8,100,9.0,9.0,тепло,1016.2,1011.6,,,,,,2025-09-23 00:00:00,2025-09-23 04:00:00,2025,9
штиль,0.0,н/о,,н/о,8.6,8.6,100,8.0,8.0,по сезону,1016.4,1011.8,8.4,,,,,2025-09-23 03:00:00,2025-09-23 07:00:00,2025,9
ЮЗ,2.0,н/о,,н/о,24.4,10.1,40,25.0,25.0,комфорт,1015.4,1011.0,,31.4,,,,2025-09-23 15:00:00,2025-09-23 19:00:00,2025,9
штиль,0.0,н/о,,н/о,15.8,9.2,65,16.0,16.0,тепло,1014.5,1010.0,,,,,,2025-09-23 21:00:00,2025-09-24 01:00:00,2025,9
ЮВ,1.0,н/о,,н/о,12.9,10.6,86,13.0,13.0,тепло,1014.3,1009.7,,,,,,2025-09-24 00:00:00,2025-09-24 04:00:00,2025,9
штиль,0.0,н/о,,н/о,9.6,8.8,95,9.0,9.0,по сезону,1013.9,1009.3,9.3,,,,,2025-09-24 03:00:00,2025-09-24 07:00:00,2025,9
штиль,0.0,н/о,,н/о,22.2,12.3,53,25.0,25.0,комфорт,1013.2,1008.8,,,,,,2025-09-24 06:00:00,2025-09-24 10:00:00,2025,9
З,2.0,н/о,,н/о,28.7,7.9,27,28.0,28.0,жарко,1011.2,1006.9,,,,,,2025-09-24 09:00:00,2025-09-24 13:00:00,2025,9
ЮЗ,,н/о,,н/о,29.0,5.1,22,28.0,28.0,жарко,1009.7,1005.4,,,,,,2025-09-24 12:00:00,2025-09-24 16:00:00,2025,9
С,5.0,н/о,,н/о,15.8,10.1,69,15.0,15.0,тепло,1011.6,1007.1,,,,,,2025-09-24 18:00:00,2025-09-24 22:00:00,2025,9
С,4.0,н/о,,н/о,12.7,7.7,72,11.0,11.0,тепло,1013.0,1008.4,,,,,,2025-09-24 21:00:00,2025-09-25 01:00:00,2025,9
С,3.0,н/о,,н/о,11.2,8.1,81,9.0,9.0,тепло,1013.2,1008.6,,,,,,2025-09-25 00:00:00,2025-09-25 04:00:00,2025,9
СЗ,3.0,н/о,,н/о,10.8,7.3,79,9.0,9.0,по сезону,1014.6,1010.0,10.8,,,,,2025-09-25 03:00:00,2025-09-25 07:00:00,2025,9
СЗ,2.0,н/о,,н/о,10.4,7.4,82,9.0,9.0,по сезону,1015.5,1010.9,10.1,,,,,2025-09-25 06:00:00,2025-09-25 10:00:00,2025,9
СЗ,4.0,н/о,,н/о,9.2,6.0,80,6.0,6.0,холодно,1017.1,1012.5,,,,,,2025-09-25 09:00:00,2025-09-25 13:00:00,2025,9
С,2.0,н/о,,н/о,10.5,3.8,63,9.0,9.0,холодно,1017.4,1012.8,,,,,,2025-09-25 12:00:00,2025-09-25 16:00:00,2025,9
СЗ,1.0,н/о,,н/о,8.5,2.7,67,8.0,8.0,прохладно,1017.9,1013.3,,11.3,0.3,,,2025-09-25 15:00:00,2025-09-25 19:00:00,2025,9
СЗ,3.0,н/о,,н/о,9.3,3.3,66,7.0,7.0,по сезону,1019.1,1014.5,,,,,,2025-09-25 18:00:00,2025-09-25 22:00:00,2025,9
СЗ,2.0,н/о,,н/о,7.1,3.0,75,5.0,5.0,по сезону,1019.9,1015.2,,,,,,2025-09-25 21:00:00,2025-09-26 01:00:00,2025,9
СЗ,2.0,н/о,,н/о,4.4,2.2,86,2.0,2.0,по сезону,1020.8,1016.1,,,,,,2025-09-26 00:00:00,2025-09-26 04:00:00,2025,9
штиль,0.0,н/о,,н/о,1.1,0.7,97,-0.0,-0.0,холодно,1021.5,1016.7,1.1,,,,,2025-09-26 03:00:00,2025-09-26 07:00:00,2025,9
С,2.0,н/о,,н/о,8.5,3.1,69,7.0,7.0,по сезону,1022.3,1017.6,1.1,,,,,2025-09-26 06:00:00,2025-09-26 10:00:00,2025,9
СЗ,3.0,н/о,,н/о,10.9,4.1,63,9.0,9.0,по сезону,1022.1,1017.5,,,,,,2025-09-26 09:00:00,2025-09-26 13:00:00,2025,9
СЗ,4.0,н/о,,н/о,10.5,5.3,70,8.0,8.0,холодно,1022.4,1017.7,,,,,,2025-09-26 12:00:00,2025-09-26 16:00:00,2025,9
З,1.0,н/о,,н/о,7.3,4.4,82,6.0,6.0,прохладно,1023.0,1018.3,,11.8,,,,2025-09-26 15:00:00,2025-09-26 19:00:00,2025,9
СЗ,2.0,н/о,,н/о,8.7,5.5,80,7.0,7.0,по сезону,1023.5,1018.8,,,,,,2025-09-26 18:00:00,2025-09-26 22:00:00,2025,9
штиль,0.0,н/о,,н/о,5.4,4.5,94,4.0,4.0,по сезону,1022.7,1018.0,,,,,,2025-09-26 21:00:00,2025-09-27 01:00:00,2025,9
З,1.0,н/о,,н/о,6.6,3.7,82,6.0,6.0,по сезону,1021.8,1017.1,,,,,,2025-09-27 00:00:00,2025-09-27 04:00:00,2025,9
ЮЗ,3.0,н/о,,н/о,7.2,4.0,80,4.0,4.0,по сезону,1021.1,1016.4,4.9,,,,,2025-09-27 03:00:00,2025-09-27 07:00:00,2025,9
З,1.0,н/о,,н/о,9.6,5.6,76,9.0,9.0,по сезону,1021.1,1016.5,,,,,,2025-09-27 06:00:00,2025-09-27 10:00:00,2025,9
З,2.0,н/о,,н/о,11.4,7.3,76,10.0,10.0,по сезону,1020.7,1016.1,,,,,,2025-09-27 09:00:00,2025-09-27 13:00:00,2025,9
СЗ,3.0,н/о,,н/о,12.3,7.2,71,11.0,11.0,по сезону,1020.5,1015.9,,,,,,2025-09-27 12:00:00,2025-09-27 16:00:00,2025,9
штиль,0.0,н/о,,н/о,9.2,7.3,88,8.0,8.0,по сезону,1021.4,1016.8,,12.8,0.5,,,2025-09-27 15:00:00,2025-09-27 19:00:00,2025,9
штиль,0.0,н/о,,н/о,5.6,5.1,97,4.0,4.0,по сезону,1022.7,1018.0,,,,,,2025-09-27 18:00:00,2025-09-27 22:00:00,2025,9
штиль,0.0,н/о,,н/о,1.7,1.7,100,0.0,0.0,прохладно,1023.2,1018.5,,,,,,2025-09-27 21:00:00,2025-09-28 01:00:00,2025,9
СЗ,1.0,н/о,,н/о,2.3,2.3,100,0.0,0.0,прохладно,1024.9,1020.2,-0.1,,,,,2025-09-28 03:00:00,2025-09-28 07:00:00,2025,9
штиль,0.0,н/о,,н/о,7.3,7.3,100,6.0,6.0,по сезону,1026.6,1021.9,,,,,,2025-09-28 06:00:00,2025-09-28 10:00:00,2025,9
СВ,3.0,н/о,,н/о,9.7,4.1,68,8.0,8.0,по сезону,1027.6,1022.9,,,,,,2025-09-28 09:00:00,2025-09-28 13:00:00,2025,9
С,4.0,н/о,,н/о,9.9,2.8,61,7.0,7.0,прохладно,1028.2,1023.5,,,,,,2025-09-28 12:00:00,2025-09-28 16:00:00,2025,9
С,3.0,н/о,,н/о,8.7,2.6,66,6.0,6.0,по сезону,1029.4,1024.7,,11.4,,,,2025-09-28 15:00:00,2025-09-28 19:00:00,2025,9
С,2.0,н/о,,н/о,5.4,2.1,79,3.0,3.0,по сезону,1030.5,1025.7,,,,,,2025-09-28 18:00:00,2025-09-28 22:00:00,2025,9
СВ,2.0,н/о,,н/о,5.1,3.8,91,2.0,2.0,по сезону,1031.3,1026.6,,,,,,2025-09-28 21:00:00,2025-09-29 01:00:00,2025,9
С,2.0,н/о,,н/о,3.8,2.0,88,1.0,1.0,по сезону,1032.4,1027.6,,,,,,2025-09-29 00:00:00,2025-09-29 04:00:00,2025,9
СВ,4.0,н/о,,н/о,4.5,1.8,83,0.0,0.0,прохладно,1033.3,1028.5,3.1,,,,,2025-09-29 03:00:00,2025-09-29 07:00:00,2025,9
СВ,4.0,н/о,,н/о,5.3,0.6,72,1.0,1.0,прохладно,1034.4,1029.6,,,,,,2025-09-29 06:00:00,2025-09-29 10:00:00,2025,9
С,5.0,н/о,,н/о,8.3,0.1,56,5.0,5.0,по сезону,1034.2,1029.5,,,,,,2025-09-29 09:00:00,2025-09-29 13:00:00,2025,9
С,5.0,н/о,,н/о,9.4,-3.4,40,7.0,7.0,по сезону,1033.5,1028.8,,,,,,2025-09-29 12:00:00,2025-09-29 16:00:00,2025,9
С,3.0,н/о,,н/о,5.6,-5.9,43,3.0,3.0,прохладно,1033.7,1028.9,,9.5,,,,2025-09-29 15:00:00,2025-09-29 19:00:00,2025,9
СВ,2.0,н/о,,н/о,3.8,-4.2,56,2.0,2.0,по сезону,1034.6,1029.8,,,,,,2025-09-29 18:00:00,2025-09-29 22:00:00,2025,9
штиль,0.0,н/о,,н/о,-2.9,-3.6,95,-4.0,-4.0,холодно,1034.9,1030.0,,,,,,2025-09-29 21:00:00,2025-09-30 01:00:00,2025,9
штиль,0.0,н/о,,н/о,-4.5,-4.7,99,-6.0,-6.0,очень  холодно,1034.9,1029.9,,,,,,2025-09-30 00:00:00,2025-09-30 04:00:00,2025,9
штиль,0.0,н/о,,н/о,-4.9,-5.1,98,-6.0,-6.0,очень  холодно,1034.7,1029.8,-5.2,,,,,2025-09-30 03:00:00,2025-09-30 07:00:00,2025,9
СВ,1.0,н/о,,н/о,4.9,0.6,74,4.0,4.0,прохладно,1034.9,1030.1,,,,,,2025-09-30 06:00:00,2025-09-30 10:00:00,2025,9
СВ,3.0,н/о,,н/о,9.2,-6.1,33,8.0,8.0,прохладно,1034.2,1029.5,,,,,,2025-09-30 09:00:00,2025-09-30 13:00:00,2025,9
С,2.0,н/о,,н/о,11.5,-7.2,26,11.0,11.0,прохладно,1032.7,1028.1,,,,,,2025-09-30 12:00:00,2025-09-30 16:00:00,2025,9
штиль,0.0,н/о,,н/о,4.9,-3.2,56,4.0,4.0,холодно,1032.7,1027.9,,11.5,,,,2025-09-30 15:00:00,2025-09-30 19:00:00,2025,9
СЗ,2.0,н/о,,н/о,4.6,-0.3,70,2.0,2.0,прохладно,1032.6,1027.8,,,,,,2025-09-30 18:00:00,2025-09-30 22:00:00,2025,9
штиль,0.0,н/о,,н/о,-0.6,-1.5,94,-2.0,-2.0,холодно,1032.6,1027.7,,,,,,2025-09-30 21:00:00,2025-10-01 01:00:00,2025,9
штиль,0.0,н/о,,н/о,-1.8,-2.0,99,-3.0,-3.0,холодно,1031.9,1027.0,,,,,,2025-10-01 00:00:00,2025-10-01 04:00:00,2025,10
штиль,0.0,н/о,,н/о,-2.5,-2.6,99,-4.0,-4.0,очень  холодно,1031.6,1026.7,-2.7,,,,,2025-10-01 03:00:00,2025-10-01 07:00:00,2025,10
З,1.0,н/о,,н/о,9.0,5.3,78,8.0,8.0,по сезону,1031.1,1026.4,-2.9,,,,,2025-10-01 06:00:00,2025-10-01 10:00:00,2025,10
СЗ,3.0,н/о,,н/о,14.6,5.7,55,14.0,14.0,тепло,1030.0,1025.4,,,,,,2025-10-01 09:00:00,2025-10-01 13:00:00,2025,10
З,2.0,н/о,,н/о,16.4,3.2,41,17.0,17.0,тепло,1029.0,1024.4,,,,,,2025-10-01 12:00:00,2025-10-01 16:00:00,2025,10
СЗ,2.0,н/о,,н/о,11.6,4.5,62,11.0,11.0,по сезону,1028.8,1024.2,,16.4,,,,2025-10-01 15:00:00,2025-10-01 19:00:00,2025,10
штиль,0.0,н/о,,н/о,6.1,3.6,84,5.0,5.0,по сезону,1029.4,1024.7,,,,,,2025-10-01 18:00:00,2025-10-01 22:00:00,2025,10
штиль,0.0,н/о,,н/о,1.2,0.6,96,-0.0,-0.0,прохладно,1029.6,1024.8,,,,,,2025-10-01 21:00:00,2025-10-02 01:00:00,2025,10
штиль,0.0,н/о,,н/о,0.2,0.1,99,-1.0,-1.0,прохладно,1030.7,1025.9,,,,,,2025-10-02 00:00:00,2025-10-02 04:00:00,2025,10
штиль,0.0,н/о,,н/о,-2.5,-2.5,100,-4.0,-4.0,очень  холодно,1031.7,1026.8,-2.5,,,,,2025-10-02 03:00:00,2025-10-02 07:00:00,2025,10
В,1.0,н/о,,н/о,9.3,4.3,71,9.0,9.0,по сезону,1032.8,1028.1,-2.8,,,,,2025-10-02 06:00:00,2025-10-02 10:00:00,2025,10
СВ,2.0,н/о,,н/о,13.6,3.1,49,13.0,13.0,тепло,1032.6,1028.0,,,,,,2025-10-02 09:00:00,2025-10-02 13:00:00,2025,10
С,2.0,н/о,,н/о,14.7,0.9,39,15.0,15.0,тепло,1031.9,1027.3,,,,,,2025-10-02 12:00:00,2025-10-02 16:00:00,2025,10
штиль,0.0,н/о,,н/о,7.1,2.4,72,6.0,6.0,прохладно,1032.4,1027.7,,15.2,,,,2025-10-02 15:00:00,2025-10-02 19:00:00,2025,10
штиль,0.0,н/о,,н/о,2.8,1.6,92,2.0,2.0,прохладно,1033.4,1028.6,,,,,,2025-10-02 18:00:00,2025-10-02 22:00:00,2025,10
штиль,0.0,н/о,,н/о,0.3,-0.1,97,-1.0,-1.0,холодно,1034.3,1029.4,,,,,,2025-10-02 21:00:00,2025-10-03 01:00:00,2025,10
штиль,0.0,н/о,,н/о,-0.8,-0.8,100,-2.0,-2.0,прохладно,1035.0,1030.1,,,,,,2025-10-03 00:00:00,2025-10-03 04:00:00,2025,10
штиль,0.0,н/о,,н/о,-1.0,-1.0,100,-2.0,-2.0,холодно,1035.4,1030.5,-2.3,,,,,2025-10-03 03:00:00,2025-10-03 07:00:00,2025,10
штиль,0.0,н/о,,н/о,6.1,3.4,83,5.0,5.0,по сезону,1036.0,1031.3,,,,,,2025-10-03 06:00:00,2025-10-03 10:00:00,2025,10
В,1.0,н/о,,н/о,14.0,1.3,42,15.0,15.0,тепло,1035.5,1030.9,,,,,,2025-10-03 09:00:00,2025-10-03 13:00:00,2025,10
штиль,0.0,н/о,,н/о,14.1,-0.4,37,14.0,14.0,тепло,1034.9,1030.3,,,,,,2025-10-03 12:00:00,2025-10-03 16:00:00,2025,10
штиль,0.0,н/о,,н/о,6.5,2.0,73,6.0,6.0,прохладно,1034.6,1029.9,,14.6,,,,2025-10-03 15:00:00,2025-10-03 19:00:00,2025,10
штиль,0.0,н/о,,н/о,2.4,1.3,92,1.0,1.0,прохладно,1035.5,1030.7,,,,,,2025-10-03 18:00:00,2025-10-03 22:00:00,2025,10
штиль,0.0,н/о,,н/о,-0.4,-0.6,99,-2.0,-2.0,холодно,1036.0,1031.1,,,,,,2025-10-03 21:00:00,2025-10-04 01:00:00,2025,10
штиль,0.0,н/о,,н/о,-1.3,-1.3,100,-3.0,-3.0,холодно,1036.6,1031.7,,,,,,2025-10-04 00:00:00,2025-10-04 04:00:00,2025,10
штиль,0.0,н/о,,н/о,-0.2,-0.2,100,-2.0,-2.0,холодно,1036.7,1031.8,-2.0,,,,,2025-10-04 03:00:00,2025-10-04 07:00:00,2025,10
В,2.0,н/о,,н/о,6.4,1.9,73,4.0,4.0,прохладно,1037.1,1032.3,,,,,,2025-10-04 06:00:00,2025-10-04 10:00:00,2025,10
В,2.0,н/о,,н/о,12.6,-0.3,41,12.0,12.0,тепло,1035.9,1031.2,,,,,,2025-10-04 09:00:00,2025-10-04 13:00:00,2025,10
ЮВ,2.0,н/о,,н/о,14.2,-1.7,33,14.0,14.0,тепло,1034.5,1029.8,,,,,,2025-10-04 12:00:00,2025-10-04 16:00:00,2025,10
штиль,0.0,н/о,,н/о,7.2,0.4,62,7.0,7.0,по сезону,1033.3,1028.6,,14.3,,,,2025-10-04 15:00:00,2025-10-04 19:00:00,2025,10
штиль,0.0,н/о,,н/о,1.4,-0.9,85,0.0,0.0,прохладно,1032.4,1027.6,,,,,,2025-10-04 18:00:00,2025-10-04 22:00:00,2025,10
штиль,0.0,н/о,,н/о,2.5,0.6,87,1.0,1.0,прохладно,1031.0,1026.2,,,,,,2025-10-04 21:00:00,2025-10-05 01:00:00,2025,10
штиль,0.0,н/о,,н/о,-0.7,-2.4,88,-2.0,-2.0,прохладно,1030.8,1025.9,,,,,,2025-10-05 00:00:00,2025-10-05 04:00:00,2025,10
штиль,0.0,н/о,,н/о,-0.5,-1.1,96,-2.0,-2.0,холодно,1030.4,1025.5,-1.7,,,,,2025-10-05 03:00:00,2025-10-05 07:00:00,2025,10
штиль,0.0,н/о,,н/о,7.8,1.5,64,7.0,7.0,по сезону,1030.1,1025.4,-2.0,,,,,2025-10-05 06:00:00,2025-10-05 10:00:00,2025,10
Ю,,н/о,,н/о,16.4,-7.0,19,16.0,16.0,тепло,1026.7,1022.2,,,,,,2025-10-05 12:00:00,2025-10-05 16:00:00,2025,10
ЮВ,2.0,н/о,,н/о,10.6,-5.0,33,10.0,10.0,по сезону,1025.2,1020.6,,18.5,,,,2025-10-05 15:00:00,2025-10-05 19:00:00,2025,10
штиль,0.0,н/о,,н/о,3.3,-2.6,65,3.0,3.0,по сезону,1024.5,1019.7,,,,,,2025-10-05 18:00:00,2025-10-05 22:00:00,2025,10
штиль,0.0,н/о,,н/о,2.9,-3.1,65,2.0,2.0,по сезону,1023.6,1018.9,,,,,,2025-10-05 21:00:00,2025-10-06 01:00:00,2025,10
ЮВ,1.0,н/о,,н/о,2.6,-3.9,62,1.0,1.0,по сезону,1023.1,1018.3,,,,,,2025-10-06 00:00:00,2025-10-06 04:00:00,2025,10
штиль,0.0,н/о,,н/о,2.2,-3.6,65,2.0,2.0,по сезону,1022.2,1017.4,2.1,,,,,2025-10-06 03:00:00,2025-10-06 07:00:00,2025,10
В,1.0,н/о,,н/о,8.2,-3.2,44,8.0,8.0,по сезону,1021.7,1017.0,,,,,,2025-10-06 06:00:00,2025-10-06 10:00:00,2025,10
Ю,3.0,н/о,,н/о,15.6,-5.2,23,15.0,15.0,тепло,1021.0,1016.5,,,,,,2025-10-06 09:00:00,2025-10-06 13:00:00,2025,10
ЮВ,2.0,н/о,,н/о,14.9,-3.8,27,15.0,15.0,тепло,1020.6,1016.1,,,,,,2025-10-06 12:00:00,2025-10-06 16:00:00,2025,10
штиль,0.0,н/о,,н/о,14.1,-3.8,29,14.0,14.0,тепло,1020.9,1016.3,,16.0,,,,2025-10-06 15:00:00,2025-10-06 19:00:00,2025,10
штиль,0.0,н/о,,н/о,9.8,1.8,57,9.0,9.0,тепло,1021.2,1016.6,,,,,,2025-10-06 18:00:00,2025-10-06 22:00:00,2025,10
ЮВ,1.0,н/о,,н/о,11.3,-0.8,43,12.0,12.0,тепло,1021.1,1016.5,,,,,,2025-10-06 21:00:00,2025-10-07 01:00:00,2025,10
З,1.0,н/о,,н/о,7.4,-1.6,53,7.0,7.0,тепло,1021.5,1016.9,,,,,,2025-10-07 00:00:00,2025-10-07 04:00:00,2025,10
штиль,0.0,н/о,,н/о,3.1,-0.3,78,2.0,2.0,по сезону,1022.2,1017.4,3.1,,,,,2025-10-07 03:00:00,2025-10-07 07:00:00,2025,10
штиль,0.0,н/о,,н/о,9.1,-1.5,47,9.0,9.0,тепло,1022.4,1017.8,3.1,,,,,2025-10-07 06:00:00,2025-10-07 10:00:00,2025,10
Ю,1.0,н/о,,н/о,17.5,-2.7,25,19.0,19.0,тепло,1022.7,1018.2,,,,,,2025-10-07 12:00:00,2025-10-07 16:00:00,2025,10
штиль,0.0,н/о,,н/о,9.0,1.6,60,9.0,9.0,тепло,1023.1,1018.4,,17.9,,,,2025-10-07 15:00:00,2025-10-07 19:00:00,2025,10
штиль,0.0,н/о,,н/о,4.5,2.2,85,4.0,4.0,по сезону,1023.3,1018.6,,,,,,2025-10-07 18:00:00,2025-10-07 22:00:00,2025,10
штиль,0.0,н/о,,н/о,1.9,0.6,91,1.0,1.0,по сезону,1023.7,1018.9,,,,,,2025-10-07 21:00:00,2025-10-08 01:00:00,2025,10
штиль,0.0,н/о,,н/о,-0.6,-1.2,96,-2.0,-2.0,по сезону,1023.5,1018.7,,,,,,2025-10-08 00:00:00,2025-10-08 04:00:00,2025,10
ЮВ,1.0,н/о,,н/о,0.6,0.4,99,-2.0,-2.0,прохладно,1024.1,1019.3,-0.6,,,,,2025-10-08 03:00:00,2025-10-08 07:00:00,2025,10
штиль,0.0,н/о,,н/о,17.5,-0.8,29,18.0,18.0,тепло,1023.3,1018.7,,,,,,2025-10-08 09:00:00,2025-10-08 13:00:00,2025,10
штиль,0.0,н/о,,н/о,19.0,-0.6,27,19.0,19.0,тепло,1022.9,1018.4,,,,,,2025-10-08 12:00:00,2025-10-08 16:00:00,2025,10
штиль,0.0,н/о,,н/о,9.6,3.5,66,9.0,9.0,тепло,1023.2,1018.5,,19.4,,,,2025-10-08 15:00:00,2025-10-08 19:00:00,2025,10
штиль,0.0,н/о,,н/о,4.8,2.3,84,4.0,4.0,по сезону,1023.4,1018.7,,,,,,2025-10-08 18:00:00,2025-10-08 22:00:00,2025,10
штиль,0.0,н/о,,н/о,1.4,0.4,93,0.0,0.0,по сезону,1023.9,1019.1,,,,,,2025-10-08 21:00:00,2025-10-09 01:00:00,2025,10
штиль,0.0,н/о,,н/о,0.4,-0.0,97,-1.0,-1.0,по сезону,1024.3,1019.5,,,,,,2025-10-09 00:00:00,2025-10-09 04:00:00,2025,10
штиль,0.0,н/о,,н/о,3.3,1.2,86,2.0,2.0,по сезону,1024.0,1019.3,-0.7,,,,,2025-10-09 03:00:00,2025-10-09 07:00:00,2025,10
штиль,0.0,н/о,,н/о,9.1,1.0,57,9.0,9.0,тепло,1024.3,1019.7,,,,,,2025-10-09 06:00:00,2025-10-09 10:00:00,2025,10
Ю,2.0,н/о,,н/о,19.6,-9.1,13,20.0,20.0,тепло,1023.6,1019.1,,,,,,2025-10-09 09:00:00,2025-10-09 13:00:00,2025,10
Ю,1.0,н/о,,н/о,18.7,-9.6,14,20.0,20.0,тепло,1022.8,1018.3,,,,,,2025-10-09 12:00:00,2025-10-09 16:00:00,2025,10
штиль,0.0,н/о,,н/о,11.4,0.4,47,11.0,11.0,тепло,1022.9,1018.3,,19.7,,,,2025-10-09 15:00:00,2025-10-09 19:00:00,2025,10
штиль,0.0,н/о,,н/о,5.3,-0.4,67,5.0,5.0,по сезону,1022.9,1018.1,,,,,,2025-10-09 18:00:00,2025-10-09 22:00:00,2025,10
штиль,0.0,н/о,,н/о,4.3,-1.6,65,4.0,4.0,по сезону,1022.5,1017.8,,,,,,2025-10-09 21:00:00,2025-10-10 01:00:00,2025,10
штиль,0.0,н/о,,н/о,5.6,-1.1,62,5.0,5.0,тепло,1022.4,1017.7,,,,,,2025-10-10 00:00:00,2025-10-10 04:00:00,2025,10
штиль,0.0,н/о,,н/о,4.3,-2.8,60,4.0,4.0,по сезону,1021.5,1016.8,3.7,,,,,2025-10-10 03:00:00,2025-10-10 07:00:00,2025,10
В,2.0,н/о,,н/о,11.2,-4.2,34,11.0,11.0,тепло,1021.3,1016.7,,,,,,2025-10-10 06:00:00,2025-10-10 10:00:00,2025,10
В,,н/о,,н/о,14.8,-5.2,25,16.0,16.0,тепло,1016.5,1011.9,,19.6,,,,2025-10-10 15:00:00,2025-10-10 19:00:00,2025,10
ЮЗ,1.0,н/о,,н/о,4.0,-2.1,64,3.0,3.0,по сезону,1014.6,1009.8,,,,,,2025-10-10 21:00:00,2025-10-11 01:00:00,2025,10
В,2.0,н/о,,н/о,6.8,-2.8,50,5.0,5.0,по сезону,1012.8,1008.2,2.6,,,,,2025-10-11 03:00:00,2025-10-11 07:00:00,2025,10
В,2.0,н/о,,н/о,9.1,-3.1,42,8.0,8.0,тепло,1012.1,1007.5,,,,,,2025-10-11 06:00:00,2025-10-11 10:00:00,2025,10
В,3.0,н/о,,н/о,14.2,-4.3,27,14.0,14.0,тепло,1010.7,1006.1,,,,,,2025-10-11 09:00:00,2025-10-11 13:00:00,2025,10
В,,н/о,,н/о,16.4,-4.5,23,16.0,16.0,тепло,1008.7,1004.2,,,,,,2025-10-11 12:00:00,2025-10-11 16:00:00,2025,10
ЮВ,,н/о,,н/о,15.2,-2.1,30,14.0,14.0,тепло,1008.2,1003.7,,16.8,,,,2025-10-11 15:00:00,2025-10-11 19:00:00,2025,10
В,,н/о,,н/о,10.8,5.9,72,8.0,8.0,тепло,1007.2,1002.7,,,,,,2025-10-11 18:00:00,2025-10-11 22:00:00,2025,10
ЮВ,,н/о,,н/о,11.1,7.4,78,9.0,9.0,тепло,1005.8,1001.3,,,,,,2025-10-11 21:00:00,2025-10-12 01:00:00,2025,10
ЮВ,3.0,н/о,,н/о,8.7,7.5,92,6.0,6.0,тепло,1005.5,1000.9,,,,,,2025-10-12 00:00:00,2025-10-12 04:00:00,2025,10
Ю,3.0,н/о,,н/о,8.2,5.4,82,6.0,6.0,по сезону,1005.6,1001.0,8.2,,,,,2025-10-12 03:00:00,2025-10-12 07:00:00,2025,10
Ю,4.0,н/о,,н/о,8.9,5.4,79,6.0,6.0,по сезону,1006.4,1001.8,7.8,,,,,2025-10-12 06:00:00,2025-10-12 10:00:00,2025,10
штиль,0.0,н/о,,н/о,7.7,7.7,100,7.0,7.0,тепло,1008.0,1003.4,,,,,,2025-10-12 21:00:00,2025-10-13 01:00:00,2025,10
Ю,2.0,н/о,,н/о,8.3,8.3,100,6.0,6.0,тепло,1008.2,1003.6,,,,,,2025-10-13 00:00:00,2025-10-13 04:00:00,2025,10
ЮЗ,3.0,н/о,,н/о,8.1,7.6,97,5.0,5.0,по сезону,1010.1,1005.5,7.4,,1.0,,,2025-10-13 03:00:00,2025-10-13 07:00:00,2025,10
Ю,2.0,н/о,,н/о,8.7,7.4,92,7.0,7.0,по сезону,1011.8,1007.2,7.1,,,,,2025-10-13 06:00:00,2025-10-13 10:00:00,2025,10
Ю,,н/о,,н/о,12.9,9.3,79,12.0,12.0,тепло,1012.6,1008.1,,,,,,2025-10-13 12:00:00,2025-10-13 16:00:00,2025,10
Ю,2.0,н/о,,н/о,12.9,9.3,79,12.0,12.0,тепло,1013.0,1008.5,,13.1,,,,2025-10-13 15:00:00,2025-10-13 19:00:00,2025,10
Ю,3.0,н/о,,н/о,12.8,8.7,76,11.0,11.0,тепло,1013.8,1009.2,,,,,,2025-10-13 18:00:00,2025-10-13 22:00:00,2025,10
Ю,3.0,н/о,,н/о,11.6,9.3,86,10.0,10.0,тепло,1013.8,1009.2,,,,,,2025-10-13 21:00:00,2025-10-14 01:00:00,2025,10
Ю,3.0,н/о,,н/о,10.2,9.8,97,8.0,8.0,тепло,1013.2,1008.6,,,,,,2025-10-14 00:00:00,2025-10-14 04:00:00,2025,10
Ю,1.0,н/о,,н/о,9.7,9.7,100,9.0,9.0,тепло,1012.3,1007.8,9.7,,5.0,,,2025-10-14 03:00:00,2025-10-14 07:00:00,2025,10
ЮЗ,1.0,н/о,,н/о,6.8,1.9,71,6.0,6.0,по сезону,1020.6,1015.9,,,,,,2025-10-14 18:00:00,2025-10-14 22:00:00,2025,10
штиль,0.0,н/о,,н/о,1.1,-0.3,90,-0.0,-0.0,по сезону,1021.9,1017.1,,,,,,2025-10-14 21:00:00,2025-10-15 01:00:00,2025,10
штиль,0.0,н/о,,н/о,-1.1,-1.2,99,-3.0,-3.0,прохладно,1021.9,1017.1,,,,,,2025-10-15 00:00:00,2025-10-15 04:00:00,2025,10
штиль,0.0,н/о,,н/о,-2.8,-2.8,100,-4.0,-4.0,холодно,1021.9,1017.0,-2.8,,,,,2025-10-15 03:00:00,2025-10-15 07:00:00,2025,10
штиль,0.0,н/о,,н/о,9.8,3.3,64,9.0,9.0,тепло,1021.2,1016.6,,,,,,2025-10-15 09:00:00,2025-10-15 13:00:00,2025,10
ЮЗ,1.0,н/о,,н/о,10.2,0.9,52,10.0,10.0,по сезону,1021.1,1016.5,,,,,,2025-10-15 12:00:00,2025-10-15 16:00:00,2025,10
штиль,0.0,н/о,,н/о,5.1,0.8,74,4.0,4.0,по сезону,1021.4,1016.7,,11.1,,,,2025-10-15 15:00:00,2025-10-15 19:00:00,2025,10
Ю,2.0,н/о,,н/о,4.4,1.4,81,2.0,2.0,по сезону,1021.6,1016.9,,,,,,2025-10-15 18:00:00,2025-10-15 22:00:00,2025,10
Ю,2.0,н/о,,н/о,2.5,0.9,89,-1.0,-1.0,прохладно,1021.7,1016.9,,,,,,2025-10-15 21:00:00,2025-10-16 01:00:00,2025,10
Ю,2.0,н/о,,н/о,1.2,0.6,96,-2.0,-2.0,по сезону,1021.4,1016.6,,,,,,2025-10-16 00:00:00,2025-10-16 04:00:00,2025,10
штиль,0.0,н/о,,н/о,0.7,0.5,99,-1.0,-1.0,прохладно,1020.8,1016.0,0.1,,,,,2025-10-16 03:00:00,2025-10-16 07:00:00,2025,10
ЮВ,1.0,н/о,,н/о,3.2,2.9,98,1.0,1.0,по сезону,1020.6,1015.9,-0.0,,,,,2025-10-16 06:00:00,2025-10-16 10:00:00,2025,10
Ю,2.0,н/о,,н/о,6.7,5.7,93,4.0,4.0,по сезону,1019.7,1015.1,,,,,,2025-10-16 09:00:00,2025-10-16 13:00:00,2025,10
штиль,0.0,н/о,,н/о,6.7,6.0,95,6.0,6.0,по сезону,1018.7,1014.0,,,,,,2025-10-16 12:00:00,2025-10-16 16:00:00,2025,10
ЮВ,1.0,н/о,,н/о,4.0,4.0,100,2.0,2.0,по сезону,1018.3,1013.6,,,,,,2025-10-16 18:00:00,2025-10-16 22:00:00,2025,10
З,1.0,н/о,,н/о,3.6,3.5,99,2.0,2.0,по сезону,1018.3,1013.6,,,,,,2025-10-17 00:00:00,2025-10-17 04:00:00,2025,10
З,1.0,н/о,,н/о,2.7,2.7,100,1.0,1.0,по сезону,1019.2,1014.5,2.7,,9.0,,,2025-10-17 03:00:00,2025-10-17 07:00:00,2025,10
З,2.0,н/о,,н/о,7.4,4.4,81,5.0,5.0,по сезону,1021.5,1016.8,,,,,,2025-10-17 09:00:00,2025-10-17 13:00:00,2025,10
ЮЗ,2.0,н/о,,н/о,8.5,1.4,61,7.0,7.0,по сезону,1021.5,1016.9,,,,,,2025-10-17 12:00:00,2025-10-17 16:00:00,2025,10
Ю,2.0,н/о,,н/о,5.6,2.1,78,3.0,3.0,по сезону,1022.3,1017.6,,9.1,0.3,,,2025-10-17 15:00:00,2025-10-17 19:00:00,2025,10
ЮЗ,3.0,н/о,,н/о,5.7,3.7,87,2.0,2.0,по сезону,1022.6,1017.9,,,,,,2025-10-17 18:00:00,2025-10-17 22:00:00,2025,10
Ю,1.0,н/о,,н/о,5.2,3.8,91,4.0,4.0,по сезону,1022.6,1017.9,,,,,,2025-10-17 21:00:00,2025-10-18 01:00:00,2025,10
Ю,1.0,н/о,,н/о,6.0,4.7,91,5.0,5.0,тепло,1022.3,1017.6,,,,,,2025-10-18 00:00:00,2025-10-18 04:00:00,2025,10
ЮВ,2.0,н/о,,н/о,3.4,3.2,99,0.0,0.0,по сезону,1022.6,1017.8,3.4,,,,,2025-10-18 03:00:00,2025-10-18 07:00:00,2025,10
ЮЗ,2.0,н/о,,н/о,9.7,5.6,76,8.0,8.0,тепло,1022.1,1017.4,,,,,,2025-10-18 12:00:00,2025-10-18 16:00:00,2025,10
ЮЗ,2.0,н/о,,н/о,7.8,5.3,84,6.0,6.0,по сезону,1022.0,1017.3,,10.0,,,,2025-10-18 15:00:00,2025-10-18 19:00:00,2025,10
ЮЗ,1.0,н/о,,н/о,7.6,5.4,86,7.0,7.0,тепло,1022.2,1017.6,,,,,,2025-10-18 18:00:00,2025-10-18 22:00:00,2025,10
Ю,1.0,н/о,,н/о,7.2,5.5,89,6.0,6.0,тепло,1022.2,1017.5,,,,,,2025-10-18 21:00:00,2025-10-19 01:00:00,2025,10
штиль,0.0,н/о,,н/о,6.7,5.4,91,6.0,6.0,тепло,1022.1,1017.4,,,,,,2025-10-19 00:00:00,2025-10-19 04:00:00,2025,10
штиль,0.0,н/о,,н/о,6.0,5.5,97,5.0,5.0,тепло,1022.3,1017.6,5.1,,,,,2025-10-19 03:00:00,2025-10-19 07:00:00,2025,10
штиль,0.0,н/о,,н/о,6.5,5.7,95,5.0,5.0,тепло,1023.1,1018.4,,,,,,2025-10-19 06:00:00,2025-10-19 10:00:00,2025,10
ЮЗ,2.0,н/о,,н/о,11.6,7.6,76,11.0,11.0,тепло,1022.9,1018.3,,,,,,2025-10-19 09:00:00,2025-10-19 13:00:00,2025,10
штиль,0.0,н/о,,н/о,11.8,7.7,76,11.0,11.0,тепло,1022.7,1018.1,,,,,,2025-10-19 12:00:00,2025-10-19 16:00:00,2025,10
штиль,0.0,н/о,,н/о,8.3,6.5,88,7.0,7.0,тепло,1023.0,1018.3,,12.5,,,,2025-10-19 15:00:00,2025-10-19 19:00:00,2025,10
Ю,1.0,н/о,,н/о,8.3,7.3,93,7.0,7.0,тепло,1023.2,1018.5,,,,,,2025-10-19 18:00:00,2025-10-19 22:00:00,2025,10
ЮВ,1.0,н/о,,н/о,7.7,6.7,93,7.0,7.0,тепло,1023.2,1018.5,,,,,,2025-10-19 21:00:00,2025-10-20 01:00:00,2025,10
штиль,0.0,н/о,,н/о,4.8,4.5,98,4.0,4.0,по сезону,1023.1,1018.4,,,,,,2025-10-20 00:00:00,2025-10-20 04:00:00,2025,10
ЮВ,1.0,н/о,,н/о,5.4,5.3,99,4.0,4.0,по сезону,1023.2,1018.5,4.1,,,,,2025-10-20 03:00:00,2025-10-20 07:00:00,2025,10
В,2.0,н/о,,н/о,8.4,6.0,85,7.0,7.0,тепло,1023.4,1018.7,,,,,,2025-10-20 06:00:00,2025-10-20 10:00:00,2025,10
В,4.0,н/о,,н/о,12.2,4.9,61,10.0,10.0,тепло,1022.2,1017.6,,,,,,2025-10-20 09:00:00,2025-10-20 13:00:00,2025,10
ЮВ,4.0,н/о,,н/о,12.3,4.0,57,11.0,11.0,тепло,1021.0,1016.4,,,,,,2025-10-20 12:00:00,2025-10-20 16:00:00,2025,10
ЮВ,,н/о,,н/о,10.6,4.2,65,8.0,8.0,тепло,1020.5,1015.9,,12.8,,,,2025-10-20 15:00:00,2025-10-20 19:00:00,2025,10
Ю,,н/о,,н/о,9.6,3.5,66,6.0,6.0,тепло,1020.5,1015.9,,,,,,2025-10-20 18:00:00,2025-10-20 22:00:00,2025,10
ЮВ,,н/о,,н/о,6.5,5.8,95,3.0,3.0,по сезону,1020.7,1016.0,,,,,,2025-10-20 21:00:00,2025-10-21 01:00:00,2025,10
ЮВ,3.0,н/о,,н/о,6.7,5.4,91,4.0,4.0,тепло,1020.0,1015.3,,,,,,2025-10-21 00:00:00,2025-10-21 04:00:00,2025,10
ЮВ,4.0,н/о,,н/о,7.1,4.7,85,4.0,4.0,по сезону,1019.7,1015.1,6.4,,3.0,,,2025-10-21 03:00:00,2025-10-21 07:00:00,2025,10
ЮВ,3.0,н/о,,н/о,7.4,5.1,85,5.0,5.0,по сезону,1019.9,1015.2,6.4,,,,,2025-10-21 06:00:00,2025-10-21 10:00:00,2025,10
ЮВ,4.0,н/о,,н/о,6.9,6.5,97,3.0,3.0,по сезону,1020.1,1015.5,,,,,,2025-10-21 09:00:00,2025-10-21 13:00:00,2025,10
ЮВ,3.0,н/о,,н/о,8.0,5.0,81,5.0,5.0,по сезону,1020.3,1015.6,,,,,,2025-10-21 12:00:00,2025-10-21 16:00:00,2025,10
ЮВ,4.0,н/о,,н/о,6.8,5.5,91,3.0,3.0,по сезону,1021.3,1016.6,,8.1,5.0,,,2025-10-21 15:00:00,2025-10-21 19:00:00,2025,10
ЮВ,3.0,н/о,,н/о,6.6,5.9,95,3.0,3.0,по сезону,1021.7,1017.0,,,,,,2025-10-21 18:00:00,2025-10-21 22:00:00,2025,10
ЮВ,3.0,н/о,,н/о,6.3,5.6,95,3.0,3.0,по сезону,1021.8,1017.1,,,,,,2025-10-21 21:00:00,2025-10-22 01:00:00,2025,10
В,2.0,н/о,,н/о,5.9,5.5,97,3.0,3.0,по сезону,1021.2,1016.5,,,,,,2025-10-22 00:00:00,2025-10-22 04:00:00,2025,10
ЮВ,3.0,н/о,,н/о,5.8,5.3,97,2.0,2.0,по сезону,1020.9,1016.2,5.8,,8.0,,,2025-10-22 03:00:00,2025-10-22 07:00:00,2025,10
ЮВ,3.0,н/о,,н/о,6.3,5.7,96,3.0,3.0,по сезону,1020.8,1016.1,5.8,,,,,2025-10-22 06:00:00,2025-10-22 10:00:00,2025,10
ЮВ,1.0,н/о,,н/о,7.0,6.1,94,6.0,6.0,по сезону,1020.4,1015.7,,,,,,2025-10-22 09:00:00,2025-10-22 13:00:00,2025,10
ЮВ,1.0,н/о,,н/о,8.1,6.3,88,7.0,7.0,по сезону,1020.0,1015.4,,,,,,2025-10-22 12:00:00,2025-10-22 16:00:00,2025,10
ЮВ,1.0,н/о,,н/о,6.8,6.2,96,6.0,6.0,по сезону,1020.0,1015.3,,8.1,5.0,,,2025-10-22 15:00:00,2025-10-22 19:00:00,2025,10
ЮВ,3.0,н/о,,н/о,7.3,6.4,94,4.0,4.0,по сезону,1019.6,1014.9,,,,,,2025-10-22 18:00:00,2025-10-22 22:00:00,2025,10
ЮВ,2.0,н/о,,н/о,5.9,5.3,96,3.0,3.0,по сезону,1018.7,1014.0,,,,,,2025-10-22 21:00:00,2025-10-23 01:00:00,2025,10
ЮВ,2.0,н/о,,н/о,6.0,5.4,96,3.0,3.0,по сезону,1017.7,1013.0,,,,,,2025-10-23 00:00:00,2025-10-23 04:00:00,2025,10
Ю,2.0,н/о,,н/о,5.7,5.4,98,3.0,3.0,по сезону,1017.0,1012.4,5.6,,0.3,,,2025-10-23 03:00:00,2025-10-23 07:00:00,2025,10
Ю,2.0,н/о,,н/о,5.6,5.0,96,3.0,3.0,по сезону,1017.5,1012.8,5.5,,,,,2025-10-23 06:00:00,2025-10-23 10:00:00,2025,10
Ю,2.0,н/о,,н/о,5.8,4.5,91,3.0,3.0,по сезону,1017.8,1013.1,,,,,,2025-10-23 09:00:00,2025-10-23 13:00:00,2025,10
ЮЗ,2.0,н/о,,н/о,6.8,5.8,93,4.0,4.0,по сезону,1017.9,1013.3,,,,,,2025-10-23 12:00:00,2025-10-23 16:00:00,2025,10
ЮЗ,2.0,н/о,,н/о,6.1,4.7,91,4.0,4.0,по сезону,1019.1,1014.4,,,,,,2025-10-23 15:00:00,2025-10-23 19:00:00,2025,10
ЮЗ,3.0,н/о,,н/о,6.3,4.3,87,3.0,3.0,по сезону,1020.1,1015.4,,,,,,2025-10-23 18:00:00,2025-10-23 22:00:00,2025,10
ЮЗ,2.0,н/о,,н/о,5.4,4.4,93,3.0,3.0,по сезону,1020.9,1016.2,,,,,,2025-10-23 21:00:00,2025-10-24 01:00:00,2025,10
штиль,0.0,н/о,,н/о,5.0,4.6,97,4.0,4.0,тепло,1021.7,1017.0,,,,,,2025-10-24 00:00:00,2025-10-24 04:00:00,2025,10
штиль,0.0,н/о,,н/о,3.5,3.5,100,2.0,2.0,по сезону,1022.5,1017.8,3.5,,,,,2025-10-24 03:00:00,2025-10-24 07:00:00,2025,10
З,1.0,н/о,,н/о,6.1,5.1,93,5.0,5.0,по сезону,1023.3,1018.6,,,,,,2025-10-24 12:00:00,2025-10-24 16:00:00,2025,10
штиль,0.0,н/о,,н/о,4.6,4.3,98,3.0,3.0,по сезону,1023.5,1018.8,,6.4,,,,2025-10-24 15:00:00,2025-10-24 19:00:00,2025,10
штиль,0.0,н/о,,н/о,4.6,4.1,97,3.0,3.0,по сезону,1023.6,1018.9,,,,,,2025-10-24 18:00:00,2025-10-24 22:00:00,2025,10
штиль,0.0,н/о,,н/о,4.2,3.3,94,3.0,3.0,по сезону,1023.2,1018.5,,,,,,2025-10-24 21:00:00,2025-10-25 01:00:00,2025,10
штиль,0.0,н/о,,н/о,4.0,3.1,94,3.0,3.0,тепло,1022.5,1017.8,,,,,,2025-10-25 00:00:00,2025-10-25 04:00:00,2025,10
ЮВ,1.0,н/о,,н/о,3.6,2.8,94,2.0,2.0,по сезону,1022.0,1017.3,3.6,,,,,2025-10-25 03:00:00,2025-10-25 07:00:00,2025,10
Ю,1.0,н/о,,н/о,2.9,2.7,99,1.0,1.0,по сезону,1022.4,1017.7,2.7,,,,,2025-10-25 06:00:00,2025-10-25 10:00:00,2025,10
Ю,1.0,н/о,,н/о,4.4,3.2,92,3.0,3.0,по сезону,1021.5,1016.8,,,,,,2025-10-25 09:00:00,2025-10-25 13:00:00,2025,10
В,1.0,н/о,,н/о,4.7,3.1,89,3.0,3.0,по сезону,1020.6,1015.9,,,,,,2025-10-25 12:00:00,2025-10-25 16:00:00,2025,10
штиль,0.0,н/о,,н/о,2.5,1.9,96,1.0,1.0,по сезону,1019.8,1015.0,,5.3,,,,2025-10-25 15:00:00,2025-10-25 19:00:00,2025,10
штиль,0.0,н/о,,н/о,-0.8,-0.8,100,-2.0,-2.0,по сезону,1019.3,1014.5,,,,,,2025-10-25 18:00:00,2025-10-25 22:00:00,2025,10
штиль,0.0,н/о,,н/о,0.3,0.3,100,-1.0,-1.0,по сезону,1018.6,1013.8,,,,,,2025-10-25 21:00:00,2025-10-26 01:00:00,2025,10
штиль,0.0,н/о,,н/о,-0.7,-0.7,100,-2.0,-2.0,по сезону,1017.5,1012.7,,,,,,2025-10-26 00:00:00,2025-10-26 04:00:00,2025,10
штиль,0.0,н/о,,н/о,-1.3,-1.3,100,-3.0,-3.0,по сезону,1016.5,1011.7,-1.4,,,,,2025-10-26 03:00:00,2025-10-26 07:00:00,2025,10
штиль,0.0,н/о,,н/о,-0.1,-0.1,100,-2.0,-2.0,по сезону,1017.1,1012.3,,,,,,2025-10-26 06:00:00,2025-10-26 10:00:00,2025,10
В,1.0,н/о,,н/о,5.2,5.0,99,4.0,4.0,по сезону,1015.7,1011.0,,,,,,2025-10-26 12:00:00,2025-10-26 16:00:00,2025,10
ЮВ,1.0,н/о,,н/о,5.1,5.0,99,4.0,4.0,по сезону,1016.0,1011.3,,5.3,0.5,,,2025-10-26 15:00:00,2025-10-26 19:00:00,2025,10
штиль,0.0,н/о,,н/о,5.4,5.4,100,4.0,4.0,тепло,1016.1,1011.4,,,,,,2025-10-26 18:00:00,2025-10-26 22:00:00,2025,10
Ю,1.0,н/о,,н/о,5.2,5.2,100,4.0,4.0,тепло,1015.6,1010.9,,,,,,2025-10-26 21:00:00,2025-10-27 01:00:00,2025,10
штиль,0.0,н/о,,н/о,5.6,5.6,100,4.0,4.0,тепло,1015.4,1010.7,,,,,,2025-10-27 00:00:00,2025-10-27 04:00:00,2025,10
штиль,0.0,н/о,,н/о,5.7,5.7,100,4.0,4.0,тепло,1015.5,1010.8,4.9,,0.5,,,2025-10-27 03:00:00,2025-10-27 07:00:00,2025,10
штиль,0.0,н/о,,н/о,7.5,7.5,100,6.0,6.0,тепло,1016.2,1011.5,,,,,,2025-10-27 06:00:00,2025-10-27 10:00:00,2025,10
штиль,0.0,н/о,,н/о,8.9,8.9,100,8.0,8.0,тепло,1016.1,1011.4,,,,,,2025-10-27 09:00:00,2025-10-27 13:00:00,2025,10
штиль,0.0,н/о,,н/о,9.6,9.0,96,9.0,9.0,тепло,1016.3,1011.7,,,,,,2025-10-27 12:00:00,2025-10-27 16:00:00,2025,10
В,1.0,н/о,,н/о,9.2,9.0,99,8.0,8.0,тепло,1016.2,1011.6,,9.6,,,,2025-10-27 15:00:00,2025-10-27 19:00:00,2025,10
ЮВ,1.0,н/о,,н/о,8.2,8.2,100,7.0,7.0,тепло,1016.3,1011.7,,,,,,2025-10-27 18:00:00,2025-10-27 22:00:00,2025,10
В,1.0,н/о,,н/о,7.5,7.4,99,6.0,6.0,тепло,1014.9,1010.2,,,,,,2025-10-27 21:00:00,2025-10-28 01:00:00,2025,10
ЮВ,2.0,н/о,,н/о,7.8,7.5,98,6.0,6.0,тепло,1013.0,1008.4,,,,,,2025-10-28 00:00:00,2025-10-28 04:00:00,2025,10
ЮВ,2.0,н/о,,н/о,8.1,7.3,95,6.0,6.0,тепло,1011.8,1007.2,7.4,,,,,2025-10-28 03:00:00,2025-10-28 07:00:00,2025,10
Ю,,н/о,,н/о,8.7,8.5,99,5.0,5.0,тепло,1009.1,1004.5,,,,,,2025-10-28 09:00:00,2025-10-28 13:00:00,2025,10
Ю,,н/о,,н/о,8.9,7.1,88,6.0,6.0,тепло,1008.7,1004.1,,,,,,2025-10-28 12:00:00,2025-10-28 16:00:00,2025,10
Ю,4.0,н/о,,н/о,8.9,8.2,95,6.0,6.0,тепло,1010.1,1005.5,,8.9,3.0,,,2025-10-28 15:00:00,2025-10-28 19:00:00,2025,10
Ю,3.0,н/о,,н/о,9.3,9.1,99,7.0,7.0,тепло,1011.4,1006.8,,,,,,2025-10-28 18:00:00,2025-10-28 22:00:00,2025,10
Ю,2.0,н/о,,н/о,9.7,9.7,100,8.0,8.0,тепло,1011.6,1007.0,,,,,,2025-10-28 21:00:00,2025-10-29 01:00:00,2025,10
Ю,1.0,н/о,,н/о,9.4,9.4,100,9.0,9.0,тепло,1012.1,1007.5,,,,,,2025-10-29 00:00:00,2025-10-29 04:00:00,2025,10
Ю,1.0,н/о,,н/о,9.2,9.0,99,8.0,8.0,тепло,1012.5,1007.9,8.9,,,,,2025-10-29 03:00:00,2025-10-29 07:00:00,2025,10
Ю,2.0,н/о,,н/о,11.4,9.0,85,10.0,10.0,тепло,1012.6,1008.0,,,,,,2025-10-29 09:00:00,2025-10-29 13:00:00,2025,10
штиль,0.0,н/о,,н/о,9.4,9.4,100,8.0,8.0,тепло,1011.8,1007.2,,12.0,2.0,,,2025-10-29 15:00:00,2025-10-29 19:00:00,2025,10
штиль,0.0,н/о,,н/о,9.6,9.6,100,9.0,9.0,тепло,1011.3,1006.7,,,,,,2025-10-29 18:00:00,2025-10-29 22:00:00,2025,10
СЗ,2.0,н/о,,н/о,8.4,8.4,100,6.0,6.0,тепло,1011.3,1006.6,,,,,,2025-10-29 21:00:00,2025-10-30 01:00:00,2025,10
СЗ,1.0,н/о,,н/о,6.9,6.8,99,6.0,6.0,тепло,1011.2,1006.6,,,,,,2025-10-30 00:00:00,2025-10-30 04:00:00,2025,10
СЗ,2.0,н/о,,н/о,5.7,5.2,97,3.0,3.0,тепло,1011.7,1007.0,5.7,,3.0,,,2025-10-30 03:00:00,2025-10-30 07:00:00,2025,10
СЗ,2.0,н/о,,н/о,7.3,6.2,93,5.0,5.0,тепло,1012.7,1008.1,5.4,,,,,2025-10-30 06:00:00,2025-10-30 10:00:00,2025,10
СЗ,4.0,н/о,,н/о,10.1,5.1,71,8.0,8.0,тепло,1013.4,1008.8,,,,,,2025-10-30 09:00:00,2025-10-30 13:00:00,2025,10
З,1.0,н/о,,н/о,10.0,5.2,72,10.0,10.0,тепло,1013.9,1009.3,,,,,,2025-10-30 12:00:00,2025-10-30 16:00:00,2025,10
З,1.0,н/о,,н/о,8.1,5.3,82,7.0,7.0,тепло,1015.5,1010.8,,10.7,,,,2025-10-30 15:00:00,2025-10-30 19:00:00,2025,10
З,1.0,н/о,,н/о,7.5,5.9,90,7.0,7.0,тепло,1016.1,1011.5,,,,,,2025-10-30 18:00:00,2025-10-30 22:00:00,2025,10
З,1.0,н/о,,н/о,6.7,5.8,94,6.0,6.0,тепло,1016.9,1012.2,,,,,,2025-10-30 21:00:00,2025-10-31 01:00:00,2025,10
штиль,0.0,н/о,,н/о,6.1,5.3,95,5.0,5.0,тепло,1017.1,1012.4,,,,,,2025-10-31 00:00:00,2025-10-31 04:00:00,2025,10
З,1.0,н/о,,н/о,5.9,5.4,97,5.0,5.0,тепло,1017.5,1012.9,5.3,,,,,2025-10-31 03:00:00,2025-10-31 07:00:00,2025,10
штиль,0.0,н/о,,н/о,6.4,5.6,95,5.0,5.0,тепло,1018.7,1014.0,,,,,,2025-10-31 06:00:00,2025-10-31 10:00:00,2025,10
ЮЗ,1.0,н/о,,н/о,9.7,4.2,69,9.0,9.0,тепло,1018.1,1013.5,,,,,,2025-10-31 09:00:00,2025-10-31 13:00:00,2025,10
ЮЗ,2.0,н/о,,н/о,8.9,4.0,71,7.0,7.0,тепло,1017.9,1013.3,,,,,,2025-10-31 12:00:00,2025-10-31 16:00:00,2025,10
штиль,0.0,н/о,,н/о,5.1,3.7,91,4.0,4.0,тепло,1017.7,1013.0,,10.6,,,,2025-10-31 15:00:00,2025-10-31 19:00:00,2025,10
штиль,0.0,н/о,,н/о,2.8,2.7,99,2.0,2.0,тепло,1017.0,1012.3,,,,,,2025-10-31 18:00:00,2025-10-31 22:00:00,2025,10
ЮВ,1.0,н/о,,н/о,4.5,4.4,99,3.0,3.0,тепло,1016.0,1011.3,,,,,,2025-10-31 21:00:00,2025-11-01 01:00:00,2025,10
ЮВ,2.0,н/о,,н/о,5.2,5.1,99,2.0,2.0,тепло,1014.3,1009.6,,,,,,2025-11-01 00:00:00,2025-11-01 04:00:00,2025,11
ЮВ,3.0,н/о,,н/о,5.5,5.5,100,2.0,2.0,тепло,1012.1,1007.5,2.8,,3.0,,,2025-11-01 03:00:00,2025-11-01 07:00:00,2025,11
Ю,3.0,н/о,,н/о,5.9,5.9,100,2.0,2.0,по сезону,1011.5,1006.8,,,,,,2025-11-01 06:00:00,2025-11-01 10:00:00,2025,11
Ю,2.0,н/о,,н/о,7.1,7.0,99,5.0,5.0,тепло,1010.9,1006.3,,,,,,2025-11-01 09:00:00,2025-11-01 13:00:00,2025,11
штиль,0.0,н/о,,н/о,7.1,7.0,99,6.0,6.0,тепло,1011.4,1006.7,,,,,,2025-11-01 12:00:00,2025-11-01 16:00:00,2025,11
штиль,0.0,н/о,,н/о,6.7,6.7,100,6.0,6.0,тепло,1012.5,1007.9,,7.2,5.0,,,2025-11-01 15:00:00,2025-11-01 19:00:00,2025,11
СВ,2.0,н/о,,н/о,6.7,6.7,100,4.0,4.0,тепло,1013.7,1009.1,,,,,,2025-11-01 18:00:00,2025-11-01 22:00:00,2025,11
штиль,0.0,н/о,,н/о,6.6,6.6,100,5.0,5.0,тепло,1014.6,1010.0,,,,,,2025-11-01 21:00:00,2025-11-02 01:00:00,2025,11
С,4.0,н/о,,н/о,5.7,5.7,100,1.0,1.0,по сезону,1015.8,1011.1,,,,,,2025-11-02 00:00:00,2025-11-02 04:00:00,2025,11
С,4.0,н/о,,н/о,4.7,4.5,99,0.0,0.0,по сезону,1017.2,1012.5,4.7,,,,,2025-11-02 03:00:00,2025-11-02 07:00:00,2025,11
С,4.0,н/о,,н/о,4.7,3.7,93,0.0,0.0,по сезону,1019.2,1014.5,4.7,,,,,2025-11-02 06:00:00,2025-11-02 10:00:00,2025,11
С,4.0,н/о,,н/о,6.8,2.7,75,3.0,3.0,по сезону,1020.6,1015.9,,,,,,2025-11-02 09:00:00,2025-11-02 13:00:00,2025,11
С,4.0,н/о,,н/о,6.6,0.5,65,3.0,3.0,по сезону,1021.8,1017.1,,,,,,2025-11-02 12:00:00,2025-11-02 16:00:00,2025,11
СЗ,3.0,н/о,,н/о,4.5,1.6,81,1.0,1.0,по сезону,1023.7,1019.0,,7.6,0.3,,,2025-11-02 15:00:00,2025-11-02 19:00:00,2025,11
С,2.0,н/о,,н/о,2.6,1.1,90,-1.0,-1.0,по сезону,1025.3,1020.5,,,,,,2025-11-02 18:00:00,2025-11-02 22:00:00,2025,11
С,2.0,н/о,,н/о,0.9,-0.2,92,-3.0,-3.0,по сезону,1027.0,1022.2,,,,,,2025-11-02 21:00:00,2025-11-03 01:00:00,2025,11
СЗ,1.0,н/о,,н/о,2.0,-0.6,83,0.0,0.0,по сезону,1027.3,1022.5,,,,,,2025-11-03 00:00:00,2025-11-03 04:00:00,2025,11
СЗ,2.0,н/о,,н/о,2.3,0.2,86,-1.0,-1.0,по сезону,1028.9,1024.1,0.1,,,,,2025-11-03 03:00:00,2025-11-03 07:00:00,2025,11
С,3.0,н/о,,н/о,2.8,-1.4,74,-1.0,-1.0,по сезону,1030.4,1025.6,,,,,,2025-11-03 06:00:00,2025-11-03 10:00:00,2025,11
С,4.0,н/о,,н/о,3.8,-1.7,67,-0.0,-0.0,по сезону,1031.3,1026.5,,,,,,2025-11-03 09:00:00,2025-11-03 13:00:00,2025,11
СВ,2.0,н/о,,н/о,3.9,-1.9,66,1.0,1.0,по сезону,1032.3,1027.5,,,,,,2025-11-03 12:00:00,2025-11-03 16:00:00,2025,11
Ю,1.0,н/о,,н/о,-0.9,-2.5,89,-3.0,-3.0,по сезону,1033.5,1028.6,,4.4,,,,2025-11-03 15:00:00,2025-11-03 19:00:00,2025,11
штиль,0.0,н/о,,н/о,-2.2,-3.0,94,-3.0,-3.0,по сезону,1034.3,1029.4,,,,,,2025-11-03 18:00:00,2025-11-03 22:00:00,2025,11
ЮВ,1.0,н/о,,н/о,-2.8,-3.1,98,-5.0,-5.0,по сезону,1034.7,1029.8,,,,,,2025-11-03 21:00:00,2025-11-04 01:00:00,2025,11
ЮВ,1.0,н/о,,н/о,-3.4,-3.6,99,-6.0,-6.0,по сезону,1034.8,1029.9,,,,,,2025-11-04 00:00:00,2025-11-04 04:00:00,2025,11
Ю,2.0,н/о,,н/о,-1.6,-2.5,94,-6.0,-6.0,по сезону,1034.8,1029.9,-4.8,,,,,2025-11-04 03:00:00,2025-11-04 07:00:00,2025,11
Ю,2.0,н/о,,н/о,0.2,-2.1,85,-3.0,-3.0,по сезону,1034.9,1030.0,,,,,,2025-11-04 06:00:00,2025-11-04 10:00:00,2025,11
Ю,4.0,н/о,,н/о,2.2,-1.0,79,-3.0,-3.0,по сезону,1034.4,1029.6,,,,,,2025-11-04 09:00:00,2025-11-04 13:00:00,2025,11
Ю,4.0,н/о,,н/о,2.7,-0.8,78,-2.0,-2.0,по сезону,1033.3,1028.5,,,,,,2025-11-04 12:00:00,2025-11-04 16:00:00,2025,11
Ю,2.0,н/о,,н/о,2.2,-0.5,82,-1.0,-1.0,по сезону,1032.6,1027.7,,2.8,,,,2025-11-04 15:00:00,2025-11-04 19:00:00,2025,11
Ю,3.0,н/о,,н/о,1.8,-0.2,87,-3.0,-3.0,по сезону,1031.4,1026.6,,,,,,2025-11-04 18:00:00,2025-11-04 22:00:00,2025,11
ЮЗ,2.0,н/о,,н/о,2.4,-0.2,83,-1.0,-1.0,по сезону,1031.5,1026.7,,,,,,2025-11-04 21:00:00,2025-11-05 01:00:00,2025,11
Ю,3.0,н/о,,н/о,2.6,-0.6,79,-1.0,-1.0,по сезону,1030.1,1025.3,,,,,,2025-11-05 00:00:00,2025-11-05 04:00:00,2025,11
ЮЗ,3.0,н/о,,н/о,2.8,-0.2,81,-1.0,-1.0,по сезону,1029.9,1025.1,1.8,,,,,2025-11-05 03:00:00,2025-11-05 07:00:00,2025,11
ЮЗ,3.0,н/о,,н/о,2.9,0.5,84,-1.0,-1.0,по сезону,1030.3,1025.5,,,,,,2025-11-05 06:00:00,2025-11-05 10:00:00,2025,11
ЮЗ,2.0,н/о,,н/о,4.5,1.8,83,2.0,2.0,по сезону,1031.1,1026.3,,,,,,2025-11-05 09:00:00,2025-11-05 13:00:00,2025,11
ЮЗ,2.0,н/о,,н/о,5.8,2.9,82,3.0,3.0,по сезону,1030.8,1026.1,,,,,,2025-11-05 12:00:00,2025-11-05 16:00:00,2025,11
штиль,0.0,н/о,,н/о,4.7,2.8,87,4.0,4.0,тепло,1031.5,1026.7,,5.9,,,,2025-11-05 15:00:00,2025-11-05 19:00:00,2025,11
ЮЗ,3.0,н/о,,н/о,5.2,3.4,88,2.0,2.0,тепло,1030.6,1025.9,,,,,,2025-11-05 18:00:00,2025-11-05 22:00:00,2025,11
ЮЗ,2.0,н/о,,н/о,4.0,2.4,89,1.0,1.0,тепло,1030.3,1025.5,,,,,,2025-11-05 21:00:00,2025-11-06 01:00:00,2025,11
ЮЗ,2.0,н/о,,н/о,4.4,3.2,92,2.0,2.0,тепло,1028.2,1023.5,,,,,,2025-11-06 00:00:00,2025-11-06 04:00:00,2025,11
ЮЗ,2.0,н/о,,н/о,5.1,4.1,93,2.0,2.0,тепло,1027.4,1022.7,3.7,,,,,2025-11-06 03:00:00,2025-11-06 07:00:00,2025,11
ЮЗ,2.0,н/о,,н/о,5.7,4.6,93,3.0,3.0,тепло,1026.5,1021.8,,,,,,2025-11-06 06:00:00,2025-11-06 10:00:00,2025,11
ЮЗ,3.0,н/о,,н/о,7.6,6.1,90,5.0,5.0,тепло,1024.9,1020.2,,,,,,2025-11-06 09:00:00,2025-11-06 13:00:00,2025,11
ЮЗ,3.0,н/о,,н/о,8.2,6.4,88,5.0,5.0,тепло,1023.5,1018.9,,,,,,2025-11-06 12:00:00,2025-11-06 16:00:00,2025,11
ЮЗ,4.0,н/о,,н/о,7.6,5.7,88,4.0,4.0,тепло,1021.6,1016.9,,,,,,2025-11-06 18:00:00,2025-11-06 22:00:00,2025,11
ЮЗ,2.0,н/о,,н/о,7.5,5.9,90,5.0,5.0,тепло,1020.6,1016.0,,,,,,2025-11-06 21:00:00,2025-11-07 01:00:00,2025,11
ЮЗ,1.0,н/о,,н/о,7.6,6.1,90,7.0,7.0,тепло,1019.3,1014.7,,,,,,2025-11-07 00:00:00,2025-11-07 04:00:00,2025,11
ЮЗ,,н/о,,н/о,6.1,5.3,95,2.0,2.0,тепло,1017.3,1012.6,6.0,,,,,2025-11-07 06:00:00,2025-11-07 10:00:00,2025,11
З,,н/о,,н/о,6.8,5.9,94,4.0,4.0,тепло,1016.7,1012.0,,,,,,2025-11-07 09:00:00,2025-11-07 13:00:00,2025,11
ЮЗ,3.0,н/о,,н/о,6.9,6.4,97,4.0,4.0,тепло,1016.5,1011.8,,,,,,2025-11-07 12:00:00,2025-11-07 16:00:00,2025,11
З,3.0,н/о,,н/о,7.1,6.7,97,4.0,4.0,тепло,1016.7,1012.1,,7.2,2.0,,,2025-11-07 15:00:00,2025-11-07 19:00:00,2025,11
З,1.0,н/о,,н/о,7.2,6.7,97,6.0,6.0,тепло,1017.2,1012.5,,,,,,2025-11-07 18:00:00,2025-11-07 22:00:00,2025,11
З,2.0,н/о,,н/о,7.4,6.7,95,5.0,5.0,тепло,1017.6,1012.9,,,,,,2025-11-08 00:00:00,2025-11-08 04:00:00,2025,11
штиль,0.0,н/о,,н/о,6.5,6.2,98,5.0,5.0,тепло,1017.2,1012.5,6.5,,0.3,,,2025-11-08 03:00:00,2025-11-08 07:00:00,2025,11
З,2.0,н/о,,н/о,8.0,7.2,95,6.0,6.0,тепло,1016.7,1012.1,6.5,,,,,2025-11-08 06:00:00,2025-11-08 10:00:00,2025,11
ЮЗ,3.0,н/о,,н/о,9.8,7.9,88,7.0,7.0,тепло,1014.2,1009.6,,,,,,2025-11-08 09:00:00,2025-11-08 13:00:00,2025,11
ЮЗ,5.0,н/о,,н/о,9.1,8.6,97,6.0,6.0,тепло,1011.4,1006.8,,,,,,2025-11-08 12:00:00,2025-11-08 16:00:00,2025,11
З,,н/о,,н/о,9.9,9.3,96,7.0,7.0,тепло,1010.8,1006.2,,10.1,2.0,,,2025-11-08 15:00:00,2025-11-08 19:00:00,2025,11
З,3.0,н/о,,н/о,10.6,9.1,90,8.0,8.0,тепло,1010.5,1005.9,,,,,,2025-11-08 18:00:00,2025-11-08 22:00:00,2025,11
СЗ,,н/о,,н/о,6.0,3.6,85,2.0,2.0,тепло,1013.7,1009.0,,,,,,2025-11-08 21:00:00,2025-11-09 01:00:00,2025,11
СЗ,6.0,н/о,,н/о,6.4,3.1,79,2.0,2.0,тепло,1015.5,1010.8,,,,,,2025-11-09 00:00:00,2025-11-09 04:00:00,2025,11
С,,н/о,,н/о,5.4,2.1,79,1.0,1.0,тепло,1017.9,1013.2,5.2,,0.8,,,2025-11-09 03:00:00,2025-11-09 07:00:00,2025,11
СЗ,4.0,н/о,,н/о,4.3,1.6,83,0.0,0.0,по сезону,1020.5,1015.8,4.3,,,,,2025-11-09 06:00:00,2025-11-09 10:00:00,2025,11
СЗ,3.0,н/о,,н/о,4.9,1.6,79,2.0,2.0,тепло,1021.6,1016.9,,,,,,2025-11-09 09:00:00,2025-11-09 13:00:00,2025,11
штиль,0.0,н/о,,н/о,4.8,1.7,80,4.0,4.0,тепло,1022.2,1017.5,,,,,,2025-11-09 12:00:00,2025-11-09 16:00:00,2025,11
штиль,0.0,н/о,,н/о,3.9,1.1,82,3.0,3.0,тепло,1022.5,1017.8,,5.3,,,,2025-11-09 15:00:00,2025-11-09 19:00:00,2025,11
Ю,2.0,н/о,,н/о,3.5,1.1,84,1.0,1.0,по сезону,1022.2,1017.4,,,,,,2025-11-09 18:00:00,2025-11-09 22:00:00,2025,11
Ю,2.0,н/о,,н/о,3.4,1.8,89,0.0,0.0,по сезону,1021.5,1016.7,,,,,,2025-11-09 21:00:00,2025-11-10 01:00:00,2025,11
Ю,3.0,н/о,,н/о,2.7,1.6,92,-2.0,-2.0,по сезону,1019.5,1014.7,,,,,,2025-11-10 00:00:00,2025-11-10 04:00:00,2025,11
Ю,2.0,н/о,,н/о,4.8,2.8,87,2.0,2.0,тепло,1017.9,1013.2,2.1,,,,,2025-11-10 03:00:00,2025-11-10 07:00:00,2025,11
Ю,2.0,н/о,,н/о,6.3,4.4,88,4.0,4.0,тепло,1016.6,1012.0,,,,,,2025-11-10 06:00:00,2025-11-10 10:00:00,2025,11
ЮЗ,3.0,н/о,,н/о,7.2,6.2,93,4.0,4.0,тепло,1015.8,1011.1,,,,,,2025-11-10 09:00:00,2025-11-10 13:00:00,2025,11
ЮЗ,1.0,н/о,,н/о,7.2,5.9,91,6.0,6.0,тепло,1014.6,1010.0,,,,,,2025-11-10 12:00:00,2025-11-10 16:00:00,2025,11
З,2.0,н/о,,н/о,6.8,5.0,88,5.0,5.0,тепло,1014.7,1010.0,,7.7,,,,2025-11-10 15:00:00,2025-11-10 19:00:00,2025,11
штиль,0.0,н/о,,н/о,6.5,4.8,89,6.0,6.0,тепло,1014.6,1009.9,,,,,,2025-11-10 18:00:00,2025-11-10 22:00:00,2025,11
штиль,0.0,н/о,,н/о,5.4,4.8,96,4.0,4.0,тепло,1014.2,1009.5,,,,,,2025-11-10 21:00:00,2025-11-11 01:00:00,2025,11
СЗ,1.0,н/о,,н/о,5.0,4.6,97,4.0,4.0,тепло,1013.9,1009.2,,,,,,2025-11-11 00:00:00,2025-11-11 04:00:00,2025,11
СЗ,1.0,н/о,,н/о,4.6,4.0,96,3.0,3.0,тепло,1014.2,1009.5,4.6,,0.5,,,2025-11-11 03:00:00,2025-11-11 07:00:00,2025,11
СЗ,2.0,н/о,,н/о,5.6,4.0,89,3.0,3.0,тепло,1015.7,1011.1,,,,,,2025-11-11 09:00:00,2025-11-11 13:00:00,2025,11
З,2.0,н/о,,н/о,5.5,3.4,86,3.0,3.0,тепло,1016.5,1011.8,,,,,,2025-11-11 12:00:00,2025-11-11 16:00:00,2025,11
З,1.0,н/о,,н/о,5.3,2.9,84,4.0,4.0,тепло,1017.9,1013.2,,5.7,,,,2025-11-11 15:00:00,2025-11-11 19:00:00,2025,11
З,1.0,н/о,,н/о,5.1,3.1,87,4.0,4.0,тепло,1018.9,1014.2,,,,,,2025-11-11 18:00:00,2025-11-11 22:00:00,2025,11
штиль,0.0,н/о,,н/о,4.5,4.1,97,3.0,3.0,тепло,1019.9,1015.2,,,,,,2025-11-11 21:00:00,2025-11-12 01:00:00,2025,11
штиль,0.0,н/о,,н/о,4.4,4.3,99,3.0,3.0,тепло,1020.6,1015.9,,,,,,2025-11-12 00:00:00,2025-11-12 04:00:00,2025,11
Ю,1.0,н/о,,н/о,4.6,4.6,100,3.0,3.0,тепло,1023.5,1018.8,3.8,,,,,2025-11-12 06:00:00,2025-11-12 10:00:00,2025,11
В,1.0,н/о,,н/о,6.3,3.6,83,5.0,5.0,тепло,1024.7,1020.0,,,,,,2025-11-12 09:00:00,2025-11-12 13:00:00,2025,11
штиль,0.0,н/о,,н/о,6.1,3.0,80,5.0,5.0,тепло,1025.5,1020.7,,,,,,2025-11-12 12:00:00,2025-11-12 16:00:00,2025,11
В,1.0,н/о,,н/о,3.5,2.7,94,2.0,2.0,тепло,1026.6,1021.8,,6.5,,,,2025-11-12 15:00:00,2025-11-12 19:00:00,2025,11
штиль,0.0,н/о,,н/о,-0.7,-0.7,100,-2.0,-2.0,по сезону,1027.4,1022.5,,,,,,2025-11-12 18:00:00,2025-11-12 22:00:00,2025,11
штиль,0.0,н/о,,н/о,1.5,1.5,100,0.0,0.0,тепло,1027.7,1022.9,,,,,,2025-11-12 21:00:00,2025-11-13 01:00:00,2025,11
штиль,0.0,н/о,,н/о,1.9,1.9,100,1.0,1.0,тепло,1027.7,1022.9,,,,,,2025-11-13 00:00:00,2025-11-13 04:00:00,2025,11
ЮВ,1.0,н/о,,н/о,3.6,3.6,100,2.0,2.0,тепло,1027.4,1022.6,-0.8,,1.0,,,2025-11-13 03:00:00,2025-11-13 07:00:00,2025,11
ЮВ,2.0,н/о,,н/о,4.0,4.0,100,1.0,1.0,тепло,1027.2,1022.4,,,,,,2025-11-13 06:00:00,2025-11-13 10:00:00,2025,11
ЮВ,3.0,н/о,,н/о,5.4,5.3,99,2.0,2.0,тепло,1025.9,1021.2,,,,,,2025-11-13 09:00:00,2025-11-13 13:00:00,2025,11
Ю,2.0,н/о,,н/о,6.5,5.5,93,4.0,4.0,тепло,1024.8,1020.1,,,,,,2025-11-13 12:00:00,2025-11-13 16:00:00,2025,11
ЮВ,2.0,н/о,,н/о,6.5,5.3,92,4.0,4.0,тепло,1024.5,1019.8,,6.5,0.8,,,2025-11-13 15:00:00,2025-11-13 19:00:00,2025,11
Ю,3.0,н/о,,н/о,6.2,4.1,86,3.0,3.0,тепло,1024.1,1019.4,,,,,,2025-11-13 18:00:00,2025-11-13 22:00:00,2025,11
Ю,2.0,н/о,,н/о,5.8,4.1,89,3.0,3.0,тепло,1023.4,1018.7,,,,,,2025-11-13 21:00:00,2025-11-14 01:00:00,2025,11
Ю,1.0,н/о,,н/о,5.7,4.5,92,4.0,4.0,тепло,1022.7,1018.0,,,,,,2025-11-14 00:00:00,2025-11-14 04:00:00,2025,11
Ю,3.0,н/о,,н/о,6.3,5.2,93,3.0,3.0,тепло,1022.0,1017.3,5.6,,,,,2025-11-14 03:00:00,2025-11-14 07:00:00,2025,11
Ю,2.0,н/о,,н/о,5.9,5.1,95,3.0,3.0,тепло,1021.9,1017.2,,,,,,2025-11-14 06:00:00,2025-11-14 10:00:00,2025,11
Ю,3.0,н/о,,н/о,7.8,7.3,97,5.0,5.0,тепло,1021.0,1016.4,,,,,,2025-11-14 09:00:00,2025-11-14 13:00:00,2025,11
ЮЗ,3.0,н/о,,н/о,8.9,7.7,92,6.0,6.0,тепло,1019.9,1015.3,,,,,,2025-11-14 12:00:00,2025-11-14 16:00:00,2025,11
Ю,3.0,н/о,,н/о,7.8,6.8,93,5.0,5.0,тепло,1019.5,1014.8,,9.4,0.3,,,2025-11-14 15:00:00,2025-11-14 19:00:00,2025,11
Ю,3.0,н/о,,н/о,7.6,6.6,93,5.0,5.0,тепло,1018.6,1014.0,,,,,,2025-11-14 18:00:00,2025-11-14 22:00:00,2025,11
ЮЗ,3.0,н/о,,н/о,7.4,5.8,90,4.0,4.0,тепло,1018.1,1013.4,,,,,,2025-11-14 21:00:00,2025-11-15 01:00:00,2025,11
ЮЗ,3.0,н/о,,н/о,6.4,5.1,91,3.0,3.0,тепло,1017.0,1012.4,,,,,,2025-11-15 00:00:00,2025-11-15 04:00:00,2025,11
ЮЗ,3.0,н/о,,н/о,5.3,4.1,92,2.0,2.0,тепло,1016.4,1011.7,5.3,,,,,2025-11-15 03:00:00,2025-11-15 07:00:00,2025,11
ЮЗ,,н/о,,н/о,4.6,3.4,92,1.0,1.0,тепло,1015.4,1010.7,4.6,,,,,2025-11-15 06:00:00,2025-11-15 10:00:00,2025,11
ЮЗ,,н/о,,н/о,8.1,4.4,77,4.0,4.0,тепло,1013.3,1008.6,,,,,,2025-11-15 09:00:00,2025-11-15 13:00:00,2025,11
Ю,,н/о,,н/о,8.5,4.0,73,6.0,6.0,тепло,1011.0,1006.4,,,,,,2025-11-15 12:00:00,2025-11-15 16:00:00,2025,11
Ю,,н/о,,н/о,7.4,4.3,81,4.0,4.0,тепло,1009.3,1004.6,,9.5,,,,2025-11-15 15:00:00,2025-11-15 19:00:00,2025,11
ЮЗ,,н/о,,н/о,6.8,4.5,85,3.0,3.0,тепло,1008.7,1004.0,,,,,,2025-11-15 18:00:00,2025-11-15 22:00:00,2025,11
ЮЗ,,н/о,,н/о,6.8,5.3,90,3.0,3.0,тепло,1008.9,1004.3,,,,,,2025-11-15 21:00:00,2025-11-16 01:00:00,2025,11
СЗ,5.0,н/о,,н/о,5.4,4.7,95,1.0,1.0,тепло,1010.1,1005.5,,,,,,2025-11-16 00:00:00,2025-11-16 04:00:00,2025,11
СЗ,1.0,н/о,,н/о,0.7,0.6,99,-1.0,-1.0,тепло,1014.3,1009.6,0.7,,6.0,,,2025-11-16 03:00:00,2025-11-16 07:00:00,2025,11
С,4.0,н/о,,н/о,1.3,-0.7,87,-4.0,-4.0,по сезону,1017.9,1013.2,0.6,,,,,2025-11-16 06:00:00,2025-11-16 10:00:00,2025,11
С,3.0,н/о,,н/о,2.6,-2.1,71,-1.0,-1.0,по сезону,1020.1,1015.4,,,,,,2025-11-16 09:00:00,2025-11-16 13:00:00,2025,11
С,4.0,н/о,,н/о,2.1,-3.4,67,-3.0,-3.0,по сезону,1022.7,1017.9,,,,,,2025-11-16 12:00:00,2025-11-16 16:00:00,2025,11
штиль,0.0,н/о,,н/о,-3.3,-4.2,93,-5.0,-5.0,по сезону,1024.6,1019.8,,3.0,0.8,,,2025-11-16 15:00:00,2025-11-16 19:00:00,2025,11
штиль,0.0,н/о,,н/о,-4.9,-5.2,98,-6.0,-6.0,по сезону,1026.5,1021.5,,,,,,2025-11-16 18:00:00,2025-11-16 22:00:00,2025,11
штиль,0.0,н/о,,н/о,-6.3,-6.3,100,-7.0,-7.0,по сезону,1027.8,1022.8,,,,,,2025-11-16 21:00:00,2025-11-17 01:00:00,2025,11
ЮВ,1.0,н/о,,н/о,-7.5,-7.6,99,-10.0,-10.0,прохладно,1028.1,1023.1,,,,,,2025-11-17 00:00:00,2025-11-17 04:00:00,2025,11
Ю,1.0,н/о,,н/о,-6.9,-7.0,99,-9.0,-9.0,по сезону,1028.3,1023.3,-8.5,,,,,2025-11-17 03:00:00,2025-11-17 07:00:00,2025,11
штиль,0.0,н/о,,н/о,-4.9,-5.4,96,-6.0,-6.0,по сезону,1028.2,1023.3,,,,,,2025-11-17 06:00:00,2025-11-17 10:00:00,2025,11
Ю,2.0,н/о,,н/о,1.0,-2.3,79,-2.0,-2.0,по сезону,1027.5,1022.7,,,,,,2025-11-17 09:00:00,2025-11-17 13:00:00,2025,11
Ю,2.0,н/о,,н/о,0.6,-1.5,86,-3.0,-3.0,по сезону,1026.1,1021.3,,,,,,2025-11-17 12:00:00,2025-11-17 16:00:00,2025,11
Ю,2.0,н/о,,н/о,0.5,-0.7,92,-3.0,-3.0,по сезону,1025.1,1020.3,,1.1,,,,2025-11-17 15:00:00,2025-11-17 19:00:00,2025,11
Ю,3.0,н/о,,н/о,1.0,0.5,96,-4.0,-4.0,по сезону,1024.1,1019.3,,,,,,2025-11-17 18:00:00,2025-11-17 22:00:00,2025,11
Ю,4.0,н/о,,н/о,2.2,1.7,96,-3.0,-3.0,по сезону,1023.2,1018.5,,,,,,2025-11-17 21:00:00,2025-11-18 01:00:00,2025,11
Ю,3.0,н/о,,н/о,3.5,3.5,100,-1.0,-1.0,тепло,1021.7,1017.0,,,,,,2025-11-18 00:00:00,2025-11-18 04:00:00,2025,11
Ю,4.0,н/о,,н/о,5.0,5.0,100,1.0,1.0,тепло,1020.3,1015.6,0.5,,0.3,,,2025-11-18 03:00:00,2025-11-18 07:00:00,2025,11
Ю,3.0,н/о,,н/о,7.2,7.2,100,4.0,4.0,тепло,1020.1,1015.4,,,,,,2025-11-18 06:00:00,2025-11-18 10:00:00,2025,11
Ю,,н/о,,н/о,9.2,8.4,95,6.0,6.0,тепло,1018.6,1014.0,,,,,,2025-11-18 09:00:00,2025-11-18 13:00:00,2025,11
Ю,,н/о,,н/о,9.7,8.0,89,6.0,6.0,тепло,1016.7,1012.0,,,,,,2025-11-18 12:00:00,2025-11-18 16:00:00,2025,11
Ю,,н/о,,н/о,8.5,7.5,93,4.0,4.0,тепло,1015.9,1011.3,,10.2,0.3,,,2025-11-18 15:00:00,2025-11-18 19:00:00,2025,11
ЮЗ,,н/о,,н/о,9.6,8.2,91,7.0,7.0,тепло,1015.9,1011.3,,,,,,2025-11-18 18:00:00,2025-11-18 22:00:00,2025,11
Ю,,н/о,,н/о,9.9,8.4,90,7.0,7.0,тепло,1012.5,1008.0,,,,,,2025-11-19 00:00:00,2025-11-19 04:00:00,2025,11
штиль,0.0,н/о,,н/о,2.8,2.2,96,2.0,2.0,тепло,1019.3,1014.5,,9.4,7.0,,,2025-11-19 15:00:00,2025-11-19 19:00:00,2025,11
СВ,1.0,н/о,,н/о,1.9,1.4,96,0.0,0.0,тепло,1020.7,1015.9,,,,,,2025-11-19 21:00:00,2025-11-20 01:00:00,2025,11
СЗ,1.0,н/о,,н/о,1.3,1.3,100,-1.0,-1.0,тепло,1021.8,1017.0,,,,,,2025-11-20 00:00:00,2025-11-20 04:00:00,2025,11
С,1.0,н/о,,н/о,1.3,1.3,100,-1.0,-1.0,тепло,1022.4,1017.6,1.2,,0.3,,,2025-11-20 03:00:00,2025-11-20 07:00:00,2025,11
С,2.0,н/о,,н/о,1.2,1.1,99,-2.0,-2.0,тепло,1024.5,1019.7,0.8,,,,,2025-11-20 06:00:00,2025-11-20 10:00:00,2025,11
С,3.0,н/о,,н/о,3.7,-0.6,73,0.0,0.0,тепло,1026.0,1021.2,,,,,,2025-11-20 09:00:00,2025-11-20 13:00:00,2025,11
СВ,1.0,н/о,,н/о,3.4,-1.4,71,2.0,2.0,тепло,1026.7,1021.9,,,,,,2025-11-20 12:00:00,2025-11-20 16:00:00,2025,11
штиль,0.0,н/о,,н/о,-2.0,-2.4,97,-3.0,-3.0,по сезону,1028.7,1023.8,,4.2,0.3,,,2025-11-20 15:00:00,2025-11-20 19:00:00,2025,11
штиль,0.0,н/о,,н/о,-3.3,-3.3,100,-5.0,-5.0,по сезону,1030.4,1025.5,,,,,,2025-11-20 18:00:00,2025-11-20 22:00:00,2025,11
штиль,0.0,н/о,,н/о,-5.1,-5.1,100,-6.0,-6.0,по сезону,1031.4,1026.4,,,,,,2025-11-20 21:00:00,2025-11-21 01:00:00,2025,11
штиль,0.0,н/о,,н/о,-4.2,-4.2,100,-5.0,-5.0,по сезону,1032.1,1027.2,,,,,,2025-11-21 00:00:00,2025-11-21 04:00:00,2025,11
штиль,0.0,н/о,,н/о,-3.5,-3.5,100,-5.0,-5.0,по сезону,1033.1,1028.1,-5.6,,,,,2025-11-21 03:00:00,2025-11-21 07:00:00,2025,11
штиль,0.0,н/о,,н/о,-1.7,-1.7,100,-3.0,-3.0,тепло,1033.9,1029.0,,,,,,2025-11-21 06:00:00,2025-11-21 10:00:00,2025,11
В,2.0,н/о,,н/о,2.0,-1.2,79,-1.0,-1.0,тепло,1033.5,1028.6,,,,,,2025-11-21 09:00:00,2025-11-21 13:00:00,2025,11
В,2.0,н/о,,н/о,1.8,-1.3,80,-1.0,-1.0,тепло,1032.5,1027.7,,,,,,2025-11-21 12:00:00,2025-11-21 16:00:00,2025,11
В,1.0,н/о,,н/о,1.3,-0.6,87,-1.0,-1.0,тепло,1032.2,1027.4,,2.5,,,,2025-11-21 15:00:00,2025-11-21 19:00:00,2025,11
ЮВ,1.0,н/о,,н/о,2.1,0.6,90,0.0,0.0,тепло,1031.0,1026.2,,,,,,2025-11-21 18:00:00,2025-11-21 22:00:00,2025,11
штиль,0.0,н/о,,н/о,2.1,1.2,94,1.0,1.0,тепло,1029.9,1025.1,,,,,,2025-11-21 21:00:00,2025-11-22 01:00:00,2025,11
Ю,3.0,н/о,,н/о,4.0,3.4,96,0.0,0.0,тепло,1028.0,1023.2,,,,,,2025-11-22 00:00:00,2025-11-22 04:00:00,2025,11
Ю,3.0,н/о,,н/о,4.1,4.1,100,0.0,0.0,тепло,1026.0,1021.2,1.3,,,,,2025-11-22 03:00:00,2025-11-22 07:00:00,2025,11
Ю,3.0,н/о,,н/о,5.8,5.8,100,2.0,2.0,тепло,1024.1,1019.4,,,,,,2025-11-22 06:00:00,2025-11-22 10:00:00,2025,11
Ю,3.0,н/о,,н/о,8.2,8.2,100,5.0,5.0,тепло,1022.8,1018.2,,,,,,2025-11-22 09:00:00,2025-11-22 13:00:00,2025,11
ЮЗ,2.0,н/о,,н/о,9.3,8.4,94,7.0,7.0,тепло,1021.8,1017.2,,,,,,2025-11-22 12:00:00,2025-11-22 16:00:00,2025,11
ЮЗ,3.0,н/о,,н/о,9.3,8.5,95,7.0,7.0,тепло,1021.8,1017.1,,9.5,,,,2025-11-22 15:00:00,2025-11-22 19:00:00,2025,11
ЮЗ,2.0,н/о,,н/о,9.4,9.0,97,8.0,8.0,тепло,1021.9,1017.3,,,,,,2025-11-22 18:00:00,2025-11-22 22:00:00,2025,11
ЮЗ,3.0,н/о,,н/о,9.6,8.9,95,7.0,7.0,тепло,1021.9,1017.2,,,,,,2025-11-22 21:00:00,2025-11-23 01:00:00,2025,11
ЮЗ,3.0,н/о,,н/о,9.2,8.7,97,7.0,7.0,тепло,1021.0,1016.4,,,,,,2025-11-23 00:00:00,2025-11-23 04:00:00,2025,11
Ю,2.0,н/о,,н/о,7.5,7.5,100,5.0,5.0,тепло,1019.9,1015.2,7.5,,,,,2025-11-23 03:00:00,2025-11-23 07:00:00,2025,11
ЮЗ,2.0,н/о,,н/о,6.8,6.5,98,4.0,4.0,тепло,1020.1,1015.4,6.3,,,,,2025-11-23 06:00:00,2025-11-23 10:00:00,2025,11
ЮЗ,3.0,н/о,,н/о,8.0,6.8,92,5.0,5.0,тепло,1019.7,1015.0,,,,,,2025-11-23 09:00:00,2025-11-23 13:00:00,2025,11
ЮЗ,1.0,н/о,,н/о,6.8,6.2,96,6.0,6.0,тепло,1020.4,1015.7,,,,,,2025-11-23 12:00:00,2025-11-23 16:00:00,2025,11
штиль,0.0,н/о,,н/о,7.0,6.6,97,6.0,6.0,тепло,1021.8,1017.2,,8.1,,,,2025-11-23 15:00:00,2025-11-23 19:00:00,2025,11
СЗ,2.0,н/о,,н/о,7.0,6.8,99,5.0,5.0,тепло,1022.9,1018.2,,,,,,2025-11-23 18:00:00,2025-11-23 22:00:00,2025,11
СВ,3.0,н/о,,н/о,5.1,4.4,95,1.0,1.0,тепло,1024.8,1020.1,,,,,,2025-11-23 21:00:00,2025-11-24 01:00:00,2025,11
С,3.0,н/о,,н/о,3.6,3.1,97,-1.0,-1.0,тепло,1025.6,1020.8,,,,,,2025-11-24 00:00:00,2025-11-24 04:00:00,2025,11
В,2.0,н/о,,н/о,3.6,3.0,96,1.0,1.0,тепло,1025.5,1020.7,3.5,,,,,2025-11-24 03:00:00,2025-11-24 07:00:00,2025,11
штиль,0.0,н/о,,н/о,3.2,3.2,100,2.0,2.0,тепло,1025.7,1020.9,3.2,,,,,2025-11-24 06:00:00,2025-11-24 10:00:00,2025,11
В,1.0,н/о,,н/о,4.5,4.5,100,3.0,3.0,тепло,1024.4,1019.7,,,,,,2025-11-24 09:00:00,2025-11-24 13:00:00,2025,11
штиль,0.0,н/о,,н/о,5.9,5.9,100,5.0,5.0,тепло,1022.0,1017.3,,,,,,2025-11-24 12:00:00,2025-11-24 16:00:00,2025,11
Ю,3.0,н/о,,н/о,7.8,6.8,93,5.0,5.0,тепло,1020.1,1015.5,,7.8,,,,2025-11-24 15:00:00,2025-11-24 19:00:00,2025,11
Ю,3.0,н/о,,н/о,7.1,5.7,91,4.0,4.0,тепло,1019.4,1014.7,,,,,,2025-11-24 18:00:00,2025-11-24 22:00:00,2025,11
Ю,1.0,н/о,,н/о,7.0,5.6,91,6.0,6.0,тепло,1016.9,1012.3,,,,,,2025-11-24 21:00:00,2025-11-25 01:00:00,2025,11
Ю,1.0,н/о,,н/о,6.7,5.9,95,6.0,6.0,тепло,1016.1,1011.4,,,,,,2025-11-25 00:00:00,2025-11-25 04:00:00,2025,11
ЮЗ,2.0,н/о,,н/о,7.1,5.8,91,5.0,5.0,тепло,1015.4,1010.7,6.7,,,,,2025-11-25 03:00:00,2025-11-25 07:00:00,2025,11
ЮЗ,2.0,н/о,,н/о,7.3,6.1,92,5.0,5.0,тепло,1016.4,1011.7,,,,,,2025-11-25 06:00:00,2025-11-25 10:00:00,2025,11
З,2.0,н/о,,н/о,7.8,6.7,93,6.0,6.0,тепло,1017.2,1012.6,,,,,,2025-11-25 09:00:00,2025-11-25 13:00:00,2025,11
штиль,0.0,н/о,,н/о,8.2,6.7,90,7.0,7.0,тепло,1017.6,1013.0,,,,,,2025-11-25 12:00:00,2025-11-25 16:00:00,2025,11
СЗ,4.0,н/о,,н/о,6.1,3.9,86,2.0,2.0,тепло,1019.2,1014.6,,8.2,,,,2025-11-25 15:00:00,2025-11-25 19:00:00,2025,11
СЗ,2.0,н/о,,н/о,3.5,0.7,82,1.0,1.0,тепло,1020.9,1016.2,,,,,,2025-11-25 18:00:00,2025-11-25 22:00:00,2025,11
С,2.0,н/о,,н/о,2.2,-1.4,77,-1.0,-1.0,тепло,1021.8,1017.1,,,,,,2025-11-25 21:00:00,2025-11-26 01:00:00,2025,11
С,1.0,н/о,,н/о,1.7,-1.6,79,0.0,0.0,тепло,1022.5,1017.8,,,,,,2025-11-26 00:00:00,2025-11-26 04:00:00,2025,11
З,2.0,н/о,,н/о,1.5,-1.9,78,-2.0,-2.0,тепло,1023.7,1018.9,1.5,,,,,2025-11-26 03:00:00,2025-11-26 07:00:00,2025,11
З,2.0,н/о,,н/о,1.3,-2.6,75,-2.0,-2.0,тепло,1024.6,1019.8,1.3,,,,,2025-11-26 06:00:00,2025-11-26 10:00:00,2025,11
З,2.0,н/о,,н/о,2.7,-2.3,70,-0.0,-0.0,тепло,1024.7,1019.9,,,,,,2025-11-26 09:00:00,2025-11-26 13:00:00,2025,11
З,1.0,н/о,,н/о,2.7,-1.7,73,1.0,1.0,тепло,1024.8,1020.0,,,,,,2025-11-26 12:00:00,2025-11-26 16:00:00,2025,11
штиль,0.0,н/о,,н/о,0.6,-1.3,87,-1.0,-1.0,тепло,1025.5,1020.7,,3.6,,,,2025-11-26 15:00:00,2025-11-26 19:00:00,2025,11
ЮЗ,1.0,н/о,,н/о,2.7,-0.6,79,1.0,1.0,тепло,1026.0,1021.3,,,,,,2025-11-26 18:00:00,2025-11-26 22:00:00,2025,11
ЮЗ,2.0,н/о,,н/о,3.0,-0.2,79,0.0,0.0,тепло,1026.6,1021.8,,,,,,2025-11-26 21:00:00,2025-11-27 01:00:00,2025,11
ЮЗ,1.0,н/о,,н/о,-0.9,-1.7,94,-3.0,-3.0,тепло,1027.9,1023.0,-0.9,,,,,2025-11-27 03:00:00,2025-11-27 07:00:00,2025,11
Ю,1.0,н/о,,н/о,1.1,0.2,94,-1.0,-1.0,тепло,1029.1,1024.3,-1.9,,,,,2025-11-27 06:00:00,2025-11-27 10:00:00,2025,11
ЮЗ,1.0,н/о,,н/о,5.0,0.6,73,4.0,4.0,тепло,1029.1,1024.4,,,,,,2025-11-27 09:00:00,2025-11-27 13:00:00,2025,11
ЮЗ,2.0,н/о,,н/о,3.0,0.3,82,0.0,0.0,тепло,1029.4,1024.6,,,,,,2025-11-27 12:00:00,2025-11-27 16:00:00,2025,11
Ю,3.0,н/о,,н/о,-0.5,-1.2,95,-5.0,-5.0,по сезону,1030.7,1025.9,,5.9,,,,2025-11-27 15:00:00,2025-11-27 19:00:00,2025,11
ЮЗ,3.0,н/о,,н/о,-0.5,-1.9,90,-5.0,-5.0,по сезону,1030.3,1025.5,,,,,,2025-11-27 18:00:00,2025-11-27 22:00:00,2025,11
Ю,2.0,н/о,,н/о,-1.3,-2.5,92,-5.0,-5.0,по сезону,1030.6,1025.7,,,,,,2025-11-27 21:00:00,2025-11-28 01:00:00,2025,11
Ю,3.0,н/о,,н/о,-1.0,-1.2,99,-6.0,-6.0,по сезону,1029.7,1024.9,,,,,,2025-11-28 00:00:00,2025-11-28 04:00:00,2025,11
Ю,2.0,н/о,,н/о,-0.7,-0.9,99,-5.0,-5.0,по сезону,1028.9,1024.1,-1.5,,,,,2025-11-28 03:00:00,2025-11-28 07:00:00,2025,11
Ю,3.0,н/о,,н/о,-1.1,-1.1,100,-6.0,-6.0,по сезону,1028.3,1023.4,,,,,,2025-11-28 06:00:00,2025-11-28 10:00:00,2025,11
Ю,3.0,н/о,,н/о,0.0,-0.2,99,-5.0,-5.0,по сезону,1027.2,1022.4,,,,,,2025-11-28 09:00:00,2025-11-28 13:00:00,2025,11
Ю,3.0,н/о,,н/о,0.0,-0.1,99,-5.0,-5.0,по сезону,1025.9,1021.0,,,,,,2025-11-28 12:00:00,2025-11-28 16:00:00,2025,11
Ю,3.0,н/о,,н/о,0.4,0.4,100,-4.0,-4.0,по сезону,1025.5,1020.7,,0.4,,,,2025-11-28 15:00:00,2025-11-28 19:00:00,2025,11
Ю,2.0,н/о,,н/о,0.7,0.7,100,-3.0,-3.0,по сезону,1025.2,1020.4,,,,,,2025-11-28 18:00:00,2025-11-28 22:00:00,2025,11
Ю,2.0,н/о,,н/о,0.6,0.6,100,-3.0,-3.0,тепло,1025.0,1020.2,,,,,,2025-11-28 21:00:00,2025-11-29 01:00:00,2025,11
штиль,0.0,н/о,,н/о,1.1,1.1,100,-0.0,-0.0,тепло,1024.5,1019.7,,,,,,2025-11-29 00:00:00,2025-11-29 04:00:00,2025,11
Ю,1.0,н/о,,н/о,1.2,1.2,100,-1.0,-1.0,тепло,1024.0,1019.2,0.4,,0.5,,,2025-11-29 03:00:00,2025-11-29 07:00:00,2025,11
штиль,0.0,н/о,,н/о,1.5,1.5,100,0.0,0.0,тепло,1024.9,1020.1,,,,,,2025-11-29 06:00:00,2025-11-29 10:00:00,2025,11
ЮВ,2.0,н/о,,н/о,2.4,2.4,100,-1.0,-1.0,тепло,1025.2,1020.4,,,,,,2025-11-29 09:00:00,2025-11-29 13:00:00,2025,11
штиль,0.0,н/о,,н/о,2.4,2.4,100,1.0,1.0,тепло,1025.4,1020.6,,,,,,2025-11-29 12:00:00,2025-11-29 16:00:00,2025,11
штиль,0.0,н/о,,н/о,2.3,2.3,100,1.0,1.0,тепло,1026.1,1021.4,,2.6,0.3,,,2025-11-29 15:00:00,2025-11-29 19:00:00,2025,11
Ю,1.0,н/о,,н/о,2.2,2.2,100,0.0,0.0,тепло,1026.0,1021.2,,,,,,2025-11-29 18:00:00,2025-11-29 22:00:00,2025,11
Ю,2.0,н/о,,н/о,2.5,2.5,100,-1.0,-1.0,тепло,1026.7,1021.9,,,,,,2025-11-29 21:00:00,2025-11-30 01:00:00,2025,11
штиль,0.0,н/о,,н/о,2.9,2.9,100,2.0,2.0,тепло,1026.9,1022.1,,,,,,2025-11-30 00:00:00,2025-11-30 04:00:00,2025,11
ЮВ,1.0,н/о,,н/о,2.9,2.9,100,1.0,1.0,тепло,1027.0,1022.2,2.2,,0.3,,,2025-11-30 03:00:00,2025-11-30 07:00:00,2025,11
ЮВ,1.0,н/о,,н/о,2.8,2.8,100,1.0,1.0,тепло,1027.5,1022.7,,,,,,2025-11-30 06:00:00,2025-11-30 10:00:00,2025,11
ЮВ,2.0,н/о,,н/о,4.1,3.9,99,1.0,1.0,тепло,1027.1,1022.3,,,,,,2025-11-30 09:00:00,2025-11-30 13:00:00,2025,11
штиль,0.0,н/о,,н/о,4.3,3.4,94,3.0,3.0,тепло,1026.8,1022.0,,,,,,2025-11-30 12:00:00,2025-11-30 16:00:00,2025,11
штиль,0.0,н/о,,н/о,3.8,3.2,96,3.0,3.0,тепло,1027.0,1022.2,,4.5,,,,2025-11-30 15:00:00,2025-11-30 19:00:00,2025,11
штиль,0.0,н/о,,н/о,2.7,2.1,96,1.0,1.0,тепло,1026.7,1022.0,,,,,,2025-11-30 18:00:00,2025-11-30 22:00:00,2025,11
штиль,0.0,н/о,,н/о,1.9,1.5,97,1.0,1.0,тепло,1027.0,1022.2,,,,,,2025-11-30 21:00:00,2025-12-01 01:00:00,2025,11
штиль,0.0,н/о,,н/о,1.9,1.6,98,1.0,1.0,тепло,1027.0,1022.2,,,,,,2025-12-01 00:00:00,2025-12-01 04:00:00,2025,12
штиль,0.0,н/о,,н/о,1.5,1.4,99,0.0,0.0,тепло,1028.8,1024.0,1.4,,,,,2025-12-01 06:00:00,2025-12-01 10:00:00,2025,12
ЮВ,1.0,н/о,,н/о,0.5,0.1,97,-2.0,-2.0,тепло,1030.0,1025.1,,,,,,2025-12-02 00:00:00,2025-12-02 04:00:00,2025,12
ЮВ,1.0,н/о,,н/о,0.2,-0.1,98,-2.0,-2.0,тепло,1029.6,1024.8,0.2,,,,,2025-12-02 03:00:00,2025-12-02 07:00:00,2025,12
В,1.0,н/о,,н/о,-0.1,-0.6,96,-2.0,-2.0,тепло,1030.0,1025.1,-0.1,,,,,2025-12-02 06:00:00,2025-12-02 10:00:00,2025,12
штиль,0.0,н/о,,н/о,-0.0,-0.7,95,-1.0,-1.0,тепло,1029.5,1024.7,,,,,,2025-12-02 09:00:00,2025-12-02 13:00:00,2025,12
СВ,1.0,н/о,,н/о,-0.1,-0.7,96,-2.0,-2.0,тепло,1029.0,1024.1,,,,,,2025-12-02 12:00:00,2025-12-02 16:00:00,2025,12
В,1.0,н/о,,н/о,-0.2,-0.9,95,-2.0,-2.0,тепло,1029.0,1024.1,,0.2,,,,2025-12-02 15:00:00,2025-12-02 19:00:00,2025,12
штиль,0.0,н/о,,н/о,-0.3,-0.9,96,-2.0,-2.0,тепло,1028.9,1024.0,,,,,,2025-12-02 18:00:00,2025-12-02 22:00:00,2025,12
штиль,0.0,н/о,,н/о,-0.3,-1.0,95,-2.0,-2.0,тепло,1028.7,1023.8,,,,,,2025-12-02 21:00:00,2025-12-03 01:00:00,2025,12
штиль,0.0,н/о,,н/о,-0.1,-0.7,96,-1.0,-1.0,тепло,1029.0,1024.1,,,,,,2025-12-03 00:00:00,2025-12-03 04:00:00,2025,12
штиль,0.0,н/о,,н/о,-0.1,-0.5,97,-1.0,-1.0,тепло,1028.8,1023.9,-0.4,,,,,2025-12-03 03:00:00,2025-12-03 07:00:00,2025,12
З,1.0,н/о,,н/о,0.3,-0.5,94,-2.0,-2.0,тепло,1029.3,1024.5,,,,,,2025-12-03 06:00:00,2025-12-03 10:00:00,2025,12
З,1.0,н/о,,н/о,0.8,0.3,96,-1.0,-1.0,тепло,1029.8,1025.0,,,,,,2025-12-03 09:00:00,2025-12-03 13:00:00,2025,12
СЗ,1.0,н/о,,н/о,1.0,-0.9,87,-1.0,-1.0,тепло,1029.6,1024.8,,,,,,2025-12-03 12:00:00,2025-12-03 16:00:00,2025,12
штиль,0.0,н/о,,н/о,0.3,-1.3,89,-1.0,-1.0,тепло,1030.6,1025.7,,1.0,,,,2025-12-03 15:00:00,2025-12-03 19:00:00,2025,12
штиль,0.0,н/о,,н/о,0.2,-0.5,95,-1.0,-1.0,тепло,1031.0,1026.1,,,,,,2025-12-03 18:00:00,2025-12-03 22:00:00,2025,12
штиль,0.0,н/о,,н/о,0.7,-0.3,93,-1.0,-1.0,тепло,1031.0,1026.2,,,,,,2025-12-03 21:00:00,2025-12-04 01:00:00,2025,12
З,2.0,н/о,,н/о,0.7,-0.3,93,-3.0,-3.0,тепло,1031.0,1026.2,,,,,,2025-12-04 00:00:00,2025-12-04 04:00:00,2025,12
штиль,0.0,н/о,,н/о,1.7,0.9,94,0.0,0.0,тепло,1031.0,1026.2,,,,,,2025-12-05 00:00:00,2025-12-05 04:00:00,2025,12
штиль,0.0,н/о,,н/о,0.7,0.7,100,-1.0,-1.0,тепло,1031.5,1026.6,0.5,,,,,2025-12-05 06:00:00,2025-12-05 10:00:00,2025,12
штиль,0.0,н/о,,н/о,1.8,1.5,98,1.0,1.0,тепло,1031.4,1026.5,,,,,,2025-12-05 09:00:00,2025-12-05 13:00:00,2025,12
Ю,2.0,н/о,,н/о,1.6,1.1,96,-2.0,-2.0,тепло,1031.1,1026.3,,,,,,2025-12-05 12:00:00,2025-12-05 16:00:00,2025,12
Ю,2.0,н/о,,н/о,1.4,1.1,98,-2.0,-2.0,тепло,1031.2,1026.4,,2.1,,,,2025-12-05 15:00:00,2025-12-05 19:00:00,2025,12
штиль,0.0,н/о,,н/о,0.9,0.7,99,-1.0,-1.0,тепло,1030.7,1025.9,,,,,,2025-12-05 18:00:00,2025-12-05 22:00:00,2025,12
З,2.0,н/о,,н/о,0.9,0.9,100,-3.0,-3.0,тепло,1029.7,1024.8,,,,,,2025-12-06 00:00:00,2025-12-06 04:00:00,2025,12
ЮЗ,2.0,н/о,,н/о,0.3,-0.5,94,-3.0,-3.0,тепло,1029.1,1024.3,0.3,,0.3,,,2025-12-06 03:00:00,2025-12-06 07:00:00,2025,12
штиль,0.0,н/о,,н/о,0.2,-0.4,96,-1.0,-1.0,тепло,1028.9,1024.1,0.2,,,,,2025-12-06 06:00:00,2025-12-06 10:00:00,2025,12
штиль,0.0,н/о,,н/о,0.7,-0.2,94,-1.0,-1.0,тепло,1028.9,1024.1,,,,,,2025-12-06 09:00:00,2025-12-06 13:00:00,2025,12
З,1.0,н/о,,н/о,0.7,-0.3,93,-1.0,-1.0,тепло,1028.2,1023.4,,,,,,2025-12-06 12:00:00,2025-12-06 16:00:00,2025,12
С,2.0,н/о,,н/о,0.4,-0.1,96,-3.0,-3.0,тепло,1028.7,1023.9,,0.9,,,,2025-12-06 15:00:00,2025-12-06 19:00:00,2025,12
штиль,0.0,н/о,,н/о,0.2,-0.3,96,-1.0,-1.0,тепло,1029.0,1024.1,,,,,,2025-12-06 18:00:00,2025-12-06 22:00:00,2025,12
штиль,0.0,н/о,,н/о,0.0,-0.5,96,-1.0,-1.0,тепло,1028.9,1024.0,,,,,,2025-12-06 21:00:00,2025-12-07 01:00:00,2025,12
З,2.0,н/о,,н/о,0.4,-0.7,92,-3.0,-3.0,тепло,1028.8,1024.0,,,,,,2025-12-07 00:00:00,2025-12-07 04:00:00,2025,12
штиль,0.0,н/о,,н/о,0.1,-0.6,95,-1.0,-1.0,тепло,1028.5,1023.7,-0.2,,,,,2025-12-07 03:00:00,2025-12-07 07:00:00,2025,12
штиль,0.0,н/о,,н/о,1.0,0.4,96,-0.0,-0.0,тепло,1028.8,1024.0,,,,,,2025-12-07 06:00:00,2025-12-07 10:00:00,2025,12
З,1.0,н/о,,н/о,1.8,1.4,97,-0.0,-0.0,тепло,1028.7,1023.9,,,,,,2025-12-07 09:00:00,2025-12-07 13:00:00,2025,12
ЮЗ,1.0,н/о,,н/о,2.4,1.8,96,1.0,1.0,тепло,1028.3,1023.5,,,,,,2025-12-07 12:00:00,2025-12-07 16:00:00,2025,12
штиль,0.0,н/о,,н/о,2.6,1.9,95,1.0,1.0,тепло,1028.0,1023.3,,2.8,,,,2025-12-07 15:00:00,2025-12-07 19:00:00,2025,12
З,1.0,н/о,,н/о,2.8,2.2,96,1.0,1.0,тепло,1027.5,1022.7,,,,,,2025-12-07 18:00:00,2025-12-07 22:00:00,2025,12
З,1.0,н/о,,н/о,2.8,1.8,93,1.0,1.0,тепло,1027.5,1022.7,,,,,,2025-12-07 21:00:00,2025-12-08 01:00:00,2025,12
З,2.0,н/о,,н/о,3.1,2.1,93,-0.0,-0.0,тепло,1027.7,1022.9,,,,,,2025-12-08 00:00:00,2025-12-08 04:00:00,2025,12
З,1.0,н/о,,н/о,3.2,2.3,94,2.0,2.0,тепло,1028.0,1023.2,2.5,,,,,2025-12-08 03:00:00,2025-12-08 07:00:00,2025,12
С,3.0,н/о,,н/о,1.9,0.3,89,-2.0,-2.0,тепло,1029.4,1024.5,1.8,,,,,2025-12-08 06:00:00,2025-12-08 10:00:00,2025,12
СВ,4.0,н/о,,н/о,0.6,-1.0,89,-5.0,-5.0,по сезону,1030.9,1026.0,,,,,,2025-12-08 09:00:00,2025-12-08 13:00:00,2025,12
СВ,4.0,н/о,,н/о,-1.6,-3.3,88,-7.0,-7.0,по сезону,1032.6,1027.7,,,,,,2025-12-08 12:00:00,2025-12-08 16:00:00,2025,12
СВ,5.0,н/о,,н/о,-5.5,-7.4,86,-13.0,-13.0,прохладно,1034.9,1029.9,,3.2,,,,2025-12-08 15:00:00,2025-12-08 19:00:00,2025,12
СВ,3.0,н/о,,н/о,-7.8,-9.9,85,-14.0,-14.0,прохладно,1036.7,1031.7,,,,,,2025-12-08 18:00:00,2025-12-08 22:00:00,2025,12
В,2.0,н/о,,н/о,-9.4,-11.1,87,-14.0,-14.0,прохладно,1037.7,1032.6,,,,,,2025-12-08 21:00:00,2025-12-09 01:00:00,2025,12
ЮВ,2.0,н/о,,н/о,-12.4,-13.6,91,-17.0,-17.0,очень  холодно,1040.0,1034.9,-13.4,,,,,2025-12-09 06:00:00,2025-12-09 10:00:00,2025,12
ЮВ,2.0,н/о,,н/о,-8.2,-10.1,86,-13.0,-13.0,прохладно,1039.3,1034.2,,,,,,2025-12-09 09:00:00,2025-12-09 13:00:00,2025,12
Ю,4.0,н/о,,н/о,-6.3,-7.5,91,-13.0,-13.0,прохладно,1038.1,1033.1,,,,,,2025-12-09 18:00:00,2025-12-09 22:00:00,2025,12
Ю,5.0,н/о,,н/о,-5.6,-6.7,92,-13.0,-13.0,прохладно,1036.4,1031.4,,,,,,2025-12-09 21:00:00,2025-12-10 01:00:00,2025,12
Ю,4.0,н/о,,н/о,-8.4,-9.8,90,-15.0,-15.0,по сезону,1036.0,1031.0,,,,,,2025-12-10 00:00:00,2025-12-10 04:00:00,2025,12
ЮВ,3.0,н/о,,н/о,-8.4,-9.9,89,-14.0,-14.0,по сезону,1035.4,1030.3,-8.7,,,,,2025-12-10 03:00:00,2025-12-10 07:00:00,2025,12
Ю,3.0,н/о,,н/о,-8.0,-9.5,89,-14.0,-14.0,по сезону,1034.7,1029.7,-8.8,,,,,2025-12-10 06:00:00,2025-12-10 10:00:00,2025,12
ЮВ,4.0,н/о,,н/о,-6.5,-8.4,86,-13.0,-13.0,по сезону,1033.4,1028.4,,,,,,2025-12-10 09:00:00,2025-12-10 13:00:00,2025,12
ЮВ,4.0,н/о,,н/о,-5.5,-8.0,83,-12.0,-12.0,по сезону,1031.7,1026.8,,,,,,2025-12-10 12:00:00,2025-12-10 16:00:00,2025,12
ЮВ,3.0,н/о,,н/о,-5.9,-8.6,81,-11.0,-11.0,по сезону,1031.0,1026.1,,-5.2,,,,2025-12-10 15:00:00,2025-12-10 19:00:00,2025,12
ЮВ,3.0,н/о,,н/о,-5.7,-9.2,76,-11.0,-11.0,по сезону,1030.5,1025.5,,,,,,2025-12-10 18:00:00,2025-12-10 22:00:00,2025,12
Ю,3.0,н/о,,н/о,-6.0,-10.6,70,-11.0,-11.0,по сезону,1029.8,1024.8,,,,,,2025-12-10 21:00:00,2025-12-11 01:00:00,2025,12
Ю,4.0,н/о,,н/о,-6.4,-12.4,62,-13.0,-13.0,по сезону,1028.6,1023.7,,,,,,2025-12-11 00:00:00,2025-12-11 04:00:00,2025,12
Ю,3.0,н/о,,н/о,-6.1,-12.1,62,-11.0,-11.0,по сезону,1027.1,1022.1,-6.5,,,,,2025-12-11 03:00:00,2025-12-11 07:00:00,2025,12
Ю,3.0,н/о,,н/о,-6.0,-11.4,66,-11.0,-11.0,по сезону,1026.4,1021.5,,,,,,2025-12-11 06:00:00,2025-12-11 10:00:00,2025,12
Ю,3.0,н/о,,н/о,-5.4,-10.8,66,-11.0,-11.0,по сезону,1024.2,1019.3,,,,,,2025-12-11 09:00:00,2025-12-11 13:00:00,2025,12
Ю,2.0,н/о,,н/о,-4.5,-9.5,68,-8.0,-8.0,по сезону,1021.7,1016.8,,,,,,2025-12-11 12:00:00,2025-12-11 16:00:00,2025,12
Ю,3.0,н/о,,н/о,-4.0,-7.6,76,-9.0,-9.0,по сезону,1019.9,1015.0,,-4.0,,,,2025-12-11 15:00:00,2025-12-11 19:00:00,2025,12
Ю,2.0,н/о,,н/о,-3.9,-5.7,87,-8.0,-8.0,по сезону,1017.9,1013.0,,,,,,2025-12-11 18:00:00,2025-12-11 22:00:00,2025,12
Ю,3.0,н/о,,н/о,-3.2,-4.5,91,-9.0,-9.0,по сезону,1015.7,1010.9,,,,,,2025-12-11 21:00:00,2025-12-12 01:00:00,2025,12
Ю,2.0,н/о,,н/о,-2.6,-3.7,92,-7.0,-7.0,тепло,1013.0,1008.2,,,,,,2025-12-12 00:00:00,2025-12-12 04:00:00,2025,12
Ю,2.0,н/о,,н/о,-2.2,-2.7,96,-6.0,-6.0,тепло,1010.3,1005.5,-4.0,,,,,2025-12-12 03:00:00,2025-12-12 07:00:00,2025,12
Ю,3.0,н/о,,н/о,-1.4,-2.0,96,-7.0,-7.0,тепло,1008.2,1003.4,,,,,,2025-12-12 06:00:00,2025-12-12 10:00:00,2025,12
Ю,3.0,н/о,,н/о,0.1,-1.1,92,-5.0,-5.0,тепло,1006.3,1001.6,,,,,,2025-12-12 09:00:00,2025-12-12 13:00:00,2025,12
Ю,2.0,н/о,,н/о,0.1,0.1,100,-4.0,-4.0,тепло,1004.0,999.3,,,,,,2025-12-12 12:00:00,2025-12-12 16:00:00,2025,12
ЮЗ,3.0,н/о,,н/о,0.5,0.5,100,-4.0,-4.0,тепло,1001.9,997.2,,0.5,,,,2025-12-12 15:00:00,2025-12-12 19:00:00,2025,12
ЮЗ,2.0,н/о,,н/о,0.6,0.6,100,-3.0,-3.0,тепло,1000.1,995.4,,,,,,2025-12-12 18:00:00,2025-12-12 22:00:00,2025,12
Ю,1.0,н/о,,н/о,0.6,0.6,100,-2.0,-2.0,тепло,998.2,993.5,,,,,,2025-12-12 21:00:00,2025-12-13 01:00:00,2025,12
Ю,2.0,н/о,,н/о,0.5,0.5,100,-3.0,-3.0,тепло,996.2,991.5,,,,,,2025-12-13 00:00:00,2025-12-13 04:00:00,2025,12
Ю,2.0,н/о,,н/о,0.6,0.6,100,-3.0,-3.0,тепло,993.6,988.9,0.4,,2.0,,,2025-12-13 03:00:00,2025-12-13 07:00:00,2025,12
Ю,3.0,н/о,,н/о,0.5,0.5,100,-4.0,-4.0,тепло,991.6,987.0,,,,,,2025-12-13 06:00:00,2025-12-13 10:00:00,2025,12
Ю,2.0,н/о,,н/о,0.7,0.7,100,-3.0,-3.0,тепло,989.3,984.7,,,,,,2025-12-13 09:00:00,2025-12-13 13:00:00,2025,12
С,5.0,н/о,,н/о,-2.2,-2.2,100,-9.0,-9.0,по сезону,988.8,984.1,,,,,,2025-12-13 12:00:00,2025-12-13 16:00:00,2025,12
С,,н/о,,н/о,-6.3,-7.9,88,-16.0,-16.0,по сезону,989.2,984.4,,,,,,2025-12-13 18:00:00,2025-12-13 22:00:00,2025,12
С,,н/о,,н/о,-7.1,-9.2,85,-17.0,-17.0,прохладно,990.2,985.4,,,,,,2025-12-13 21:00:00,2025-12-14 01:00:00,2025,12
С,,н/о,,н/о,-8.7,-10.9,84,-19.0,-19.0,прохладно,991.8,986.9,,,,,,2025-12-14 00:00:00,2025-12-14 04:00:00,2025,12
СЗ,,н/о,,н/о,-9.9,-12.4,82,-20.0,-20.0,холодно,993.3,988.5,-9.9,,0.3,,,2025-12-14 03:00:00,2025-12-14 07:00:00,2025,12
СЗ,,н/о,,н/о,-10.4,-13.3,79,-21.0,-21.0,холодно,995.2,990.3,-10.7,,,,,2025-12-14 06:00:00,2025-12-14 10:00:00,2025,12
СЗ,,н/о,,н/о,-10.1,-13.1,79,-21.0,-21.0,очень  холодно,996.5,991.7,,,,,,2025-12-14 09:00:00,2025-12-14 13:00:00,2025,12
СЗ,,н/о,,н/о,-9.6,-11.9,83,-19.0,-19.0,холодно,997.8,992.9,,,,,,2025-12-14 12:00:00,2025-12-14 16:00:00,2025,12
СЗ,,н/о,,н/о,-9.3,-13.1,74,-18.0,-18.0,холодно,999.0,994.1,,-9.3,,,,2025-12-14 15:00:00,2025-12-14 19:00:00,2025,12
СЗ,,н/о,,н/о,-9.6,-11.5,86,-18.0,-18.0,прохладно,999.2,994.3,,,,,,2025-12-14 18:00:00,2025-12-14 22:00:00,2025,12
З,,н/о,,н/о,-9.8,-12.5,81,-17.0,-17.0,прохладно,999.5,994.6,,,,,,2025-12-14 21:00:00,2025-12-15 01:00:00,2025,12
З,,н/о,,н/о,-9.8,-13.2,76,-17.0,-17.0,прохладно,1000.1,995.2,,,,,,2025-12-15 00:00:00,2025-12-15 04:00:00,2025,12
З,,н/о,,н/о,-9.7,-11.3,88,-17.0,-17.0,прохладно,1000.4,995.5,-10.0,,,,,2025-12-15 03:00:00,2025-12-15 07:00:00,2025,12
СЗ,,н/о,,н/о,-9.1,-10.9,87,-16.0,-16.0,по сезону,1002.0,997.2,,,,,,2025-12-15 06:00:00,2025-12-15 10:00:00,2025,12
З,,н/о,,н/о,-8.1,-9.9,87,-15.0,-15.0,по сезону,1003.9,999.0,,,,,,2025-12-15 09:00:00,2025-12-15 13:00:00,2025,12
З,,н/о,,н/о,-8.0,-10.9,80,-14.0,-14.0,по сезону,1005.9,1001.0,,,,,,2025-12-15 12:00:00,2025-12-15 16:00:00,2025,12
З,3.0,н/о,,н/о,-9.0,-11.4,83,-15.0,-15.0,по сезону,1008.2,1003.3,,-7.8,,,,2025-12-15 15:00:00,2025-12-15 19:00:00,2025,12
З,3.0,н/о,,н/о,-9.5,-11.7,84,-15.0,-15.0,по сезону,1010.0,1005.1,,,,,,2025-12-15 18:00:00,2025-12-15 22:00:00,2025,12
З,3.0,н/о,,н/о,-8.0,-10.1,85,-14.0,-14.0,по сезону,1011.8,1006.9,,,,,,2025-12-15 21:00:00,2025-12-16 01:00:00,2025,12
ЮЗ,3.0,н/о,,н/о,-0.0,-0.1,99,-5.0,-5.0,по сезону,1017.2,1012.4,,,,,,2025-12-18 18:00:00,2025-12-18 22:00:00,2025,12
З,,н/о,,н/о,0.3,0.3,100,-5.0,-5.0,по сезону,1017.0,1012.2,,,,,,2025-12-18 21:00:00,2025-12-19 01:00:00,2025,12
З,3.0,н/о,,н/о,0.3,-0.3,96,-5.0,-5.0,по сезону,1016.0,1011.2,,,,,,2025-12-19 00:00:00,2025-12-19 04:00:00,2025,12
З,3.0,н/о,,н/о,0.5,-0.1,96,-4.0,-4.0,тепло,1015.6,1010.9,-0.2,,,,,2025-12-19 03:00:00,2025-12-19 07:00:00,2025,12
З,3.0,н/о,,н/о,1.1,-0.2,91,-3.0,-3.0,тепло,1016.9,1012.1,,,,,,2025-12-19 06:00:00,2025-12-19 10:00:00,2025,12
З,2.0,н/о,,н/о,2.1,0.4,88,-1.0,-1.0,тепло,1017.3,1012.5,,,,,,2025-12-19 09:00:00,2025-12-19 13:00:00,2025,12
З,2.0,н/о,,н/о,1.9,0.9,93,-2.0,-2.0,тепло,1017.7,1012.9,,,,,,2025-12-19 12:00:00,2025-12-19 16:00:00,2025,12
З,3.0,н/о,,н/о,1.4,1.0,97,-3.0,-3.0,тепло,1018.1,1013.4,,2.3,,,,2025-12-19 15:00:00,2025-12-19 19:00:00,2025,12
СЗ,3.0,н/о,,н/о,1.6,-0.2,88,-3.0,-3.0,тепло,1018.5,1013.7,,,,,,2025-12-19 18:00:00,2025-12-19 22:00:00,2025,12
СЗ,3.0,н/о,,н/о,1.2,-0.4,89,-3.0,-3.0,тепло,1018.8,1014.0,,,,,,2025-12-19 21:00:00,2025-12-20 01:00:00,2025,12
С,5.0,н/о,,н/о,0.3,-2.0,85,-6.0,-6.0,тепло,1020.2,1015.4,,,,,,2025-12-20 00:00:00,2025-12-20 04:00:00,2025,12
С,3.0,н/о,,н/о,-1.7,-3.4,88,-7.0,-7.0,тепло,1021.9,1017.1,-1.7,,,,,2025-12-20 03:00:00,2025-12-20 07:00:00,2025,12
С,3.0,н/о,,н/о,-2.9,-4.3,90,-8.0,-8.0,по сезону,1023.9,1019.0,-2.9,,,,,2025-12-20 06:00:00,2025-12-20 10:00:00,2025,12
СЗ,2.0,н/о,,н/о,-3.5,-4.6,92,-8.0,-8.0,по сезону,1024.9,1020.0,,,,,,2025-12-20 09:00:00,2025-12-20 13:00:00,2025,12
штиль,0.0,н/о,,н/о,-3.9,-4.8,93,-5.0,-5.0,тепло,1025.6,1020.7,,,,,,2025-12-20 12:00:00,2025-12-20 16:00:00,2025,12
Ю,2.0,н/о,,н/о,-3.7,-4.6,93,-8.0,-8.0,по сезону,1025.7,1020.8,,-1.7,,,,2025-12-20 15:00:00,2025-12-20 19:00:00,2025,12
Ю,3.0,н/о,,н/о,-3.6,-4.0,97,-9.0,-9.0,по сезону,1025.3,1020.4,,,,,,2025-12-20 18:00:00,2025-12-20 22:00:00,2025,12
Ю,2.0,н/о,,н/о,-3.2,-3.7,96,-7.0,-7.0,тепло,1024.3,1019.5,,,,,,2025-12-20 21:00:00,2025-12-21 01:00:00,2025,12
Ю,2.0,н/о,,н/о,-2.8,-3.4,96,-7.0,-7.0,тепло,1023.3,1018.4,,,,,,2025-12-21 00:00:00,2025-12-21 04:00:00,2025,12
ЮЗ,3.0,н/о,,н/о,-1.2,-1.6,97,-6.0,-6.0,тепло,1021.5,1016.7,-3.7,,,,,2025-12-21 03:00:00,2025-12-21 07:00:00,2025,12
ЮЗ,,н/о,,н/о,-1.1,-1.6,96,-6.0,-6.0,тепло,1021.6,1016.8,,,,,,2025-12-21 06:00:00,2025-12-21 10:00:00,2025,12
Ю,,н/о,,н/о,-0.4,-1.4,93,-4.0,-4.0,тепло,1020.4,1015.5,,,,,,2025-12-21 09:00:00,2025-12-21 13:00:00,2025,12
ЮЗ,,н/о,,н/о,-1.5,-2.1,96,-7.0,-7.0,по сезону,1019.9,1015.1,,,,,,2025-12-21 12:00:00,2025-12-21 16:00:00,2025,12
ЮЗ,,н/о,,н/о,-1.9,-2.3,97,-8.0,-8.0,по сезону,1019.4,1014.6,,-0.4,,,,2025-12-21 15:00:00,2025-12-21 19:00:00,2025,12
ЮЗ,3.0,н/о,,н/о,-1.5,-1.7,99,-7.0,-7.0,тепло,1018.9,1014.1,,,,,,2025-12-21 18:00:00,2025-12-21 22:00:00,2025,12
ЮЗ,,н/о,,н/о,-2.1,-2.7,96,-9.0,-9.0,по сезону,1018.2,1013.4,,,,,,2025-12-21 21:00:00,2025-12-22 01:00:00,2025,12
ЮЗ,,н/о,,н/о,-2.5,-3.7,91,-9.0,-9.0,по сезону,1017.4,1012.6,,,,,,2025-12-22 00:00:00,2025-12-22 04:00:00,2025,12
Ю,,н/о,,н/о,-2.7,-3.2,96,-8.0,-8.0,тепло,1015.6,1010.8,-2.7,,,,,2025-12-22 03:00:00,2025-12-22 07:00:00,2025,12
Ю,2.0,н/о,,н/о,-2.3,-3.0,95,-6.0,-6.0,тепло,1014.8,1010.0,,,,,,2025-12-22 06:00:00,2025-12-22 10:00:00,2025,12
Ю,3.0,н/о,,н/о,-1.5,-2.1,96,-7.0,-7.0,тепло,1013.1,1008.3,,,,,,2025-12-22 09:00:00,2025-12-22 13:00:00,2025,12
Ю,3.0,н/о,,н/о,-0.9,-1.2,98,-6.0,-6.0,тепло,1011.2,1006.4,,,,,,2025-12-22 12:00:00,2025-12-22 16:00:00,2025,12
Ю,2.0,н/о,,н/о,-0.9,-0.9,100,-5.0,-5.0,тепло,1010.1,1005.3,,-0.7,,,,2025-12-22 15:00:00,2025-12-22 19:00:00,2025,12
Ю,2.0,н/о,,н/о,-1.0,-1.0,100,-5.0,-5.0,тепло,1008.9,1004.2,,,,,,2025-12-22 18:00:00,2025-12-22 22:00:00,2025,12
ЮЗ,2.0,н/о,,н/о,-1.0,-1.1,99,-5.0,-5.0,тепло,1008.2,1003.4,,,,,,2025-12-22 21:00:00,2025-12-23 01:00:00,2025,12
ЮЗ,1.0,н/о,,н/о,-1.1,-1.3,99,-3.0,-3.0,тепло,1008.1,1003.3,,,,,,2025-12-23 00:00:00,2025-12-23 04:00:00,2025,12
ЮЗ,2.0,н/о,,н/о,-1.5,-1.7,99,-6.0,-6.0,тепло,1007.6,1002.8,-1.5,,,,,2025-12-23 03:00:00,2025-12-23 07:00:00,2025,12
штиль,0.0,н/о,,н/о,-1.0,-1.3,98,-2.0,-2.0,тепло,1008.3,1003.5,,,,,,2025-12-23 06:00:00,2025-12-23 10:00:00,2025,12
З,1.0,н/о,,н/о,-0.3,-0.7,97,-3.0,-3.0,тепло,1008.5,1003.7,,,,,,2025-12-23 09:00:00,2025-12-23 13:00:00,2025,12
СЗ,2.0,н/о,,н/о,-0.4,-0.9,96,-4.0,-4.0,тепло,1009.6,1004.8,,,,,,2025-12-23 12:00:00,2025-12-23 16:00:00,2025,12
СЗ,3.0,н/о,,н/о,-1.6,-2.3,95,-7.0,-7.0,тепло,1011.1,1006.3,,-0.2,,,,2025-12-23 15:00:00,2025-12-23 19:00:00,2025,12
СЗ,4.0,н/о,,н/о,-4.9,-5.1,98,-12.0,-12.0,по сезону,1013.1,1008.2,,,,,,2025-12-23 18:00:00,2025-12-23 22:00:00,2025,12
С,4.0,н/о,,н/о,-10.0,-11.0,92,-17.0,-17.0,по сезону,1016.1,1011.1,,,,,,2025-12-23 21:00:00,2025-12-24 01:00:00,2025,12
С,4.0,н/о,,н/о,-12.6,-14.1,89,-20.0,-20.0,прохладно,1018.2,1013.2,,,,,,2025-12-24 00:00:00,2025-12-24 04:00:00,2025,12
С,5.0,н/о,,н/о,-15.7,-18.0,82,-25.0,-25.0,очень  холодно,1020.7,1015.6,-15.7,,,,,2025-12-24 03:00:00,2025-12-24 07:00:00,2025,12
С,4.0,н/о,,н/о,-17.5,-20.3,79,-26.0,-26.0,очень  холодно,1023.3,1018.1,-17.5,,,,,2025-12-24 06:00:00,2025-12-24 10:00:00,2025,12
С,4.0,н/о,,н/о,-18.2,-21.6,75,-27.0,-27.0,очень  холодно,1024.3,1019.1,,,,,,2025-12-24 09:00:00,2025-12-24 13:00:00,2025,12
СЗ,2.0,н/о,,н/о,-19.3,-22.5,76,-25.0,-25.0,очень  холодно,1024.9,1019.7,,,,,,2025-12-24 12:00:00,2025-12-24 16:00:00,2025,12
СЗ,1.0,н/о,,н/о,-21.2,-23.0,85,-24.0,-24.0,очень  холодно,1025.6,1020.4,,-15.7,,,,2025-12-24 15:00:00,2025-12-24 19:00:00,2025,12
СЗ,1.0,н/о,,н/о,-19.6,-21.3,86,-23.0,-23.0,холодно,1025.1,1019.9,,,,,,2025-12-24 18:00:00,2025-12-24 22:00:00,2025,12
З,2.0,н/о,,н/о,-17.8,-19.3,88,-23.0,-23.0,холодно,1023.8,1018.7,,,,,,2025-12-24 21:00:00,2025-12-25 01:00:00,2025,12
З,1.0,н/о,,н/о,-16.4,-18.0,87,-19.0,-19.0,прохладно,1023.2,1018.1,,,,,,2025-12-25 00:00:00,2025-12-25 04:00:00,2025,12
З,1.0,н/о,,н/о,-15.8,-17.3,88,-18.0,-18.0,по сезону,1022.5,1017.4,-21.9,,,,,2025-12-25 03:00:00,2025-12-25 07:00:00,2025,12
З,1.0,н/о,,н/о,-14.5,-16.1,88,-17.0,-17.0,по сезону,1023.0,1017.9,,,,,,2025-12-25 06:00:00,2025-12-25 10:00:00,2025,12
З,2.0,н/о,,н/о,-12.8,-15.0,84,-17.0,-17.0,по сезону,1021.9,1016.8,,,,,,2025-12-25 09:00:00,2025-12-25 13:00:00,2025,12
З,1.0,н/о,,н/о,-11.8,-13.7,86,-14.0,-14.0,по сезону,1021.1,1016.0,,,,,,2025-12-25 12:00:00,2025-12-25 16:00:00,2025,12
ЮЗ,3.0,н/о,,н/о,-11.0,-12.4,89,-17.0,-17.0,по сезону,1019.3,1014.3,,-11.0,,,,2025-12-25 15:00:00,2025-12-25 19:00:00,2025,12
ЮЗ,3.0,н/о,,н/о,-9.8,-10.6,94,-16.0,-16.0,по сезону,1016.8,1011.8,,,,,,2025-12-25 18:00:00,2025-12-25 22:00:00,2025,12
ЮЗ,3.0,н/о,,н/о,-8.8,-9.1,98,-15.0,-15.0,по сезону,1014.8,1009.9,,,,,,2025-12-25 21:00:00,2025-12-26 01:00:00,2025,12
ЮЗ,2.0,н/о,,н/о,-8.7,-9.3,95,-13.0,-13.0,по сезону,1012.7,1007.8,,,,,,2025-12-26 00:00:00,2025-12-26 04:00:00,2025,12
ЮЗ,,н/о,,н/о,-8.3,-9.0,95,-14.0,-14.0,по сезону,1009.9,1005.0,-11.0,,,,,2025-12-26 03:00:00,2025-12-26 07:00:00,2025,12
Ю,,н/о,,н/о,-8.3,-9.2,93,-14.0,-14.0,по сезону,1008.8,1003.9,,,,,,2025-12-26 06:00:00,2025-12-26 10:00:00,2025,12
Ю,,н/о,,н/о,-7.9,-9.8,86,-15.0,-15.0,по сезону,1007.7,1002.8,,,,,,2025-12-26 09:00:00,2025-12-26 13:00:00,2025,12
Ю,,н/о,,н/о,-8.2,-9.5,90,-14.0,-14.0,по сезону,1006.8,1001.9,,,,,,2025-12-26 12:00:00,2025-12-26 16:00:00,2025,12
Ю,,н/о,,н/о,-9.2,-10.1,93,-17.0,-17.0,прохладно,1006.3,1001.4,,-7.8,,,,2025-12-26 15:00:00,2025-12-26 19:00:00,2025,12
Ю,,н/о,,н/о,-9.0,-9.8,94,-15.0,-15.0,по сезону,1006.4,1001.5,,,,,,2025-12-26 18:00:00,2025-12-26 22:00:00,2025,12
Ю,3.0,н/о,,н/о,-8.2,-9.0,94,-14.0,-14.0,по сезону,1005.9,1001.0,,,,,,2025-12-26 21:00:00,2025-12-27 01:00:00,2025,12
Ю,3.0,н/о,,н/о,-7.2,-7.8,95,-13.0,-13.0,по сезону,1005.4,1000.5,,,,,,2025-12-27 00:00:00,2025-12-27 04:00:00,2025,12
Ю,3.0,н/о,,н/о,-6.8,-7.4,95,-13.0,-13.0,по сезону,1004.2,999.4,-9.4,,,,,2025-12-27 03:00:00,2025-12-27 07:00:00,2025,12
Ю,3.0,н/о,,н/о,-6.2,-6.8,96,-12.0,-12.0,по сезону,1003.9,999.1,,,,,,2025-12-27 06:00:00,2025-12-27 10:00:00,2025,12
Ю,3.0,н/о,,н/о,-4.7,-6.0,91,-10.0,-10.0,по сезону,1002.4,997.6,,,,,,2025-12-27 09:00:00,2025-12-27 13:00:00,2025,12
Ю,3.0,н/о,,н/о,-4.2,-5.7,89,-10.0,-10.0,по сезону,1002.1,997.3,,,,,,2025-12-27 12:00:00,2025-12-27 16:00:00,2025,12
Ю,,н/о,,н/о,-5.2,-5.6,97,-12.0,-12.0,по сезону,1002.0,997.2,,-4.1,,,,2025-12-27 15:00:00,2025-12-27 19:00:00,2025,12
Ю,,н/о,,н/о,-4.2,-4.7,96,-10.0,-10.0,по сезону,1001.3,996.5,,,,,,2025-12-27 18:00:00,2025-12-27 22:00:00,2025,12
Ю,,н/о,,н/о,-3.2,-4.0,94,-9.0,-9.0,по сезону,1000.6,995.9,,,,,,2025-12-27 21:00:00,2025-12-28 01:00:00,2025,12
Ю,2.0,н/о,,н/о,-2.7,-3.4,95,-7.0,-7.0,по сезону,1000.2,995.5,,,,,,2025-12-28 00:00:00,2025-12-28 04:00:00,2025,12
ЮЗ,4.0,н/о,,н/о,-4.1,-4.8,95,-11.0,-11.0,по сезону,1000.2,995.5,-5.2,,,,,2025-12-28 03:00:00,2025-12-28 07:00:00,2025,12
штиль,0.0,н/о,,н/о,-4.3,-6.1,87,-5.0,-5.0,тепло,1001.8,997.0,,,,,,2025-12-28 06:00:00,2025-12-28 10:00:00,2025,12
Ю,1.0,н/о,,н/о,-2.8,-4.3,89,-5.0,-5.0,тепло,1001.2,996.4,,,,,,2025-12-28 09:00:00,2025-12-28 13:00:00,2025,12
Ю,3.0,н/о,,н/о,-5.1,-6.1,93,-11.0,-11.0,по сезону,1000.7,995.9,,,,,,2025-12-28 12:00:00,2025-12-28 16:00:00,2025,12
ЮВ,1.0,н/о,,н/о,-5.7,-6.3,96,-8.0,-8.0,по сезону,1001.0,996.2,,-2.4,,,,2025-12-28 15:00:00,2025-12-28 19:00:00,2025,12
штиль,0.0,н/о,,н/о,-6.2,-6.5,98,-7.0,-7.0,по сезону,1001.1,996.3,,,,,,2025-12-28 18:00:00,2025-12-28 22:00:00,2025,12
штиль,0.0,н/о,,н/о,-6.3,-6.6,98,-7.0,-7.0,по сезону,1001.3,996.5,,,,,,2025-12-28 21:00:00,2025-12-29 01:00:00,2025,12
штиль,0.0,н/о,,н/о,-6.2,-6.5,98,-7.0,-7.0,по сезону,1001.7,996.9,,,,,,2025-12-29 00:00:00,2025-12-29 04:00:00,2025,12
штиль,0.0,н/о,,н/о,-6.9,-7.2,98,-8.0,-8.0,по сезону,1002.2,997.4,-7.0,,,,,2025-12-29 03:00:00,2025-12-29 07:00:00,2025,12
Ю,1.0,н/о,,н/о,-6.1,-6.4,98,-9.0,-9.0,по сезону,1003.4,998.6,,,,,,2025-12-29 06:00:00,2025-12-29 10:00:00,2025,12
Ю,1.0,н/о,,н/о,-5.1,-6.0,93,-8.0,-8.0,по сезону,1003.0,998.2,,,,,,2025-12-29 09:00:00,2025-12-29 13:00:00,2025,12
ЮВ,1.0,н/о,,н/о,-5.1,-6.5,90,-8.0,-8.0,по сезону,1003.1,998.3,,,,,,2025-12-29 12:00:00,2025-12-29 16:00:00,2025,12
штиль,0.0,н/о,,н/о,-5.6,-6.4,94,-7.0,-7.0,по сезону,1003.0,998.2,,-4.9,,,,2025-12-29 15:00:00,2025-12-29 19:00:00,2025,12
ЮВ,1.0,н/о,,н/о,-5.1,-5.6,96,-8.0,-8.0,по сезону,1002.9,998.1,,,,,,2025-12-29 18:00:00,2025-12-29 22:00:00,2025,12
ЮВ,1.0,н/о,,н/о,-5.5,-5.8,98,-8.0,-8.0,по сезону,1002.4,997.6,,,,,,2025-12-29 21:00:00,2025-12-30 01:00:00,2025,12
ЮВ,2.0,н/о,,н/о,-5.9,-6.4,96,-10.0,-10.0,тепло,1001.5,996.7,,,,,,2025-12-30 00:00:00,2025-12-30 04:00:00,2025,12
ЮВ,2.0,н/о,,н/о,-5.6,-6.1,96,-10.0,-10.0,тепло,1000.7,995.9,-6.0,,,,,2025-12-30 03:00:00,2025-12-30 07:00:00,2025,12
ЮВ,1.0,н/о,,н/о,-5.1,-5.8,95,-8.0,-8.0,тепло,1000.7,995.9,,,,,,2025-12-30 06:00:00,2025-12-30 10:00:00,2025,12
ЮВ,4.0,н/о,,н/о,-4.9,-5.6,95,-11.0,-11.0,по сезону,999.3,994.5,,,,,,2025-12-30 09:00:00,2025-12-30 13:00:00,2025,12
ЮВ,2.0,н/о,,н/о,-4.6,-5.1,96,-9.0,-9.0,по сезону,998.3,993.5,,,,,,2025-12-30 12:00:00,2025-12-30 16:00:00,2025,12
Ю,4.0,н/о,,н/о,-4.4,-4.8,97,-11.0,-11.0,по сезону,997.7,993.0,,-4.3,,,,2025-12-30 15:00:00,2025-12-30 19:00:00,2025,12
Ю,2.0,н/о,,н/о,-2.7,-3.5,94,-7.0,-7.0,тепло,997.9,993.2,,,,,,2025-12-30 18:00:00,2025-12-30 22:00:00,2025,12
Ю,3.0,н/о,,н/о,-3.2,-4.2,93,-9.0,-9.0,тепло,998.6,993.8,,,,,,2025-12-30 21:00:00,2025-12-31 01:00:00,2025,12
Ю,5.0,н/о,,н/о,-3.3,-3.9,96,-10.0,-10.0,тепло,997.3,992.6,,,,,,2025-12-31 00:00:00,2025-12-31 04:00:00,2025,12
Ю,,н/о,,н/о,-3.2,-3.4,99,-10.0,-10.0,тепло,995.8,991.0,-4.4,,,,,2025-12-31 03:00:00,2025-12-31 07:00:00,2025,12
ЮЗ,,н/о,,н/о,-4.2,-5.8,89,-11.0,-11.0,по сезону,996.9,992.2,,,,,,2025-12-31 06:00:00,2025-12-31 10:00:00,2025,12
Ю,,н/о,,н/о,-5.1,-8.8,75,-11.0,-11.0,по сезону,999.2,994.4,,,,,,2025-12-31 09:00:00,2025-12-31 13:00:00,2025,12
Ю,2.0,н/о,,н/о,-6.2,-9.0,81,-10.0,-10.0,по сезону,999.5,994.7,,,,,,2025-12-31 12:00:00,2025-12-31 16:00:00,2025,12
ЮЗ,4.0,н/о,,н/о,-8.3,-10.7,83,-15.0,-15.0,по сезону,1000.2,995.3,,-2.6,,,,2025-12-31 15:00:00,2025-12-31 19:00:00,2025,12
Ю,2.0,н/о,,н/о,-11.0,-13.0,85,-16.0,-16.0,по сезону,1001.3,996.4,,,,,,2025-12-31 18:00:00,2025-12-31 22:00:00,2025,12
Ю,2.0,н/о,,н/о,-12.8,-14.4,88,-17.0,-17.0,по сезону,1002.6,997.6,,,,,,2025-12-31 21:00:00,2026-01-01 01:00:00,2025,12
Ю,3.0,н/о,,н/о,-14.0,-15.4,89,-20.0,-20.0,прохладно,1003.4,998.4,,,,,,2026-01-01 00:00:00,2026-01-01 04:00:00,2026,1
Ю,1.0,н/о,,н/о,-13.7,-14.9,91,-16.0,-16.0,по сезону,1004.1,999.1,-14.3,,,,,2026-01-01 03:00:00,2026-01-01 07:00:00,2026,1
Ю,2.0,н/о,,н/о,-11.9,-13.2,90,-16.0,-16.0,по сезону,1004.9,999.9,,,,,,2026-01-01 06:00:00,2026-01-01 10:00:00,2026,1
Ю,2.0,н/о,,н/о,-9.8,-11.9,85,-14.0,-14.0,по сезону,1006.6,1001.7,,,,,,2026-01-01 09:00:00,2026-01-01 13:00:00,2026,1
Ю,2.0,н/о,,н/о,-9.8,-11.5,87,-14.0,-14.0,по сезону,1009.0,1004.1,,,,,,2026-01-01 12:00:00,2026-01-01 16:00:00,2026,1
Ю,3.0,н/о,,н/о,-12.7,-13.6,93,-19.0,-19.0,прохладно,1011.7,1006.7,,-8.7,,,,2026-01-01 15:00:00,2026-01-01 19:00:00,2026,1
Ю,2.0,н/о,,н/о,-13.1,-14.1,92,-18.0,-18.0,по сезону,1014.6,1009.6,,,,,,2026-01-01 18:00:00,2026-01-01 22:00:00,2026,1
Ю,2.0,н/о,,н/о,-12.0,-13.4,89,-17.0,-17.0,по сезону,1017.6,1012.6,,,,,,2026-01-01 21:00:00,2026-01-02 01:00:00,2026,1
Ю,3.0,н/о,,н/о,-12.8,-14.2,89,-19.0,-19.0,по сезону,1019.6,1014.6,,,,,,2026-01-02 00:00:00,2026-01-02 04:00:00,2026,1
Ю,3.0,н/о,,н/о,-13.7,-15.1,89,-20.0,-20.0,прохладно,1021.2,1016.2,-14.6,,,,,2026-01-02 03:00:00,2026-01-02 07:00:00,2026,1
Ю,4.0,н/о,,н/о,-14.1,-15.5,89,-22.0,-22.0,холодно,1023.3,1018.2,,,,,,2026-01-02 06:00:00,2026-01-02 10:00:00,2026,1
Ю,3.0,н/о,,н/о,-12.0,-14.5,82,-18.0,-18.0,по сезону,1023.9,1018.9,,,,,,2026-01-02 09:00:00,2026-01-02 13:00:00,2026,1
Ю,1.0,н/о,,н/о,-12.9,-14.8,86,-15.0,-15.0,по сезону,1024.2,1019.1,,,,,,2026-01-02 12:00:00,2026-01-02 16:00:00,2026,1
ЮВ,1.0,н/о,,н/о,-15.0,-16.2,91,-18.0,-18.0,прохладно,1024.7,1019.6,,-11.8,,,,2026-01-02 15:00:00,2026-01-02 19:00:00,2026,1
штиль,0.0,н/о,,н/о,-16.9,-17.9,92,-17.0,-17.0,по сезону,1024.9,1019.7,,,,,,2026-01-02 18:00:00,2026-01-02 22:00:00,2026,1
ЮВ,1.0,н/о,,н/о,-18.4,-19.5,91,-21.0,-21.0,прохладно,1024.8,1019.6,,,,,,2026-01-02 21:00:00,2026-01-03 01:00:00,2026,1
ЮВ,2.0,н/о,,н/о,-17.2,-18.3,91,-23.0,-23.0,холодно,1024.3,1019.1,,,,,,2026-01-03 00:00:00,2026-01-03 04:00:00,2026,1
Ю,3.0,н/о,,н/о,-14.2,-15.1,93,-21.0,-21.0,прохладно,1022.9,1017.8,-19.0,,,,,2026-01-03 03:00:00,2026-01-03 07:00:00,2026,1
Ю,5.0,н/о,,н/о,-11.2,-12.5,90,-19.0,-19.0,по сезону,1021.9,1016.9,,,,,,2026-01-03 06:00:00,2026-01-03 10:00:00,2026,1
Ю,,н/о,,н/о,-8.9,-10.6,87,-16.0,-16.0,по сезону,1021.1,1016.1,,,,,,2026-01-03 09:00:00,2026-01-03 13:00:00,2026,1
Ю,3.0,н/о,,н/о,-6.7,-8.7,86,-12.0,-12.0,по сезону,1020.4,1015.5,,,,,,2026-01-03 12:00:00,2026-01-03 16:00:00,2026,1
Ю,,н/о,,н/о,-5.8,-8.6,81,-12.0,-12.0,по сезону,1020.5,1015.6,,-5.7,,,,2026-01-03 15:00:00,2026-01-03 19:00:00,2026,1
Ю,,н/о,,н/о,-6.2,-9.0,81,-13.0,-13.0,по сезону,1021.0,1016.1,,,,,,2026-01-03 18:00:00,2026-01-03 22:00:00,2026,1
Ю,,н/о,,н/о,-6.3,-7.6,90,-15.0,-15.0,по сезону,1020.5,1015.5,,,,,,2026-01-03 21:00:00,2026-01-04 01:00:00,2026,1
Ю,,н/о,,н/о,-6.3,-7.7,90,-15.0,-15.0,по сезону,1018.8,1013.9,,,,,,2026-01-04 00:00:00,2026-01-04 04:00:00,2026,1
Ю,,н/о,,н/о,-6.6,-9.0,83,-15.0,-15.0,по сезону,1016.3,1011.4,-7.0,,,,,2026-01-04 03:00:00,2026-01-04 07:00:00,2026,1
ЮВ,,н/о,,н/о,-7.7,-8.7,93,-15.0,-15.0,по сезону,1013.1,1008.2,-8.4,,,,,2026-01-04 06:00:00,2026-01-04 10:00:00,2026,1
Ю,,н/о,,н/о,-6.0,-6.3,98,-15.0,-15.0,по сезону,1008.3,1003.4,,,,,,2026-01-04 09:00:00,2026-01-04 13:00:00,2026,1
ЮЗ,,н/о,,н/о,1.8,-0.8,83,-3.0,-3.0,тепло,1008.6,1003.9,,,,,,2026-01-04 12:00:00,2026-01-04 16:00:00,2026,1
ЮЗ,,н/о,,н/о,-0.2,-3.3,80,-6.0,-6.0,тепло,1013.2,1008.5,,1.8,,,,2026-01-04 15:00:00,2026-01-04 19:00:00,2026,1
ЮЗ,,н/о,,н/о,-1.6,-4.4,81,-7.0,-7.0,тепло,1017.1,1012.3,,,,,,2026-01-04 18:00:00,2026-01-04 22:00:00,2026,1
Ю,2.0,н/о,,н/о,-3.2,-5.6,83,-7.0,-7.0,тепло,1018.4,1013.6,,,,,,2026-01-04 21:00:00,2026-01-05 01:00:00,2026,1
ЮВ,2.0,н/о,,н/о,-5.7,-7.0,91,-10.0,-10.0,по сезону,1020.3,1015.4,,,,,,2026-01-05 00:00:00,2026-01-05 04:00:00,2026,1
Ю,2.0,н/о,,н/о,-5.7,-6.3,96,-10.0,-10.0,по сезону,1019.9,1015.0,-6.2,,,,,2026-01-05 03:00:00,2026-01-05 07:00:00,2026,1
Ю,2.0,н/о,,н/о,-4.7,-5.0,98,-9.0,-9.0,тепло,1017.4,1012.5,,,,,,2026-01-05 06:00:00,2026-01-05 10:00:00,2026,1
В,2.0,н/о,,н/о,-3.6,-3.7,99,-8.0,-8.0,тепло,1012.7,1007.8,,,,,,2026-01-05 09:00:00,2026-01-05 13:00:00,2026,1
С,2.0,н/о,,н/о,-3.5,-3.5,100,-8.0,-8.0,по сезону,1010.2,1005.4,,,,,,2026-01-05 12:00:00,2026-01-05 16:00:00,2026,1
СЗ,2.0,н/о,,н/о,-3.2,-3.7,96,-7.0,-7.0,тепло,1014.5,1009.7,,-3.2,,,,2026-01-05 15:00:00,2026-01-05 19:00:00,2026,1
З,2.0,н/о,,н/о,-4.2,-4.8,96,-9.0,-9.0,тепло,1018.9,1014.0,,,,,,2026-01-05 18:00:00,2026-01-05 22:00:00,2026,1
З,,н/о,,н/о,-2.9,-4.7,87,-9.0,-9.0,тепло,1022.7,1017.8,,,,,,2026-01-05 21:00:00,2026-01-06 01:00:00,2026,1
З,2.0,н/о,,н/о,-3.2,-6.0,81,-7.0,-7.0,тепло,1025.7,1020.8,,,,,,2026-01-06 00:00:00,2026-01-06 04:00:00,2026,1
З,2.0,н/о,,н/о,-4.0,-6.3,84,-8.0,-8.0,тепло,1029.1,1024.1,-4.6,,,,,2026-01-06 03:00:00,2026-01-06 07:00:00,2026,1
СЗ,1.0,н/о,,н/о,-6.2,-7.7,89,-9.0,-9.0,по сезону,1031.9,1027.0,-6.2,,,,,2026-01-06 06:00:00,2026-01-06 10:00:00,2026,1
З,1.0,н/о,,н/о,-3.2,-6.8,76,-5.0,-5.0,тепло,1033.7,1028.8,,,,,,2026-01-06 09:00:00,2026-01-06 13:00:00,2026,1
ЮЗ,1.0,н/о,,н/о,-3.7,-7.1,77,-6.0,-6.0,тепло,1034.8,1029.9,,,,,,2026-01-06 12:00:00,2026-01-06 16:00:00,2026,1
ЮЗ,1.0,н/о,,н/о,-6.3,-7.9,88,-9.0,-9.0,по сезону,1035.2,1030.2,,-3.0,,,,2026-01-06 15:00:00,2026-01-06 19:00:00,2026,1
Ю,2.0,н/о,,н/о,-8.7,-9.4,95,-13.0,-13.0,по сезону,1036.0,1031.0,,,,,,2026-01-06 18:00:00,2026-01-06 22:00:00,2026,1
ЮВ,1.0,н/о,,н/о,-9.2,-10.2,92,-12.0,-12.0,по сезону,1036.1,1031.0,,,,,,2026-01-06 21:00:00,2026-01-07 01:00:00,2026,1
Ю,1.0,н/о,,н/о,-9.1,-9.7,95,-12.0,-12.0,по сезону,1036.0,1031.0,,,,,,2026-01-07 00:00:00,2026-01-07 04:00:00,2026,1
ЮВ,1.0,н/о,,н/о,-8.6,-9.4,94,-11.0,-11.0,по сезону,1034.8,1029.8,-10.1,,,,,2026-01-07 03:00:00,2026-01-07 07:00:00,2026,1
В,2.0,н/о,,н/о,-7.5,-8.3,94,-12.0,-12.0,по сезону,1034.3,1029.3,,,,,,2026-01-07 06:00:00,2026-01-07 10:00:00,2026,1
ЮВ,3.0,н/о,,н/о,-4.3,-6.6,84,-10.0,-10.0,по сезону,1032.5,1027.6,,,,,,2026-01-07 09:00:00,2026-01-07 13:00:00,2026,1
ЮВ,3.0,н/о,,н/о,-3.3,-5.7,83,-9.0,-9.0,по сезону,1030.4,1025.5,,,,,,2026-01-07 12:00:00,2026-01-07 16:00:00,2026,1
ЮВ,3.0,н/о,,н/о,-3.5,-5.4,87,-9.0,-9.0,по сезону,1029.1,1024.2,,-3.2,,,,2026-01-07 15:00:00,2026-01-07 19:00:00,2026,1
ЮВ,2.0,н/о,,н/о,-4.0,-4.8,94,-8.0,-8.0,по сезону,1027.9,1023.0,,,,,,2026-01-07 18:00:00,2026-01-07 22:00:00,2026,1
Ю,,н/о,,н/о,-3.8,-4.2,97,-11.0,-11.0,по сезону,1026.6,1021.7,,,,,,2026-01-07 21:00:00,2026-01-08 01:00:00,2026,1
Ю,3.0,н/о,,н/о,-2.8,-2.8,100,-8.0,-8.0,по сезону,1024.8,1019.9,,,,,,2026-01-08 00:00:00,2026-01-08 04:00:00,2026,1
Ю,3.0,н/о,,н/о,-1.9,-2.1,99,-7.0,-7.0,по сезону,1023.8,1018.9,-4.0,,,,,2026-01-08 03:00:00,2026-01-08 07:00:00,2026,1
Ю,4.0,н/о,,н/о,-2.8,-3.3,96,-9.0,-9.0,по сезону,1023.7,1018.9,,,,,,2026-01-08 06:00:00,2026-01-08 10:00:00,2026,1
Ю,,н/о,,н/о,-3.2,-4.0,94,-9.0,-9.0,по сезону,1022.9,1018.0,,,,,,2026-01-08 09:00:00,2026-01-08 13:00:00,2026,1
Ю,3.0,н/о,,н/о,-2.5,-2.9,97,-8.0,-8.0,по сезону,1021.5,1016.7,,,,,,2026-01-08 12:00:00,2026-01-08 16:00:00,2026,1
Ю,3.0,н/о,,н/о,-2.8,-3.5,95,-8.0,-8.0,по сезону,1020.7,1015.9,,-1.9,,,,2026-01-08 15:00:00,2026-01-08 19:00:00,2026,1
Ю,3.0,н/о,,н/о,-3.6,-4.2,96,-9.0,-9.0,по сезону,1020.2,1015.3,,,,,,2026-01-08 18:00:00,2026-01-08 22:00:00,2026,1
ЮВ,3.0,н/о,,н/о,-3.9,-4.6,95,-9.0,-9.0,по сезону,1018.3,1013.4,,,,,,2026-01-08 21:00:00,2026-01-09 01:00:00,2026,1
Ю,3.0,н/о,,н/о,-4.8,-5.5,95,-10.0,-10.0,по сезону,1017.0,1012.1,,,,,,2026-01-09 00:00:00,2026-01-09 04:00:00,2026,1
Ю,2.0,н/о,,н/о,-5.0,-5.6,96,-9.0,-9.0,по сезону,1015.0,1010.1,-5.0,,,,,2026-01-09 03:00:00,2026-01-09 07:00:00,2026,1
ЮВ,1.0,н/о,,н/о,-4.8,-5.2,97,-7.0,-7.0,по сезону,1014.1,1009.2,-5.1,,,,,2026-01-09 06:00:00,2026-01-09 10:00:00,2026,1
ЮВ,3.0,н/о,,н/о,-4.7,-5.1,97,-10.0,-10.0,по сезону,1013.3,1008.4,,,,,,2026-01-09 09:00:00,2026-01-09 13:00:00,2026,1
В,2.0,н/о,,н/о,-4.3,-4.9,96,-9.0,-9.0,по сезону,1012.4,1007.6,,,,,,2026-01-09 12:00:00,2026-01-09 16:00:00,2026,1
В,3.0,н/о,,н/о,-4.9,-5.5,96,-11.0,-11.0,по сезону,1012.1,1007.2,,-4.2,,,,2026-01-09 15:00:00,2026-01-09 19:00:00,2026,1
В,2.0,н/о,,н/о,-5.1,-5.8,95,-10.0,-10.0,по сезону,1011.5,1006.7,,,,,,2026-01-09 18:00:00,2026-01-09 22:00:00,2026,1
ЮВ,1.0,н/о,,н/о,-5.5,-6.1,96,-8.0,-8.0,по сезону,1011.1,1006.3,,,,,,2026-01-09 21:00:00,2026-01-10 01:00:00,2026,1
В,1.0,н/о,,н/о,-6.0,-6.2,98,-9.0,-9.0,тепло,1010.5,1005.6,,,,,,2026-01-10 00:00:00,2026-01-10 04:00:00,2026,1
штиль,0.0,н/о,,н/о,-6.6,-6.6,100,-8.0,-8.0,тепло,1009.5,1004.6,-6.6,,,,,2026-01-10 03:00:00,2026-01-10 07:00:00,2026,1
штиль,0.0,н/о,,н/о,-7.0,-7.1,99,-8.0,-8.0,тепло,1009.2,1004.3,-7.0,,,,,2026-01-10 06:00:00,2026-01-10 10:00:00,2026,1
штиль,0.0,н/о,,н/о,-6.6,-8.3,88,-7.0,-7.0,тепло,1008.9,1004.1,,,,,,2026-01-10 09:00:00,2026-01-10 13:00:00,2026,1
штиль,0.0,н/о,,н/о,-6.0,-7.1,92,-7.0,-7.0,тепло,1009.0,1004.1,,,,,,2026-01-10 12:00:00,2026-01-10 16:00:00,2026,1
штиль,0.0,н/о,,н/о,-6.1,-6.9,94,-7.0,-7.0,тепло,1009.3,1004.4,,-5.6,,,,2026-01-10 15:00:00,2026-01-10 19:00:00,2026,1
штиль,0.0,н/о,,н/о,-6.4,-7.1,95,-7.0,-7.0,тепло,1010.4,1005.5,,,,,,2026-01-10 18:00:00,2026-01-10 22:00:00,2026,1
ЮЗ,1.0,н/о,,н/о,-4.8,-5.6,94,-7.0,-7.0,тепло,1011.0,1006.2,,,,,,2026-01-10 21:00:00,2026-01-11 01:00:00,2026,1
З,3.0,н/о,,н/о,-4.1,-4.5,97,-10.0,-10.0,по сезону,1012.4,1007.5,,,,,,2026-01-11 00:00:00,2026-01-11 04:00:00,2026,1
З,1.0,н/о,,н/о,-5.7,-6.1,97,-8.0,-8.0,тепло,1013.6,1008.8,-7.4,,,,,2026-01-11 03:00:00,2026-01-11 07:00:00,2026,1
штиль,0.0,н/о,,н/о,-9.1,-9.3,98,-10.0,-10.0,по сезону,1015.6,1010.6,-11.4,,,,,2026-01-11 06:00:00,2026-01-11 10:00:00,2026,1
штиль,0.0,н/о,,н/о,-5.6,-7.6,86,-7.0,-7.0,тепло,1017.0,1012.1,,,,,,2026-01-11 09:00:00,2026-01-11 13:00:00,2026,1
Ю,1.0,н/о,,н/о,-4.5,-6.9,83,-7.0,-7.0,тепло,1017.7,1012.8,,,,,,2026-01-11 12:00:00,2026-01-11 16:00:00,2026,1
Ю,2.0,н/о,,н/о,-5.3,-7.0,88,-10.0,-10.0,по сезону,1018.2,1013.3,,-4.3,,,,2026-01-11 15:00:00,2026-01-11 19:00:00,2026,1
Ю,2.0,н/о,,н/о,-5.7,-7.8,85,-10.0,-10.0,по сезону,1018.8,1013.9,,,,,,2026-01-11 18:00:00,2026-01-11 22:00:00,2026,1
штиль,0.0,н/о,,н/о,-5.7,-7.3,88,-7.0,-7.0,тепло,1019.5,1014.6,,,,,,2026-01-11 21:00:00,2026-01-12 01:00:00,2026,1
штиль,0.0,н/о,,н/о,-5.5,-7.1,88,-6.0,-6.0,тепло,1019.4,1014.5,,,,,,2026-01-12 00:00:00,2026-01-12 04:00:00,2026,1
ЮВ,1.0,н/о,,н/о,-5.0,-7.2,85,-7.0,-7.0,тепло,1019.2,1014.3,-5.9,,,,,2026-01-12 03:00:00,2026-01-12 07:00:00,2026,1
Ю,3.0,н/о,,н/о,-5.3,-5.8,96,-11.0,-11.0,по сезону,1020.0,1015.1,,,,,,2026-01-12 06:00:00,2026-01-12 10:00:00,2026,1
Ю,4.0,н/о,,н/о,-3.8,-6.1,84,-10.0,-10.0,по сезону,1020.7,1015.8,,,,,,2026-01-12 09:00:00,2026-01-12 13:00:00,2026,1
Ю,,н/о,,н/о,-4.1,-6.4,84,-11.0,-11.0,по сезону,1020.3,1015.4,,,,,,2026-01-12 12:00:00,2026-01-12 16:00:00,2026,1
ЮВ,,н/о,,н/о,-4.4,-6.5,85,-11.0,-11.0,по сезону,1021.6,1016.7,,-3.8,,,,2026-01-12 15:00:00,2026-01-12 19:00:00,2026,1
ЮВ,3.0,н/о,,н/о,-3.7,-6.0,84,-9.0,-9.0,тепло,1022.0,1017.2,,,,,,2026-01-12 18:00:00,2026-01-12 22:00:00,2026,1
В,2.0,н/о,,н/о,-3.8,-6.7,80,-8.0,-8.0,тепло,1022.3,1017.4,,,,,,2026-01-12 21:00:00,2026-01-13 01:00:00,2026,1
В,3.0,н/о,,н/о,-3.5,-5.9,83,-9.0,-9.0,тепло,1021.4,1016.6,,,,,,2026-01-13 00:00:00,2026-01-13 04:00:00,2026,1
В,2.0,н/о,,н/о,-3.9,-5.6,88,-8.0,-8.0,тепло,1021.3,1016.4,-4.4,,,,,2026-01-13 03:00:00,2026-01-13 07:00:00,2026,1
В,3.0,н/о,,н/о,-3.1,-5.3,85,-8.0,-8.0,тепло,1021.2,1016.4,,,,,,2026-01-13 06:00:00,2026-01-13 10:00:00,2026,1
В,,н/о,,н/о,-1.2,-4.3,79,-7.0,-7.0,тепло,1021.7,1016.9,,,,,,2026-01-13 09:00:00,2026-01-13 13:00:00,2026,1
ЮВ,,н/о,,н/о,-1.4,-4.3,81,-7.0,-7.0,тепло,1022.6,1017.7,,,,,,2026-01-13 12:00:00,2026-01-13 16:00:00,2026,1
В,,н/о,,н/о,-1.7,-5.2,77,-7.0,-7.0,тепло,1024.3,1019.4,,-1.2,,,,2026-01-13 15:00:00,2026-01-13 19:00:00,2026,1
В,,н/о,,н/о,-3.5,-6.4,80,-9.0,-9.0,тепло,1025.2,1020.3,,,,,,2026-01-13 18:00:00,2026-01-13 22:00:00,2026,1
В,,н/о,,н/о,-4.4,-7.6,78,-11.0,-11.0,по сезону,1026.2,1021.3,,,,,,2026-01-13 21:00:00,2026-01-14 01:00:00,2026,1
ЮВ,,н/о,,н/о,-5.4,-9.3,74,-12.0,-12.0,по сезону,1027.1,1022.2,,,,,,2026-01-14 00:00:00,2026-01-14 04:00:00,2026,1
В,,н/о,,н/о,-6.5,-10.4,74,-13.0,-13.0,по сезону,1028.3,1023.3,-6.5,,,,,2026-01-14 03:00:00,2026-01-14 07:00:00,2026,1
В,,н/о,,н/о,-7.9,-11.9,73,-14.0,-14.0,по сезону,1028.5,1023.5,-7.9,,,,,2026-01-14 06:00:00,2026-01-14 10:00:00,2026,1
В,,н/о,,н/о,-6.7,-12.5,63,-13.0,-13.0,по сезону,1028.6,1023.6,,,,,,2026-01-14 09:00:00,2026-01-14 13:00:00,2026,1
В,,н/о,,н/о,-7.7,-13.2,65,-13.0,-13.0,по сезону,1028.1,1023.1,,,,,,2026-01-14 12:00:00,2026-01-14 16:00:00,2026,1
В,3.0,н/о,,н/о,-9.4,-15.1,63,-15.0,-15.0,по сезону,1027.9,1022.9,,-6.5,,,,2026-01-14 15:00:00,2026-01-14 19:00:00,2026,1
В,3.0,н/о,,н/о,-9.1,-15.3,61,-15.0,-15.0,по сезону,1027.9,1022.9,,,,,,2026-01-14 18:00:00,2026-01-14 22:00:00,2026,1
В,3.0,н/о,,н/о,-9.1,-14.9,63,-15.0,-15.0,по сезону,1028.0,1023.0,,,,,,2026-01-14 21:00:00,2026-01-15 01:00:00,2026,1
В,2.0,н/о,,н/о,-9.5,-14.9,65,-14.0,-14.0,по сезону,1028.4,1023.4,,,,,,2026-01-15 00:00:00,2026-01-15 04:00:00,2026,1
СВ,1.0,н/о,,н/о,-9.5,-14.3,68,-12.0,-12.0,по сезону,1028.8,1023.8,-9.7,,,,,2026-01-15 03:00:00,2026-01-15 07:00:00,2026,1
В,2.0,н/о,,н/о,-8.6,-15.7,56,-13.0,-13.0,по сезону,1030.0,1025.0,,,,,,2026-01-15 06:00:00,2026-01-15 10:00:00,2026,1
В,,н/о,,н/о,-8.5,-18.1,46,-15.0,-15.0,по сезону,1030.9,1025.9,,,,,,2026-01-15 09:00:00,2026-01-15 13:00:00,2026,1
В,3.0,н/о,,н/о,-8.6,-18.5,45,-14.0,-14.0,по сезону,1031.6,1026.6,,,,,,2026-01-15 12:00:00,2026-01-15 16:00:00,2026,1
В,2.0,н/о,,н/о,-11.4,-19.6,51,-16.0,-16.0,по сезону,1033.1,1028.0,,-7.8,,,,2026-01-15 15:00:00,2026-01-15 19:00:00,2026,1
В,1.0,н/о,,н/о,-11.9,-20.6,48,-14.0,-14.0,по сезону,1034.2,1029.1,,,,,,2026-01-15 18:00:00,2026-01-15 22:00:00,2026,1
штиль,0.0,н/о,,н/о,-12.9,-21.3,49,-13.0,-13.0,по сезону,1035.7,1030.6,,,,,,2026-01-15 21:00:00,2026-01-16 01:00:00,2026,1
В,2.0,н/о,,н/о,-11.4,-21.6,43,-16.0,-16.0,по сезону,1036.6,1031.5,,,,,,2026-01-16 00:00:00,2026-01-16 04:00:00,2026,1
В,2.0,н/о,,н/о,-11.8,-21.1,46,-16.0,-16.0,по сезону,1038.8,1033.7,-14.6,,,,,2026-01-16 03:00:00,2026-01-16 07:00:00,2026,1
В,1.0,н/о,,н/о,-12.0,-20.3,50,-14.0,-14.0,по сезону,1040.4,1035.2,,,,,,2026-01-16 06:00:00,2026-01-16 10:00:00,2026,1
В,3.0,н/о,,н/о,-9.0,-18.6,46,-15.0,-15.0,по сезону,1042.0,1036.9,,,,,,2026-01-16 09:00:00,2026-01-16 13:00:00,2026,1
В,3.0,н/о,,н/о,-8.0,-17.6,46,-13.0,-13.0,по сезону,1042.9,1037.9,,,,,,2026-01-16 12:00:00,2026-01-16 16:00:00,2026,1
В,2.0,н/о,,н/о,-10.3,-17.6,55,-15.0,-15.0,по сезону,1044.3,1039.2,,-8.0,,,,2026-01-16 15:00:00,2026-01-16 19:00:00,2026,1
В,2.0,н/о,,н/о,-10.6,-18.5,52,-15.0,-15.0,по сезону,1044.7,1039.6,,,,,,2026-01-16 18:00:00,2026-01-16 22:00:00,2026,1
штиль,0.0,н/о,,н/о,-13.3,-19.3,61,-13.0,-13.0,по сезону,1046.3,1041.2,,,,,,2026-01-16 21:00:00,2026-01-17 01:00:00,2026,1
В,1.0,н/о,,н/о,-13.4,-19.5,60,-16.0,-16.0,по сезону,1046.3,1041.2,,,,,,2026-01-17 00:00:00,2026-01-17 04:00:00,2026,1
штиль,0.0,н/о,,н/о,-17.7,-21.7,71,-18.0,-18.0,прохладно,1046.9,1041.6,-17.7,,,,,2026-01-17 03:00:00,2026-01-17 07:00:00,2026,1
С,1.0,н/о,,н/о,-17.6,-20.4,79,-20.0,-20.0,холодно,1047.9,1042.6,-19.6,,,,,2026-01-17 06:00:00,2026-01-17 10:00:00,2026,1
В,2.0,н/о,,н/о,-10.3,-21.4,40,-15.0,-15.0,по сезону,1048.1,1043.0,,,,,,2026-01-17 09:00:00,2026-01-17 13:00:00,2026,1
В,2.0,н/о,,н/о,-10.6,-22.0,39,-15.0,-15.0,прохладно,1047.7,1042.6,,,,,,2026-01-17 12:00:00,2026-01-17 16:00:00,2026,1
штиль,0.0,н/о,,н/о,-17.1,-22.5,63,-17.0,-17.0,прохладно,1048.0,1042.7,,-9.9,,,,2026-01-17 15:00:00,2026-01-17 19:00:00,2026,1
штиль,0.0,н/о,,н/о,-20.5,-23.3,78,-21.0,-21.0,холодно,1047.8,1042.5,,,,,,2026-01-17 18:00:00,2026-01-17 22:00:00,2026,1
штиль,0.0,н/о,,н/о,-21.6,-23.7,83,-22.0,-22.0,очень  холодно,1048.1,1042.7,,,,,,2026-01-17 21:00:00,2026-01-18 01:00:00,2026,1
штиль,0.0,н/о,,н/о,-24.0,-26.3,81,-24.0,-24.0,очень  холодно,1047.7,1042.3,,,,,,2026-01-18 00:00:00,2026-01-18 04:00:00,2026,1
штиль,0.0,н/о,,н/о,-21.8,-24.2,81,-22.0,-22.0,очень  холодно,1046.2,1040.9,-24.0,,,,,2026-01-18 03:00:00,2026-01-18 07:00:00,2026,1
штиль,0.0,н/о,,н/о,-20.5,-22.8,82,-21.0,-21.0,очень  холодно,1045.6,1040.2,,,,,,2026-01-18 06:00:00,2026-01-18 10:00:00,2026,1
З,2.0,н/о,,н/о,-12.2,-20.4,50,-17.0,-17.0,холодно,1043.7,1038.6,,,,,,2026-01-18 09:00:00,2026-01-18 13:00:00,2026,1
штиль,0.0,н/о,,н/о,-11.0,-20.9,44,-11.0,-11.0,по сезону,1041.4,1036.3,,,,,,2026-01-18 12:00:00,2026-01-18 16:00:00,2026,1
штиль,0.0,н/о,,н/о,-12.4,-20.2,52,-12.0,-12.0,по сезону,1039.4,1034.3,,-10.7,,,,2026-01-18 15:00:00,2026-01-18 19:00:00,2026,1
штиль,0.0,н/о,,н/о,-11.5,-20.5,47,-12.0,-12.0,по сезону,1036.7,1031.6,,,,,,2026-01-18 18:00:00,2026-01-18 22:00:00,2026,1
ЮЗ,2.0,н/о,,н/о,-11.6,-20.5,48,-16.0,-16.0,прохладно,1034.7,1029.6,,,,,,2026-01-18 21:00:00,2026-01-19 01:00:00,2026,1
З,3.0,н/о,,н/о,-10.2,-19.6,46,-16.0,-16.0,прохладно,1032.0,1027.0,,,,,,2026-01-19 00:00:00,2026-01-19 04:00:00,2026,1
З,2.0,н/о,,н/о,-9.3,-16.6,55,-14.0,-14.0,по сезону,1030.1,1025.1,-12.7,,,,,2026-01-19 03:00:00,2026-01-19 07:00:00,2026,1
З,2.0,н/о,,н/о,-8.6,-12.1,76,-13.0,-13.0,по сезону,1029.1,1024.1,,,,,,2026-01-19 06:00:00,2026-01-19 10:00:00,2026,1
З,3.0,н/о,,н/о,-6.7,-9.2,82,-12.0,-12.0,по сезону,1028.4,1023.5,,,,,,2026-01-19 09:00:00,2026-01-19 13:00:00,2026,1
СЗ,2.0,н/о,,н/о,-6.1,-7.8,88,-10.0,-10.0,по сезону,1027.6,1022.7,,,,,,2026-01-19 12:00:00,2026-01-19 16:00:00,2026,1
З,2.0,н/о,,н/о,-6.4,-8.2,87,-11.0,-11.0,по сезону,1027.3,1022.4,,-6.0,,,,2026-01-19 15:00:00,2026-01-19 19:00:00,2026,1
З,2.0,н/о,,н/о,-6.3,-7.8,89,-11.0,-11.0,по сезону,1026.5,1021.5,,,,,,2026-01-19 18:00:00,2026-01-19 22:00:00,2026,1
З,1.0,н/о,,н/о,-6.0,-7.4,90,-8.0,-8.0,по сезону,1025.4,1020.5,,,,,,2026-01-19 21:00:00,2026-01-20 01:00:00,2026,1
З,1.0,н/о,,н/о,-6.1,-7.4,90,-9.0,-9.0,тепло,1024.6,1019.7,,,,,,2026-01-20 00:00:00,2026-01-20 04:00:00,2026,1
штиль,0.0,н/о,,н/о,-6.3,-7.2,93,-7.0,-7.0,тепло,1024.0,1019.1,-6.5,,,,,2026-01-20 03:00:00,2026-01-20 07:00:00,2026,1
штиль,0.0,н/о,,н/о,-5.9,-6.8,93,-7.0,-7.0,тепло,1024.1,1019.2,,,,,,2026-01-20 06:00:00,2026-01-20 10:00:00,2026,1
С,2.0,н/о,,н/о,-4.7,-6.3,89,-9.0,-9.0,по сезону,1023.5,1018.6,,,,,,2026-01-20 09:00:00,2026-01-20 13:00:00,2026,1
штиль,0.0,н/о,,н/о,-4.5,-6.0,89,-6.0,-6.0,тепло,1023.3,1018.4,,,,,,2026-01-20 12:00:00,2026-01-20 16:00:00,2026,1
штиль,0.0,н/о,,н/о,-5.3,-6.5,91,-6.0,-6.0,тепло,1023.2,1018.3,,-4.3,,,,2026-01-20 15:00:00,2026-01-20 19:00:00,2026,1
штиль,0.0,н/о,,н/о,-6.3,-7.3,93,-7.0,-7.0,тепло,1023.0,1018.1,,,,,,2026-01-20 18:00:00,2026-01-20 22:00:00,2026,1
Ю,1.0,н/о,,н/о,-6.9,-7.6,95,-9.0,-9.0,тепло,1022.8,1017.9,,,,,,2026-01-20 21:00:00,2026-01-21 01:00:00,2026,1
ЮВ,1.0,н/о,,н/о,-7.5,-8.1,95,-10.0,-10.0,по сезону,1022.6,1017.7,,,,,,2026-01-21 00:00:00,2026-01-21 04:00:00,2026,1
ЮВ,1.0,н/о,,н/о,-7.5,-8.3,94,-10.0,-10.0,по сезону,1022.7,1017.8,-7.8,,,,,2026-01-21 03:00:00,2026-01-21 07:00:00,2026,1
ЮВ,2.0,н/о,,н/о,-7.8,-9.0,91,-12.0,-12.0,по сезону,1023.2,1018.2,-7.8,,,,,2026-01-21 06:00:00,2026-01-21 10:00:00,2026,1
ЮВ,2.0,н/о,,н/о,-7.6,-10.0,83,-12.0,-12.0,по сезону,1023.5,1018.5,,,,,,2026-01-21 09:00:00,2026-01-21 13:00:00,2026,1
ЮВ,2.0,н/о,,н/о,-9.4,-12.0,81,-14.0,-14.0,по сезону,1023.7,1018.7,,,,,,2026-01-21 12:00:00,2026-01-21 16:00:00,2026,1
В,2.0,н/о,,н/о,-11.5,-13.0,89,-16.0,-16.0,по сезону,1024.5,1019.5,,-7.4,,,,2026-01-21 15:00:00,2026-01-21 19:00:00,2026,1
В,1.0,н/о,,н/о,-13.6,-14.5,93,-16.0,-16.0,по сезону,1024.9,1019.8,,,,,,2026-01-21 18:00:00,2026-01-21 22:00:00,2026,1
штиль,0.0,н/о,,н/о,-15.7,-16.7,92,-16.0,-16.0,по сезону,1025.3,1020.2,,,,,,2026-01-21 21:00:00,2026-01-22 01:00:00,2026,1
штиль,0.0,н/о,,н/о,-18.2,-19.4,90,-18.0,-18.0,по сезону,1025.7,1020.5,,,,,,2026-01-22 00:00:00,2026-01-22 04:00:00,2026,1
штиль,0.0,н/о,,н/о,-19.5,-20.8,89,-20.0,-20.0,прохладно,1026.2,1021.0,-19.5,,,,,2026-01-22 03:00:00,2026-01-22 07:00:00,2026,1
В,1.0,н/о,,н/о,-17.6,-18.7,91,-20.0,-20.0,прохладно,1026.8,1021.6,-20.0,,,,,2026-01-22 06:00:00,2026-01-22 10:00:00,2026,1
В,2.0,н/о,,н/о,-13.6,-16.0,82,-18.0,-18.0,по сезону,1027.1,1022.0,,,,,,2026-01-22 09:00:00,2026-01-22 13:00:00,2026,1
В,2.0,н/о,,н/о,-13.2,-16.3,77,-18.0,-18.0,прохладно,1027.3,1022.2,,,,,,2026-01-22 12:00:00,2026-01-22 16:00:00,2026,1
ЮВ,1.0,н/о,,н/о,-16.6,-18.7,84,-19.0,-19.0,прохладно,1027.8,1022.7,,-12.6,,,,2026-01-22 15:00:00,2026-01-22 19:00:00,2026,1
В,1.0,н/о,,н/о,-18.0,-19.8,86,-21.0,-21.0,прохладно,1028.1,1022.9,,,,,,2026-01-22 18:00:00,2026-01-22 22:00:00,2026,1
В,1.0,н/о,,н/о,-19.7,-21.2,88,-23.0,-23.0,холодно,1028.1,1022.9,,,,,,2026-01-22 21:00:00,2026-01-23 01:00:00,2026,1
В,1.0,н/о,,н/о,-20.1,-21.6,88,-23.0,-23.0,холодно,1027.9,1022.7,,,,,,2026-01-23 00:00:00,2026-01-23 04:00:00,2026,1
В,1.0,н/о,,н/о,-20.9,-22.6,86,-24.0,-24.0,холодно,1027.6,1022.4,-21.1,,,,,2026-01-23 03:00:00,2026-01-23 07:00:00,2026,1
СВ,2.0,н/о,,н/о,-20.7,-22.7,84,-27.0,-27.0,очень  холодно,1028.0,1022.7,-21.3,,,,,2026-01-23 06:00:00,2026-01-23 10:00:00,2026,1
В,2.0,н/о,,н/о,-18.0,-21.0,77,-23.0,-23.0,холодно,1027.6,1022.4,,,,,,2026-01-23 09:00:00,2026-01-23 13:00:00,2026,1
В,1.0,н/о,,н/о,-16.7,-20.4,73,-19.0,-19.0,прохладно,1027.1,1022.0,,,,,,2026-01-23 12:00:00,2026-01-23 16:00:00,2026,1
штиль,0.0,н/о,,н/о,-22.0,-24.0,84,-22.0,-22.0,холодно,1027.8,1022.5,,-16.4,,,,2026-01-23 15:00:00,2026-01-23 19:00:00,2026,1
штиль,0.0,н/о,,н/о,-24.0,-25.7,86,-24.0,-24.0,холодно,1027.9,1022.5,,,,,,2026-01-23 18:00:00,2026-01-23 22:00:00,2026,1
штиль,0.0,н/о,,н/о,-25.2,-27.1,84,-25.0,-25.0,очень  холодно,1028.3,1023.0,,,,,,2026-01-23 21:00:00,2026-01-24 01:00:00,2026,1
СЗ,1.0,н/о,,н/о,-25.6,-27.4,85,-29.0,-29.0,очень  холодно,1028.5,1023.1,,,,,,2026-01-24 00:00:00,2026-01-24 04:00:00,2026,1
штиль,0.0,н/о,,н/о,-26.8,-28.9,82,-27.0,-27.0,очень  холодно,1028.6,1023.2,-26.8,,,,,2026-01-24 03:00:00,2026-01-24 07:00:00,2026,1
штиль,0.0,н/о,,н/о,-26.0,-28.2,82,-26.0,-26.0,очень  холодно,1029.5,1024.2,-28.1,,,,,2026-01-24 06:00:00,2026-01-24 10:00:00,2026,1
штиль,0.0,н/о,,н/о,-19.0,-21.4,81,-19.0,-19.0,прохладно,1029.3,1024.1,,,,,,2026-01-24 09:00:00,2026-01-24 13:00:00,2026,1
штиль,0.0,н/о,,н/о,-16.8,-20.7,72,-17.0,-17.0,прохладно,1029.0,1023.8,,,,,,2026-01-24 12:00:00,2026-01-24 16:00:00,2026,1
штиль,0.0,н/о,,н/о,-22.8,-24.8,84,-23.0,-23.0,холодно,1029.7,1024.4,,-14.4,,,,2026-01-24 15:00:00,2026-01-24 19:00:00,2026,1
штиль,0.0,н/о,,н/о,-26.0,-28.0,83,-26.0,-26.0,очень  холодно,1030.3,1024.9,,,,,,2026-01-24 18:00:00,2026-01-24 22:00:00,2026,1
штиль,0.0,н/о,,н/о,-27.1,-29.3,81,-27.0,-27.0,очень  холодно,1030.5,1025.1,,,,,,2026-01-24 21:00:00,2026-01-25 01:00:00,2026,1
штиль,0.0,н/о,,н/о,-28.3,-30.7,80,-28.0,-28.0,очень  холодно,1030.7,1025.3,,,,,,2026-01-25 00:00:00,2026-01-25 04:00:00,2026,1
Ю,1.0,н/о,,н/о,-29.1,-31.6,79,-33.0,-33.0,опасность  обморожения,1031.0,1025.6,-29.6,,,,,2026-01-25 03:00:00,2026-01-25 07:00:00,2026,1
штиль,0.0,н/о,,н/о,-29.4,-32.0,78,-29.0,-29.0,очень  холодно,1032.0,1026.5,-30.4,,,,,2026-01-25 06:00:00,2026-01-25 10:00:00,2026,1
штиль,0.0,н/о,,н/о,-20.1,-22.9,78,-20.0,-20.0,прохладно,1031.6,1026.3,,,,,,2026-01-25 09:00:00,2026-01-25 13:00:00,2026,1
штиль,0.0,н/о,,н/о,-17.2,-20.4,76,-17.0,-17.0,прохладно,1031.7,1026.5,,,,,,2026-01-25 12:00:00,2026-01-25 16:00:00,2026,1
штиль,0.0,н/о,,н/о,-23.1,-25.2,83,-23.0,-23.0,холодно,1032.5,1027.2,,-16.8,,,,2026-01-25 15:00:00,2026-01-25 19:00:00,2026,1
штиль,0.0,н/о,,н/о,-25.8,-27.8,83,-26.0,-26.0,очень  холодно,1033.1,1027.7,,,,,,2026-01-25 18:00:00,2026-01-25 22:00:00,2026,1
штиль,0.0,н/о,,н/о,-27.4,-29.7,81,-27.0,-27.0,очень  холодно,1033.4,1028.0,,,,,,2026-01-25 21:00:00,2026-01-26 01:00:00,2026,1
штиль,0.0,н/о,,н/о,-28.4,-30.9,79,-28.0,-28.0,очень  холодно,1034.0,1028.6,,,,,,2026-01-26 00:00:00,2026-01-26 04:00:00,2026,1
штиль,0.0,н/о,,н/о,-29.6,-32.3,77,-30.0,-30.0,очень  холодно,1034.4,1028.9,-30.0,,,,,2026-01-26 03:00:00,2026-01-26 07:00:00,2026,1
штиль,0.0,н/о,,н/о,-28.8,-31.5,77,-29.0,-29.0,очень  холодно,1035.6,1030.1,-30.7,,,,,2026-01-26 06:00:00,2026-01-26 10:00:00,2026,1
штиль,0.0,н/о,,н/о,-20.3,-22.8,80,-20.0,-20.0,холодно,1035.8,1030.5,,,,,,2026-01-26 09:00:00,2026-01-26 13:00:00,2026,1
штиль,0.0,н/о,,н/о,-16.8,-20.1,76,-17.0,-17.0,прохладно,1035.6,1030.4,,,,,,2026-01-26 12:00:00,2026-01-26 16:00:00,2026,1
штиль,0.0,н/о,,н/о,-22.1,-23.9,85,-22.0,-22.0,холодно,1036.3,1031.0,,-16.5,,,,2026-01-26 15:00:00,2026-01-26 19:00:00,2026,1
штиль,0.0,н/о,,н/о,-24.6,-26.7,83,-25.0,-25.0,очень  холодно,1036.5,1031.2,,,,,,2026-01-26 18:00:00,2026-01-26 22:00:00,2026,1
штиль,0.0,н/о,,н/о,-26.7,-29.0,81,-27.0,-27.0,очень  холодно,1036.4,1031.0,,,,,,2026-01-26 21:00:00,2026-01-27 01:00:00,2026,1
ЮВ,1.0,н/о,,н/о,-24.8,-26.9,83,-28.0,-28.0,очень  холодно,1035.2,1029.9,,,,,,2026-01-27 00:00:00,2026-01-27 04:00:00,2026,1
ЮВ,2.0,н/о,,н/о,-24.9,-27.0,83,-32.0,-32.0,опасность  обморожения,1035.0,1029.7,-28.2,,,,,2026-01-27 03:00:00,2026-01-27 07:00:00,2026,1
штиль,0.0,н/о,,н/о,-23.0,-25.1,83,-23.0,-23.0,очень  холодно,1034.3,1029.0,,,,,,2026-01-27 06:00:00,2026-01-27 10:00:00,2026,1
Ю,2.0,н/о,,н/о,-16.7,-19.8,77,-22.0,-22.0,очень  холодно,1033.3,1028.1,,,,,,2026-01-27 09:00:00,2026-01-27 13:00:00,2026,1
Ю,2.0,н/о,,н/о,-14.5,-18.2,73,-19.0,-19.0,холодно,1031.8,1026.6,,,,,,2026-01-27 12:00:00,2026-01-27 16:00:00,2026,1
Ю,2.0,н/о,,н/о,-17.2,-19.8,80,-23.0,-23.0,очень  холодно,1031.5,1026.3,,-14.3,,,,2026-01-27 15:00:00,2026-01-27 19:00:00,2026,1
Ю,2.0,н/о,,н/о,-18.3,-20.6,82,-24.0,-24.0,очень  холодно,1031.0,1025.8,,,,,,2026-01-27 18:00:00,2026-01-27 22:00:00,2026,1
ЮВ,2.0,н/о,,н/о,-18.1,-20.2,84,-24.0,-24.0,очень  холодно,1030.3,1025.1,,,,,,2026-01-27 21:00:00,2026-01-28 01:00:00,2026,1
штиль,0.0,н/о,,н/о,-19.3,-21.1,86,-19.0,-19.0,холодно,1029.2,1024.0,,,,,,2026-01-28 00:00:00,2026-01-28 04:00:00,2026,1
Ю,3.0,н/о,,н/о,-17.7,-19.9,83,-25.0,-25.0,очень  холодно,1028.3,1023.1,-20.9,,,,,2026-01-28 03:00:00,2026-01-28 07:00:00,2026,1
Ю,3.0,н/о,,н/о,-18.9,-21.2,82,-26.0,-26.0,очень  холодно,1027.5,1022.3,,,,,,2026-01-28 06:00:00,2026-01-28 10:00:00,2026,1
Ю,3.0,н/о,,н/о,-14.5,-18.0,75,-21.0,-21.0,очень  холодно,1026.0,1020.9,,,,,,2026-01-28 09:00:00,2026-01-28 13:00:00,2026,1
Ю,,н/о,,н/о,-12.5,-15.4,79,-20.0,-20.0,очень  холодно,1024.2,1019.2,,,,,,2026-01-28 12:00:00,2026-01-28 16:00:00,2026,1
Ю,3.0,н/о,,н/о,-14.8,-16.9,84,-21.0,-21.0,очень  холодно,1023.2,1018.1,,-11.4,,,,2026-01-28 15:00:00,2026-01-28 19:00:00,2026,1
Ю,4.0,н/о,,н/о,-13.3,-15.9,81,-21.0,-21.0,очень  холодно,1022.4,1017.4,,,,,,2026-01-28 18:00:00,2026-01-28 22:00:00,2026,1
Ю,5.0,н/о,,н/о,-12.2,-14.7,82,-20.0,-20.0,холодно,1021.5,1016.4,,,,,,2026-01-28 21:00:00,2026-01-29 01:00:00,2026,1
Ю,,н/о,,н/о,-11.7,-13.9,84,-19.0,-19.0,холодно,1020.8,1015.8,,,,,,2026-01-29 00:00:00,2026-01-29 04:00:00,2026,1
Ю,,н/о,,н/о,-12.1,-14.0,86,-18.0,-18.0,холодно,1020.1,1015.1,-14.8,,,,,2026-01-29 03:00:00,2026-01-29 07:00:00,2026,1
Ю,3.0,н/о,,н/о,-11.4,-13.6,84,-17.0,-17.0,прохладно,1019.7,1014.7,,,,,,2026-01-29 06:00:00,2026-01-29 10:00:00,2026,1
Ю,3.0,н/о,,н/о,-9.5,-11.9,83,-15.0,-15.0,прохладно,1019.0,1014.0,,,,,,2026-01-29 09:00:00,2026-01-29 13:00:00,2026,1
Ю,3.0,н/о,,н/о,-8.9,-10.9,85,-15.0,-15.0,прохладно,1017.8,1012.8,,,,,,2026-01-29 12:00:00,2026-01-29 16:00:00,2026,1
Ю,,н/о,,н/о,-8.7,-10.0,90,-16.0,-16.0,прохладно,1017.0,1012.1,,-8.7,,,,2026-01-29 15:00:00,2026-01-29 19:00:00,2026,1
Ю,,н/о,,н/о,-7.7,-8.9,91,-15.0,-15.0,прохладно,1015.5,1010.5,,,,,,2026-01-29 18:00:00,2026-01-29 22:00:00,2026,1
Ю,,н/о,,н/о,-6.8,-8.0,91,-14.0,-14.0,по сезону,1014.7,1009.8,,,,,,2026-01-29 21:00:00,2026-01-30 01:00:00,2026,1
Ю,,н/о,,н/о,-7.3,-8.7,90,-14.0,-14.0,по сезону,1014.2,1009.3,,,,,,2026-01-30 00:00:00,2026-01-30 04:00:00,2026,1
Ю,4.0,н/о,,н/о,-8.1,-9.1,92,-15.0,-15.0,по сезону,1013.8,1008.9,-8.7,,,,,2026-01-30 03:00:00,2026-01-30 07:00:00,2026,1
Ю,4.0,н/о,,н/о,-7.6,-8.4,94,-14.0,-14.0,по сезону,1013.7,1008.8,,,,,,2026-01-30 06:00:00,2026-01-30 10:00:00,2026,1
Ю,4.0,н/о,,н/о,-5.1,-5.7,96,-12.0,-12.0,по сезону,1014.0,1009.1,,,,,,2026-01-30 09:00:00,2026-01-30 13:00:00,2026,1
Ю,3.0,н/о,,н/о,-4.6,-5.1,96,-10.0,-10.0,по сезону,1013.9,1009.1,,,,,,2026-01-30 12:00:00,2026-01-30 16:00:00,2026,1
Ю,4.0,н/о,,н/о,-4.4,-4.4,100,-11.0,-11.0,по сезону,1014.2,1009.3,,-4.2,,,,2026-01-30 15:00:00,2026-01-30 19:00:00,2026,1
Ю,3.0,н/о,,н/о,-5.3,-5.3,100,-11.0,-11.0,по сезону,1014.8,1009.9,,,,,,2026-01-30 18:00:00,2026-01-30 22:00:00,2026,1
Ю,3.0,н/о,,н/о,-5.8,-6.3,96,-12.0,-12.0,по сезону,1014.9,1010.0,,,,,,2026-01-30 21:00:00,2026-01-31 01:00:00,2026,1
Ю,1.0,н/о,,н/о,-5.7,-6.2,96,-8.0,-8.0,тепло,1015.2,1010.3,,,,,,2026-01-31 00:00:00,2026-01-31 04:00:00,2026,1
Ю,2.0,н/о,,н/о,-5.3,-5.6,98,-10.0,-10.0,тепло,1015.1,1010.2,-5.8,,,,,2026-01-31 03:00:00,2026-01-31 07:00:00,2026,1
ЮВ,2.0,н/о,,н/о,-5.6,-5.8,98,-10.0,-10.0,тепло,1015.6,1010.7,,,,,,2026-01-31 06:00:00,2026-01-31 10:00:00,2026,1
ЮВ,2.0,н/о,,н/о,-4.4,-5.3,93,-9.0,-9.0,тепло,1015.1,1010.3,,,,,,2026-01-31 09:00:00,2026-01-31 13:00:00,2026,1
В,1.0,н/о,,н/о,-4.0,-4.9,93,-6.0,-6.0,тепло,1014.8,1010.0,,,,,,2026-01-31 12:00:00,2026-01-31 16:00:00,2026,1
ЮВ,3.0,н/о,,н/о,-5.4,-6.6,91,-11.0,-11.0,по сезону,1014.5,1009.6,,-4.0,,,,2026-01-31 15:00:00,2026-01-31 19:00:00,2026,1
ЮВ,2.0,н/о,,н/о,-6.7,-7.9,91,-11.0,-11.0,по сезону,1014.1,1009.2,,,,,,2026-01-31 18:00:00,2026-01-31 22:00:00,2026,1
ЮВ,2.0,н/о,,н/о,-8.1,-9.4,90,-13.0,-13.0,по сезону,1013.7,1008.7,,,,,,2026-01-31 21:00:00,2026-02-01 01:00:00,2026,1
В,2.0,н/о,,н/о,-8.3,-9.1,94,-13.0,-13.0,по сезону,1013.0,1008.0,,,,,,2026-02-01 00:00:00,2026-02-01 04:00:00,2026,2
ЮВ,3.0,н/о,,н/о,-7.8,-9.0,91,-14.0,-14.0,по сезону,1011.8,1006.9,-8.4,,,,,2026-02-01 03:00:00,2026-02-01 07:00:00,2026,2
ЮВ,2.0,н/о,,н/о,-8.2,-9.2,92,-13.0,-13.0,по сезону,1012.4,1007.5,,,,,,2026-02-01 06:00:00,2026-02-01 10:00:00,2026,2
ЮВ,4.0,н/о,,н/о,-7.9,-9.4,89,-15.0,-15.0,по сезону,1012.6,1007.7,,,,,,2026-02-01 09:00:00,2026-02-01 13:00:00,2026,2
ЮВ,3.0,н/о,,н/о,-8.0,-9.3,90,-14.0,-14.0,по сезону,1012.8,1007.9,,,,,,2026-02-01 12:00:00,2026-02-01 16:00:00,2026,2
ЮВ,4.0,н/о,,н/о,-8.0,-8.9,93,-15.0,-15.0,по сезону,1012.8,1007.9,,-7.7,,,,2026-02-01 15:00:00,2026-02-01 19:00:00,2026,2
ЮВ,2.0,н/о,,н/о,-7.2,-7.6,97,-12.0,-12.0,по сезону,1012.5,1007.6,,,,,,2026-02-01 18:00:00,2026-02-01 22:00:00,2026,2
ЮВ,3.0,н/о,,н/о,-5.3,-5.6,98,-11.0,-11.0,по сезону,1011.8,1006.9,,,,,,2026-02-01 21:00:00,2026-02-02 01:00:00,2026,2
Ю,4.0,н/о,,н/о,-3.2,-3.3,99,-10.0,-10.0,тепло,1011.8,1007.0,,,,,,2026-02-02 00:00:00,2026-02-02 04:00:00,2026,2
ЮЗ,3.0,н/о,,н/о,-8.2,-9.2,92,-14.0,-14.0,по сезону,1013.8,1008.9,-8.2,,,,,2026-02-02 03:00:00,2026-02-02 07:00:00,2026,2
З,1.0,н/о,,н/о,-12.2,-14.1,86,-14.0,-14.0,по сезону,1017.2,1012.2,-12.3,,,,,2026-02-02 06:00:00,2026-02-02 10:00:00,2026,2
З,2.0,н/о,,н/о,-12.1,-16.8,68,-17.0,-17.0,по сезону,1018.2,1013.2,,,,,,2026-02-02 09:00:00,2026-02-02 13:00:00,2026,2
ЮЗ,2.0,н/о,,н/о,-12.8,-18.1,64,-17.0,-17.0,прохладно,1019.7,1014.7,,,,,,2026-02-02 12:00:00,2026-02-02 16:00:00,2026,2
Ю,1.0,н/о,,н/о,-16.8,-19.9,77,-20.0,-20.0,прохладно,1020.4,1015.2,,-8.2,,,,2026-02-02 15:00:00,2026-02-02 19:00:00,2026,2
штиль,0.0,н/о,,н/о,-18.9,-21.0,83,-19.0,-19.0,по сезону,1021.6,1016.5,,,,,,2026-02-02 18:00:00,2026-02-02 22:00:00,2026,2
штиль,0.0,н/о,,н/о,-18.5,-20.5,84,-19.0,-19.0,по сезону,1020.9,1015.7,,,,,,2026-02-02 21:00:00,2026-02-03 01:00:00,2026,2
СЗ,1.0,н/о,,н/о,-16.9,-19.0,84,-20.0,-20.0,по сезону,1020.2,1015.1,,,,,,2026-02-03 00:00:00,2026-02-03 04:00:00,2026,2
СЗ,1.0,н/о,,н/о,-16.4,-17.7,90,-19.0,-19.0,по сезону,1018.3,1013.2,-20.7,,,,,2026-02-03 03:00:00,2026-02-03 07:00:00,2026,2
штиль,0.0,н/о,,н/о,-14.2,-15.4,91,-14.0,-14.0,по сезону,1016.7,1011.6,,,,,,2026-02-03 06:00:00,2026-02-03 10:00:00,2026,2
С,2.0,н/о,,н/о,-13.1,-14.3,91,-18.0,-18.0,по сезону,1015.2,1010.2,,,,,,2026-02-03 09:00:00,2026-02-03 13:00:00,2026,2
С,3.0,н/о,,н/о,-12.2,-13.3,91,-18.0,-18.0,прохладно,1013.8,1008.8,,,,,,2026-02-03 12:00:00,2026-02-03 16:00:00,2026,2
штиль,0.0,н/о,,н/о,-11.8,-13.0,91,-12.0,-12.0,по сезону,1013.6,1008.6,,-11.8,,,,2026-02-03 15:00:00,2026-02-03 19:00:00,2026,2
СЗ,2.0,н/о,,н/о,-11.9,-13.4,89,-16.0,-16.0,по сезону,1013.3,1008.3,,,,,,2026-02-03 18:00:00,2026-02-03 22:00:00,2026,2
СЗ,3.0,н/о,,н/о,-14.7,-17.0,83,-21.0,-21.0,прохладно,1015.3,1010.2,,,,,,2026-02-03 21:00:00,2026-02-04 01:00:00,2026,2
СЗ,3.0,н/о,,н/о,-17.1,-20.2,77,-24.0,-24.0,прохладно,1017.4,1012.3,,,,,,2026-02-04 00:00:00,2026-02-04 04:00:00,2026,2
СЗ,3.0,н/о,,н/о,-20.6,-23.5,77,-28.0,-28.0,очень  холодно,1019.1,1013.9,-20.6,,,,,2026-02-04 03:00:00,2026-02-04 07:00:00,2026,2
З,2.0,н/о,,н/о,-20.8,-23.5,79,-27.0,-27.0,очень  холодно,1021.9,1016.7,-21.7,,,,,2026-02-04 06:00:00,2026-02-04 10:00:00,2026,2
З,2.0,н/о,,н/о,-18.2,-22.4,70,-24.0,-24.0,холодно,1022.3,1017.2,,,,,,2026-02-04 09:00:00,2026-02-04 13:00:00,2026,2
З,2.0,н/о,,н/о,-16.9,-21.3,69,-22.0,-22.0,холодно,1022.7,1017.6,,,,,,2026-02-04 12:00:00,2026-02-04 16:00:00,2026,2
З,2.0,н/о,,н/о,-19.1,-22.0,78,-25.0,-25.0,очень  холодно,1024.1,1018.9,,-16.1,,,,2026-02-04 15:00:00,2026-02-04 19:00:00,2026,2
штиль,0.0,н/о,,н/о,-22.6,-24.6,84,-23.0,-23.0,холодно,1025.0,1019.7,,,,,,2026-02-04 18:00:00,2026-02-04 22:00:00,2026,2
штиль,0.0,н/о,,н/о,-27.8,-30.0,81,-28.0,-28.0,очень  холодно,1026.1,1020.7,,,,,,2026-02-04 21:00:00,2026-02-05 01:00:00,2026,2
штиль,0.0,н/о,,н/о,-29.6,-32.2,78,-30.0,-30.0,очень  холодно,1026.9,1021.5,,,,,,2026-02-05 00:00:00,2026-02-05 04:00:00,2026,2
штиль,0.0,н/о,,н/о,-30.7,-33.4,77,-31.0,-31.0,опасность  обморожения,1027.1,1021.7,-31.3,,,,,2026-02-05 03:00:00,2026-02-05 07:00:00,2026,2
штиль,0.0,н/о,,н/о,-23.1,-24.8,86,-23.0,-23.0,прохладно,1027.5,1022.2,-31.4,,,,,2026-02-05 06:00:00,2026-02-05 10:00:00,2026,2
З,1.0,н/о,,н/о,-16.9,-19.2,82,-20.0,-20.0,прохладно,1027.8,1022.6,,,,,,2026-02-05 09:00:00,2026-02-05 13:00:00,2026,2
З,1.0,н/о,,н/о,-14.0,-16.7,80,-16.0,-16.0,по сезону,1027.3,1022.2,,,,,,2026-02-05 12:00:00,2026-02-05 16:00:00,2026,2
штиль,0.0,н/о,,н/о,-17.8,-19.3,88,-18.0,-18.0,по сезону,1028.2,1023.0,,-13.8,,,,2026-02-05 15:00:00,2026-02-05 19:00:00,2026,2
штиль,0.0,н/о,,н/о,-21.9,-23.3,88,-22.0,-22.0,прохладно,1028.5,1023.3,,,,,,2026-02-05 18:00:00,2026-02-05 22:00:00,2026,2
штиль,0.0,н/о,,н/о,-19.8,-21.2,89,-20.0,-20.0,по сезону,1028.3,1023.1,,,,,,2026-02-05 21:00:00,2026-02-06 01:00:00,2026,2
СЗ,1.0,н/о,,н/о,-15.1,-16.1,92,-18.0,-18.0,по сезону,1028.5,1023.4,,,,,,2026-02-06 00:00:00,2026-02-06 04:00:00,2026,2
штиль,0.0,н/о,,н/о,-19.4,-20.8,89,-19.0,-19.0,по сезону,1028.9,1023.7,-22.4,,,,,2026-02-06 03:00:00,2026-02-06 07:00:00,2026,2
штиль,0.0,н/о,,н/о,-20.9,-22.5,87,-21.0,-21.0,прохладно,1030.4,1025.2,-22.5,,,,,2026-02-06 06:00:00,2026-02-06 10:00:00,2026,2
штиль,0.0,н/о,,н/о,-12.1,-14.9,80,-12.0,-12.0,по сезону,1030.8,1025.8,,,,,,2026-02-06 09:00:00,2026-02-06 13:00:00,2026,2
штиль,0.0,н/о,,н/о,-9.0,-13.8,68,-9.0,-9.0,по сезону,1030.5,1025.4,,,,,,2026-02-06 12:00:00,2026-02-06 16:00:00,2026,2
Ю,2.0,н/о,,н/о,-14.4,-17.9,75,-19.0,-19.0,прохладно,1031.0,1025.9,,-8.2,,,,2026-02-06 15:00:00,2026-02-06 19:00:00,2026,2
Ю,1.0,н/о,,н/о,-17.3,-19.7,82,-20.0,-20.0,прохладно,1030.9,1025.7,,,,,,2026-02-06 18:00:00,2026-02-06 22:00:00,2026,2
Ю,2.0,н/о,,н/о,-18.0,-19.3,90,-23.0,-23.0,холодно,1030.4,1025.2,,,,,,2026-02-06 21:00:00,2026-02-07 01:00:00,2026,2
Ю,1.0,н/о,,н/о,-16.6,-18.0,89,-19.0,-19.0,прохладно,1030.0,1024.8,,,,,,2026-02-07 00:00:00,2026-02-07 04:00:00,2026,2
ЮВ,1.0,н/о,,н/о,-15.7,-17.2,88,-18.0,-18.0,по сезону,1028.8,1023.6,-19.4,,,,,2026-02-07 03:00:00,2026-02-07 07:00:00,2026,2
ЮВ,3.0,н/о,,н/о,-14.3,-16.3,85,-21.0,-21.0,прохладно,1027.1,1022.0,,,,,,2026-02-07 06:00:00,2026-02-07 10:00:00,2026,2
Ю,2.0,н/о,,н/о,-12.1,-15.0,79,-17.0,-17.0,прохладно,1025.5,1020.4,,,,,,2026-02-07 09:00:00,2026-02-07 13:00:00,2026,2
ЮВ,3.0,н/о,,н/о,-10.8,-14.9,72,-17.0,-17.0,прохладно,1022.2,1017.1,,,,,,2026-02-07 12:00:00,2026-02-07 16:00:00,2026,2
ЮВ,1.0,н/о,,н/о,-10.3,-12.8,82,-13.0,-13.0,по сезону,1018.1,1013.1,,,,,,2026-02-07 18:00:00,2026-02-07 22:00:00,2026,2
штиль,0.0,н/о,,н/о,-10.3,-12.5,84,-11.0,-11.0,по сезону,1015.6,1010.6,,,,,,2026-02-07 21:00:00,2026-02-08 01:00:00,2026,2
штиль,0.0,н/о,,н/о,-12.0,-14.8,80,-12.0,-12.0,по сезону,1012.9,1008.0,,,,,,2026-02-08 00:00:00,2026-02-08 04:00:00,2026,2
ЮВ,1.0,н/о,,н/о,-11.9,-15.5,75,-14.0,-14.0,по сезону,1009.6,1004.6,-12.5,,,,,2026-02-08 03:00:00,2026-02-08 07:00:00,2026,2
ЮВ,1.0,н/о,,н/о,-10.8,-15.0,71,-13.0,-13.0,по сезону,1007.3,1002.3,,,,,,2026-02-08 06:00:00,2026-02-08 10:00:00,2026,2
В,1.0,н/о,,н/о,-9.4,-11.9,82,-12.0,-12.0,по сезону,1004.6,999.7,,,,,,2026-02-08 09:00:00,2026-02-08 13:00:00,2026,2
В,1.0,н/о,,н/о,-9.0,-10.6,88,-11.0,-11.0,по сезону,1001.9,997.0,,,,,,2026-02-08 12:00:00,2026-02-08 16:00:00,2026,2
штиль,0.0,н/о,,н/о,-9.1,-10.5,90,-10.0,-10.0,по сезону,1000.1,995.3,,-8.8,,,,2026-02-08 15:00:00,2026-02-08 19:00:00,2026,2
штиль,0.0,н/о,,н/о,-9.3,-10.2,93,-10.0,-10.0,по сезону,998.9,994.0,,,,,,2026-02-08 18:00:00,2026-02-08 22:00:00,2026,2
СЗ,2.0,н/о,,н/о,-9.4,-10.4,92,-14.0,-14.0,по сезону,997.2,992.4,-9.9,,,,,2026-02-09 06:00:00,2026-02-09 10:00:00,2026,2
С,5.0,н/о,,н/о,-8.9,-11.7,80,-17.0,-17.0,холодно,997.5,992.6,,,,,,2026-02-09 09:00:00,2026-02-09 13:00:00,2026,2
СЗ,4.0,н/о,,н/о,-10.3,-13.4,78,-17.0,-17.0,холодно,998.1,993.2,,,,,,2026-02-09 12:00:00,2026-02-09 16:00:00,2026,2
СЗ,4.0,н/о,,н/о,-12.6,-14.7,84,-20.0,-20.0,очень  холодно,1000.0,995.1,,-8.7,,,,2026-02-09 15:00:00,2026-02-09 19:00:00,2026,2
С,,н/о,,н/о,-13.2,-16.0,79,-22.0,-22.0,очень  холодно,1001.2,996.2,,,,,,2026-02-09 18:00:00,2026-02-09 22:00:00,2026,2
СЗ,,н/о,,н/о,-14.7,-17.1,82,-23.0,-23.0,очень  холодно,1002.6,997.6,,,,,,2026-02-09 21:00:00,2026-02-10 01:00:00,2026,2
СЗ,3.0,н/о,,н/о,-16.0,-18.0,85,-23.0,-23.0,по сезону,1003.2,998.2,,,,,,2026-02-10 00:00:00,2026-02-10 04:00:00,2026,2
С,2.0,н/о,,н/о,-13.3,-15.4,84,-18.0,-18.0,по сезону,1004.3,999.4,-16.5,,,,,2026-02-10 03:00:00,2026-02-10 07:00:00,2026,2
СЗ,3.0,н/о,,н/о,-11.4,-14.4,78,-17.0,-17.0,по сезону,1005.1,1000.1,,,,,,2026-02-10 06:00:00,2026-02-10 10:00:00,2026,2
СЗ,,н/о,,н/о,-10.9,-14.8,73,-18.0,-18.0,по сезону,1005.8,1000.9,,,,,,2026-02-10 09:00:00,2026-02-10 13:00:00,2026,2
З,3.0,н/о,,н/о,-9.4,-14.7,65,-15.0,-15.0,по сезону,1005.8,1000.8,,,,,,2026-02-10 12:00:00,2026-02-10 16:00:00,2026,2
ЮЗ,1.0,н/о,,н/о,-10.3,-12.6,83,-13.0,-13.0,по сезону,1007.3,1002.4,,-9.2,,,,2026-02-10 15:00:00,2026-02-10 19:00:00,2026,2
З,1.0,н/о,,н/о,-11.6,-13.2,88,-14.0,-14.0,по сезону,1008.8,1003.8,,,,,,2026-02-10 18:00:00,2026-02-10 22:00:00,2026,2
З,2.0,н/о,,н/о,-12.0,-14.6,81,-17.0,-17.0,по сезону,1010.6,1005.6,,,,,,2026-02-10 21:00:00,2026-02-11 01:00:00,2026,2
З,2.0,н/о,,н/о,-13.6,-15.5,86,-18.0,-18.0,по сезону,1012.9,1007.9,,,,,,2026-02-11 00:00:00,2026-02-11 04:00:00,2026,2
З,2.0,н/о,,н/о,-13.6,-15.1,88,-18.0,-18.0,по сезону,1015.1,1010.1,-14.0,,,,,2026-02-11 03:00:00,2026-02-11 07:00:00,2026,2
штиль,0.0,н/о,,н/о,-15.3,-17.0,87,-15.0,-15.0,по сезону,1017.9,1012.8,-16.8,,,,,2026-02-11 06:00:00,2026-02-11 10:00:00,2026,2
ЮЗ,2.0,н/о,,н/о,-9.5,-14.0,70,-14.0,-14.0,по сезону,1019.4,1014.4,,,,,,2026-02-11 09:00:00,2026-02-11 13:00:00,2026,2
Ю,1.0,н/о,,н/о,-8.2,-13.7,65,-10.0,-10.0,по сезону,1019.8,1014.8,,,,,,2026-02-11 12:00:00,2026-02-11 16:00:00,2026,2
Ю,3.0,н/о,,н/о,-14.7,-17.3,81,-21.0,-21.0,холодно,1020.7,1015.6,,-8.0,,,,2026-02-11 15:00:00,2026-02-11 19:00:00,2026,2
Ю,3.0,н/о,,н/о,-17.2,-19.2,84,-24.0,-24.0,холодно,1021.4,1016.3,,,,,,2026-02-11 18:00:00,2026-02-11 22:00:00,2026,2
ЮВ,2.0,н/о,,н/о,-18.0,-19.9,85,-23.0,-23.0,прохладно,1022.0,1016.8,,,,,,2026-02-11 21:00:00,2026-02-12 01:00:00,2026,2
Ю,2.0,н/о,,н/о,-17.9,-19.7,86,-23.0,-23.0,прохладно,1021.5,1016.3,,,,,,2026-02-12 00:00:00,2026-02-12 04:00:00,2026,2
Ю,3.0,н/о,,н/о,-17.4,-19.3,85,-24.0,-24.0,прохладно,1020.8,1015.7,-18.4,,,,,2026-02-12 03:00:00,2026-02-12 07:00:00,2026,2
Ю,3.0,н/о,,н/о,-16.6,-19.2,80,-24.0,-24.0,холодно,1021.1,1016.0,,,,,,2026-02-12 06:00:00,2026-02-12 10:00:00,2026,2
Ю,5.0,н/о,,н/о,-13.6,-17.2,74,-22.0,-22.0,холодно,1020.1,1015.1,,,,,,2026-02-12 09:00:00,2026-02-12 13:00:00,2026,2
Ю,,н/о,,н/о,-12.4,-15.4,78,-21.0,-21.0,холодно,1017.6,1012.6,,,,,,2026-02-12 12:00:00,2026-02-12 16:00:00,2026,2
Ю,,н/о,,н/о,-12.4,-14.1,87,-20.0,-20.0,прохладно,1017.1,1012.1,,-11.7,,,,2026-02-12 15:00:00,2026-02-12 19:00:00,2026,2
Ю,,н/о,,н/о,-13.1,-15.9,79,-20.0,-20.0,по сезону,1016.2,1011.2,,,,,,2026-02-12 18:00:00,2026-02-12 22:00:00,2026,2
Ю,,н/о,,н/о,-13.2,-15.5,83,-19.0,-19.0,по сезону,1016.2,1011.2,,,,,,2026-02-12 21:00:00,2026-02-13 01:00:00,2026,2
Ю,3.0,н/о,,н/о,-11.6,-13.4,86,-18.0,-18.0,по сезону,1014.3,1009.4,,,,,,2026-02-13 00:00:00,2026-02-13 04:00:00,2026,2
Ю,4.0,н/о,,н/о,-10.1,-11.5,89,-17.0,-17.0,по сезону,1013.9,1008.9,-13.7,,,,,2026-02-13 03:00:00,2026-02-13 07:00:00,2026,2
Ю,5.0,н/о,,н/о,-9.1,-10.5,90,-17.0,-17.0,по сезону,1015.0,1010.1,,,,,,2026-02-13 06:00:00,2026-02-13 10:00:00,2026,2
Ю,5.0,н/о,,н/о,-7.4,-9.5,85,-15.0,-15.0,по сезону,1015.0,1010.1,,,,,,2026-02-13 09:00:00,2026-02-13 13:00:00,2026,2
Ю,3.0,н/о,,н/о,-6.3,-8.1,87,-12.0,-12.0,по сезону,1015.0,1010.1,,,,,,2026-02-13 12:00:00,2026-02-13 16:00:00,2026,2
Ю,4.0,н/о,,н/о,-8.3,-9.6,90,-15.0,-15.0,по сезону,1015.2,1010.3,,-6.0,,,,2026-02-13 15:00:00,2026-02-13 19:00:00,2026,2
Ю,3.0,н/о,,н/о,-8.9,-10.1,91,-15.0,-15.0,по сезону,1015.9,1011.0,,,,,,2026-02-13 18:00:00,2026-02-13 22:00:00,2026,2
Ю,3.0,н/о,,н/о,-9.7,-10.9,91,-16.0,-16.0,по сезону,1015.8,1010.9,,,,,,2026-02-13 21:00:00,2026-02-14 01:00:00,2026,2
ЮВ,2.0,н/о,,н/о,-8.4,-8.8,97,-13.0,-13.0,по сезону,1015.2,1010.3,,,,,,2026-02-14 00:00:00,2026-02-14 04:00:00,2026,2
Ю,5.0,н/о,,н/о,-5.5,-5.7,98,-13.0,-13.0,по сезону,1013.7,1008.8,-9.9,,,,,2026-02-14 03:00:00,2026-02-14 07:00:00,2026,2
Ю,4.0,н/о,,н/о,-4.1,-5.0,93,-11.0,-11.0,тепло,1013.9,1009.0,,,,,,2026-02-14 06:00:00,2026-02-14 10:00:00,2026,2
Ю,,н/о,,н/о,-4.4,-6.0,89,-12.0,-12.0,по сезону,1014.3,1009.4,,,,,,2026-02-14 09:00:00,2026-02-14 13:00:00,2026,2
Ю,4.0,н/о,,н/о,-4.9,-7.4,83,-11.0,-11.0,по сезону,1013.8,1008.9,,,,,,2026-02-14 12:00:00,2026-02-14 16:00:00,2026,2
ЮВ,,н/о,,н/о,-7.7,-9.1,90,-14.0,-14.0,по сезону,1014.3,1009.4,,-3.6,,,,2026-02-14 15:00:00,2026-02-14 19:00:00,2026,2
ЮВ,3.0,н/о,,н/о,-8.4,-10.0,88,-14.0,-14.0,по сезону,1013.7,1008.8,,,,,,2026-02-14 18:00:00,2026-02-14 22:00:00,2026,2
ЮВ,2.0,н/о,,н/о,-7.0,-7.9,93,-12.0,-12.0,по сезону,1012.2,1007.3,,,,,,2026-02-14 21:00:00,2026-02-15 01:00:00,2026,2
ЮВ,2.0,н/о,,н/о,-6.1,-6.6,96,-11.0,-11.0,тепло,1009.9,1005.1,,,,,,2026-02-15 00:00:00,2026-02-15 04:00:00,2026,2
Ю,3.0,н/о,,н/о,-5.8,-6.0,98,-12.0,-12.0,по сезону,1008.2,1003.3,-8.5,,,,,2026-02-15 03:00:00,2026-02-15 07:00:00,2026,2
Ю,2.0,н/о,,н/о,-5.0,-5.2,98,-9.0,-9.0,тепло,1006.4,1001.5,,,,,,2026-02-15 06:00:00,2026-02-15 10:00:00,2026,2
Ю,3.0,н/о,,н/о,-3.0,-3.2,99,-8.0,-8.0,тепло,1004.0,999.2,,,,,,2026-02-15 09:00:00,2026-02-15 13:00:00,2026,2
Ю,1.0,н/о,,н/о,-1.2,-1.2,100,-4.0,-4.0,тепло,1002.7,997.9,,,,,,2026-02-15 12:00:00,2026-02-15 16:00:00,2026,2
З,2.0,н/о,,н/о,-0.7,-1.5,94,-5.0,-5.0,тепло,1003.6,1000.3,,-0.7,,,,2026-02-15 15:00:00,2026-02-15 19:00:00,2026,2
штиль,0.0,н/о,,н/о,-0.5,-0.5,100,-2.0,-2.0,тепло,1007.9,1003.2,,,,,,2026-02-15 18:00:00,2026-02-15 22:00:00,2026,2
ЮЗ,1.0,н/о,,н/о,1.2,-0.4,89,-1.0,-1.0,тепло,1010.1,1005.3,,,,,,2026-02-15 21:00:00,2026-02-16 01:00:00,2026,2
З,2.0,н/о,,н/о,1.7,-0.1,88,-2.0,-2.0,тепло,1011.6,1006.9,,,,,,2026-02-16 00:00:00,2026-02-16 04:00:00,2026,2
ЮЗ,2.0,н/о,,н/о,1.6,0.2,90,-2.0,-2.0,тепло,1011.5,1006.7,-0.8,,,,,2026-02-16 03:00:00,2026-02-16 07:00:00,2026,2
Ю,1.0,н/о,,н/о,1.4,0.4,93,-1.0,-1.0,тепло,1011.6,1006.9,,,,,,2026-02-16 06:00:00,2026-02-16 10:00:00,2026,2
Ю,2.0,н/о,,н/о,1.1,0.7,97,-3.0,-3.0,тепло,1010.8,1006.0,,,,,,2026-02-16 09:00:00,2026-02-16 13:00:00,2026,2
Ю,,н/о,,н/о,0.9,0.9,100,-5.0,-5.0,тепло,1008.1,1003.3,,,,,,2026-02-16 12:00:00,2026-02-16 16:00:00,2026,2
Ю,,н/о,,н/о,0.1,0.1,100,-7.0,-7.0,тепло,1000.9,996.2,,2.4,,,,2026-02-16 15:00:00,2026-02-16 19:00:00,2026,2
Ю,,н/о,,н/о,1.2,0.1,92,-5.0,-5.0,тепло,1000.9,993.5,,,,,,2026-02-16 18:00:00,2026-02-16 22:00:00,2026,2
Ю,,н/о,,н/о,2.1,0.1,87,-3.0,-3.0,тепло,1000.9,990.9,,,,,,2026-02-16 21:00:00,2026-02-17 01:00:00,2026,2
ЮЗ,,н/о,,н/о,2.6,0.9,89,-3.0,-3.0,тепло,995.3,990.6,,,,,,2026-02-17 00:00:00,2026-02-17 04:00:00,2026,2
З,,н/о,,н/о,1.0,-1.3,85,-4.0,-4.0,тепло,995.7,991.0,0.1,,,,,2026-02-17 03:00:00,2026-02-17 07:00:00,2026,2
ЮЗ,,н/о,,н/о,-6.4,-10.5,73,-14.0,-14.0,по сезону,1000.2,995.4,-6.2,,,,,2026-02-17 06:00:00,2026-02-17 10:00:00,2026,2
З,,н/о,,н/о,-5.8,-11.1,66,-11.0,-11.0,по сезону,1003.2,998.4,,,,,,2026-02-17 09:00:00,2026-02-17 13:00:00,2026,2
З,,н/о,,н/о,-5.7,-11.2,65,-11.0,-11.0,по сезону,1006.0,1001.2,,,,,,2026-02-17 12:00:00,2026-02-17 16:00:00,2026,2
СЗ,,н/о,,н/о,-8.0,-12.3,71,-14.0,-14.0,по сезону,1009.5,1004.6,,1.3,,,,2026-02-17 15:00:00,2026-02-17 19:00:00,2026,2
СЗ,2.0,н/о,,н/о,-9.7,-12.7,79,-14.0,-14.0,по сезону,1014.7,1009.7,,,,,,2026-02-17 21:00:00,2026-02-18 01:00:00,2026,2
штиль,0.0,н/о,,н/о,-15.2,-16.1,93,-15.0,-15.0,по сезону,1017.1,1012.0,,,,,,2026-02-18 00:00:00,2026-02-18 04:00:00,2026,2
СЗ,1.0,н/о,,н/о,-17.8,-18.9,91,-21.0,-21.0,холодно,1018.4,1013.3,-17.9,,,,,2026-02-18 03:00:00,2026-02-18 07:00:00,2026,2
С,2.0,н/о,,н/о,-12.2,-13.4,91,-17.0,-17.0,прохладно,1021.0,1016.0,-18.0,,,,,2026-02-18 06:00:00,2026-02-18 10:00:00,2026,2
С,3.0,н/о,,н/о,-7.4,-12.6,66,-13.0,-13.0,по сезону,1022.3,1017.3,,,,,,2026-02-18 09:00:00,2026-02-18 13:00:00,2026,2
С,3.0,н/о,,н/о,-5.5,-11.8,61,-11.0,-11.0,по сезону,1022.7,1017.8,,,,,,2026-02-18 12:00:00,2026-02-18 16:00:00,2026,2
С,1.0,н/о,,н/о,-10.7,-14.6,73,-13.0,-13.0,по сезону,1024.3,1019.3,,-5.4,,,,2026-02-18 15:00:00,2026-02-18 19:00:00,2026,2
штиль,0.0,н/о,,н/о,-14.2,-16.2,85,-14.0,-14.0,по сезону,1025.0,1019.9,,,,,,2026-02-18 18:00:00,2026-02-18 22:00:00,2026,2
штиль,0.0,н/о,,н/о,-16.6,-17.5,93,-17.0,-17.0,прохладно,1025.4,1020.2,,,,,,2026-02-18 21:00:00,2026-02-19 01:00:00,2026,2
штиль,0.0,н/о,,н/о,-16.2,-17.2,92,-16.0,-16.0,прохладно,1026.0,1020.8,,,,,,2026-02-19 00:00:00,2026-02-19 04:00:00,2026,2
В,2.0,н/о,,н/о,-14.2,-15.5,90,-19.0,-19.0,холодно,1026.3,1021.2,-18.2,,,,,2026-02-19 03:00:00,2026-02-19 07:00:00,2026,2
В,2.0,н/о,,н/о,-12.8,-15.6,79,-17.0,-17.0,прохладно,1026.8,1021.8,,,,,,2026-02-19 06:00:00,2026-02-19 10:00:00,2026,2
В,3.0,н/о,,н/о,-8.9,-14.0,66,-15.0,-15.0,прохладно,1025.7,1020.8,,,,,,2026-02-19 09:00:00,2026-02-19 13:00:00,2026,2
В,3.0,н/о,,н/о,-5.2,-12.1,58,-10.0,-10.0,по сезону,1024.0,1019.1,,,,,,2026-02-19 12:00:00,2026-02-19 16:00:00,2026,2
В,2.0,н/о,,н/о,-8.0,-13.3,66,-12.0,-12.0,по сезону,1023.5,1018.5,,-5.1,,,,2026-02-19 15:00:00,2026-02-19 19:00:00,2026,2
В,3.0,н/о,,н/о,-9.5,-15.3,63,-15.0,-15.0,прохладно,1021.4,1016.5,,,,,,2026-02-19 18:00:00,2026-02-19 22:00:00,2026,2
В,2.0,н/о,,н/о,-8.6,-15.7,56,-13.0,-13.0,по сезону,1019.0,1014.0,,,,,,2026-02-19 21:00:00,2026-02-20 01:00:00,2026,2
В,2.0,н/о,,н/о,-7.8,-14.6,58,-12.0,-12.0,по сезону,1016.1,1011.2,,,,,,2026-02-20 00:00:00,2026-02-20 04:00:00,2026,2
В,3.0,н/о,,н/о,-8.2,-9.3,92,-14.0,-14.0,по сезону,1013.4,1008.5,-9.6,,,,,2026-02-20 03:00:00,2026-02-20 07:00:00,2026,2
В,3.0,н/о,,н/о,-7.4,-8.6,91,-13.0,-13.0,по сезону,1011.5,1006.6,,,,,,2026-02-20 06:00:00,2026-02-20 10:00:00,2026,2
ЮВ,2.0,н/о,,н/о,-5.2,-6.6,90,-10.0,-10.0,по сезону,1010.0,1005.1,,,,,,2026-02-20 09:00:00,2026-02-20 13:00:00,2026,2
ЮЗ,3.0,н/о,,н/о,-5.4,-6.9,89,-11.0,-11.0,по сезону,1011.1,1006.3,,,,,,2026-02-20 12:00:00,2026-02-20 16:00:00,2026,2
ЮЗ,3.0,н/о,,н/о,-6.5,-8.5,86,-12.0,-12.0,по сезону,1013.2,1008.3,,-4.4,,,,2026-02-20 15:00:00,2026-02-20 19:00:00,2026,2
ЮЗ,3.0,н/о,,н/о,-5.3,-7.2,86,-11.0,-11.0,по сезону,1014.8,1009.9,,,,,,2026-02-20 18:00:00,2026-02-20 22:00:00,2026,2
ЮЗ,4.0,н/о,,н/о,-8.0,-10.5,82,-15.0,-15.0,по сезону,1017.0,1012.1,,,,,,2026-02-20 21:00:00,2026-02-21 01:00:00,2026,2
ЮЗ,2.0,н/о,,н/о,-8.8,-11.0,84,-13.0,-13.0,по сезону,1017.2,1012.3,,,,,,2026-02-21 00:00:00,2026-02-21 04:00:00,2026,2
ЮЗ,2.0,н/о,,н/о,-8.1,-10.6,82,-13.0,-13.0,по сезону,1017.2,1012.3,-9.0,,,,,2026-02-21 03:00:00,2026-02-21 07:00:00,2026,2
ЮЗ,3.0,н/о,,н/о,-7.5,-10.6,78,-13.0,-13.0,по сезону,1017.7,1012.8,-9.4,,,,,2026-02-21 06:00:00,2026-02-21 10:00:00,2026,2
ЮЗ,3.0,н/о,,н/о,-5.4,-8.8,77,-11.0,-11.0,по сезону,1016.8,1011.9,,,,,,2026-02-21 09:00:00,2026-02-21 13:00:00,2026,2
З,3.0,н/о,,н/о,-6.1,-8.6,82,-12.0,-12.0,по сезону,1016.1,1011.2,,,,,,2026-02-21 12:00:00,2026-02-21 16:00:00,2026,2
З,2.0,н/о,,н/о,-7.6,-9.2,88,-12.0,-12.0,по сезону,1017.0,1012.1,,-5.3,,,,2026-02-21 15:00:00,2026-02-21 19:00:00,2026,2
З,3.0,н/о,,н/о,-8.5,-11.8,77,-14.0,-14.0,по сезону,1018.7,1013.7,,,,,,2026-02-21 18:00:00,2026-02-21 22:00:00,2026,2
З,2.0,н/о,,н/о,-11.5,-13.0,89,-16.0,-16.0,по сезону,1020.0,1015.0,,,,,,2026-02-21 21:00:00,2026-02-22 01:00:00,2026,2
З,2.0,н/о,,н/о,-11.5,-12.9,89,-16.0,-16.0,по сезону,1022.1,1017.1,,,,,,2026-02-22 00:00:00,2026-02-22 04:00:00,2026,2
З,2.0,н/о,,н/о,-10.9,-12.6,87,-15.0,-15.0,по сезону,1023.3,1018.3,-12.6,,,,,2026-02-22 03:00:00,2026-02-22 07:00:00,2026,2
СЗ,2.0,н/о,,н/о,-10.3,-12.5,84,-15.0,-15.0,по сезону,1025.6,1020.6,,,,,,2026-02-22 06:00:00,2026-02-22 10:00:00,2026,2
З,1.0,н/о,,н/о,-6.8,-11.9,67,-9.0,-9.0,по сезону,1026.1,1021.2,,,,,,2026-02-22 09:00:00,2026-02-22 13:00:00,2026,2
ЮЗ,3.0,н/о,,н/о,-6.1,-11.7,65,-11.0,-11.0,по сезону,1026.6,1021.6,,,,,,2026-02-22 12:00:00,2026-02-22 16:00:00,2026,2
ЮВ,2.0,н/о,,н/о,-11.2,-14.0,80,-16.0,-16.0,по сезону,1027.0,1021.9,,-5.4,,,,2026-02-22 15:00:00,2026-02-22 19:00:00,2026,2
Ю,2.0,н/о,,н/о,-13.7,-15.3,88,-18.0,-18.0,по сезону,1027.0,1021.9,,,,,,2026-02-22 18:00:00,2026-02-22 22:00:00,2026,2
Ю,2.0,н/о,,н/о,-13.8,-15.3,88,-19.0,-19.0,по сезону,1026.8,1021.7,,,,,,2026-02-22 21:00:00,2026-02-23 01:00:00,2026,2
Ю,2.0,н/о,,н/о,-14.9,-16.5,88,-20.0,-20.0,по сезону,1026.5,1021.4,,,,,,2026-02-23 00:00:00,2026-02-23 04:00:00,2026,2
Ю,2.0,н/о,,н/о,-15.2,-16.8,88,-20.0,-20.0,прохладно,1026.4,1021.3,-15.1,,,,,2026-02-23 03:00:00,2026-02-23 07:00:00,2026,2
Ю,2.0,н/о,,н/о,-11.7,-14.6,79,-16.0,-16.0,по сезону,1027.2,1022.1,-15.5,,,,,2026-02-23 06:00:00,2026-02-23 10:00:00,2026,2
ЮЗ,2.0,н/о,,н/о,-6.9,-12.5,64,-11.0,-11.0,по сезону,1027.8,1022.8,,,,,,2026-02-23 09:00:00,2026-02-23 13:00:00,2026,2
Ю,4.0,н/о,,н/о,-8.7,-13.3,69,-15.0,-15.0,прохладно,1027.8,1022.8,,,,,,2026-02-23 12:00:00,2026-02-23 16:00:00,2026,2
Ю,,н/о,,н/о,-11.6,-14.3,80,-16.0,-16.0,по сезону,1028.1,1023.0,,-6.7,,,,2026-02-23 15:00:00,2026-02-23 19:00:00,2026,2
Ю,3.0,н/о,,н/о,-14.1,-15.9,86,-21.0,-21.0,холодно,1028.7,1023.6,,,,,,2026-02-23 18:00:00,2026-02-23 22:00:00,2026,2
Ю,3.0,н/о,,н/о,-13.8,-16.4,81,-20.0,-20.0,прохладно,1028.6,1023.5,,,,,,2026-02-23 21:00:00,2026-02-24 01:00:00,2026,2
ЮВ,2.0,н/о,,н/о,-14.0,-17.0,78,-19.0,-19.0,по сезону,1028.1,1023.0,,,,,,2026-02-24 00:00:00,2026-02-24 04:00:00,2026,2
ЮВ,3.0,н/о,,н/о,-15.7,-17.6,85,-22.0,-22.0,холодно,1027.8,1022.6,-17.2,,,,,2026-02-24 03:00:00,2026-02-24 07:00:00,2026,2
ЮВ,3.0,н/о,,н/о,-12.9,-15.6,80,-19.0,-19.0,прохладно,1028.3,1023.2,,,,,,2026-02-24 06:00:00,2026-02-24 10:00:00,2026,2
Ю,3.0,н/о,,н/о,-10.5,-13.8,77,-16.0,-16.0,по сезону,1028.5,1023.4,,,,,,2026-02-24 09:00:00,2026-02-24 13:00:00,2026,2
В,3.0,н/о,,н/о,-10.1,-14.6,70,-16.0,-16.0,прохладно,1027.6,1022.6,,,,,,2026-02-24 12:00:00,2026-02-24 16:00:00,2026,2
В,2.0,н/о,,н/о,-11.8,-15.5,74,-16.0,-16.0,прохладно,1028.0,1022.9,,-9.3,,,,2026-02-24 15:00:00,2026-02-24 19:00:00,2026,2
В,1.0,н/о,,н/о,-12.9,-16.0,78,-15.0,-15.0,по сезону,1027.7,1022.6,,,,,,2026-02-24 18:00:00,2026-02-24 22:00:00,2026,2
В,3.0,н/о,,н/о,-12.8,-15.6,79,-19.0,-19.0,прохладно,1027.4,1022.3,,,,,,2026-02-24 21:00:00,2026-02-25 01:00:00,2026,2
В,2.0,н/о,,н/о,-12.7,-15.1,82,-17.0,-17.0,по сезону,1026.9,1021.9,,,,,,2026-02-25 00:00:00,2026-02-25 04:00:00,2026,2
В,2.0,н/о,,н/о,-13.2,-15.4,83,-18.0,-18.0,по сезону,1026.9,1021.8,-14.2,,,,,2026-02-25 03:00:00,2026-02-25 07:00:00,2026,2
В,2.0,н/о,,н/о,-12.2,-15.0,80,-17.0,-17.0,по сезону,1027.2,1022.1,,,,,,2026-02-25 06:00:00,2026-02-25 10:00:00,2026,2
В,2.0,н/о,,н/о,-10.2,-13.7,75,-15.0,-15.0,по сезону,1027.4,1022.3,,,,,,2026-02-25 09:00:00,2026-02-25 13:00:00,2026,2
В,3.0,н/о,,н/о,-9.3,-13.0,74,-15.0,-15.0,прохладно,1027.9,1022.9,,,,,,2026-02-25 12:00:00,2026-02-25 16:00:00,2026,2
В,2.0,н/о,,н/о,-9.7,-13.2,76,-14.0,-14.0,по сезону,1028.6,1023.6,,-8.8,,,,2026-02-25 15:00:00,2026-02-25 19:00:00,2026,2
ЮВ,2.0,н/о,,н/о,-9.4,-12.9,76,-14.0,-14.0,по сезону,1029.1,1024.1,,,,,,2026-02-25 18:00:00,2026-02-25 22:00:00,2026,2
ЮВ,1.0,н/о,,н/о,-10.5,-13.6,78,-13.0,-13.0,по сезону,1029.8,1024.8,,,,,,2026-02-25 21:00:00,2026-02-26 01:00:00,2026,2
штиль,0.0,н/о,,н/о,-15.3,-16.8,88,-15.0,-15.0,по сезону,1030.6,1025.4,,,,,,2026-02-26 00:00:00,2026-02-26 04:00:00,2026,2
штиль,0.0,н/о,,н/о,-12.1,-14.0,86,-12.0,-12.0,по сезону,1031.4,1026.3,-15.4,,,,,2026-02-26 03:00:00,2026-02-26 07:00:00,2026,2
В,1.0,н/о,,н/о,-9.7,-13.9,71,-12.0,-12.0,по сезону,1032.4,1027.3,,,,,,2026-02-26 06:00:00,2026-02-26 10:00:00,2026,2
Ю,2.0,н/о,,н/о,-5.9,-14.5,51,-10.0,-10.0,по сезону,1032.9,1027.9,,,,,,2026-02-26 09:00:00,2026-02-26 13:00:00,2026,2
Ю,2.0,н/о,,н/о,-6.1,-14.5,51,-10.0,-10.0,по сезону,1033.2,1028.3,,,,,,2026-02-26 12:00:00,2026-02-26 16:00:00,2026,2
штиль,0.0,н/о,,н/о,-9.4,-14.0,69,-10.0,-10.0,по сезону,1033.6,1028.5,,-5.3,,,,2026-02-26 15:00:00,2026-02-26 19:00:00,2026,2
штиль,0.0,н/о,,н/о,-12.2,-13.8,88,-12.0,-12.0,по сезону,1034.4,1029.3,,,,,,2026-02-26 18:00:00,2026-02-26 22:00:00,2026,2
штиль,0.0,н/о,,н/о,-15.5,-17.4,85,-16.0,-16.0,по сезону,1034.9,1029.8,,,,,,2026-02-26 21:00:00,2026-02-27 01:00:00,2026,2
Ю,2.0,н/о,,н/о,-10.6,-13.6,79,-15.0,-15.0,по сезону,1034.9,1029.8,,,,,,2026-02-27 00:00:00,2026-02-27 04:00:00,2026,2
Ю,1.0,н/о,,н/о,-15.3,-16.2,93,-18.0,-18.0,прохладно,1035.2,1030.0,-17.2,,,,,2026-02-27 03:00:00,2026-02-27 07:00:00,2026,2
ЮВ,1.0,н/о,,н/о,-9.6,-12.5,79,-12.0,-12.0,по сезону,1035.5,1030.4,,,,,,2026-02-27 06:00:00,2026-02-27 10:00:00,2026,2
Ю,2.0,н/о,,н/о,-3.8,-10.5,60,-7.0,-7.0,по сезону,1035.1,1030.1,,,,,,2026-02-27 09:00:00,2026-02-27 13:00:00,2026,2
ЮЗ,1.0,н/о,,н/о,-4.8,-10.2,66,-7.0,-7.0,по сезону,1034.9,1029.9,,,,,,2026-02-27 12:00:00,2026-02-27 16:00:00,2026,2
ЮЗ,1.0,н/о,,н/о,-6.0,-9.5,76,-8.0,-8.0,по сезону,1034.6,1029.7,,-3.5,,,,2026-02-27 15:00:00,2026-02-27 19:00:00,2026,2
ЮЗ,1.0,н/о,,н/о,-6.9,-9.7,80,-9.0,-9.0,по сезону,1033.7,1028.7,,,,,,2026-02-27 18:00:00,2026-02-27 22:00:00,2026,2
штиль,0.0,н/о,,н/о,-7.8,-10.2,83,-8.0,-8.0,по сезону,1032.8,1027.8,,,,,,2026-02-27 21:00:00,2026-02-28 01:00:00,2026,2
Ю,2.0,н/о,,н/о,-7.8,-10.2,83,-12.0,-12.0,по сезону,1031.8,1026.8,,,,,,2026-02-28 00:00:00,2026-02-28 04:00:00,2026,2
штиль,0.0,н/о,,н/о,-8.1,-10.0,86,-9.0,-9.0,по сезону,1030.9,1025.9,-8.3,,,,,2026-02-28 03:00:00,2026-02-28 07:00:00,2026,2
Ю,2.0,н/о,,н/о,-7.1,-10.3,78,-11.0,-11.0,по сезону,1030.0,1025.1,-8.6,,,,,2026-02-28 06:00:00,2026-02-28 10:00:00,2026,2
ЮЗ,3.0,н/о,,н/о,-3.9,-8.3,71,-9.0,-9.0,по сезону,1028.4,1023.5,,,,,,2026-02-28 09:00:00,2026-02-28 13:00:00,2026,2
ЮЗ,3.0,н/о,,н/о,-3.7,-5.2,89,-9.0,-9.0,по сезону,1026.6,1021.7,,,,,,2026-02-28 12:00:00,2026-02-28 16:00:00,2026,2
ЮЗ,5.0,н/о,,н/о,-4.3,-4.9,96,-12.0,-12.0,по сезону,1025.1,1020.3,,-3.4,,,,2026-02-28 15:00:00,2026-02-28 19:00:00,2026,2
ЮЗ,,н/о,,н/о,-3.6,-3.8,99,-10.0,-10.0,по сезону,1023.2,1018.3,,,,,,2026-02-28 18:00:00,2026-02-28 22:00:00,2026,2
ЮЗ,4.0,н/о,,н/о,-3.2,-3.4,99,-10.0,-10.0,по сезону,1021.6,1016.7,,,,,,2026-02-28 21:00:00,2026-03-01 01:00:00,2026,2
ЮЗ,,н/о,,н/о,-3.7,-3.7,100,-10.0,-10.0,по сезону,1019.8,1014.9,,,,,,2026-03-01 00:00:00,2026-03-01 04:00:00,2026,3
ЮЗ,3.0,н/о,,н/о,-3.2,-3.2,100,-9.0,-9.0,по сезону,1018.1,1013.2,-4.4,,,,,2026-03-01 03:00:00,2026-03-01 07:00:00,2026,3
ЮЗ,3.0,н/о,,н/о,-1.5,-1.8,98,-7.0,-7.0,тепло,1017.5,1012.7,,,,,,2026-03-01 06:00:00,2026-03-01 10:00:00,2026,3
З,2.0,н/о,,н/о,0.9,-1.0,87,-3.0,-3.0,тепло,1017.7,1012.9,,,,,,2026-03-01 09:00:00,2026-03-01 13:00:00,2026,3
З,2.0,н/о,,н/о,1.8,-0.1,87,-2.0,-2.0,тепло,1017.6,1012.9,,,,,,2026-03-01 12:00:00,2026-03-01 16:00:00,2026,3
З,2.0,н/о,,н/о,1.5,0.3,92,-2.0,-2.0,тепло,1018.5,1013.7,,2.1,,,,2026-03-01 15:00:00,2026-03-01 19:00:00,2026,3
З,1.0,н/о,,н/о,1.4,0.5,94,-1.0,-1.0,тепло,1018.7,1013.9,,,,,,2026-03-01 18:00:00,2026-03-01 22:00:00,2026,3
З,2.0,н/о,,н/о,1.4,0.6,94,-2.0,-2.0,тепло,1018.8,1014.0,,,,,,2026-03-01 21:00:00,2026-03-02 01:00:00,2026,3
СЗ,2.0,н/о,,н/о,0.7,-0.5,92,-3.0,-3.0,тепло,1019.2,1014.4,,,,,,2026-03-02 00:00:00,2026-03-02 04:00:00,2026,3
штиль,0.0,н/о,,н/о,0.6,-1.6,85,-1.0,-1.0,тепло,1019.0,1014.2,0.6,,,,,2026-03-02 03:00:00,2026-03-02 07:00:00,2026,3
ЮЗ,1.0,н/о,,н/о,1.3,-0.6,87,-1.0,-1.0,тепло,1019.1,1014.3,0.5,,,,,2026-03-02 06:00:00,2026-03-02 10:00:00,2026,3
ЮЗ,2.0,н/о,,н/о,2.3,-2.0,73,-1.0,-1.0,тепло,1018.2,1013.5,,,,,,2026-03-02 09:00:00,2026-03-02 13:00:00,2026,3
ЮЗ,2.0,н/о,,н/о,2.1,-1.5,77,-1.0,-1.0,тепло,1016.7,1012.0,,,,,,2026-03-02 12:00:00,2026-03-02 16:00:00,2026,3
Ю,2.0,н/о,,н/о,1.0,0.1,94,-3.0,-3.0,тепло,1015.2,1010.4,,2.6,,,,2026-03-02 15:00:00,2026-03-02 19:00:00,2026,3
Ю,3.0,н/о,,н/о,0.8,0.6,99,-4.0,-4.0,тепло,1013.1,1008.3,,,,,,2026-03-02 18:00:00,2026-03-02 22:00:00,2026,3
Ю,3.0,н/о,,н/о,0.7,0.7,100,-4.0,-4.0,тепло,1010.9,1006.1,,,,,,2026-03-02 21:00:00,2026-03-03 01:00:00,2026,3
ЮЗ,2.0,н/о,,н/о,0.2,0.1,99,-4.0,-4.0,тепло,1008.5,1003.8,,,,,,2026-03-03 00:00:00,2026-03-03 04:00:00,2026,3
Ю,2.0,н/о,,н/о,0.3,0.2,99,-4.0,-4.0,тепло,1006.9,1002.1,0.1,,,,,2026-03-03 03:00:00,2026-03-03 07:00:00,2026,3
Ю,2.0,н/о,,н/о,0.8,0.8,100,-3.0,-3.0,тепло,1005.6,1000.9,,,,,,2026-03-03 06:00:00,2026-03-03 10:00:00,2026,3
ЮЗ,3.0,н/о,,н/о,2.3,1.1,92,-2.0,-2.0,тепло,1005.0,1000.3,,,,,,2026-03-03 09:00:00,2026-03-03 13:00:00,2026,3
ЮЗ,2.0,н/о,,н/о,2.8,0.9,87,-0.0,-0.0,тепло,1004.6,999.9,,,,,,2026-03-03 12:00:00,2026-03-03 16:00:00,2026,3
Ю,2.0,н/о,,н/о,1.8,0.6,92,-2.0,-2.0,тепло,1004.7,1000.0,,3.4,,,,2026-03-03 15:00:00,2026-03-03 19:00:00,2026,3
ЮЗ,2.0,н/о,,н/о,1.8,0.8,93,-2.0,-2.0,тепло,1004.5,999.8,,,,,,2026-03-03 18:00:00,2026-03-03 22:00:00,2026,3
З,1.0,н/о,,н/о,1.5,0.7,94,-0.0,-0.0,тепло,1004.2,999.5,,,,,,2026-03-03 21:00:00,2026-03-04 01:00:00,2026,3
З,1.0,н/о,,н/о,1.0,1.0,100,-1.0,-1.0,тепло,1004.2,999.5,,,,,,2026-03-04 00:00:00,2026-03-04 04:00:00,2026,3
СЗ,2.0,н/о,,н/о,0.5,0.5,100,-3.0,-3.0,тепло,1004.7,1000.0,0.5,,,,,2026-03-04 03:00:00,2026-03-04 07:00:00,2026,3
СЗ,3.0,н/о,,н/о,-1.8,-2.3,96,-7.0,-7.0,по сезону,1007.3,1002.5,-1.9,,,,,2026-03-04 06:00:00,2026-03-04 10:00:00,2026,3
СЗ,6.0,н/о,,н/о,-2.9,-5.4,83,-10.0,-10.0,по сезону,1009.6,1004.8,,,,,,2026-03-04 09:00:00,2026-03-04 13:00:00,2026,3
СЗ,4.0,н/о,,н/о,-2.8,-6.1,78,-9.0,-9.0,по сезону,1011.2,1006.4,,,,,,2026-03-04 12:00:00,2026-03-04 16:00:00,2026,3
СЗ,2.0,н/о,,н/о,-6.0,-8.3,84,-10.0,-10.0,по сезону,1013.5,1008.6,,0.5,,,,2026-03-04 15:00:00,2026-03-04 19:00:00,2026,3
З,1.0,н/о,,н/о,-5.3,-7.1,87,-8.0,-8.0,по сезону,1013.9,1009.1,,,,,,2026-03-04 18:00:00,2026-03-04 22:00:00,2026,3
ЮВ,1.0,н/о,,н/о,-9.9,-10.4,96,-12.0,-12.0,по сезону,1014.1,1009.1,,,,,,2026-03-04 21:00:00,2026-03-05 01:00:00,2026,3
Ю,2.0,н/о,,н/о,-6.8,-7.8,93,-11.0,-11.0,по сезону,1013.3,1008.4,,,,,,2026-03-05 00:00:00,2026-03-05 04:00:00,2026,3
Ю,2.0,н/о,,н/о,-5.5,-6.6,92,-10.0,-10.0,по сезону,1011.7,1006.8,-12.6,,,,,2026-03-05 03:00:00,2026-03-05 07:00:00,2026,3
ЮВ,3.0,н/о,,н/о,-3.6,-4.4,94,-9.0,-9.0,по сезону,1009.9,1005.0,,,,,,2026-03-05 06:00:00,2026-03-05 10:00:00,2026,3
ЮВ,,н/о,,н/о,-1.9,-2.4,96,-8.0,-8.0,по сезону,1007.6,1002.8,,,,,,2026-03-05 09:00:00,2026-03-05 13:00:00,2026,3
ЮВ,2.0,н/о,,н/о,-0.3,-0.3,100,-4.0,-4.0,по сезону,1005.4,1000.6,,,,,,2026-03-05 12:00:00,2026-03-05 16:00:00,2026,3
Ю,1.0,н/о,,н/о,0.1,0.1,100,-2.0,-2.0,тепло,1004.9,1000.2,,0.1,,,,2026-03-05 15:00:00,2026-03-05 19:00:00,2026,3
Ю,2.0,н/о,,н/о,0.1,0.1,100,-4.0,-4.0,тепло,1005.2,1000.4,,,,,,2026-03-05 18:00:00,2026-03-05 22:00:00,2026,3
Ю,2.0,н/о,,н/о,-1.1,-1.1,100,-5.0,-5.0,тепло,1005.7,1001.0,,,,,,2026-03-05 21:00:00,2026-03-06 01:00:00,2026,3
штиль,0.0,н/о,,н/о,-2.5,-2.5,100,-4.0,-4.0,тепло,1006.4,1001.6,,,,,,2026-03-06 00:00:00,2026-03-06 04:00:00,2026,3
Ю,1.0,н/о,,н/о,-1.4,-1.4,100,-4.0,-4.0,тепло,1007.2,1002.4,-2.5,,,,,2026-03-06 03:00:00,2026-03-06 07:00:00,2026,3
Ю,1.0,н/о,,н/о,0.4,0.4,100,-2.0,-2.0,тепло,1008.0,1003.3,,,,,,2026-03-06 06:00:00,2026-03-06 10:00:00,2026,3
Ю,2.0,н/о,,н/о,1.5,0.2,91,-2.0,-2.0,тепло,1009.1,1004.4,,,,,,2026-03-06 09:00:00,2026-03-06 13:00:00,2026,3
штиль,0.0,н/о,,н/о,1.5,0.1,90,0.0,0.0,тепло,1009.9,1005.2,,,,,,2026-03-06 12:00:00,2026-03-06 16:00:00,2026,3
С,3.0,н/о,,н/о,-3.9,-5.3,90,-9.0,-9.0,по сезону,1014.1,1009.3,,,,,,2026-03-06 18:00:00,2026-03-06 22:00:00,2026,3
С,2.0,н/о,,н/о,-7.9,-9.8,86,-12.0,-12.0,по сезону,1015.9,1011.0,,,,,,2026-03-06 21:00:00,2026-03-07 01:00:00,2026,3
СЗ,1.0,н/о,,н/о,-12.2,-13.5,90,-14.0,-14.0,по сезону,1017.6,1012.6,,,,,,2026-03-07 00:00:00,2026-03-07 04:00:00,2026,3
СЗ,1.0,н/о,,н/о,-15.2,-16.0,94,-18.0,-18.0,холодно,1019.2,1014.1,-15.3,,,,,2026-03-07 03:00:00,2026-03-07 07:00:00,2026,3
СЗ,2.0,н/о,,н/о,-8.7,-11.4,81,-13.0,-13.0,по сезону,1019.9,1014.9,-15.4,,,,,2026-03-07 06:00:00,2026-03-07 10:00:00,2026,3
З,2.0,н/о,,н/о,-4.5,-11.2,59,-8.0,-8.0,по сезону,1019.4,1014.6,,,,,,2026-03-07 09:00:00,2026-03-07 13:00:00,2026,3
ЮЗ,2.0,н/о,,н/о,-3.1,-12.3,49,-6.0,-6.0,по сезону,1017.8,1012.9,,,,,,2026-03-07 12:00:00,2026-03-07 16:00:00,2026,3
ЮЗ,2.0,н/о,,н/о,-6.3,-12.1,63,-10.0,-10.0,по сезону,1016.2,1011.3,,-2.7,,,,2026-03-07 15:00:00,2026-03-07 19:00:00,2026,3
ЮЗ,3.0,н/о,,н/о,-6.1,-8.4,84,-12.0,-12.0,по сезону,1013.9,1009.0,,,,,,2026-03-07 18:00:00,2026-03-07 22:00:00,2026,3
ЮЗ,,н/о,,н/о,-4.2,-4.6,97,-11.0,-11.0,по сезону,1010.9,1006.1,,,,,,2026-03-07 21:00:00,2026-03-08 01:00:00,2026,3
З,,н/о,,н/о,-2.6,-3.8,91,-9.0,-9.0,по сезону,1009.5,1004.7,,,,,,2026-03-08 00:00:00,2026-03-08 04:00:00,2026,3
СЗ,,н/о,,н/о,-3.5,-8.0,71,-11.0,-11.0,по сезону,1011.0,1006.2,-6.6,,,,,2026-03-08 03:00:00,2026-03-08 07:00:00,2026,3
СЗ,,н/о,,н/о,-6.8,-12.9,62,-15.0,-15.0,прохладно,1013.4,1008.5,-6.8,,,,,2026-03-08 06:00:00,2026-03-08 10:00:00,2026,3
СЗ,,н/о,,н/о,-7.6,-15.7,52,-16.0,-16.0,холодно,1015.0,1010.1,,,,,,2026-03-08 09:00:00,2026-03-08 13:00:00,2026,3
СЗ,,н/о,,н/о,-8.4,-18.9,42,-17.0,-17.0,очень  холодно,1015.6,1010.7,,,,,,2026-03-08 12:00:00,2026-03-08 16:00:00,2026,3
С,,н/о,,н/о,-12.5,-21.5,47,-21.0,-21.0,очень  холодно,1017.9,1012.8,,-3.0,,,,2026-03-08 15:00:00,2026-03-08 19:00:00,2026,3
СЗ,,н/о,,н/о,-14.7,-23.6,47,-22.0,-22.0,очень  холодно,1019.4,1014.3,,,,,,2026-03-08 18:00:00,2026-03-08 22:00:00,2026,3
С,,н/о,,н/о,-17.5,-25.9,48,-26.0,-26.0,очень  холодно,1021.4,1016.3,,,,,,2026-03-08 21:00:00,2026-03-09 01:00:00,2026,3
С,5.0,н/о,,н/о,-19.6,-26.7,53,-30.0,-30.0,очень  холодно,1023.0,1017.8,,,,,,2026-03-09 00:00:00,2026-03-09 04:00:00,2026,3
С,4.0,н/о,,н/о,-20.9,-27.4,56,-30.0,-30.0,очень  холодно,1024.8,1019.5,-21.1,,,,,2026-03-09 03:00:00,2026-03-09 07:00:00,2026,3
С,6.0,н/о,,н/о,-20.3,-27.1,54,-31.0,-31.0,опасность  обморожения,1026.2,1021.0,-21.3,,,,,2026-03-09 06:00:00,2026-03-09 10:00:00,2026,3
СЗ,5.0,н/о,,н/о,-17.0,-25.8,46,-26.0,-26.0,очень  холодно,1027.0,1021.8,,,,,,2026-03-09 09:00:00,2026-03-09 13:00:00,2026,3
С,6.0,н/о,,н/о,-15.8,-25.6,43,-26.0,-26.0,очень  холодно,1027.6,1022.5,,,,,,2026-03-09 12:00:00,2026-03-09 16:00:00,2026,3
СЗ,3.0,н/о,,н/о,-18.5,-25.8,53,-26.0,-26.0,очень  холодно,1029.4,1024.2,,-15.7,,,,2026-03-09 15:00:00,2026-03-09 19:00:00,2026,3
СЗ,2.0,н/о,,н/о,-19.1,-25.9,55,-25.0,-25.0,очень  холодно,1031.0,1025.8,,,,,,2026-03-09 18:00:00,2026-03-09 22:00:00,2026,3
штиль,0.0,н/о,,н/о,-25.1,-28.8,71,-25.0,-25.0,очень  холодно,1032.2,1026.9,,,,,,2026-03-09 21:00:00,2026-03-10 01:00:00,2026,3
ЮВ,1.0,н/о,,н/о,-26.6,-29.6,76,-30.0,-30.0,очень  холодно,1033.0,1027.6,,,,,,2026-03-10 00:00:00,2026-03-10 04:00:00,2026,3
ЮВ,1.0,н/о,,н/о,-27.6,-30.6,75,-31.0,-31.0,опасность  обморожения,1033.8,1028.4,-29.3,,,,,2026-03-10 03:00:00,2026-03-10 07:00:00,2026,3
Ю,2.0,н/о,,н/о,-17.7,-26.4,47,-23.0,-23.0,очень  холодно,1033.9,1028.7,,,,,,2026-03-10 06:00:00,2026-03-10 10:00:00,2026,3
Ю,4.0,н/о,,н/о,-13.8,-24.6,40,-21.0,-21.0,очень  холодно,1032.9,1027.8,,,,,,2026-03-10 09:00:00,2026-03-10 13:00:00,2026,3
Ю,4.0,н/о,,н/о,-12.4,-18.5,60,-20.0,-20.0,очень  холодно,1031.1,1026.0,,,,,,2026-03-10 12:00:00,2026-03-10 16:00:00,2026,3
Ю,3.0,н/о,,н/о,-12.3,-14.7,82,-18.0,-18.0,очень  холодно,1029.9,1024.9,,-12.1,,,,2026-03-10 15:00:00,2026-03-10 19:00:00,2026,3
Ю,,н/о,,н/о,-10.8,-12.2,89,-18.0,-18.0,холодно,1029.1,1024.0,,,,,,2026-03-10 18:00:00,2026-03-10 22:00:00,2026,3
Ю,,н/о,,н/о,-9.1,-10.3,91,-15.0,-15.0,по сезону,1027.3,1022.3,,,,,,2026-03-10 21:00:00,2026-03-11 01:00:00,2026,3
Ю,2.0,н/о,,н/о,-7.8,-8.6,94,-12.0,-12.0,по сезону,1026.6,1021.6,,,,,,2026-03-11 00:00:00,2026-03-11 04:00:00,2026,3
Ю,1.0,н/о,,н/о,-7.0,-7.2,98,-10.0,-10.0,по сезону,1026.6,1021.6,-12.3,,,,,2026-03-11 03:00:00,2026-03-11 07:00:00,2026,3
ЮЗ,2.0,н/о,,н/о,-5.7,-5.9,98,-10.0,-10.0,по сезону,1027.0,1022.1,,,,,,2026-03-11 06:00:00,2026-03-11 10:00:00,2026,3
З,2.0,н/о,,н/о,-3.5,-4.4,93,-8.0,-8.0,по сезону,1027.3,1022.4,,,,,,2026-03-11 09:00:00,2026-03-11 13:00:00,2026,3
ЮЗ,2.0,н/о,,н/о,0.5,-3.6,74,-3.0,-3.0,по сезону,1027.3,1022.5,,,,,,2026-03-11 12:00:00,2026-03-11 16:00:00,2026,3
ЮВ,1.0,н/о,,н/о,-2.9,-4.6,88,-5.0,-5.0,по сезону,1027.9,1023.0,,1.2,,,,2026-03-11 15:00:00,2026-03-11 19:00:00,2026,3
ЮВ,2.0,н/о,,н/о,-6.8,-6.9,99,-11.0,-11.0,по сезону,1027.9,1022.9,,,,,,2026-03-11 18:00:00,2026-03-11 22:00:00,2026,3
штиль,0.0,н/о,,н/о,-9.3,-9.6,98,-10.0,-10.0,по сезону,1027.4,1022.3,,,,,,2026-03-11 21:00:00,2026-03-12 01:00:00,2026,3
СЗ,1.0,н/о,,н/о,-12.7,-13.4,94,-15.0,-15.0,по сезону,1027.1,1022.0,,,,,,2026-03-12 00:00:00,2026-03-12 04:00:00,2026,3
СЗ,1.0,н/о,,н/о,-14.8,-15.7,93,-17.0,-17.0,прохладно,1026.8,1021.7,-14.8,,,,,2026-03-12 03:00:00,2026-03-12 07:00:00,2026,3
штиль,0.0,н/о,,н/о,-6.3,-6.3,100,-7.0,-7.0,по сезону,1026.9,1021.9,-14.9,,,,,2026-03-12 06:00:00,2026-03-12 10:00:00,2026,3
ЮЗ,2.0,н/о,,н/о,5.9,-0.4,64,4.0,4.0,тепло,1026.1,1021.4,,,,,,2026-03-12 09:00:00,2026-03-12 13:00:00,2026,3
З,2.0,н/о,,н/о,6.9,-0.5,59,5.0,5.0,тепло,1026.1,1021.4,,,,,,2026-03-12 12:00:00,2026-03-12 16:00:00,2026,3
Ю,1.0,н/о,,н/о,3.6,-0.3,76,2.0,2.0,тепло,1026.6,1021.8,,7.5,,,,2026-03-12 15:00:00,2026-03-12 19:00:00,2026,3
ЮВ,1.0,н/о,,н/о,-0.4,-1.7,91,-3.0,-3.0,тепло,1027.2,1022.4,,,,,,2026-03-12 18:00:00,2026-03-12 22:00:00,2026,3
штиль,0.0,н/о,,н/о,-2.8,-3.3,96,-4.0,-4.0,тепло,1027.9,1023.0,,,,,,2026-03-12 21:00:00,2026-03-13 01:00:00,2026,3
ЮВ,1.0,н/о,,н/о,-3.2,-3.4,99,-6.0,-6.0,тепло,1028.3,1023.4,,,,,,2026-03-13 00:00:00,2026-03-13 04:00:00,2026,3
штиль,0.0,н/о,,н/о,-5.8,-6.0,98,-7.0,-7.0,по сезону,1028.9,1024.0,-6.0,,,,,2026-03-13 03:00:00,2026-03-13 07:00:00,2026,3
штиль,0.0,н/о,,н/о,-0.1,-2.5,84,-1.0,-1.0,тепло,1030.0,1025.1,-6.0,,,,,2026-03-13 06:00:00,2026-03-13 10:00:00,2026,3
Ю,3.0,н/о,,н/о,5.6,-0.8,63,3.0,3.0,тепло,1029.8,1025.0,,,,,,2026-03-13 09:00:00,2026-03-13 13:00:00,2026,3
Ю,2.0,н/о,,н/о,6.9,0.0,61,5.0,5.0,тепло,1029.4,1024.7,,,,,,2026-03-13 12:00:00,2026-03-13 16:00:00,2026,3
Ю,2.0,н/о,,н/о,2.2,-0.5,82,-1.0,-1.0,тепло,1029.7,1024.9,,7.2,,,,2026-03-13 15:00:00,2026-03-13 19:00:00,2026,3
ЮВ,1.0,н/о,,н/о,-0.5,-1.6,92,-3.0,-3.0,тепло,1030.3,1025.4,,,,,,2026-03-13 18:00:00,2026-03-13 22:00:00,2026,3
ЮВ,1.0,н/о,,н/о,-2.2,-2.5,98,-5.0,-5.0,тепло,1030.5,1025.6,,,,,,2026-03-13 21:00:00,2026-03-14 01:00:00,2026,3
штиль,0.0,н/о,,н/о,-5.3,-5.4,99,-6.0,-6.0,тепло,1030.9,1025.9,,,,,,2026-03-14 00:00:00,2026-03-14 04:00:00,2026,3
штиль,0.0,н/о,,н/о,-6.6,-6.6,100,-8.0,-8.0,по сезону,1031.3,1026.3,-6.2,,,,,2026-03-14 03:00:00,2026-03-14 07:00:00,2026,3
штиль,0.0,н/о,,н/о,-2.3,-2.6,98,-4.0,-4.0,тепло,1032.1,1027.2,-6.9,,,,,2026-03-14 06:00:00,2026-03-14 10:00:00,2026,3
С,1.0,н/о,,н/о,3.5,-0.9,73,2.0,2.0,тепло,1031.8,1027.0,,,,,,2026-03-14 09:00:00,2026-03-14 13:00:00,2026,3
Ю,1.0,н/о,,н/о,6.7,-0.1,62,6.0,6.0,тепло,1031.4,1026.7,,,,,,2026-03-14 12:00:00,2026-03-14 16:00:00,2026,3
Ю,2.0,н/о,,н/о,2.1,-0.8,81,-1.0,-1.0,тепло,1031.6,1026.8,,7.7,,,,2026-03-14 15:00:00,2026-03-14 19:00:00,2026,3
ЮВ,1.0,н/о,,н/о,-0.9,-2.0,92,-3.0,-3.0,тепло,1032.7,1027.8,,,,,,2026-03-14 18:00:00,2026-03-14 22:00:00,2026,3
штиль,0.0,н/о,,н/о,-3.7,-3.9,99,-5.0,-5.0,тепло,1033.2,1028.3,,,,,,2026-03-14 21:00:00,2026-03-15 01:00:00,2026,3
ЮВ,2.0,н/о,,н/о,-4.0,-4.0,100,-8.0,-8.0,по сезону,1033.8,1028.9,,,,,,2026-03-15 00:00:00,2026-03-15 04:00:00,2026,3
ЮВ,2.0,н/о,,н/о,-6.1,-6.1,100,-11.0,-11.0,по сезону,1034.7,1029.8,-5.9,,,,,2026-03-15 03:00:00,2026-03-15 07:00:00,2026,3
В,1.0,н/о,,н/о,-3.1,-3.1,100,-6.0,-6.0,по сезону,1035.3,1030.4,-6.5,,,,,2026-03-15 06:00:00,2026-03-15 10:00:00,2026,3
ЮВ,2.0,н/о,,н/о,2.8,-1.2,75,-0.0,-0.0,тепло,1035.0,1030.2,,,,,,2026-03-15 09:00:00,2026-03-15 13:00:00,2026,3
ЮВ,1.0,н/о,,н/о,6.4,1.1,69,6.0,6.0,тепло,1033.9,1029.2,,,,,,2026-03-15 12:00:00,2026-03-15 16:00:00,2026,3
Ю,1.0,н/о,,н/о,1.4,-1.4,82,-0.0,-0.0,тепло,1034.0,1029.2,,6.5,,,,2026-03-15 15:00:00,2026-03-15 19:00:00,2026,3
штиль,0.0,н/о,,н/о,-2.0,-2.8,94,-3.0,-3.0,тепло,1033.9,1029.0,,,,,,2026-03-15 18:00:00,2026-03-15 22:00:00,2026,3
штиль,0.0,н/о,,н/о,-5.8,-6.0,98,-7.0,-7.0,по сезону,1033.7,1028.7,,,,,,2026-03-15 21:00:00,2026-03-16 01:00:00,2026,3
ЮВ,1.0,н/о,,н/о,-6.6,-6.6,100,-9.0,-9.0,по сезону,1033.0,1028.0,,,,,,2026-03-16 00:00:00,2026-03-16 04:00:00,2026,3
Ю,1.0,н/о,,н/о,-8.0,-8.2,98,-11.0,-11.0,по сезону,1032.8,1027.8,-8.7,,,,,2026-03-16 03:00:00,2026-03-16 07:00:00,2026,3
В,1.0,н/о,,н/о,-3.2,-5.1,87,-5.0,-5.0,по сезону,1032.7,1027.8,,,,,,2026-03-16 06:00:00,2026-03-16 10:00:00,2026,3
В,2.0,н/о,,н/о,2.9,-3.3,64,0.0,0.0,тепло,1031.9,1027.1,,,,,,2026-03-16 09:00:00,2026-03-16 13:00:00,2026,3
В,2.0,н/о,,н/о,5.1,-3.5,54,3.0,3.0,тепло,1030.4,1025.6,,,,,,2026-03-16 12:00:00,2026-03-16 16:00:00,2026,3
Ю,2.0,н/о,,н/о,2.4,-1.8,74,-1.0,-1.0,тепло,1029.7,1024.9,,5.7,,,,2026-03-16 15:00:00,2026-03-16 19:00:00,2026,3
В,1.0,н/о,,н/о,1.6,-1.1,82,-0.0,-0.0,тепло,1029.3,1024.5,,,,,,2026-03-16 18:00:00,2026-03-16 22:00:00,2026,3
штиль,0.0,н/о,,н/о,-0.3,-2.1,88,-2.0,-2.0,тепло,1029.8,1024.9,,,,,,2026-03-16 21:00:00,2026-03-17 01:00:00,2026,3
ЮВ,1.0,н/о,,н/о,-0.2,-1.6,90,-2.0,-2.0,тепло,1029.0,1024.1,,,,,,2026-03-17 00:00:00,2026-03-17 04:00:00,2026,3
Ю,1.0,н/о,,н/о,-2.6,-3.1,96,-5.0,-5.0,по сезону,1029.3,1024.4,-2.8,,,,,2026-03-17 03:00:00,2026-03-17 07:00:00,2026,3
В,2.0,н/о,,н/о,1.6,-0.8,84,-2.0,-2.0,тепло,1029.3,1024.5,-2.9,,,,,2026-03-17 06:00:00,2026-03-17 10:00:00,2026,3
В,2.0,н/о,,н/о,5.7,0.3,68,4.0,4.0,тепло,1029.1,1024.3,,,,,,2026-03-17 09:00:00,2026-03-17 13:00:00,2026,3
В,2.0,н/о,,н/о,7.0,0.4,63,5.0,5.0,тепло,1029.2,1024.5,,,,,,2026-03-17 12:00:00,2026-03-17 16:00:00,2026,3
ЮВ,1.0,н/о,,н/о,4.0,-0.4,73,3.0,3.0,тепло,1029.1,1024.3,,7.4,,,,2026-03-17 15:00:00,2026-03-17 19:00:00,2026,3
штиль,0.0,н/о,,н/о,-0.6,-1.7,92,-2.0,-2.0,тепло,1029.4,1024.5,,,,,,2026-03-17 18:00:00,2026-03-17 22:00:00,2026,3
штиль,0.0,н/о,,н/о,-0.0,-0.4,97,-1.0,-1.0,тепло,1029.1,1024.3,,,,,,2026-03-17 21:00:00,2026-03-18 01:00:00,2026,3
штиль,0.0,н/о,,н/о,-1.6,-2.0,97,-3.0,-3.0,тепло,1029.2,1024.4,,,,,,2026-03-18 00:00:00,2026-03-18 04:00:00,2026,3
Ю,1.0,н/о,,н/о,-2.5,-2.5,100,-5.0,-5.0,по сезону,1029.5,1024.6,-3.5,,,,,2026-03-18 03:00:00,2026-03-18 07:00:00,2026,3
В,2.0,н/о,,н/о,3.5,0.3,80,1.0,1.0,тепло,1029.7,1024.9,,,,,,2026-03-18 06:00:00,2026-03-18 10:00:00,2026,3
ЮВ,2.0,н/о,,н/о,6.6,0.9,67,5.0,5.0,тепло,1029.6,1024.9,,,,,,2026-03-18 09:00:00,2026-03-18 13:00:00,2026,3
В,2.0,н/о,,н/о,7.9,0.9,61,6.0,6.0,тепло,1028.8,1024.1,,,,,,2026-03-18 12:00:00,2026-03-18 16:00:00,2026,3
штиль,0.0,н/о,,н/о,3.8,-0.8,72,3.0,3.0,тепло,1028.5,1023.7,,8.1,,,,2026-03-18 15:00:00,2026-03-18 19:00:00,2026,3
штиль,0.0,н/о,,н/о,-1.4,-2.3,94,-3.0,-3.0,по сезону,1028.9,1024.0,,,,,,2026-03-18 18:00:00,2026-03-18 22:00:00,2026,3
штиль,0.0,н/о,,н/о,-4.1,-4.1,100,-5.0,-5.0,по сезону,1029.0,1024.1,,,,,,2026-03-18 21:00:00,2026-03-19 01:00:00,2026,3
штиль,0.0,н/о,,н/о,-3.9,-3.9,100,-5.0,-5.0,по сезону,1028.8,1023.8,,,,,,2026-03-19 00:00:00,2026-03-19 04:00:00,2026,3
штиль,0.0,н/о,,н/о,-5.0,-5.0,100,-6.0,-6.0,по сезону,1028.4,1023.5,-6.2,,,,,2026-03-19 03:00:00,2026-03-19 07:00:00,2026,3
штиль,0.0,н/о,,н/о,1.0,-0.7,88,-0.0,-0.0,тепло,1028.1,1023.3,,,,,,2026-03-19 06:00:00,2026-03-19 10:00:00,2026,3
В,2.0,н/о,,н/о,7.4,0.0,59,6.0,6.0,тепло,1026.9,1022.2,,,,,,2026-03-19 09:00:00,2026-03-19 13:00:00,2026,3
ЮВ,2.0,н/о,,н/о,8.1,-0.8,53,7.0,7.0,тепло,1025.6,1020.9,,,,,,2026-03-19 12:00:00,2026-03-19 16:00:00,2026,3
ЮВ,1.0,н/о,,н/о,4.1,-1.4,67,3.0,3.0,тепло,1023.9,1019.2,,8.1,,,,2026-03-19 15:00:00,2026-03-19 19:00:00,2026,3
ЮВ,1.0,н/о,,н/о,-1.2,-2.4,92,-3.0,-3.0,по сезону,1023.1,1018.3,,,,,,2026-03-19 18:00:00,2026-03-19 22:00:00,2026,3
штиль,0.0,н/о,,н/о,-2.3,-2.8,96,-4.0,-4.0,по сезону,1022.8,1017.9,,,,,,2026-03-19 21:00:00,2026-03-20 01:00:00,2026,3
В,1.0,н/о,,н/о,-1.9,-1.9,100,-4.0,-4.0,тепло,1020.8,1016.0,,,,,,2026-03-20 00:00:00,2026-03-20 04:00:00,2026,3
Ю,2.0,н/о,,н/о,-1.8,-1.8,100,-6.0,-6.0,по сезону,1020.1,1015.3,-3.2,,,,,2026-03-20 03:00:00,2026-03-20 07:00:00,2026,3
ЮВ,1.0,н/о,,н/о,-1.6,-2.2,96,-4.0,-4.0,по сезону,1019.6,1014.8,,,,,,2026-03-20 06:00:00,2026-03-20 10:00:00,2026,3
ЮВ,2.0,н/о,,н/о,-0.0,-1.9,87,-4.0,-4.0,по сезону,1018.7,1013.9,,,,,,2026-03-20 09:00:00,2026-03-20 13:00:00,2026,3
Ю,2.0,н/о,,н/о,0.1,-1.4,90,-4.0,-4.0,по сезону,1017.8,1013.0,,,,,,2026-03-20 12:00:00,2026-03-20 16:00:00,2026,3
Ю,1.0,н/о,,н/о,-0.3,-1.7,90,-2.0,-2.0,по сезону,1017.0,1012.2,,0.4,,,,2026-03-20 15:00:00,2026-03-20 19:00:00,2026,3
штиль,0.0,н/о,,н/о,-1.1,-2.0,94,-2.0,-2.0,тепло,1017.5,1012.7,,,,,,2026-03-20 18:00:00,2026-03-20 22:00:00,2026,3
штиль,0.0,н/о,,н/о,-1.7,-2.1,97,-3.0,-3.0,тепло,1017.3,1012.4,,,,,,2026-03-20 21:00:00,2026-03-21 01:00:00,2026,3
штиль,0.0,н/о,,н/о,-2.3,-2.3,100,-4.0,-4.0,тепло,1016.9,1012.1,,,,,,2026-03-21 00:00:00,2026-03-21 04:00:00,2026,3
штиль,0.0,н/о,,н/о,-2.6,-2.6,100,-4.0,-4.0,по сезону,1017.2,1012.4,-2.8,,,,,2026-03-21 03:00:00,2026-03-21 07:00:00,2026,3
штиль,0.0,н/о,,н/о,0.7,-0.3,93,-1.0,-1.0,тепло,1018.0,1013.2,,,,,,2026-03-21 06:00:00,2026-03-21 10:00:00,2026,3
штиль,0.0,н/о,,н/о,6.0,-0.2,64,5.0,5.0,тепло,1017.8,1013.1,,,,,,2026-03-21 09:00:00,2026-03-21 13:00:00,2026,3
С,2.0,н/о,,н/о,7.7,0.0,58,6.0,6.0,тепло,1018.0,1013.3,,,,,,2026-03-21 12:00:00,2026-03-21 16:00:00,2026,3
СЗ,2.0,н/о,,н/о,2.6,-0.7,79,-0.0,-0.0,тепло,1019.5,1014.8,,8.3,,,,2026-03-21 15:00:00,2026-03-21 19:00:00,2026,3
С,1.0,н/о,,н/о,-2.0,-2.4,97,-4.0,-4.0,по сезону,1021.3,1016.5,,,,,,2026-03-21 18:00:00,2026-03-21 22:00:00,2026,3
СЗ,1.0,н/о,,н/о,-3.9,-3.9,100,-6.0,-6.0,по сезону,1022.0,1017.1,,,,,,2026-03-21 21:00:00,2026-03-22 01:00:00,2026,3
СЗ,1.0,н/о,,н/о,-4.0,-4.0,100,-7.0,-7.0,по сезону,1022.6,1017.7,,,,,,2026-03-22 00:00:00,2026-03-22 04:00:00,2026,3
З,1.0,н/о,,н/о,-3.9,-3.9,100,-6.0,-6.0,по сезону,1023.3,1018.4,-5.2,,,,,2026-03-22 03:00:00,2026-03-22 07:00:00,2026,3
штиль,0.0,н/о,,н/о,2.3,0.5,88,1.0,1.0,тепло,1024.4,1019.6,,,,,,2026-03-22 06:00:00,2026-03-22 10:00:00,2026,3
В,1.0,н/о,,н/о,7.0,-2.7,50,7.0,7.0,тепло,1024.2,1019.5,,,,,,2026-03-22 09:00:00,2026-03-22 13:00:00,2026,3
штиль,0.0,н/о,,н/о,8.5,-6.6,34,8.0,8.0,тепло,1023.3,1018.6,,,,,,2026-03-22 12:00:00,2026-03-22 16:00:00,2026,3
ЮЗ,1.0,н/о,,н/о,4.7,-5.9,46,4.0,4.0,тепло,1022.9,1018.2,,9.0,,,,2026-03-22 15:00:00,2026-03-22 19:00:00,2026,3
штиль,0.0,н/о,,н/о,-1.5,-3.5,86,-3.0,-3.0,по сезону,1023.1,1018.3,,,,,,2026-03-22 18:00:00,2026-03-22 22:00:00,2026,3
штиль,0.0,н/о,,н/о,-1.9,-2.8,94,-3.0,-3.0,по сезону,1023.5,1018.6,,,,,,2026-03-22 21:00:00,2026-03-23 01:00:00,2026,3
штиль,0.0,н/о,,н/о,-0.3,-1.6,91,-2.0,-2.0,тепло,1022.7,1017.9,,,,,,2026-03-23 00:00:00,2026-03-23 04:00:00,2026,3
штиль,0.0,н/о,,н/о,-3.9,-4.2,98,-5.0,-5.0,по сезону,1022.6,1017.7,-3.7,,,,,2026-03-23 03:00:00,2026-03-23 07:00:00,2026,3
штиль,0.0,н/о,,н/о,1.9,-1.0,81,1.0,1.0,тепло,1023.5,1018.7,-4.1,,,,,2026-03-23 06:00:00,2026-03-23 10:00:00,2026,3
СВ,1.0,н/о,,н/о,9.2,-1.9,46,9.0,9.0,тепло,1023.0,1018.4,,,,,,2026-03-23 09:00:00,2026-03-23 13:00:00,2026,3
Ю,2.0,н/о,,н/о,10.6,-3.7,36,10.0,10.0,тепло,1022.5,1017.8,,,,,,2026-03-23 12:00:00,2026-03-23 16:00:00,2026,3
Ю,1.0,н/о,,н/о,6.8,-2.5,51,6.0,6.0,тепло,1022.3,1017.6,,11.0,,,,2026-03-23 15:00:00,2026-03-23 19:00:00,2026,3
ЮВ,1.0,н/о,,н/о,0.3,-2.3,83,-2.0,-2.0,по сезону,1023.2,1018.4,,,,,,2026-03-23 18:00:00,2026-03-23 22:00:00,2026,3
штиль,0.0,н/о,,н/о,-2.5,-3.3,94,-4.0,-4.0,по сезону,1022.9,1018.0,,,,,,2026-03-23 21:00:00,2026-03-24 01:00:00,2026,3
штиль,0.0,н/о,,н/о,-3.8,-3.9,99,-5.0,-5.0,по сезону,1022.5,1017.6,,,,,,2026-03-24 00:00:00,2026-03-24 04:00:00,2026,3
штиль,0.0,н/о,,н/о,-4.3,-4.3,100,-6.0,-6.0,по сезону,1022.1,1017.3,-4.8,,,,,2026-03-24 03:00:00,2026-03-24 07:00:00,2026,3
СВ,2.0,н/о,,н/о,3.3,-0.8,74,1.0,1.0,тепло,1021.0,1016.2,,,,,,2026-03-24 06:00:00,2026-03-24 10:00:00,2026,3
В,2.0,н/о,,н/о,8.8,-1.0,50,8.0,8.0,тепло,1018.9,1014.2,,,,,,2026-03-24 09:00:00,2026-03-24 13:00:00,2026,3
В,2.0,н/о,,н/о,10.2,-2.8,40,9.0,9.0,тепло,1016.8,1012.2,,,,,,2026-03-24 12:00:00,2026-03-24 16:00:00,2026,3
Ю,1.0,н/о,,н/о,6.2,-2.5,54,6.0,6.0,тепло,1016.2,1011.5,,10.3,,,,2026-03-24 15:00:00,2026-03-24 19:00:00,2026,3
штиль,0.0,н/о,,н/о,0.7,-2.0,82,-0.0,-0.0,тепло,1016.0,1011.2,,,,,,2026-03-24 18:00:00,2026-03-24 22:00:00,2026,3
штиль,0.0,н/о,,н/о,0.7,-1.1,88,-1.0,-1.0,тепло,1015.4,1010.6,,,,,,2026-03-24 21:00:00,2026-03-25 01:00:00,2026,3
штиль,0.0,н/о,,н/о,1.6,-0.3,87,1.0,1.0,тепло,1014.4,1009.6,,,,,,2026-03-25 00:00:00,2026-03-25 04:00:00,2026,3
ЮВ,1.0,н/о,,н/о,2.2,0.3,87,1.0,1.0,тепло,1014.6,1009.9,0.5,,,,,2026-03-25 03:00:00,2026-03-25 07:00:00,2026,3
штиль,0.0,н/о,,н/о,4.0,1.0,81,3.0,3.0,тепло,1015.2,1010.5,,,,,,2026-03-25 06:00:00,2026-03-25 10:00:00,2026,3
штиль,0.0,н/о,,н/о,5.0,3.0,87,4.0,4.0,тепло,1015.3,1010.6,,,,,,2026-03-25 09:00:00,2026-03-25 13:00:00,2026,3
В,1.0,н/о,,н/о,5.1,4.1,93,4.0,4.0,тепло,1014.7,1010.0,,,,,,2026-03-25 12:00:00,2026-03-25 16:00:00,2026,3
В,1.0,н/о,,н/о,4.6,4.6,100,3.0,3.0,тепло,1014.8,1010.1,,5.4,,,,2026-03-25 15:00:00,2026-03-25 19:00:00,2026,3
штиль,0.0,н/о,,н/о,3.6,3.6,100,2.0,2.0,тепло,1015.4,1010.7,,,,,,2026-03-25 18:00:00,2026-03-25 22:00:00,2026,3
СЗ,2.0,н/о,,н/о,2.9,3.6,100,-1.0,-1.0,тепло,1015.4,1010.7,,,,,,2026-03-25 21:00:00,2026-03-26 01:00:00,2026,3
В,2.0,н/о,,н/о,2.9,3.6,100,-1.0,-1.0,тепло,1015.4,1011.1,,,,,,2026-03-26 00:00:00,2026-03-26 04:00:00,2026,3
СВ,2.0,н/о,,н/о,2.4,3.6,100,-1.0,-1.0,тепло,1015.4,1012.2,2.4,,,,,2026-03-26 03:00:00,2026-03-26 07:00:00,2026,3
СВ,2.0,н/о,,н/о,3.4,3.6,100,0.0,0.0,тепло,1015.4,1012.9,2.3,,,,,2026-03-26 06:00:00,2026-03-26 10:00:00,2026,3
СВ,2.0,н/о,,н/о,7.2,3.6,78,5.0,5.0,тепло,1015.4,1012.7,,,,,,2026-03-26 09:00:00,2026-03-26 13:00:00,2026,3
ЮВ,1.0,н/о,,н/о,9.2,5.1,76,9.0,9.0,тепло,1018.1,1013.4,,,,,,2026-03-26 12:00:00,2026-03-26 16:00:00,2026,3
В,1.0,н/о,,н/о,7.1,4.6,84,6.0,6.0,тепло,1018.0,1013.3,,10.0,0.3,,,2026-03-26 15:00:00,2026-03-26 19:00:00,2026,3
СВ,1.0,н/о,,н/о,5.2,3.0,86,4.0,4.0,тепло,1018.6,1013.9,,,,,,2026-03-26 18:00:00,2026-03-26 22:00:00,2026,3
В,1.0,н/о,,н/о,4.4,2.2,86,3.0,3.0,тепло,1018.3,1013.6,,,,,,2026-03-26 21:00:00,2026-03-27 01:00:00,2026,3
В,2.0,н/о,,н/о,3.8,1.8,87,1.0,1.0,тепло,1018.2,1013.5,,,,,,2026-03-27 00:00:00,2026-03-27 04:00:00,2026,3
В,2.0,н/о,,н/о,3.4,2.5,94,0.0,0.0,тепло,1017.5,1012.8,1.1,,,,,2026-03-27 03:00:00,2026-03-27 07:00:00,2026,3
В,3.0,н/о,,н/о,7.0,2.5,73,4.0,4.0,тепло,1017.3,1012.7,,,,,,2026-03-27 06:00:00,2026-03-27 10:00:00,2026,3
В,3.0,н/о,,н/о,11.5,2.2,53,10.0,10.0,тепло,1016.6,1012.0,,,,,,2026-03-27 09:00:00,2026-03-27 13:00:00,2026,3
В,4.0,н/о,,н/о,13.6,-2.2,33,12.0,12.0,тепло,1014.0,1009.5,,,,,,2026-03-27 12:00:00,2026-03-27 16:00:00,2026,3
В,2.0,н/о,,н/о,9.9,-1.6,45,9.0,9.0,тепло,1013.4,1008.8,,13.7,,,,2026-03-27 15:00:00,2026-03-27 19:00:00,2026,3
В,1.0,н/о,,н/о,6.8,-1.5,55,6.0,6.0,тепло,1013.0,1008.3,,,,,,2026-03-27 18:00:00,2026-03-27 22:00:00,2026,3
штиль,0.0,н/о,,н/о,2.8,-1.4,74,2.0,2.0,тепло,1011.8,1007.0,,,,,,2026-03-27 21:00:00,2026-03-28 01:00:00,2026,3
Ю,1.0,н/о,,н/о,1.6,-0.7,85,-0.0,-0.0,тепло,1011.3,1006.6,,,,,,2026-03-28 00:00:00,2026-03-28 04:00:00,2026,3
штиль,0.0,н/о,,н/о,0.3,-1.6,87,-1.0,-1.0,тепло,1011.6,1006.9,0.5,,,,,2026-03-28 03:00:00,2026-03-28 07:00:00,2026,3
В,1.0,н/о,,н/о,8.5,1.7,62,8.0,8.0,тепло,1011.4,1006.8,0.3,,,,,2026-03-28 06:00:00,2026-03-28 10:00:00,2026,3
СВ,2.0,н/о,,н/о,13.4,2.9,49,13.0,13.0,тепло,1010.8,1006.3,,,,,,2026-03-28 09:00:00,2026-03-28 13:00:00,2026,3
С,2.0,н/о,,н/о,16.2,1.7,38,16.0,16.0,тепло,1010.0,1005.6,,,,,,2026-03-28 12:00:00,2026-03-28 16:00:00,2026,3
В,1.0,н/о,,н/о,12.8,3.2,52,13.0,13.0,тепло,1010.7,1006.1,,16.7,,,,2026-03-28 15:00:00,2026-03-28 19:00:00,2026,3
В,1.0,н/о,,н/о,10.6,1.6,54,11.0,11.0,тепло,1011.7,1007.2,,,,,,2026-03-28 18:00:00,2026-03-28 22:00:00,2026,3
В,1.0,н/о,,н/о,7.1,1.0,65,6.0,6.0,тепло,1011.5,1006.9,,,,,,2026-03-28 21:00:00,2026-03-29 01:00:00,2026,3
штиль,0.0,н/о,,н/о,2.6,1.1,90,1.0,1.0,тепло,1011.9,1007.2,,,,,,2026-03-29 00:00:00,2026-03-29 04:00:00,2026,3
Ю,1.0,н/о,,н/о,3.3,3.2,99,2.0,2.0,тепло,1012.1,1007.4,0.7,,,,,2026-03-29 03:00:00,2026-03-29 07:00:00,2026,3
СВ,2.0,н/о,,н/о,9.3,3.2,66,8.0,8.0,тепло,1012.6,1008.0,,,,,,2026-03-29 06:00:00,2026-03-29 10:00:00,2026,3
В,3.0,н/о,,н/о,15.4,1.8,40,15.0,15.0,тепло,1011.8,1007.3,,,,,,2026-03-29 09:00:00,2026-03-29 13:00:00,2026,3
В,2.0,н/о,,н/о,17.9,3.2,37,18.0,18.0,тепло,1011.3,1006.8,,,,,,2026-03-29 12:00:00,2026-03-29 16:00:00,2026,3
В,1.0,н/о,,н/о,14.2,3.6,49,15.0,15.0,тепло,1011.5,1007.0,,18.0,,,,2026-03-29 15:00:00,2026-03-29 19:00:00,2026,3
штиль,0.0,н/о,,н/о,9.8,5.0,72,9.0,9.0,тепло,1011.9,1007.3,,,,,,2026-03-29 18:00:00,2026-03-29 22:00:00,2026,3
штиль,0.0,н/о,,н/о,4.6,3.6,93,3.0,3.0,тепло,1011.6,1006.9,,,,,,2026-03-29 21:00:00,2026-03-30 01:00:00,2026,3
СЗ,1.0,н/о,,н/о,1.6,1.6,100,-1.0,-1.0,тепло,1011.1,1006.4,,,,,,2026-03-30 00:00:00,2026-03-30 04:00:00,2026,3
Ю,1.0,н/о,,н/о,2.6,1.9,95,1.0,1.0,тепло,1010.8,1006.1,1.1,,,,,2026-03-30 03:00:00,2026-03-30 07:00:00,2026,3
В,2.0,н/о,,н/о,12.0,4.5,60,11.0,11.0,тепло,1010.5,1005.9,,,,,,2026-03-30 06:00:00,2026-03-30 10:00:00,2026,3
В,2.0,н/о,,н/о,16.4,4.9,46,17.0,17.0,тепло,1009.9,1005.4,,,,,,2026-03-30 09:00:00,2026-03-30 13:00:00,2026,3
В,3.0,н/о,,н/о,19.6,4.9,38,20.0,20.0,тепло,1009.5,1005.1,,,,,,2026-03-30 12:00:00,2026-03-30 16:00:00,2026,3
В,2.0,н/о,,н/о,16.6,5.1,47,17.0,17.0,тепло,1009.1,1004.6,,19.9,,,,2026-03-30 15:00:00,2026-03-30 19:00:00,2026,3
В,1.0,н/о,,н/о,11.2,4.8,65,11.0,11.0,тепло,1010.3,1005.8,,,,,,2026-03-30 18:00:00,2026-03-30 22:00:00,2026,3
СВ,1.0,н/о,,н/о,6.0,4.0,87,5.0,5.0,тепло,1010.1,1005.4,,,,,,2026-03-30 21:00:00,2026-03-31 01:00:00,2026,3
штиль,0.0,н/о,,н/о,5.6,2.3,79,5.0,5.0,тепло,1009.5,1004.8,,,,,,2026-03-31 00:00:00,2026-03-31 04:00:00,2026,3
штиль,0.0,н/о,,н/о,2.1,1.6,96,1.0,1.0,тепло,1009.8,1005.1,1.2,,,,,2026-03-31 03:00:00,2026-03-31 07:00:00,2026,3
В,3.0,н/о,,н/о,11.8,2.9,54,10.0,10.0,тепло,1010.2,1005.7,,,,,,2026-03-31 06:00:00,2026-03-31 10:00:00,2026,3
В,3.0,н/о,,н/о,16.9,2.0,37,17.0,17.0,тепло,1010.2,1005.7,,,,,,2026-03-31 09:00:00,2026-03-31 13:00:00,2026,3
В,3.0,н/о,,н/о,18.7,2.7,34,19.0,19.0,тепло,1009.9,1005.4,,,,,,2026-03-31 12:00:00,2026-03-31 16:00:00,2026,3
В,2.0,н/о,,н/о,15.5,5.5,51,16.0,16.0,тепло,1010.7,1006.2,,19.1,,,,2026-03-31 15:00:00,2026-03-31 19:00:00,2026,3
Ю,1.0,н/о,,н/о,6.9,4.8,86,6.0,6.0,тепло,1012.2,1007.6,,,,,,2026-03-31 21:00:00,2026-04-01 01:00:00,2026,3
В,1.0,н/о,,н/о,7.4,4.3,81,7.0,7.0,тепло,1012.3,1007.6,,,,,,2026-04-01 00:00:00,2026-04-01 04:00:00,2026,4
В,1.0,н/о,,н/о,7.1,3.2,76,6.0,6.0,тепло,1012.6,1008.0,5.3,,,,,2026-04-01 03:00:00,2026-04-01 07:00:00,2026,4
СВ,2.0,н/о,,н/о,12.4,4.6,59,12.0,12.0,тепло,1012.0,1007.5,,,,,,2026-04-01 06:00:00,2026-04-01 10:00:00,2026,4
В,2.0,н/о,,н/о,17.9,5.8,45,18.0,18.0,тепло,1011.0,1006.5,,,,,,2026-04-01 09:00:00,2026-04-01 13:00:00,2026,4
СВ,3.0,н/о,,н/о,19.9,7.9,46,21.0,21.0,комфорт,1009.0,1004.5,,,,,,2026-04-01 12:00:00,2026-04-01 16:00:00,2026,4
Ю,,н/о,,н/о,15.9,13.2,84,16.0,16.0,тепло,1009.4,1004.9,,21.4,,,,2026-04-01 15:00:00,2026-04-01 19:00:00,2026,4
В,2.0,н/о,,н/о,13.8,13.0,95,13.0,13.0,тепло,1009.3,1004.8,,,,,,2026-04-01 18:00:00,2026-04-01 22:00:00,2026,4
ЮВ,1.0,н/о,,н/о,12.0,12.0,100,12.0,12.0,тепло,1009.3,1004.8,,,,,,2026-04-01 21:00:00,2026-04-02 01:00:00,2026,4
ЮВ,1.0,н/о,,н/о,11.4,11.5,100,11.0,11.0,тепло,1008.6,1004.1,,,,,,2026-04-02 00:00:00,2026-04-02 04:00:00,2026,4
ЮВ,1.0,н/о,,н/о,10.6,11.5,100,10.0,10.0,тепло,1008.6,1004.2,10.4,,2.0,,,2026-04-02 03:00:00,2026-04-02 07:00:00,2026,4
В,1.0,н/о,,н/о,11.7,11.5,99,11.0,11.0,тепло,1008.6,1004.5,,,,,,2026-04-02 06:00:00,2026-04-02 10:00:00,2026,4
ЮВ,3.0,н/о,,н/о,13.7,13.7,100,12.0,12.0,тепло,1009.2,1004.6,,,,,,2026-04-02 09:00:00,2026-04-02 13:00:00,2026,4
Ю,3.0,н/о,,н/о,13.5,13.5,100,12.0,12.0,тепло,1009.6,1005.1,,,,,,2026-04-02 12:00:00,2026-04-02 16:00:00,2026,4
Ю,3.0,н/о,,н/о,12.6,11.2,91,11.0,11.0,тепло,1010.2,1005.7,,15.0,7.0,,,2026-04-02 15:00:00,2026-04-02 19:00:00,2026,4
ЮВ,1.0,н/о,,н/о,8.6,8.6,100,8.0,8.0,тепло,1010.7,1006.1,,,,,,2026-04-02 18:00:00,2026-04-02 22:00:00,2026,4
Ю,2.0,н/о,,н/о,8.0,7.2,95,6.0,6.0,тепло,1010.8,1006.1,,,,,,2026-04-02 21:00:00,2026-04-03 01:00:00,2026,4
Ю,3.0,н/о,,н/о,9.2,7.2,87,7.0,7.0,тепло,1010.8,1005.6,,,,,,2026-04-03 00:00:00,2026-04-03 04:00:00,2026,4
Ю,1.0,н/о,,н/о,9.3,7.2,87,9.0,9.0,тепло,1010.8,1005.2,7.2,,,,,2026-04-03 03:00:00,2026-04-03 07:00:00,2026,4
Ю,2.0,н/о,,н/о,11.0,7.2,77,10.0,10.0,тепло,1010.8,1004.9,,,,,,2026-04-03 06:00:00,2026-04-03 10:00:00,2026,4
ЮЗ,3.0,н/о,,н/о,15.2,9.9,71,15.0,15.0,тепло,1008.1,1003.6,,,,,,2026-04-03 09:00:00,2026-04-03 13:00:00,2026,4
Ю,3.0,н/о,,н/о,16.7,11.0,69,16.0,16.0,тепло,1006.6,1002.1,,,,,,2026-04-03 12:00:00,2026-04-03 16:00:00,2026,4
Ю,3.0,н/о,,н/о,15.1,11.1,77,14.0,14.0,тепло,1005.6,1001.1,,17.7,0.3,,,2026-04-03 15:00:00,2026-04-03 19:00:00,2026,4
ЮЗ,2.0,н/о,,н/о,12.0,9.9,87,11.0,11.0,тепло,1005.8,1001.3,,,,,,2026-04-03 18:00:00,2026-04-03 22:00:00,2026,4
З,2.0,н/о,,н/о,12.0,9.8,86,11.0,11.0,тепло,1006.2,1001.7,,,,,,2026-04-03 21:00:00,2026-04-04 01:00:00,2026,4
З,2.0,н/о,,н/о,9.1,6.3,83,7.0,7.0,тепло,1006.6,1002.0,,,,,,2026-04-04 00:00:00,2026-04-04 04:00:00,2026,4
З,1.0,н/о,,н/о,7.8,5.7,87,7.0,7.0,тепло,1007.3,1002.7,6.8,,,,,2026-04-04 03:00:00,2026-04-04 07:00:00,2026,4
З,2.0,н/о,,н/о,10.8,5.6,70,10.0,10.0,тепло,1008.0,1003.4,,,,,,2026-04-04 06:00:00,2026-04-04 10:00:00,2026,4
СЗ,4.0,н/о,,н/о,14.8,1.6,41,14.0,14.0,тепло,1007.6,1003.1,,,,,,2026-04-04 09:00:00,2026-04-04 13:00:00,2026,4
СЗ,3.0,н/о,,н/о,15.9,-2.0,29,16.0,16.0,тепло,1007.6,1003.2,,,,,,2026-04-04 12:00:00,2026-04-04 16:00:00,2026,4
СВ,1.0,н/о,,н/о,13.3,0.5,42,14.0,14.0,тепло,1007.7,1003.2,,16.1,,,,2026-04-04 15:00:00,2026-04-04 19:00:00,2026,4
Ю,1.0,н/о,,н/о,6.3,1.2,70,5.0,5.0,тепло,1008.5,1003.9,,,,,,2026-04-04 18:00:00,2026-04-04 22:00:00,2026,4
штиль,0.0,н/о,,н/о,3.8,0.4,78,3.0,3.0,тепло,1009.1,1004.4,,,,,,2026-04-04 21:00:00,2026-04-05 01:00:00,2026,4
ЮВ,1.0,н/о,,н/о,3.0,1.5,90,1.0,1.0,тепло,1008.9,1004.2,,,,,,2026-04-05 00:00:00,2026-04-05 04:00:00,2026,4
В,1.0,н/о,,н/о,3.6,2.4,92,2.0,2.0,тепло,1009.4,1004.7,0.1,,,,,2026-04-05 03:00:00,2026-04-05 07:00:00,2026,4
Ю,2.0,н/о,,н/о,13.9,8.1,68,13.0,13.0,тепло,1008.7,1004.2,,,,,,2026-04-05 06:00:00,2026-04-05 10:00:00,2026,4
Ю,4.0,н/о,,н/о,17.0,2.8,39,17.0,17.0,тепло,1007.1,1002.7,,,,,,2026-04-05 09:00:00,2026-04-05 13:00:00,2026,4
ЮВ,,н/о,,н/о,15.8,7.6,58,15.0,15.0,тепло,1005.0,1000.5,,,,,,2026-04-05 12:00:00,2026-04-05 16:00:00,2026,4
ЮВ,,н/о,,н/о,12.3,9.8,85,11.0,11.0,тепло,1003.9,999.4,,17.4,,,,2026-04-05 15:00:00,2026-04-05 19:00:00,2026,4
Ю,3.0,н/о,,н/о,11.0,11.0,100,9.0,9.0,тепло,1002.9,998.4,,,,,,2026-04-05 18:00:00,2026-04-05 22:00:00,2026,4
З,,н/о,,н/о,7.8,3.6,75,5.0,5.0,тепло,1003.7,999.1,,,,,,2026-04-05 21:00:00,2026-04-06 01:00:00,2026,4
З,,н/о,,н/о,5.0,2.3,83,2.0,2.0,тепло,1004.1,999.5,,,,,,2026-04-06 00:00:00,2026-04-06 04:00:00,2026,4
ЮЗ,3.0,н/о,,н/о,3.6,2.1,90,-0.0,-0.0,по сезону,1005.0,1000.3,3.3,,3.0,,,2026-04-06 03:00:00,2026-04-06 07:00:00,2026,4
З,3.0,н/о,,н/о,5.1,2.4,83,2.0,2.0,по сезону,1005.3,1000.7,,,,,,2026-04-06 06:00:00,2026-04-06 10:00:00,2026,4
ЮЗ,,н/о,,н/о,7.7,2.2,68,5.0,5.0,тепло,1004.9,1000.3,,,,,,2026-04-06 09:00:00,2026-04-06 13:00:00,2026,4
ЮЗ,,н/о,,н/о,9.6,3.0,63,7.0,7.0,тепло,1004.6,1000.0,,,,,,2026-04-06 12:00:00,2026-04-06 16:00:00,2026,4
ЮЗ,,н/о,,н/о,9.3,2.1,61,7.0,7.0,тепло,1005.3,1000.7,,10.2,,,,2026-04-06 15:00:00,2026-04-06 19:00:00,2026,4
ЮЗ,,н/о,,н/о,8.8,2.0,62,7.0,7.0,тепло,1005.8,1001.2,,,,,,2026-04-06 18:00:00,2026-04-06 22:00:00,2026,4
ЮЗ,,н/о,,н/о,7.1,1.5,68,4.0,4.0,тепло,1005.7,1001.1,,,,,,2026-04-06 21:00:00,2026-04-07 01:00:00,2026,4
ЮЗ,2.0,н/о,,н/о,7.4,2.3,70,6.0,6.0,тепло,1005.7,1001.1,,,,,,2026-04-07 00:00:00,2026-04-07 04:00:00,2026,4
Ю,3.0,н/о,,н/о,6.6,2.3,74,4.0,4.0,тепло,1004.3,999.7,6.4,,,,,2026-04-07 03:00:00,2026-04-07 07:00:00,2026,4
Ю,,н/о,,н/о,13.7,1.6,44,12.0,12.0,тепло,1003.3,998.8,,,,,,2026-04-07 06:00:00,2026-04-07 10:00:00,2026,4
Ю,,н/о,,н/о,18.0,-1.3,27,17.0,17.0,тепло,1002.3,997.9,,,,,,2026-04-07 09:00:00,2026-04-07 13:00:00,2026,4
ЮЗ,,н/о,,н/о,18.2,1.3,32,18.0,18.0,тепло,1002.1,997.7,,,,,,2026-04-07 12:00:00,2026-04-07 16:00:00,2026,4
ЮЗ,,н/о,,н/о,15.2,5.2,51,14.0,14.0,тепло,1003.1,998.7,,18.8,,,,2026-04-07 15:00:00,2026-04-07 19:00:00,2026,4
ЮЗ,2.0,н/о,,н/о,10.8,4.9,67,10.0,10.0,тепло,1005.6,1001.0,,,,,,2026-04-07 18:00:00,2026-04-07 22:00:00,2026,4
З,2.0,н/о,,н/о,8.3,0.3,57,7.0,7.0,тепло,1007.6,1003.0,,,,,,2026-04-07 21:00:00,2026-04-08 01:00:00,2026,4
Ю,1.0,н/о,,н/о,3.1,0.4,82,2.0,2.0,тепло,1008.5,1003.8,,,,,,2026-04-08 00:00:00,2026-04-08 04:00:00,2026,4
ЮВ,1.0,н/о,,н/о,2.7,1.5,92,1.0,1.0,по сезону,1009.7,1005.0,0.5,,,,,2026-04-08 03:00:00,2026-04-08 07:00:00,2026,4
СВ,2.0,н/о,,н/о,9.7,3.3,64,8.0,8.0,тепло,1009.8,1005.2,,,,,,2026-04-08 06:00:00,2026-04-08 10:00:00,2026,4
СВ,3.0,н/о,,н/о,13.5,1.5,44,13.0,13.0,тепло,1009.1,1004.6,,,,,,2026-04-08 09:00:00,2026-04-08 13:00:00,2026,4
В,4.0,н/о,,н/о,15.1,5.9,54,14.0,14.0,тепло,1007.8,1003.3,,,,,,2026-04-08 12:00:00,2026-04-08 16:00:00,2026,4
В,2.0,н/о,,н/о,15.3,4.3,48,15.0,15.0,тепло,1006.0,1001.5,,16.0,,,,2026-04-08 15:00:00,2026-04-08 19:00:00,2026,4
штиль,0.0,н/о,,н/о,12.0,4.9,62,12.0,12.0,тепло,1005.4,1000.8,,,,,,2026-04-08 18:00:00,2026-04-08 22:00:00,2026,4
СЗ,1.0,н/о,,н/о,5.6,3.6,87,4.0,4.0,тепло,1003.5,998.9,,,,,,2026-04-08 21:00:00,2026-04-09 01:00:00,2026,4
В,1.0,н/о,,н/о,7.7,4.4,80,7.0,7.0,тепло,1002.0,997.5,,,,,,2026-04-09 00:00:00,2026-04-09 04:00:00,2026,4
Ю,4.0,н/о,,н/о,9.0,4.1,71,6.0,6.0,тепло,1002.1,997.5,5.5,,,,,2026-04-09 03:00:00,2026-04-09 07:00:00,2026,4
Ю,,н/о,,н/о,7.4,4.9,84,3.0,3.0,тепло,1003.7,999.1,,,,,,2026-04-09 06:00:00,2026-04-09 10:00:00,2026,4
ЮВ,,н/о,,н/о,7.9,5.4,84,4.0,4.0,тепло,1006.0,1001.4,,,,,,2026-04-09 09:00:00,2026-04-09 13:00:00,2026,4
Ю,,н/о,,н/о,9.0,4.1,71,5.0,5.0,тепло,1008.7,1004.1,,,,,,2026-04-09 12:00:00,2026-04-09 16:00:00,2026,4
Ю,,н/о,,н/о,10.2,3.5,63,8.0,8.0,тепло,1010.3,1005.7,,10.8,3.0,,,2026-04-09 15:00:00,2026-04-09 19:00:00,2026,4
Ю,2.0,н/о,,н/о,7.0,3.1,76,5.0,5.0,тепло,1011.9,1007.2,,,,,,2026-04-09 18:00:00,2026-04-09 22:00:00,2026,4
В,1.0,н/о,,н/о,5.9,3.1,82,5.0,5.0,тепло,1012.3,1007.6,,,,,,2026-04-09 21:00:00,2026-04-10 01:00:00,2026,4
штиль,0.0,н/о,,н/о,3.9,2.8,93,3.0,3.0,тепло,1012.5,1007.8,,,,,,2026-04-10 00:00:00,2026-04-10 04:00:00,2026,4
Ю,1.0,н/о,,н/о,4.8,3.5,91,3.0,3.0,по сезону,1012.7,1008.1,3.4,,,,,2026-04-10 03:00:00,2026-04-10 07:00:00,2026,4
штиль,0.0,н/о,,н/о,9.7,4.8,71,9.0,9.0,тепло,1013.6,1009.0,,,,,,2026-04-10 06:00:00,2026-04-10 10:00:00,2026,4
С,1.0,н/о,,н/о,11.6,5.0,64,12.0,12.0,тепло,1014.6,1010.1,,,,,,2026-04-10 09:00:00,2026-04-10 13:00:00,2026,4
В,3.0,н/о,,н/о,11.1,4.3,63,9.0,9.0,тепло,1016.4,1011.9,,,,,,2026-04-10 12:00:00,2026-04-10 16:00:00,2026,4
ЮВ,2.0,н/о,,н/о,8.8,5.5,80,7.0,7.0,тепло,1018.7,1014.0,,14.2,,,,2026-04-10 15:00:00,2026-04-10 19:00:00,2026,4
В,2.0,н/о,,н/о,6.6,5.6,93,4.0,4.0,по сезону,1021.0,1016.3,,,,,,2026-04-10 18:00:00,2026-04-10 22:00:00,2026,4
Ю,1.0,н/о,,н/о,3.2,3.2,100,1.0,1.0,по сезону,1022.3,1017.5,,,,,,2026-04-10 21:00:00,2026-04-11 01:00:00,2026,4
Ю,1.0,н/о,,н/о,1.3,1.3,100,-1.0,-1.0,по сезону,1023.2,1018.4,,,,,,2026-04-11 00:00:00,2026-04-11 04:00:00,2026,4
ЮВ,1.0,н/о,,н/о,0.6,1.3,100,-2.0,-2.0,по сезону,1023.2,1019.4,0.4,,3.0,,,2026-04-11 03:00:00,2026-04-11 07:00:00,2026,4
ЮВ,1.0,н/о,,н/о,4.2,1.3,81,3.0,3.0,по сезону,1023.2,1020.7,,,,,,2026-04-11 06:00:00,2026-04-11 10:00:00,2026,4
СВ,1.0,н/о,,н/о,10.0,7.1,82,10.0,10.0,тепло,1025.4,1020.7,,,,,,2026-04-11 09:00:00,2026-04-11 13:00:00,2026,4
СВ,3.0,н/о,,н/о,12.4,6.7,68,11.0,11.0,тепло,1024.8,1020.2,,,,,,2026-04-11 12:00:00,2026-04-11 16:00:00,2026,4
В,3.0,н/о,,н/о,11.5,5.1,65,10.0,10.0,тепло,1024.4,1019.8,,12.8,,,,2026-04-11 15:00:00,2026-04-11 19:00:00,2026,4
СВ,1.0,н/о,,н/о,9.0,4.3,72,9.0,9.0,тепло,1024.6,1019.9,,,,,,2026-04-11 18:00:00,2026-04-11 22:00:00,2026,4
С,2.0,н/о,,н/о,8.2,4.5,77,6.0,6.0,тепло,1023.5,1018.8,,,,,,2026-04-11 21:00:00,2026-04-12 01:00:00,2026,4
В,1.0,н/о,,н/о,20.2,14.5,70,24.0,24.0,комфорт,1014.8,1010.4,,,,,,2026-04-14 12:00:00,2026-04-14 16:00:00,2026,4
СЗ,2.0,н/о,,н/о,17.7,14.0,79,18.0,18.0,тепло,1015.6,1011.1,,,,,,2026-04-14 15:00:00,2026-04-14 19:00:00,2026,4
З,1.0,н/о,,н/о,15.2,13.9,92,16.0,16.0,тепло,1016.0,1011.5,,,,,,2026-04-14 18:00:00,2026-04-14 22:00:00,2026,4
штиль,0.0,н/о,,н/о,11.1,9.1,87,10.0,10.0,тепло,1015.5,1010.9,,,,,,2026-04-14 21:00:00,2026-04-15 01:00:00,2026,4
СЗ,2.0,н/о,,н/о,9.1,8.8,98,7.0,7.0,тепло,1015.0,1010.4,,,,,,2026-04-15 00:00:00,2026-04-15 04:00:00,2026,4
С,2.0,н/о,,н/о,10.9,9.9,94,9.0,9.0,тепло,1015.8,1011.2,7.3,,0.3,,,2026-04-15 03:00:00,2026-04-15 07:00:00,2026,4
С,4.0,н/о,,н/о,15.0,6.0,55,14.0,14.0,тепло,1016.5,1012.0,,,,,,2026-04-15 06:00:00,2026-04-15 10:00:00,2026,4
С,,н/о,,н/о,19.4,1.8,31,19.0,19.0,тепло,1016.5,1012.0,,,,,,2026-04-15 09:00:00,2026-04-15 13:00:00,2026,4
СВ,,н/о,,н/о,20.5,-1.6,23,20.0,20.0,тепло,1016.6,1012.1,,,,,,2026-04-15 12:00:00,2026-04-15 16:00:00,2026,4
С,,н/о,,н/о,17.7,-2.9,24,17.0,17.0,тепло,1017.0,1012.5,,20.6,,,,2026-04-15 15:00:00,2026-04-15 19:00:00,2026,4
СВ,3.0,н/о,,н/о,14.5,-3.1,29,14.0,14.0,тепло,1019.4,1014.8,,,,,,2026-04-15 18:00:00,2026-04-15 22:00:00,2026,4
С,1.0,н/о,,н/о,10.7,-2.4,40,11.0,11.0,тепло,1020.8,1016.2,,,,,,2026-04-15 21:00:00,2026-04-16 01:00:00,2026,4
ЮЗ,1.0,н/о,,н/о,7.7,-1.2,53,7.0,7.0,тепло,1021.8,1017.1,,,,,,2026-04-16 00:00:00,2026-04-16 04:00:00,2026,4
Ю,1.0,н/о,,н/о,6.8,0.3,63,6.0,6.0,тепло,1023.1,1018.4,3.5,,,,,2026-04-16 03:00:00,2026-04-16 07:00:00,2026,4
ЮВ,3.0,н/о,,н/о,11.3,-1.8,40,10.0,10.0,тепло,1024.4,1019.7,,,,,,2026-04-16 06:00:00,2026-04-16 10:00:00,2026,4
В,2.0,н/о,,н/о,14.2,-1.3,34,14.0,14.0,тепло,1024.2,1019.6,,,,,,2026-04-16 09:00:00,2026-04-16 13:00:00,2026,4
С,3.0,н/о,,н/о,15.2,-2.5,29,15.0,15.0,тепло,1023.5,1018.9,,,,,,2026-04-16 12:00:00,2026-04-16 16:00:00,2026,4
В,1.0,н/о,,н/о,14.8,-3.3,28,16.0,16.0,тепло,1023.6,1019.0,,15.7,,,,2026-04-16 15:00:00,2026-04-16 19:00:00,2026,4
Ю,1.0,н/о,,н/о,8.3,-1.6,50,8.0,8.0,тепло,1024.4,1019.7,,,,,,2026-04-16 18:00:00,2026-04-16 22:00:00,2026,4
Ю,2.0,н/о,,н/о,7.0,-1.5,55,5.0,5.0,тепло,1024.6,1019.9,,,,,,2026-04-16 21:00:00,2026-04-17 01:00:00,2026,4
штиль,0.0,н/о,,н/о,0.3,-1.2,90,-1.0,-1.0,по сезону,1025.2,1020.4,,,,,,2026-04-17 00:00:00,2026-04-17 04:00:00,2026,4
Ю,2.0,н/о,,н/о,6.2,-0.0,64,4.0,4.0,по сезону,1025.5,1020.7,0.3,,,,,2026-04-17 03:00:00,2026-04-17 07:00:00,2026,4
ЮЗ,4.0,н/о,,н/о,13.1,-4.4,29,12.0,12.0,тепло,1025.2,1020.6,,,,,,2026-04-17 06:00:00,2026-04-17 10:00:00,2026,4
Ю,,н/о,,н/о,15.8,-6.2,21,15.0,15.0,тепло,1024.0,1019.5,,,,,,2026-04-17 09:00:00,2026-04-17 13:00:00,2026,4
Ю,,н/о,,н/о,17.4,-6.3,19,17.0,17.0,тепло,1022.2,1017.6,,,,,,2026-04-17 12:00:00,2026-04-17 16:00:00,2026,4
Ю,,н/о,,н/о,15.0,-3.9,27,15.0,15.0,тепло,1020.6,1016.1,,17.6,,,,2026-04-17 15:00:00,2026-04-17 19:00:00,2026,4
Ю,3.0,н/о,,н/о,11.3,0.5,47,10.0,10.0,тепло,1020.7,1016.1,,,,,,2026-04-17 18:00:00,2026-04-17 22:00:00,2026,4
Ю,3.0,н/о,,н/о,9.6,-1.6,45,8.0,8.0,тепло,1020.2,1015.5,,,,,,2026-04-17 21:00:00,2026-04-18 01:00:00,2026,4
Ю,3.0,н/о,,н/о,6.8,-0.6,59,4.0,4.0,тепло,1019.2,1014.5,,,,,,2026-04-18 00:00:00,2026-04-18 04:00:00,2026,4
Ю,3.0,н/о,,н/о,6.5,0.6,66,4.0,4.0,по сезону,1018.3,1013.6,6.1,,,,,2026-04-18 03:00:00,2026-04-18 07:00:00,2026,4
Ю,3.0,н/о,,н/о,13.9,4.7,54,13.0,13.0,тепло,1017.4,1012.8,,,,,,2026-04-18 06:00:00,2026-04-18 10:00:00,2026,4
Ю,,н/о,,н/о,15.8,1.3,37,15.0,15.0,тепло,1016.6,1012.1,,,,,,2026-04-18 09:00:00,2026-04-18 13:00:00,2026,4
Ю,,н/о,,н/о,16.5,-0.4,32,16.0,16.0,тепло,1015.3,1010.7,,,,,,2026-04-18 12:00:00,2026-04-18 16:00:00,2026,4
Ю,,н/о,,н/о,14.8,1.4,40,14.0,14.0,тепло,1013.9,1009.4,,17.6,,,,2026-04-18 15:00:00,2026-04-18 19:00:00,2026,4
Ю,2.0,н/о,,н/о,11.2,2.3,54,10.0,10.0,тепло,1014.1,1009.5,,,,,,2026-04-18 18:00:00,2026-04-18 22:00:00,2026,4
Ю,2.0,н/о,,н/о,9.8,2.6,61,9.0,9.0,тепло,1013.0,1008.4,,,,,,2026-04-18 21:00:00,2026-04-19 01:00:00,2026,4
Ю,3.0,н/о,,н/о,10.2,3.7,64,8.0,8.0,тепло,1011.4,1006.8,,,,,,2026-04-19 00:00:00,2026-04-19 04:00:00,2026,4
ЮВ,2.0,н/о,,н/о,9.1,6.6,84,7.0,7.0,тепло,1011.0,1006.4,7.8,,,,,2026-04-19 03:00:00,2026-04-19 07:00:00,2026,4
Ю,4.0,н/о,,н/о,14.1,8.1,67,13.0,13.0,тепло,1010.5,1006.0,,,,,,2026-04-19 06:00:00,2026-04-19 10:00:00,2026,4
Ю,,н/о,,н/о,12.0,8.7,80,10.0,10.0,тепло,1010.9,1006.4,,,,,,2026-04-19 09:00:00,2026-04-19 13:00:00,2026,4
СВ,,н/о,,н/о,12.3,10.2,87,12.0,12.0,тепло,1010.3,1005.8,,,,,,2026-04-19 12:00:00,2026-04-19 16:00:00,2026,4
СЗ,2.0,н/о,,н/о,12.0,10.3,89,11.0,11.0,тепло,1009.5,1004.9,,17.2,5.0,,,2026-04-19 15:00:00,2026-04-19 19:00:00,2026,4
СЗ,1.0,н/о,,н/о,10.7,9.4,92,10.0,10.0,тепло,1008.6,1004.1,,,,,,2026-04-19 18:00:00,2026-04-19 22:00:00,2026,4
Ю,1.0,н/о,,н/о,10.0,9.8,99,9.0,9.0,тепло,1006.7,1002.1,,,,,,2026-04-19 21:00:00,2026-04-20 01:00:00,2026,4
Ю,2.0,н/о,,н/о,11.0,7.5,79,10.0,10.0,тепло,1005.1,1000.6,,,,,,2026-04-20 00:00:00,2026-04-20 04:00:00,2026,4
ЮВ,3.0,н/о,,н/о,10.0,5.7,75,8.0,8.0,тепло,1003.8,999.3,9.6,,,,,2026-04-20 03:00:00,2026-04-20 07:00:00,2026,4
ЮВ,,н/о,,н/о,10.8,7.2,78,8.0,8.0,по сезону,1002.3,997.8,9.5,,,,,2026-04-20 06:00:00,2026-04-20 10:00:00,2026,4
ЮВ,,н/о,,н/о,11.2,10.0,92,9.0,9.0,по сезону,1001.5,997.0,,,,,,2026-04-20 09:00:00,2026-04-20 13:00:00,2026,4
Ю,3.0,н/о,,н/о,11.5,9.8,89,10.0,10.0,прохладно,1000.9,996.4,,,,,,2026-04-20 12:00:00,2026-04-20 16:00:00,2026,4
Ю,2.0,н/о,,н/о,11.0,10.5,97,10.0,10.0,по сезону,1000.4,995.8,,11.9,3.0,,,2026-04-20 15:00:00,2026-04-20 19:00:00,2026,4
ЮЗ,1.0,н/о,,н/о,9.6,8.6,93,9.0,9.0,по сезону,1001.2,996.7,,,,,,2026-04-20 18:00:00,2026-04-20 22:00:00,2026,4
З,2.0,н/о,,н/о,7.5,5.3,86,5.0,5.0,по сезону,1001.8,997.2,,,,,,2026-04-20 21:00:00,2026-04-21 01:00:00,2026,4
ЮЗ,3.0,н/о,,н/о,4.8,2.5,85,1.0,1.0,по сезону,1002.9,998.2,,,,,,2026-04-21 00:00:00,2026-04-21 04:00:00,2026,4
ЮЗ,,н/о,,н/о,4.9,-3.0,57,1.0,1.0,очень  холодно,1005.0,1000.4,,,,,,2026-04-21 09:00:00,2026-04-21 13:00:00,2026,4
З,,н/о,,н/о,5.6,-1.8,59,2.0,2.0,очень  холодно,1006.4,1001.7,,,,,,2026-04-21 12:00:00,2026-04-21 16:00:00,2026,4
З,,н/о,,н/о,5.2,-2.5,58,2.0,2.0,холодно,1007.8,1003.1,,6.1,,,,2026-04-21 15:00:00,2026-04-21 19:00:00,2026,4
ЮЗ,3.0,н/о,,н/о,4.4,-1.5,65,1.0,1.0,холодно,1009.0,1004.3,,,,,,2026-04-21 18:00:00,2026-04-21 22:00:00,2026,4
З,2.0,н/о,,н/о,4.2,-1.1,68,2.0,2.0,по сезону,1009.2,1004.5,,,,,,2026-04-21 21:00:00,2026-04-22 01:00:00,2026,4
ЮЗ,2.0,н/о,,н/о,3.0,-0.6,77,0.0,0.0,по сезону,1009.1,1004.4,,,,,,2026-04-22 00:00:00,2026-04-22 04:00:00,2026,4
ЮЗ,2.0,н/о,,н/о,2.9,-0.5,78,-0.0,0.0,прохладно,1009.2,1004.5,1.9,,,,,2026-04-22 03:00:00,2026-04-22 07:00:00,2026,4
ЮЗ,3.0,н/о,,н/о,6.3,0.0,64,4.0,4.0,прохладно,1009.4,1004.7,,,,,,2026-04-22 06:00:00,2026-04-22 10:00:00,2026,4
ЮЗ,2.0,н/о,,н/о,6.6,-0.4,61,5.0,5.0,холодно,1008.6,1004.0,,,,,,2026-04-22 09:00:00,2026-04-22 13:00:00,2026,4
Ю,2.0,н/о,,н/о,5.8,0.4,68,4.0,4.0,очень  холодно,1007.2,1002.6,,,,,,2026-04-22 12:00:00,2026-04-22 16:00:00,2026,4
В,1.0,н/о,,н/о,3.0,1.8,92,1.0,1.0,очень  холодно,1005.5,1000.8,,6.7,0.3,,,2026-04-22 15:00:00,2026-04-22 19:00:00,2026,4
СВ,2.0,н/о,,н/о,3.2,2.8,97,-0.0,0.0,холодно,1003.6,999.0,,,,,,2026-04-22 18:00:00,2026-04-22 22:00:00,2026,4
С,3.0,н/о,,н/о,2.5,2.4,99,-2.0,-2.0,холодно,1001.0,996.3,,,,,,2026-04-22 21:00:00,2026-04-23 01:00:00,2026,4
С,2.0,н/о,,н/о,2.1,2.0,99,-1.0,-1.0,прохладно,999.2,994.5,,,,,,2026-04-23 00:00:00,2026-04-23 04:00:00,2026,4
СЗ,2.0,н/о,,н/о,2.8,2.6,99,-1.0,-1.0,холодно,999.2,994.5,2.0,,5.0,,,2026-04-23 03:00:00,2026-04-23 07:00:00,2026,4
З,3.0,н/о,,н/о,6.1,1.8,74,3.0,3.0,холодно,1000.2,995.6,,,,,,2026-04-23 06:00:00,2026-04-23 10:00:00,2026,4
З,2.0,н/о,,н/о,9.8,-0.6,48,9.0,9.0,по сезону,1000.3,995.7,,,,,,2026-04-23 09:00:00,2026-04-23 13:00:00,2026,4
Ю,,н/о,,н/о,12.0,-3.6,33,10.0,10.0,прохладно,1000.6,996.0,,,,,,2026-04-23 12:00:00,2026-04-23 16:00:00,2026,4
Ю,,н/о,,н/о,10.6,-0.6,46,9.0,9.0,по сезону,1000.9,996.3,,12.2,,,,2026-04-23 15:00:00,2026-04-23 19:00:00,2026,4
Ю,,н/о,,н/о,6.9,-1.3,56,4.0,4.0,прохладно,1003.0,998.4,,,,,,2026-04-23 18:00:00,2026-04-23 22:00:00,2026,4
Ю,3.0,н/о,,н/о,3.9,1.2,83,0.0,0.0,прохладно,1003.5,998.8,,,,,,2026-04-23 21:00:00,2026-04-24 01:00:00,2026,4
Ю,3.0,н/о,,н/о,3.3,1.6,89,-1.0,-1.0,прохладно,1003.6,998.9,,,,,,2026-04-24 00:00:00,2026-04-24 04:00:00,2026,4
Ю,2.0,н/о,,н/о,4.6,2.7,87,2.0,2.0,прохладно,1002.7,998.1,2.9,,,,,2026-04-24 03:00:00,2026-04-24 07:00:00,2026,4
Ю,4.0,н/о,,н/о,9.4,4.3,70,7.0,7.0,по сезону,1002.0,997.4,,,,,,2026-04-24 06:00:00,2026-04-24 10:00:00,2026,4
Ю,,н/о,,н/о,8.6,4.2,74,6.0,6.0,холодно,1001.5,996.9,,,,,,2026-04-24 09:00:00,2026-04-24 13:00:00,2026,4
Ю,,н/о,,н/о,10.9,4.2,63,9.0,9.0,холодно,999.4,994.9,,,,,,2026-04-24 12:00:00,2026-04-24 16:00:00,2026,4
Ю,,н/о,,н/о,11.0,4.5,64,8.0,8.0,прохладно,997.3,992.8,,12.1,0.8,,,2026-04-24 15:00:00,2026-04-24 19:00:00,2026,4
Ю,,н/о,,н/о,4.6,2.5,86,1.0,1.0,холодно,998.3,993.7,,,,,,2026-04-24 18:00:00,2026-04-24 22:00:00,2026,4
Ю,,н/о,,н/о,3.8,1.7,86,-1.0,-1.0,холодно,997.4,992.7,,,,,,2026-04-24 21:00:00,2026-04-25 01:00:00,2026,4
Ю,,н/о,,н/о,4.2,2.7,90,-0.0,-0.0,по сезону,995.4,990.8,,,,,,2026-04-25 00:00:00,2026-04-25 04:00:00,2026,4
ЮЗ,,н/о,,н/о,3.4,0.5,81,-2.0,-2.0,очень  холодно,996.7,992.1,3.4,,2.0,,,2026-04-25 03:00:00,2026-04-25 07:00:00,2026,4
ЮЗ,,н/о,,н/о,5.4,1.5,76,1.0,1.0,очень  холодно,997.8,993.2,3.4,,,,,2026-04-25 06:00:00,2026-04-25 10:00:00,2026,4
ЮЗ,,н/о,,н/о,4.4,3.1,91,-0.0,0.0,очень  холодно,1000.9,996.2,,,,,,2026-04-25 09:00:00,2026-04-25 13:00:00,2026,4
ЮЗ,,н/о,,н/о,6.4,4.5,88,3.0,3.0,очень  холодно,1002.5,997.9,,,,,,2026-04-25 12:00:00,2026-04-25 16:00:00,2026,4
ЮЗ,2.0,н/о,,н/о,6.6,3.4,80,4.0,4.0,холодно,1004.8,1000.2,,7.0,3.0,,,2026-04-25 15:00:00,2026-04-25 19:00:00,2026,4
ЮЗ,3.0,н/о,,н/о,5.7,2.4,79,2.0,2.0,холодно,1007.0,1002.4,,,,,,2026-04-25 18:00:00,2026-04-25 22:00:00,2026,4
ЮЗ,3.0,н/о,,н/о,6.0,2.6,79,3.0,3.0,по сезону,1008.9,1004.3,,,,,,2026-04-26 00:00:00,2026-04-26 04:00:00,2026,4
ЮЗ,3.0,н/о,,н/о,6.9,2.4,73,4.0,4.0,по сезону,1010.2,1005.5,5.3,,0.3,,,2026-04-26 03:00:00,2026-04-26 07:00:00,2026,4
З,2.0,н/о,,н/о,11.2,2.0,53,10.0,10.0,по сезону,1011.1,1006.5,,,,,,2026-04-26 06:00:00,2026-04-26 10:00:00,2026,4
ЮЗ,,н/о,,н/о,14.2,-2.8,31,13.0,13.0,тепло,1011.2,1006.7,,,,,,2026-04-26 09:00:00,2026-04-26 13:00:00,2026,4
ЮЗ,,н/о,,н/о,13.5,-4.4,29,12.0,12.0,по сезону,1011.5,1007.0,,,,,,2026-04-26 12:00:00,2026-04-26 16:00:00,2026,4
Ю,4.0,н/о,,н/о,13.2,-1.6,36,12.0,12.0,тепло,1010.8,1006.3,,15.2,,,,2026-04-26 15:00:00,2026-04-26 19:00:00,2026,4
Ю,4.0,н/о,,н/о,12.2,1.8,49,11.0,11.0,тепло,1010.6,1006.0,,,,,,2026-04-26 18:00:00,2026-04-26 22:00:00,2026,4
Ю,4.0,н/о,,н/о,9.1,2.4,63,6.0,6.0,по сезону,1009.8,1005.2,,,,,,2026-04-26 21:00:00,2026-04-27 01:00:00,2026,4
Ю,,н/о,,н/о,9.7,2.1,59,7.0,7.0,тепло,1007.5,1002.9,,,,,,2026-04-27 00:00:00,2026-04-27 04:00:00,2026,4
Ю,,н/о,,н/о,9.2,6.8,85,5.0,5.0,по сезону,1006.5,1001.9,8.6,,,,,2026-04-27 03:00:00,2026-04-27 07:00:00,2026,4
Ю,,н/о,,н/о,12.4,5.5,63,9.0,9.0,по сезону,1005.0,1000.4,8.5,,,,,2026-04-27 06:00:00,2026-04-27 10:00:00,2026,4
Ю,,н/о,,н/о,14.8,3.7,47,12.0,12.0,тепло,1001.8,997.3,,,,,,2026-04-27 09:00:00,2026-04-27 13:00:00,2026,4
Ю,,н/о,,н/о,4.9,3.9,93,1.0,1.0,очень  холодно,1004.4,999.7,,,,,,2026-04-27 12:00:00,2026-04-27 16:00:00,2026,4
З,3.0,н/о,,н/о,7.8,4.5,80,5.0,5.0,прохладно,1005.5,1000.9,,16.2,11.0,,,2026-04-27 15:00:00,2026-04-27 19:00:00,2026,4
ЮЗ,3.0,н/о,,н/о,4.6,0.2,73,1.0,1.0,прохладно,1008.0,1003.3,,,,,,2026-04-27 18:00:00,2026-04-27 22:00:00,2026,4
Ю,2.0,н/о,,н/о,3.1,0.0,80,0.0,0.0,прохладно,1009.0,1004.3,,,,,,2026-04-27 21:00:00,2026-04-28 01:00:00,2026,4
Ю,4.0,н/о,,н/о,2.8,-0.2,81,-2.0,-2.0,по сезону,1009.4,1004.7,,,,,,2026-04-28 00:00:00,2026-04-28 04:00:00,2026,4
Ю,,н/о,,н/о,3.7,-0.2,76,-1.0,-1.0,прохладно,1010.2,1005.5,2.7,,0.3,,,2026-04-28 03:00:00,2026-04-28 07:00:00,2026,4
ЮЗ,,н/о,,н/о,7.6,0.5,61,4.0,4.0,по сезону,1010.7,1006.1,,,,,,2026-04-28 06:00:00,2026-04-28 10:00:00,2026,4
ЮЗ,,н/о,,н/о,8.8,-2.4,45,6.0,6.0,по сезону,1011.8,1007.2,,,,,,2026-04-28 09:00:00,2026-04-28 13:00:00,2026,4
ЮЗ,,н/о,,н/о,10.1,-5.5,33,8.0,8.0,по сезону,1013.1,1008.5,,,,,,2026-04-28 12:00:00,2026-04-28 16:00:00,2026,4
ЮЗ,,н/о,,н/о,9.9,-5.6,33,8.0,8.0,по сезону,1013.6,1009.0,,11.0,,,,2026-04-28 15:00:00,2026-04-28 19:00:00,2026,4
Ю,2.0,н/о,,н/о,6.9,-4.1,45,5.0,5.0,по сезону,1014.7,1010.0,,,,,,2026-04-28 18:00:00,2026-04-28 22:00:00,2026,4
Ю,3.0,н/о,,н/о,4.9,-3.1,56,2.0,2.0,по сезону,1015.0,1010.3,,,,,,2026-04-28 21:00:00,2026-04-29 01:00:00,2026,4
Ю,2.0,н/о,,н/о,3.6,-3.0,62,1.0,1.0,по сезону,1015.3,1010.6,,,,,,2026-04-29 00:00:00,2026-04-29 04:00:00,2026,4
ЮЗ,3.0,н/о,,н/о,5.5,-2.2,58,3.0,3.0,по сезону,1016.1,1011.5,2.2,,,,,2026-04-29 03:00:00,2026-04-29 07:00:00,2026,4
З,3.0,н/о,,н/о,10.0,-4.3,36,8.0,8.0,тепло,1017.3,1012.7,,,,,,2026-04-29 06:00:00,2026-04-29 10:00:00,2026,4
З,,н/о,,н/о,11.2,-6.9,27,10.0,10.0,тепло,1017.6,1013.0,,,,,,2026-04-29 09:00:00,2026-04-29 13:00:00,2026,4
ЮЗ,,н/о,,н/о,12.4,-8.4,23,11.0,11.0,тепло,1018.1,1013.5,,,,,,2026-04-29 12:00:00,2026-04-29 16:00:00,2026,4
ЮЗ,3.0,н/о,,н/о,11.9,-8.5,23,11.0,11.0,тепло,1018.5,1013.9,,13.3,,,,2026-04-29 15:00:00,2026-04-29 19:00:00,2026,4
ЮЗ,2.0,н/о,,н/о,8.7,-7.1,32,8.0,8.0,тепло,1019.8,1015.1,,,,,,2026-04-29 18:00:00,2026-04-29 22:00:00,2026,4
З,2.0,н/о,,н/о,7.1,-5.2,41,6.0,6.0,тепло,1020.2,1015.5,,,,,,2026-04-29 21:00:00,2026-04-30 01:00:00,2026,4
Ю,1.0,н/о,,н/о,-0.5,-2.9,84,-3.0,-3.0,холодно,1021.3,1016.4,,,,,,2026-04-30 00:00:00,2026-04-30 04:00:00,2026,4
СЗ,1.0,н/о,,н/о,3.6,0.9,82,2.0,2.0,холодно,1022.1,1017.3,-1.8,,,,,2026-04-30 03:00:00,2026-04-30 07:00:00,2026,4
С,2.0,н/о,,н/о,10.4,-4.4,35,10.0,10.0,по сезону,1021.9,1017.3,,,,,,2026-04-30 06:00:00,2026-04-30 10:00:00,2026,4
СЗ,3.0,н/о,,н/о,12.3,-6.1,27,11.0,11.0,прохладно,1020.9,1016.3,,,,,,2026-04-30 09:00:00,2026-04-30 13:00:00,2026,4
СЗ,4.0,н/о,,н/о,13.4,-5.1,27,12.0,12.0,прохладно,1019.4,1014.8,,,,,,2026-04-30 12:00:00,2026-04-30 16:00:00,2026,4
СЗ,,н/о,,н/о,11.2,-3.8,35,12.0,12.0,по сезону,1018.0,1013.4,,13.7,,,,2026-04-30 15:00:00,2026-04-30 19:00:00,2026,4
СЗ,1.0,н/о,,н/о,4.2,-1.5,66,3.0,3.0,холодно,1017.7,1013.0,,,,,,2026-04-30 18:00:00,2026-04-30 22:00:00,2026,4
штиль,0.0,н/о,,н/о,5.1,-1.8,61,5.0,5.0,по сезону,1016.2,1011.5,,,,,,2026-04-30 21:00:00,2026-05-01 01:00:00,2026,4
штиль,0.0,н/о,,н/о,6.2,-2.3,54,6.0,6.0,по сезону,1015.2,1010.5,,,,,,2026-05-01 00:00:00,2026-05-01 04:00:00,2026,5
СВ,1.0,н/о,,н/о,6.6,1.2,68,6.0,6.0,по сезону,1014.4,1009.7,3.9,,,,,2026-05-01 03:00:00,2026-05-01 07:00:00,2026,5
С,3.0,н/о,,н/о,5.8,2.9,82,3.0,3.0,очень  холодно,1013.7,1009.0,,,,,,2026-05-01 06:00:00,2026-05-01 10:00:00,2026,5
С,5.0,н/о,,н/о,8.4,3.5,71,5.0,5.0,очень  холодно,1013.8,1009.2,,,,,,2026-05-01 09:00:00,2026-05-01 13:00:00,2026,5
С,,н/о,,н/о,10.1,2.9,61,8.0,8.0,очень  холодно,1014.2,1009.6,,,,,,2026-05-01 12:00:00,2026-05-01 16:00:00,2026,5
СЗ,3.0,н/о,,н/о,8.7,3.1,68,6.0,6.0,холодно,1015.5,1010.9,,10.8,2.0,,,2026-05-01 15:00:00,2026-05-01 19:00:00,2026,5
СЗ,2.0,н/о,,н/о,7.0,2.4,73,5.0,5.0,прохладно,1017.3,1012.6,,,,,,2026-05-01 18:00:00,2026-05-01 22:00:00,2026,5
СЗ,1.0,н/о,,н/о,6.2,2.5,77,5.0,5.0,по сезону,1019.0,1014.3,,,,,,2026-05-01 21:00:00,2026-05-02 01:00:00,2026,5
СЗ,2.0,н/о,,н/о,3.6,1.6,87,1.0,1.0,прохладно,1019.8,1015.1,,,,,,2026-05-02 00:00:00,2026-05-02 04:00:00,2026,5
СЗ,1.0,н/о,,н/о,5.9,2.9,81,5.0,5.0,прохладно,1021.6,1016.9,2.2,,,,,2026-05-02 03:00:00,2026-05-02 07:00:00,2026,5
С,4.0,н/о,,н/о,10.2,1.8,56,8.0,8.0,прохладно,1022.1,1017.5,,,,,,2026-05-02 06:00:00,2026-05-02 10:00:00,2026,5
СВ,1.0,н/о,,н/о,13.0,-2.5,34,14.0,14.0,по сезону,1022.2,1017.6,,,,,,2026-05-02 09:00:00,2026-05-02 13:00:00,2026,5
С,3.0,н/о,,н/о,14.3,-4.2,27,14.0,14.0,прохладно,1021.4,1016.8,,,,,,2026-05-02 12:00:00,2026-05-02 16:00:00,2026,5
СЗ,2.0,н/о,,н/о,12.7,-2.4,35,12.0,12.0,по сезону,1021.0,1016.5,,14.4,,,,2026-05-02 15:00:00,2026-05-02 19:00:00,2026,5
СЗ,1.0,н/о,,н/о,4.8,-1.0,66,4.0,4.0,холодно,1021.7,1017.0,,,,,,2026-05-02 18:00:00,2026-05-02 22:00:00,2026,5
З,1.0,н/о,,н/о,2.6,-0.4,81,1.0,1.0,холодно,1022.3,1017.6,,,,,,2026-05-02 21:00:00,2026-05-03 01:00:00,2026,5
штиль,0.0,н/о,,н/о,0.6,-0.6,92,-1.0,-1.0,холодно,1021.6,1016.8,,,,,,2026-05-03 00:00:00,2026-05-03 04:00:00,2026,5
СЗ,1.0,н/о,,н/о,5.6,2.4,80,5.0,5.0,прохладно,1021.2,1016.5,-0.2,,,,,2026-05-03 03:00:00,2026-05-03 07:00:00,2026,5
С,2.0,н/о,,н/о,9.6,1.0,55,8.0,8.0,прохладно,1020.4,1015.7,,,,,,2026-05-03 06:00:00,2026-05-03 10:00:00,2026,5
В,1.0,н/о,,н/о,12.3,-2.3,36,13.0,13.0,по сезону,1019.0,1014.4,,,,,,2026-05-03 09:00:00,2026-05-03 13:00:00,2026,5
В,2.0,н/о,,н/о,13.1,-3.2,32,13.0,13.0,прохладно,1017.4,1012.8,,,,,,2026-05-03 12:00:00,2026-05-03 16:00:00,2026,5
ЮВ,1.0,н/о,,н/о,12.3,-2.0,37,13.0,13.0,по сезону,1016.2,1011.6,,13.3,,,,2026-05-03 15:00:00,2026-05-03 19:00:00,2026,5
штиль,0.0,н/о,,н/о,6.8,-0.7,59,6.0,6.0,прохладно,1016.0,1011.3,,,,,,2026-05-03 18:00:00,2026-05-03 22:00:00,2026,5
штиль,0.0,н/о,,н/о,1.2,0.2,93,-0.0,-0.0,очень  холодно,1015.5,1010.7,,,,,,2026-05-03 21:00:00,2026-05-04 01:00:00,2026,5
ЮВ,1.0,н/о,,н/о,-0.2,-0.5,98,-2.0,-2.0,холодно,1014.8,1010.0,,,,,,2026-05-04 00:00:00,2026-05-04 04:00:00,2026,5
СЗ,1.0,н/о,,н/о,5.1,2.7,84,4.0,4.0,холодно,1014.8,1010.1,-0.8,,,,,2026-05-04 03:00:00,2026-05-04 07:00:00,2026,5
С,1.0,н/о,,н/о,14.1,1.6,43,15.0,15.0,тепло,1014.0,1009.4,,,,,,2026-05-04 06:00:00,2026-05-04 10:00:00,2026,5
З,2.0,н/о,,н/о,18.6,-2.4,24,19.0,19.0,тепло,1012.9,1008.4,,,,,,2026-05-04 09:00:00,2026-05-04 13:00:00,2026,5
СЗ,3.0,н/о,,н/о,20.4,-0.6,24,21.0,21.0,комфорт,1011.5,1007.0,,,,,,2026-05-04 12:00:00,2026-05-04 16:00:00,2026,5
С,1.0,н/о,,н/о,18.9,1.8,32,20.0,20.0,тепло,1011.1,1006.6,,20.7,,,,2026-05-04 15:00:00,2026-05-04 19:00:00,2026,5
ЮВ,1.0,н/о,,н/о,10.2,4.0,65,10.0,10.0,по сезону,1012.1,1007.5,,,,,,2026-05-04 18:00:00,2026-05-04 22:00:00,2026,5
ЮВ,1.0,н/о,,н/о,6.2,3.6,83,5.0,5.0,прохладно,1012.6,1007.9,,,,,,2026-05-04 21:00:00,2026-05-05 01:00:00,2026,5
штиль,0.0,н/о,,н/о,4.0,2.9,93,3.0,3.0,прохладно,1013.0,1008.3,,,,,,2026-05-05 00:00:00,2026-05-05 04:00:00,2026,5
штиль,0.0,н/о,,н/о,11.2,7.1,76,11.0,11.0,по сезону,1013.4,1008.8,3.5,,,,,2026-05-05 03:00:00,2026-05-05 07:00:00,2026,5
С,2.0,н/о,,н/о,19.0,4.6,39,20.0,20.0,тепло,1013.4,1008.9,,,,,,2026-05-05 06:00:00,2026-05-05 10:00:00,2026,5
Ю,1.0,н/о,,н/о,24.5,0.7,21,23.0,23.0,комфорт,1012.8,1008.5,,,,,,2026-05-05 09:00:00,2026-05-05 13:00:00,2026,5
С,2.0,н/о,,н/о,24.9,1.8,22,24.0,24.0,комфорт,1011.7,1007.3,,,,,,2026-05-05 12:00:00,2026-05-05 16:00:00,2026,5
С,1.0,н/о,,н/о,22.5,5.3,33,23.0,23.0,комфорт,1011.5,1007.1,,24.9,,,,2026-05-05 15:00:00,2026-05-05 19:00:00,2026,5
Ю,2.0,н/о,,н/о,14.1,6.3,59,14.0,14.0,тепло,1012.2,1007.7,,,,,,2026-05-05 18:00:00,2026-05-05 22:00:00,2026,5
ЮВ,1.0,н/о,,н/о,10.5,7.1,79,10.0,10.0,по сезону,1012.3,1007.7,,,,,,2026-05-05 21:00:00,2026-05-06 01:00:00,2026,5
штиль,0.0,н/о,,н/о,6.7,5.9,95,6.0,6.0,по сезону,1012.1,1007.5,,,,,,2026-05-06 00:00:00,2026-05-06 04:00:00,2026,5
штиль,0.0,н/о,,н/о,13.9,8.7,71,14.0,14.0,тепло,1011.8,1007.3,6.1,,,,,2026-05-06 03:00:00,2026-05-06 07:00:00,2026,5
С,2.0,н/о,,н/о,21.3,8.4,44,22.0,22.0,комфорт,1011.8,1007.4,,,,,,2026-05-06 06:00:00,2026-05-06 10:00:00,2026,5
С,2.0,н/о,,н/о,25.4,3.2,24,24.0,24.0,комфорт,1010.7,1006.3,,,,,,2026-05-06 09:00:00,2026-05-06 13:00:00,2026,5
С,1.0,н/о,,н/о,26.8,1.9,20,25.0,25.0,комфорт,1009.1,1004.8,,,,,,2026-05-06 12:00:00,2026-05-06 16:00:00,2026,5
СВ,1.0,н/о,,н/о,24.8,5.4,29,24.0,24.0,комфорт,1008.2,1003.9,,27.0,,,,2026-05-06 15:00:00,2026-05-06 19:00:00,2026,5
Ю,1.0,н/о,,н/о,14.3,9.0,70,15.0,15.0,тепло,1009.4,1004.9,,,,,,2026-05-06 18:00:00,2026-05-06 22:00:00,2026,5
штиль,0.0,н/о,,н/о,10.0,7.9,87,9.0,9.0,по сезону,1009.2,1004.6,,,,,,2026-05-06 21:00:00,2026-05-07 01:00:00,2026,5
ЮВ,1.0,н/о,,н/о,8.7,7.9,95,8.0,8.0,тепло,1009.5,1004.9,,,,,,2026-05-07 00:00:00,2026-05-07 04:00:00,2026,5
ЮВ,1.0,н/о,,н/о,12.9,9.4,79,13.0,13.0,тепло,1010.1,1005.6,7.9,,,,,2026-05-07 03:00:00,2026-05-07 07:00:00,2026,5
С,2.0,н/о,,н/о,22.0,11.0,50,24.0,24.0,комфорт,1010.2,1005.8,,,,,,2026-05-07 06:00:00,2026-05-07 10:00:00,2026,5
С,2.0,н/о,,н/о,26.3,6.4,28,26.0,26.0,жарко,1010.1,1005.7,,,,,,2026-05-07 09:00:00,2026-05-07 13:00:00,2026,5
С,4.0,н/о,,н/о,27.9,6.4,26,27.0,27.0,жарко,1008.7,1004.4,,,,,,2026-05-07 12:00:00,2026-05-07 16:00:00,2026,5
В,,н/о,,н/о,25.6,6.7,30,25.0,25.0,комфорт,1009.8,1005.4,,28.1,,,,2026-05-07 15:00:00,2026-05-07 19:00:00,2026,5
ЮВ,1.0,н/о,,н/о,17.8,10.0,60,19.0,19.0,тепло,1010.9,1006.5,,,,,,2026-05-07 18:00:00,2026-05-07 22:00:00,2026,5
СЗ,1.0,н/о,,н/о,14.1,8.5,69,15.0,15.0,тепло,1010.9,1006.4,,,,,,2026-05-07 21:00:00,2026-05-08 01:00:00,2026,5
СЗ,1.0,н/о,,н/о,12.4,9.1,80,12.0,12.0,тепло,1011.3,1006.8,,,,,,2026-05-08 00:00:00,2026-05-08 04:00:00,2026,5
СЗ,1.0,н/о,,н/о,16.5,10.6,68,17.0,17.0,тепло,1011.9,1007.4,11.0,,,,,2026-05-08 03:00:00,2026-05-08 07:00:00,2026,5
С,3.0,н/о,,н/о,21.8,9.2,45,23.0,23.0,комфорт,1011.9,1007.5,,,,,,2026-05-08 06:00:00,2026-05-08 10:00:00,2026,5
С,2.0,н/о,,н/о,25.7,7.7,32,26.0,26.0,жарко,1011.0,1006.6,,,,,,2026-05-08 09:00:00,2026-05-08 13:00:00,2026,5
С,2.0,н/о,,н/о,27.8,2.8,20,26.0,26.0,жарко,1009.8,1005.5,,,,,,2026-05-08 12:00:00,2026-05-08 16:00:00,2026,5
штиль,0.0,н/о,,н/о,27.1,4.1,23,26.0,26.0,жарко,1008.5,1004.2,,28.1,,,,2026-05-08 15:00:00,2026-05-08 19:00:00,2026,5
штиль,0.0,н/о,,н/о,16.9,8.7,58,17.0,17.0,тепло,1009.0,1004.5,,,,,,2026-05-08 18:00:00,2026-05-08 22:00:00,2026,5
СЗ,2.0,н/о,,н/о,16.9,10.1,64,17.0,17.0,тепло,1009.7,1005.3,,,,,,2026-05-08 21:00:00,2026-05-09 01:00:00,2026,5
СЗ,2.0,н/о,,н/о,15.7,10.7,72,16.0,16.0,тепло,1011.5,1007.0,,,,,,2026-05-09 00:00:00,2026-05-09 04:00:00,2026,5
СЗ,4.0,н/о,,н/о,15.6,10.0,69,15.0,15.0,тепло,1013.1,1008.6,14.2,,,,,2026-05-09 03:00:00,2026-05-09 07:00:00,2026,5
С,,н/о,,н/о,14.6,8.2,65,13.0,13.0,тепло,1015.4,1010.9,,,,,,2026-05-09 06:00:00,2026-05-09 10:00:00,2026,5
С,,н/о,,н/о,16.4,0.9,35,16.0,16.0,тепло,1017.0,1012.5,,,,,,2026-05-09 09:00:00,2026-05-09 13:00:00,2026,5
С,,н/о,,н/о,16.7,-3.1,26,16.0,16.0,тепло,1017.9,1013.4,,,,,,2026-05-09 12:00:00,2026-05-09 16:00:00,2026,5
СВ,,н/о,,н/о,14.5,-3.3,29,13.0,13.0,тепло,1018.5,1013.9,,17.2,,,,2026-05-09 15:00:00,2026-05-09 19:00:00,2026,5
С,1.0,н/о,,н/о,9.6,-0.7,49,10.0,10.0,тепло,1020.9,1016.3,,,,,,2026-05-09 18:00:00,2026-05-09 22:00:00,2026,5
СЗ,1.0,н/о,,н/о,5.5,1.9,78,4.0,4.0,по сезону,1022.5,1017.8,,,,,,2026-05-09 21:00:00,2026-05-10 01:00:00,2026,5
З,1.0,н/о,,н/о,2.4,0.7,89,1.0,1.0,холодно,1023.4,1018.6,,,,,,2026-05-10 00:00:00,2026-05-10 04:00:00,2026,5
С,2.0,н/о,,н/о,8.4,2.4,66,7.0,7.0,прохладно,1024.8,1020.1,1.8,,,,,2026-05-10 03:00:00,2026-05-10 07:00:00,2026,5
СВ,2.0,н/о,,н/о,13.5,-4.5,28,13.0,13.0,прохладно,1025.4,1020.8,,,,,,2026-05-10 06:00:00,2026-05-10 10:00:00,2026,5
СЗ,2.0,н/о,,н/о,14.7,-5.0,25,15.0,15.0,прохладно,1024.7,1020.2,,,,,,2026-05-10 09:00:00,2026-05-10 13:00:00,2026,5
СВ,2.0,н/о,,н/о,15.0,-3.7,27,15.0,15.0,холодно,1024.6,1020.1,,,,,,2026-05-10 12:00:00,2026-05-10 16:00:00,2026,5
С,1.0,н/о,,н/о,13.7,0.4,40,14.0,14.0,прохладно,1024.3,1019.7,,15.1,,,,2026-05-10 15:00:00,2026-05-10 19:00:00,2026,5
СВ,1.0,н/о,,н/о,7.0,2.6,74,6.0,6.0,холодно,1025.2,1020.5,,,,,,2026-05-10 18:00:00,2026-05-10 22:00:00,2026,5
ЮВ,2.0,н/о,,н/о,9.2,-3.8,40,8.0,8.0,по сезону,1025.8,1021.1,,,,,,2026-05-10 21:00:00,2026-05-11 01:00:00,2026,5
Ю,1.0,н/о,,н/о,3.5,-2.6,64,2.0,2.0,прохладно,1026.8,1022.1,,,,,,2026-05-11 00:00:00,2026-05-11 04:00:00,2026,5
ЮВ,2.0,н/о,,н/о,7.8,-4.1,43,6.0,6.0,прохладно,1027.5,1022.8,3.0,,,,,2026-05-11 03:00:00,2026-05-11 07:00:00,2026,5
Ю,3.0,н/о,,н/о,13.4,-4.4,29,13.0,13.0,по сезону,1027.0,1022.4,,,,,,2026-05-11 06:00:00,2026-05-11 10:00:00,2026,5
Ю,4.0,н/о,,н/о,13.0,4.1,55,11.0,11.0,холодно,1025.4,1020.8,,,,,,2026-05-11 12:00:00,2026-05-11 16:00:00,2026,5
ЮВ,3.0,н/о,,н/о,9.8,7.8,87,8.0,8.0,холодно,1023.8,1019.1,,15.7,,,,2026-05-11 15:00:00,2026-05-11 19:00:00,2026,5
ЮВ,2.0,н/о,,н/о,11.1,7.1,76,10.0,10.0,по сезону,1021.5,1016.9,,,,,,2026-05-11 18:00:00,2026-05-11 22:00:00,2026,5
В,1.0,н/о,,н/о,11.2,7.9,80,11.0,11.0,тепло,1020.1,1015.5,,,,,,2026-05-11 21:00:00,2026-05-12 01:00:00,2026,5
штиль,0.0,н/о,,н/о,8.0,5.9,87,7.0,7.0,по сезону,1018.4,1013.7,,,,,,2026-05-12 00:00:00,2026-05-12 04:00:00,2026,5
штиль,0.0,н/о,,н/о,12.1,10.8,92,11.0,11.0,по сезону,1018.1,1013.5,7.9,,0.8,,,2026-05-12 03:00:00,2026-05-12 07:00:00,2026,5
Ю,3.0,н/о,,н/о,18.2,9.4,56,19.0,19.0,тепло,1016.6,1012.1,,,,,,2026-05-12 06:00:00,2026-05-12 10:00:00,2026,5
ЮЗ,3.0,н/о,,н/о,22.5,11.2,49,25.0,25.0,комфорт,1016.1,1011.7,,,,,,2026-05-12 09:00:00,2026-05-12 13:00:00,2026,5
ЮВ,,н/о,,н/о,20.7,12.9,61,24.0,24.0,комфорт,1015.5,1011.1,,,,,,2026-05-12 12:00:00,2026-05-12 16:00:00,2026,5
ЮВ,1.0,н/о,,н/о,20.9,13.3,62,25.0,25.0,комфорт,1014.1,1009.6,,22.6,,,,2026-05-12 15:00:00,2026-05-12 19:00:00,2026,5
З,2.0,н/о,,н/о,18.1,12.8,71,19.0,19.0,тепло,1015.4,1011.0,,,,,,2026-05-12 18:00:00,2026-05-12 22:00:00,2026,5
Ю,1.0,н/о,,н/о,12.7,11.9,95,13.0,13.0,тепло,1015.0,1010.4,,,,,,2026-05-12 21:00:00,2026-05-13 01:00:00,2026,5
ЮВ,2.0,н/о,,н/о,12.5,7.7,73,12.0,12.0,тепло,1013.6,1009.0,,,,,,2026-05-13 00:00:00,2026-05-13 04:00:00,2026,5
ЮВ,3.0,н/о,,н/о,15.0,2.3,42,14.0,14.0,тепло,1013.6,1009.1,11.1,,,,,2026-05-13 03:00:00,2026-05-13 07:00:00,2026,5
Ю,2.0,н/о,,н/о,19.7,0.3,27,20.0,20.0,тепло,1013.3,1008.8,,,,,,2026-05-13 06:00:00,2026-05-13 10:00:00,2026,5
Ю,,н/о,,н/о,25.9,-3.4,14,24.0,24.0,комфорт,1011.9,1007.5,,,,,,2026-05-13 09:00:00,2026-05-13 13:00:00,2026,5
Ю,,н/о,,н/о,26.3,-4.0,13,24.0,24.0,комфорт,1010.8,1006.5,,,,,,2026-05-13 12:00:00,2026-05-13 16:00:00,2026,5
Ю,,н/о,,н/о,23.9,-2.4,17,22.0,22.0,комфорт,1011.0,1006.6,,26.9,,,,2026-05-13 15:00:00,2026-05-13 19:00:00,2026,5
Ю,1.0,н/о,,н/о,17.0,4.5,43,18.0,18.0,тепло,1011.3,1006.8,,,,,,2026-05-13 18:00:00,2026-05-13 22:00:00,2026,5
ЮВ,1.0,н/о,,н/о,13.9,11.7,87,14.0,14.0,тепло,1010.3,1005.8,,,,,,2026-05-13 21:00:00,2026-05-14 01:00:00,2026,5
ЮВ,2.0,н/о,,н/о,16.0,4.0,45,16.0,16.0,тепло,1010.0,1005.5,,,,,,2026-05-14 00:00:00,2026-05-14 04:00:00,2026,5
В,2.0,н/о,,н/о,15.9,0.3,35,16.0,16.0,тепло,1010.3,1005.8,13.6,,0.5,,,2026-05-14 03:00:00,2026-05-14 07:00:00,2026,5
ЮВ,,н/о,,н/о,22.8,-0.8,21,22.0,22.0,комфорт,1009.8,1005.4,,,,,,2026-05-14 06:00:00,2026-05-14 10:00:00,2026,5
ЮВ,,н/о,,н/о,27.6,-2.8,13,25.0,25.0,комфорт,1009.1,1004.8,,,,,,2026-05-14 09:00:00,2026-05-14 13:00:00,2026,5
ЮВ,,н/о,,н/о,27.2,-3.2,13,24.0,24.0,комфорт,1009.0,1004.7,,,,,,2026-05-14 12:00:00,2026-05-14 16:00:00,2026,5
штиль,0.0,н/о,,н/о,20.4,10.0,51,22.0,22.0,комфорт,1008.4,1004.0,,28.8,,,,2026-05-14 15:00:00,2026-05-14 19:00:00,2026,5
Ю,1.0,н/о,,н/о,17.1,5.8,47,18.0,18.0,тепло,1008.5,1004.0,,,,,,2026-05-14 18:00:00,2026-05-14 22:00:00,2026,5
Ю,2.0,н/о,,н/о,20.8,1.2,27,22.0,22.0,комфорт,1007.6,1003.2,,,,,,2026-05-14 21:00:00,2026-05-15 01:00:00,2026,5
ЮВ,3.0,н/о,,н/о,19.9,1.7,30,20.0,20.0,тепло,1008.1,1003.7,,,,,,2026-05-15 00:00:00,2026-05-15 04:00:00,2026,5
В,2.0,н/о,,н/о,19.5,5.0,38,21.0,21.0,комфорт,1008.6,1004.2,15.7,,,,,2026-05-15 03:00:00,2026-05-15 07:00:00,2026,5
В,4.0,н/о,,н/о,24.2,5.8,31,24.0,24.0,комфорт,1008.5,1004.1,,,,,,2026-05-15 06:00:00,2026-05-15 10:00:00,2026,5
ЮВ,4.0,н/о,,н/о,28.9,2.2,18,27.0,27.0,жарко,1007.9,1003.6,,,,,,2026-05-15 09:00:00,2026-05-15 13:00:00,2026,5
ЮВ,,н/о,,н/о,30.4,-1.7,12,27.0,27.0,жарко,1006.8,1002.5,,,,,,2026-05-15 12:00:00,2026-05-15 16:00:00,2026,5
ЮВ,,н/о,,н/о,26.7,0.1,18,25.0,25.0,комфорт,1007.4,1003.1,,30.6,,,,2026-05-15 15:00:00,2026-05-15 19:00:00,2026,5
В,2.0,н/о,,н/о,24.4,0.7,21,23.0,23.0,комфорт,1007.8,1003.4,,,,,,2026-05-15 18:00:00,2026-05-15 22:00:00,2026,5
ЮВ,1.0,н/о,,н/о,20.0,4.8,37,22.0,22.0,комфорт,1008.1,1003.7,,,,,,2026-05-15 21:00:00,2026-05-16 01:00:00,2026,5
В,2.0,н/о,,н/о,19.2,5.5,41,20.0,20.0,тепло,1008.0,1003.6,,,,,,2026-05-16 00:00:00,2026-05-16 04:00:00,2026,5
В,1.0,н/о,,н/о,19.1,6.5,44,21.0,21.0,комфорт,1008.7,1004.3,17.5,,,,,2026-05-16 03:00:00,2026-05-16 07:00:00,2026,5
В,1.0,н/о,,н/о,21.7,7.8,41,23.0,23.0,комфорт,1009.7,1005.4,,,,,,2026-05-16 06:00:00,2026-05-16 10:00:00,2026,5
В,3.0,н/о,,н/о,27.9,6.8,26,27.0,27.0,жарко,1009.3,1005.0,,,,,,2026-05-16 09:00:00,2026-05-16 13:00:00,2026,5
ЮВ,,н/о,,н/о,31.3,-2.1,11,28.0,28.0,жарко,1009.5,1005.2,,,,,,2026-05-16 12:00:00,2026-05-16 16:00:00,2026,5
ЮВ,,н/о,,н/о,28.9,-0.9,14,26.0,26.0,жарко,1010.0,1005.7,,31.4,,,,2026-05-16 15:00:00,2026-05-16 19:00:00,2026,5
СВ,1.0,н/о,,н/о,17.3,7.7,53,18.0,18.0,тепло,1011.9,1007.4,,,,,,2026-05-16 18:00:00,2026-05-16 22:00:00,2026,5
ЮВ,1.0,н/о,,н/о,13.7,6.6,62,14.0,14.0,тепло,1013.0,1008.5,,,,,,2026-05-16 21:00:00,2026-05-17 01:00:00,2026,5
ЮВ,1.0,н/о,,н/о,10.8,6.0,72,11.0,11.0,тепло,1014.1,1009.6,,,,,,2026-05-17 00:00:00,2026-05-17 04:00:00,2026,5
В,1.0,н/о,,н/о,17.8,7.8,52,19.0,19.0,тепло,1015.2,1010.8,9.9,,,,,2026-05-17 03:00:00,2026-05-17 07:00:00,2026,5
В,3.0,н/о,,н/о,24.9,2.4,23,24.0,24.0,комфорт,1015.7,1011.3,,,,,,2026-05-17 06:00:00,2026-05-17 10:00:00,2026,5
ЮВ,4.0,н/о,,н/о,28.7,-2.3,13,26.0,26.0,жарко,1015.2,1010.9,,,,,,2026-05-17 09:00:00,2026-05-17 13:00:00,2026,5
В,,н/о,,н/о,29.7,-0.5,14,27.0,27.0,жарко,1014.3,1010.0,,,,,,2026-05-17 12:00:00,2026-05-17 16:00:00,2026,5
В,3.0,н/о,,н/о,27.7,-0.6,16,25.0,25.0,комфорт,1013.9,1009.6,,29.9,,,,2026-05-17 15:00:00,2026-05-17 19:00:00,2026,5
Ю,1.0,н/о,,н/о,15.7,6.1,53,17.0,17.0,тепло,1014.5,1010.0,,,,,,2026-05-17 18:00:00,2026-05-17 22:00:00,2026,5
штиль,0.0,н/о,,н/о,12.3,7.7,73,12.0,12.0,тепло,1014.9,1010.3,,,,,,2026-05-17 21:00:00,2026-05-18 01:00:00,2026,5
СВ,1.0,н/о,,н/о,13.5,6.2,61,14.0,14.0,тепло,1014.5,1010.0,,,,,,2026-05-18 00:00:00,2026-05-18 04:00:00,2026,5
В,2.0,н/о,,н/о,18.0,5.3,43,19.0,19.0,тепло,1014.8,1010.3,12.0,,,,,2026-05-18 03:00:00,2026-05-18 07:00:00,2026,5
СВ,4.0,н/о,,н/о,24.2,6.6,32,24.0,24.0,комфорт,1014.1,1009.8,,,,,,2026-05-18 06:00:00,2026-05-18 10:00:00,2026,5
В,4.0,н/о,,н/о,30.3,0.2,14,27.0,27.0,жарко,1013.2,1008.9,,,,,,2026-05-18 09:00:00,2026-05-18 13:00:00,2026,5
СВ,,н/о,,н/о,29.5,1.8,17,27.0,27.0,жарко,1012.6,1008.3,,,,,,2026-05-18 12:00:00,2026-05-18 16:00:00,2026,5
СВ,3.0,н/о,,н/о,28.6,3.9,21,27.0,27.0,жарко,1011.9,1007.6,,31.0,,,,2026-05-18 15:00:00,2026-05-18 19:00:00,2026,5
В,1.0,н/о,,н/о,23.0,5.3,32,23.0,23.0,комфорт,1013.0,1008.6,,,,,,2026-05-18 18:00:00,2026-05-18 22:00:00,2026,5
Ю,1.0,н/о,,н/о,15.0,8.0,63,16.0,16.0,тепло,1013.4,1008.9,,,,,,2026-05-18 21:00:00,2026-05-19 01:00:00,2026,5
СЗ,1.0,н/о,,н/о,15.8,7.2,57,17.0,17.0,тепло,1014.1,1009.6,,,,,,2026-05-19 00:00:00,2026-05-19 04:00:00,2026,5
штиль,0.0,н/о,,н/о,19.6,8.7,49,20.0,20.0,тепло,1015.2,1010.8,13.0,,,,,2026-05-19 03:00:00,2026-05-19 07:00:00,2026,5
СВ,3.0,н/о,,н/о,25.4,9.0,35,26.0,26.0,жарко,1015.4,1011.0,,,,,,2026-05-19 06:00:00,2026-05-19 10:00:00,2026,5
В,,н/о,,н/о,29.8,3.3,18,28.0,28.0,жарко,1015.4,1011.1,,,,,,2026-05-19 09:00:00,2026-05-19 13:00:00,2026,5
В,,н/о,,н/о,29.7,0.3,15,27.0,27.0,жарко,1015.1,1010.8,,,,,,2026-05-19 12:00:00,2026-05-19 16:00:00,2026,5
В,3.0,н/о,,н/о,28.8,1.7,17,27.0,27.0,жарко,1015.0,1010.7,,30.4,,,,2026-05-19 15:00:00,2026-05-19 19:00:00,2026,5
штиль,0.0,н/о,,н/о,17.0,8.6,58,17.0,17.0,тепло,1016.5,1012.0,,,,,,2026-05-19 18:00:00,2026-05-19 22:00:00,2026,5
штиль,0.0,н/о,,н/о,12.9,9.7,81,12.0,12.0,тепло,1017.2,1012.6,,,,,,2026-05-19 21:00:00,2026-05-20 01:00:00,2026,5
Ю,2.0,н/о,,н/о,11.8,10.3,91,11.0,11.0,тепло,1017.5,1012.9,,,,,,2026-05-20 00:00:00,2026-05-20 04:00:00,2026,5
СЗ,1.0,н/о,,н/о,17.8,12.8,73,19.0,19.0,тепло,1017.8,1013.3,10.3,,,,,2026-05-20 03:00:00,2026-05-20 07:00:00,2026,5
СВ,1.0,н/о,,н/о,26.4,8.2,32,26.0,26.0,жарко,1017.7,1013.3,,,,,,2026-05-20 06:00:00,2026-05-20 10:00:00,2026,5
СВ,3.0,н/о,,н/о,30.4,4.8,20,29.0,29.0,жарко,1016.7,1012.4,,,,,,2026-05-20 09:00:00,2026-05-20 13:00:00,2026,5
СВ,4.0,н/о,,н/о,31.8,5.9,20,30.0,30.0,жарко,1015.6,1011.3,,,,,,2026-05-20 12:00:00,2026-05-20 16:00:00,2026,5
СЗ,1.0,н/о,,н/о,24.3,14.1,53,27.0,27.0,жарко,1015.0,1010.6,,31.9,,,,2026-05-20 15:00:00,2026-05-20 19:00:00,2026,5
СЗ,1.0,н/о,,н/о,20.8,11.7,56,24.0,24.0,комфорт,1016.0,1011.5,,,,,,2026-05-20 18:00:00,2026-05-20 22:00:00,2026,5
СВ,3.0,н/о,,н/о,22.0,11.5,51,24.0,24.0,комфорт,1017.2,1012.8,,,,,,2026-05-20 21:00:00,2026-05-21 01:00:00,2026,5
С,2.0,н/о,,н/о,16.3,8.0,58,16.0,16.0,тепло,1017.8,1013.3,,,,,,2026-05-21 00:00:00,2026-05-21 04:00:00,2026,5
С,3.0,н/о,,н/о,17.7,4.8,42,18.0,18.0,тепло,1019.0,1014.5,14.7,,,,,2026-05-21 03:00:00,2026-05-21 07:00:00,2026,5
СВ,4.0,н/о,,н/о,22.2,10.0,46,24.0,24.0,комфорт,1019.6,1015.2,,,,,,2026-05-21 06:00:00,2026-05-21 10:00:00,2026,5
СВ,4.0,н/о,,н/о,25.5,10.7,39,26.0,26.0,жарко,1019.5,1015.1,,,,,,2026-05-21 09:00:00,2026-05-21 13:00:00,2026,5
СВ,4.0,н/о,,н/о,26.3,6.5,28,26.0,26.0,жарко,1019.8,1015.4,,,,,,2026-05-21 12:00:00,2026-05-21 16:00:00,2026,5
СВ,3.0,н/о,,н/о,25.3,5.2,27,25.0,25.0,комфорт,1020.1,1015.7,,27.0,,,,2026-05-21 15:00:00,2026-05-21 19:00:00,2026,5
СВ,1.0,н/о,,н/о,18.6,7.6,49,20.0,20.0,тепло,1021.5,1017.0,,,,,,2026-05-21 18:00:00,2026-05-21 22:00:00,2026,5
Ю,1.0,н/о,,н/о,13.4,8.6,73,14.0,14.0,тепло,1022.9,1018.3,,,,,,2026-05-21 21:00:00,2026-05-22 01:00:00,2026,5
штиль,0.0,н/о,,н/о,11.4,6.7,73,11.0,11.0,тепло,1024.2,1019.6,,,,,,2026-05-22 00:00:00,2026-05-22 04:00:00,2026,5
ЮВ,1.0,н/о,,н/о,17.4,9.1,58,18.0,18.0,тепло,1025.8,1021.3,9.2,,,,,2026-05-22 03:00:00,2026-05-22 07:00:00,2026,5
Ю,2.0,н/о,,н/о,23.1,3.8,28,23.0,23.0,комфорт,1025.8,1021.3,,,,,,2026-05-22 06:00:00,2026-05-22 10:00:00,2026,5
С,2.0,н/о,,н/о,25.4,3.1,24,24.0,24.0,комфорт,1025.1,1020.6,,,,,,2026-05-22 09:00:00,2026-05-22 13:00:00,2026,5
С,2.0,н/о,,н/о,26.1,4.1,24,25.0,25.0,комфорт,1024.3,1019.9,,,,,,2026-05-22 12:00:00,2026-05-22 16:00:00,2026,5
СЗ,1.0,н/о,,н/о,25.4,4.6,26,25.0,25.0,комфорт,1023.6,1019.2,,26.7,,,,2026-05-22 15:00:00,2026-05-22 19:00:00,2026,5
Ю,2.0,н/о,,н/о,19.8,-0.7,25,20.0,20.0,тепло,1023.7,1019.2,,,,,,2026-05-22 18:00:00,2026-05-22 22:00:00,2026,5
Ю,2.0,н/о,,н/о,16.2,-1.9,29,16.0,16.0,тепло,1023.9,1019.4,,,,,,2026-05-22 21:00:00,2026-05-23 01:00:00,2026,5
штиль,0.0,н/о,,н/о,9.0,4.1,71,8.0,8.0,по сезону,1024.3,1019.6,,,,,,2026-05-23 00:00:00,2026-05-23 04:00:00,2026,5
ЮВ,1.0,н/о,,н/о,16.5,3.5,42,17.0,17.0,тепло,1024.1,1019.6,8.2,,,,,2026-05-23 03:00:00,2026-05-23 07:00:00,2026,5
З,2.0,н/о,,н/о,24.0,-0.6,20,23.0,23.0,комфорт,1023.6,1019.2,,,,,,2026-05-23 06:00:00,2026-05-23 10:00:00,2026,5
З,2.0,н/о,,н/о,26.3,-3.0,14,24.0,24.0,комфорт,1022.4,1018.0,,,,,,2026-05-23 09:00:00,2026-05-23 13:00:00,2026,5
З,2.0,н/о,,н/о,27.1,-1.5,15,25.0,25.0,комфорт,1020.9,1016.6,,,,,,2026-05-23 12:00:00,2026-05-23 16:00:00,2026,5
С,1.0,н/о,,н/о,25.2,5.5,28,25.0,25.0,комфорт,1019.5,1015.1,,27.8,,,,2026-05-23 15:00:00,2026-05-23 19:00:00,2026,5
Ю,1.0,н/о,,н/о,14.7,7.7,63,15.0,15.0,по сезону,1019.7,1015.1,,,,,,2026-05-23 18:00:00,2026-05-23 22:00:00,2026,5
ЮВ,2.0,н/о,,н/о,14.1,4.1,51,14.0,14.0,тепло,1018.9,1014.4,,,,,,2026-05-23 21:00:00,2026-05-24 01:00:00,2026,5
СЗ,1.0,н/о,,н/о,11.1,7.8,80,11.0,11.0,тепло,1019.1,1014.5,,,,,,2026-05-24 00:00:00,2026-05-24 04:00:00,2026,5
штиль,0.0,н/о,,н/о,17.8,8.7,55,18.0,18.0,тепло,1019.3,1014.8,8.5,,,,,2026-05-24 03:00:00,2026-05-24 07:00:00,2026,5
З,2.0,н/о,,н/о,25.6,1.3,20,24.0,24.0,комфорт,1018.4,1014.0,,,,,,2026-05-24 06:00:00,2026-05-24 10:00:00,2026,5
ЮЗ,2.0,н/о,,н/о,28.8,-2.3,13,26.0,26.0,жарко,1017.3,1013.0,,,,,,2026-05-24 09:00:00,2026-05-24 13:00:00,2026,5
Ю,2.0,н/о,,н/о,29.5,-2.9,12,26.0,26.0,жарко,1015.6,1011.2,,,,,,2026-05-24 12:00:00,2026-05-24 16:00:00,2026,5
Ю,2.0,н/о,,н/о,28.1,-3.4,13,25.0,25.0,комфорт,1014.2,1009.9,,30.3,,,,2026-05-24 15:00:00,2026-05-24 19:00:00,2026,5
Ю,1.0,н/о,,н/о,17.8,2.7,36,19.0,19.0,тепло,1014.1,1009.7,,,,,,2026-05-24 18:00:00,2026-05-24 22:00:00,2026,5
Ю,2.0,н/о,,н/о,17.9,-2.0,26,18.0,18.0,тепло,1013.6,1009.1,,,,,,2026-05-24 21:00:00,2026-05-25 01:00:00,2026,5
ЮВ,1.0,н/о,,н/о,12.9,0.4,42,13.0,13.0,тепло,1013.4,1008.9,,,,,,2026-05-25 00:00:00,2026-05-25 04:00:00,2026,5
штиль,0.0,н/о,,н/о,18.3,5.3,42,18.0,18.0,тепло,1013.2,1008.8,12.2,,,,,2026-05-25 03:00:00,2026-05-25 07:00:00,2026,5
СЗ,2.0,н/о,,н/о,23.4,6.8,34,24.0,24.0,комфорт,1012.6,1008.2,,,,,,2026-05-25 06:00:00,2026-05-25 10:00:00,2026,5
С,3.0,н/о,,н/о,27.0,8.0,30,27.0,27.0,жарко,1011.2,1006.8,,,,,,2026-05-25 09:00:00,2026-05-25 13:00:00,2026,5
СЗ,3.0,н/о,,н/о,28.0,5.0,23,27.0,27.0,жарко,1009.0,1004.7,,,,,,2026-05-25 12:00:00,2026-05-25 16:00:00,2026,5
СВ,1.0,н/о,,н/о,26.8,9.2,33,27.0,27.0,жарко,1007.0,1002.7,,28.4,,,,2026-05-25 15:00:00,2026-05-25 19:00:00,2026,5
ЮВ,1.0,н/о,,н/о,16.8,9.1,60,18.0,18.0,тепло,1006.1,1001.6,,,,,,2026-05-25 18:00:00,2026-05-25 22:00:00,2026,5
Ю,1.0,н/о,,н/о,13.6,9.7,77,14.0,14.0,тепло,1003.9,999.4,,,,,,2026-05-25 21:00:00,2026-05-26 01:00:00,2026,5
ЮВ,2.0,н/о,,н/о,14.6,9.5,71,14.0,14.0,тепло,1001.6,997.1,,,,,,2026-05-26 00:00:00,2026-05-26 04:00:00,2026,5
ЮЗ,1.0,н/о,,н/о,17.0,10.7,66,18.0,18.0,тепло,1000.4,995.9,13.0,,,,,2026-05-26 03:00:00,2026-05-26 07:00:00,2026,5
З,4.0,н/о,,н/о,19.8,11.3,58,21.0,21.0,комфорт,999.4,995.0,,,,,,2026-05-26 06:00:00,2026-05-26 10:00:00,2026,5
Ю,3.0,н/о,,н/о,22.1,10.2,47,24.0,24.0,комфорт,997.7,993.4,,,,,,2026-05-26 09:00:00,2026-05-26 13:00:00,2026,5
ЮЗ,,н/о,,н/о,20.9,12.6,59,24.0,24.0,комфорт,996.2,991.9,,,,,,2026-05-26 12:00:00,2026-05-26 16:00:00,2026,5
З,2.0,н/о,,н/о,14.4,14.4,100,14.0,14.0,по сезону,996.0,991.5,,23.4,2.0,,,2026-05-26 15:00:00,2026-05-26 19:00:00,2026,5
Ю,1.0,н/о,,н/о,13.5,13.4,99,14.0,14.0,по сезону,995.2,990.8,,,,,,2026-05-26 18:00:00,2026-05-26 22:00:00,2026,5
Ю,2.0,н/о,,н/о,12.9,12.4,97,12.0,12.0,по сезону,994.3,989.8,,,,,,2026-05-26 21:00:00,2026-05-27 01:00:00,2026,5
ЮВ,1.0,н/о,,н/о,11.7,11.5,99,11.0,11.0,тепло,992.5,988.0,,,,,,2026-05-27 00:00:00,2026-05-27 04:00:00,2026,5
Ю,2.0,н/о,,н/о,12.4,12.2,99,11.0,11.0,по сезону,992.2,987.8,11.6,,8.0,,,2026-05-27 03:00:00,2026-05-27 07:00:00,2026,5
З,3.0,н/о,,н/о,13.0,11.0,88,12.0,12.0,по сезону,992.1,987.7,,,,,,2026-05-27 06:00:00,2026-05-27 10:00:00,2026,5
З,3.0,н/о,,н/о,11.8,10.4,91,10.0,10.0,холодно,994.3,989.8,,,,,,2026-05-27 09:00:00,2026-05-27 13:00:00,2026,5
СЗ,,н/о,,н/о,13.4,9.4,77,12.0,12.0,прохладно,995.9,991.5,,,,,,2026-05-27 12:00:00,2026-05-27 16:00:00,2026,5
З,2.0,н/о,,н/о,14.0,7.7,66,14.0,14.0,по сезону,996.3,991.9,,15.0,1.0,,,2026-05-27 15:00:00,2026-05-27 19:00:00,2026,5
З,1.0,н/о,,н/о,11.0,8.2,83,11.0,11.0,по сезону,997.5,993.0,,,,,,2026-05-27 18:00:00,2026-05-27 22:00:00,2026,5
ЮЗ,2.0,н/о,,н/о,10.3,7.0,80,9.0,9.0,по сезону,997.6,993.1,,,,,,2026-05-27 21:00:00,2026-05-28 01:00:00,2026,5
штиль,0.0,н/о,,н/о,4.9,4.1,95,4.0,4.0,по сезону,997.4,992.8,,,,,,2026-05-28 00:00:00,2026-05-28 04:00:00,2026,5
Ю,2.0,н/о,,н/о,10.7,7.5,81,9.0,9.0,по сезону,996.8,992.3,4.8,,,,,2026-05-28 03:00:00,2026-05-28 07:00:00,2026,5
Ю,3.0,н/о,,н/о,17.3,8.5,56,17.0,17.0,тепло,995.1,990.7,,,,,,2026-05-28 06:00:00,2026-05-28 10:00:00,2026,5
Ю,,н/о,,н/о,12.0,11.4,96,10.0,10.0,прохладно,995.9,991.4,,,,,,2026-05-28 09:00:00,2026-05-28 13:00:00,2026,5
ЮЗ,2.0,н/о,,н/о,11.0,8.9,87,10.0,10.0,прохладно,996.4,991.9,,,,,,2026-05-28 12:00:00,2026-05-28 16:00:00,2026,5
ЮЗ,,н/о,,н/о,14.2,7.4,64,13.0,13.0,по сезону,997.2,992.7,,17.3,3.0,,,2026-05-28 15:00:00,2026-05-28 19:00:00,2026,5
ЮЗ,,н/о,,н/о,11.7,7.9,77,10.0,10.0,по сезону,999.5,995.0,,,,,,2026-05-28 18:00:00,2026-05-28 22:00:00,2026,5
ЮЗ,,н/о,,н/о,9.8,6.8,82,8.0,8.0,по сезону,1001.3,996.8,,,,,,2026-05-28 21:00:00,2026-05-29 01:00:00,2026,5
ЮЗ,2.0,н/о,,н/о,8.1,6.4,89,6.0,6.0,по сезону,1002.2,997.6,,,,,,2026-05-29 00:00:00,2026-05-29 04:00:00,2026,5
ЮЗ,3.0,н/о,,н/о,10.4,7.0,79,8.0,8.0,по сезону,1003.6,999.1,8.0,,,,,2026-05-29 03:00:00,2026-05-29 07:00:00,2026,5
ЮЗ,,н/о,,н/о,14.2,6.9,61,13.0,13.0,тепло,1005.0,1000.5,,,,,,2026-05-29 06:00:00,2026-05-29 10:00:00,2026,5
ЮЗ,,н/о,,н/о,17.6,2.1,35,17.0,17.0,тепло,1005.7,1001.3,,,,,,2026-05-29 09:00:00,2026-05-29 13:00:00,2026,5
З,,н/о,,н/о,18.6,3.0,35,19.0,19.0,тепло,1005.6,1001.2,,,,,,2026-05-29 12:00:00,2026-05-29 16:00:00,2026,5
СЗ,1.0,н/о,,н/о,18.2,2.0,34,19.0,19.0,тепло,1006.1,1001.7,,19.2,,,,2026-05-29 15:00:00,2026-05-29 19:00:00,2026,5
штиль,0.0,н/о,,н/о,8.9,6.6,85,8.0,8.0,по сезону,1007.1,1002.6,,,,,,2026-05-29 18:00:00,2026-05-29 22:00:00,2026,5
ЮЗ,1.0,н/о,,н/о,6.4,6.1,98,5.0,5.0,по сезону,1007.2,1002.6,,,,,,2026-05-29 21:00:00,2026-05-30 01:00:00,2026,5
ЮВ,1.0,н/о,,н/о,4.7,4.6,99,3.0,3.0,холодно,1007.3,1002.6,,,,,,2026-05-30 00:00:00,2026-05-30 04:00:00,2026,5
С,1.0,н/о,,н/о,12.1,9.5,84,12.0,12.0,по сезону,1007.1,1002.5,3.9,,,,,2026-05-30 03:00:00,2026-05-30 07:00:00,2026,5
В,2.0,н/о,,н/о,18.7,4.9,40,20.0,20.0,тепло,1007.2,1002.8,,,,,,2026-05-30 06:00:00,2026-05-30 10:00:00,2026,5
С,1.0,н/о,,н/о,18.6,3.0,35,20.0,20.0,по сезону,1006.5,1002.1,,,,,,2026-05-30 09:00:00,2026-05-30 13:00:00,2026,5
С,2.0,н/о,,н/о,19.4,2.5,32,20.0,20.0,прохладно,1006.1,1001.7,,,,,,2026-05-30 12:00:00,2026-05-30 16:00:00,2026,5
СВ,1.0,н/о,,н/о,15.7,7.9,60,16.0,16.0,прохладно,1007.1,1002.6,,20.5,,,,2026-05-30 15:00:00,2026-05-30 19:00:00,2026,5
штиль,0.0,н/о,,н/о,11.8,9.3,85,11.0,11.0,холодно,1008.5,1003.9,,,,,,2026-05-30 18:00:00,2026-05-30 22:00:00,2026,5
ЮВ,1.0,н/о,,н/о,12.0,10.3,89,12.0,12.0,по сезону,1007.4,1002.9,,,,,,2026-05-30 21:00:00,2026-05-31 01:00:00,2026,5
ЮВ,1.0,н/о,,н/о,8.8,8.3,97,8.0,8.0,по сезону,1008.2,1003.6,,,,,,2026-05-31 00:00:00,2026-05-31 04:00:00,2026,5
ЮВ,1.0,н/о,,н/о,12.5,10.5,88,12.0,12.0,прохладно,1008.3,1003.8,7.0,,,,,2026-05-31 03:00:00,2026-05-31 07:00:00,2026,5
Ю,1.0,н/о,,н/о,16.4,8.7,60,17.0,17.0,прохладно,1008.6,1004.1,,,,,,2026-05-31 06:00:00,2026-05-31 10:00:00,2026,5
СЗ,3.0,н/о,,н/о,20.7,2.8,31,21.0,21.0,комфорт,1008.9,1004.5,,,,,,2026-05-31 12:00:00,2026-05-31 16:00:00,2026,5
ЮЗ,3.0,н/о,,н/о,19.3,3.5,35,20.0,20.0,по сезону,1009.2,1004.8,,21.0,,,,2026-05-31 15:00:00,2026-05-31 19:00:00,2026,5
Ю,1.0,н/о,,н/о,11.3,8.0,80,11.0,11.0,холодно,1010.1,1005.5,,,,,,2026-05-31 18:00:00,2026-05-31 22:00:00,2026,5
Ю,1.0,н/о,,н/о,8.3,7.5,95,7.0,7.0,холодно,1009.8,1005.2,,,,,,2026-05-31 21:00:00,2026-06-01 01:00:00,2026,5
ЮВ,1.0,н/о,,н/о,7.3,7.1,99,6.0,6.0,прохладно,1009.7,1005.1,,,,,,2026-06-01 00:00:00,2026-06-01 04:00:00,2026,6
СВ,1.0,н/о,,н/о,13.1,10.7,85,13.0,13.0,по сезону,1009.1,1004.6,6.5,,,,,2026-06-01 03:00:00,2026-06-01 07:00:00,2026,6
ЮЗ,1.0,н/о,,н/о,19.2,10.7,58,21.0,21.0,комфорт,1008.6,1004.1,,,,,,2026-06-01 06:00:00,2026-06-01 10:00:00,2026,6
ЮЗ,3.0,н/о,,н/о,19.0,9.2,53,20.0,20.0,по сезону,1007.9,1003.5,,,,,,2026-06-01 09:00:00,2026-06-01 13:00:00,2026,6
штиль,0.0,н/о,,н/о,12.6,12.4,99,12.0,12.0,очень  холодно,1009.5,1005.0,,,,,,2026-06-01 12:00:00,2026-06-01 16:00:00,2026,6
СВ,1.0,н/о,,н/о,13.0,12.7,98,13.0,13.0,холодно,1009.3,1004.8,,20.7,6.0,,,2026-06-01 15:00:00,2026-06-01 19:00:00,2026,6
ЮВ,1.0,н/о,,н/о,11.8,11.8,100,11.0,11.0,прохладно,1009.1,1004.6,,,,,,2026-06-01 18:00:00,2026-06-01 22:00:00,2026,6
штиль,0.0,н/о,,н/о,10.5,10.5,100,10.0,10.0,прохладно,1008.8,1004.2,,,,,,2026-06-01 21:00:00,2026-06-02 01:00:00,2026,6
Ю,1.0,н/о,,н/о,9.2,9.2,100,8.0,8.0,по сезону,1008.8,1004.2,,,,,,2026-06-02 00:00:00,2026-06-02 04:00:00,2026,6
Ю,1.0,н/о,,н/о,12.6,12.6,100,12.0,12.0,прохладно,1009.3,1004.8,8.3,,1.0,,,2026-06-02 03:00:00,2026-06-02 07:00:00,2026,6
СЗ,2.0,н/о,,н/о,15.2,12.2,82,15.0,15.0,прохладно,1009.8,1005.3,,,,,,2026-06-02 06:00:00,2026-06-02 10:00:00,2026,6
С,3.0,н/о,,н/о,18.1,11.5,65,18.0,18.0,прохладно,1009.6,1005.1,,,,,,2026-06-02 09:00:00,2026-06-02 13:00:00,2026,6
З,2.0,н/о,,н/о,19.8,10.4,55,22.0,22.0,комфорт,1009.7,1005.3,,,,,,2026-06-02 12:00:00,2026-06-02 16:00:00,2026,6
СЗ,2.0,н/о,,н/о,18.3,10.5,60,19.0,19.0,по сезону,1010.3,1005.9,,20.2,,,,2026-06-02 15:00:00,2026-06-02 19:00:00,2026,6
СЗ,2.0,н/о,,н/о,14.2,11.4,83,14.0,14.0,по сезону,1011.9,1007.4,,,,,,2026-06-02 18:00:00,2026-06-02 22:00:00,2026,6
З,1.0,н/о,,н/о,10.1,9.7,97,9.0,9.0,прохладно,1012.4,1007.8,,,,,,2026-06-02 21:00:00,2026-06-03 01:00:00,2026,6
СЗ,1.0,н/о,,н/о,9.7,9.7,100,9.0,9.0,по сезону,1013.1,1008.5,,,,,,2026-06-03 00:00:00,2026-06-03 04:00:00,2026,6
С,3.0,н/о,,н/о,13.9,13.0,94,13.0,13.0,по сезону,1013.8,1009.3,9.3,,,,,2026-06-03 03:00:00,2026-06-03 07:00:00,2026,6
С,4.0,н/о,,н/о,17.2,11.6,70,17.0,17.0,по сезону,1014.1,1009.6,,,,,,2026-06-03 06:00:00,2026-06-03 10:00:00,2026,6
С,,н/о,,н/о,18.1,11.1,64,18.0,18.0,прохладно,1014.3,1009.9,,,,,,2026-06-03 09:00:00,2026-06-03 13:00:00,2026,6
С,4.0,н/о,,н/о,18.7,11.5,63,19.0,19.0,прохладно,1014.4,1010.0,,,,,,2026-06-03 12:00:00,2026-06-03 16:00:00,2026,6
С,4.0,н/о,,н/о,18.8,10.7,59,19.0,19.0,по сезону,1014.2,1009.7,,20.0,,,,2026-06-03 15:00:00,2026-06-03 19:00:00,2026,6
СЗ,2.0,н/о,,н/о,13.3,10.7,84,13.0,13.0,прохладно,1015.1,1010.6,,,,,,2026-06-03 18:00:00,2026-06-03 22:00:00,2026,6
СЗ,2.0,н/о,,н/о,12.2,10.5,89,11.0,11.0,по сезону,1015.0,1010.4,,,,,,2026-06-03 21:00:00,2026-06-04 01:00:00,2026,6
З,1.0,н/о,,н/о,8.5,7.8,95,8.0,8.0,по сезону,1014.5,1009.9,,,,,,2026-06-04 00:00:00,2026-06-04 04:00:00,2026,6
С,3.0,н/о,,н/о,13.6,11.2,85,12.0,12.0,прохладно,1015.1,1010.6,8.2,,,,,2026-06-04 03:00:00,2026-06-04 07:00:00,2026,6
С,5.0,н/о,,н/о,18.6,12.7,69,19.0,19.0,по сезону,1014.5,1010.0,,,,,,2026-06-04 06:00:00,2026-06-04 10:00:00,2026,6
С,4.0,н/о,,н/о,21.5,9.7,47,23.0,23.0,комфорт,1013.9,1009.5,,,,,,2026-06-04 09:00:00,2026-06-04 13:00:00,2026,6
С,4.0,н/о,,н/о,23.3,5.8,32,24.0,24.0,комфорт,1013.0,1008.6,,,,,,2026-06-04 12:00:00,2026-06-04 16:00:00,2026,6
С,3.0,н/о,,н/о,22.4,5.8,34,23.0,23.0,комфорт,1012.8,1008.4,,23.4,,,,2026-06-04 15:00:00,2026-06-04 19:00:00,2026,6
З,2.0,н/о,,н/о,13.9,8.9,72,13.0,13.0,прохладно,1013.4,1008.9,,,,,,2026-06-04 18:00:00,2026-06-04 22:00:00,2026,6
штиль,0.0,н/о,,н/о,10.6,9.4,92,10.0,10.0,прохладно,1013.3,1008.7,,,,,,2026-06-04 21:00:00,2026-06-05 01:00:00,2026,6
штиль,0.0,н/о,,н/о,10.1,10.0,99,9.0,9.0,по сезону,1013.3,1008.7,,,,,,2026-06-05 00:00:00,2026-06-05 04:00:00,2026,6
СЗ,2.0,н/о,,н/о,18.6,13.7,73,20.0,20.0,тепло,1013.2,1008.7,9.3,,,,,2026-06-05 03:00:00,2026-06-05 07:00:00,2026,6
СЗ,3.0,н/о,,н/о,22.0,13.1,57,25.0,25.0,комфорт,1013.0,1008.6,,,,,,2026-06-05 06:00:00,2026-06-05 10:00:00,2026,6
С,5.0,н/о,,н/о,22.4,11.5,50,25.0,25.0,комфорт,1012.5,1008.1,,,,,,2026-06-05 09:00:00,2026-06-05 13:00:00,2026,6
З,2.0,н/о,,н/о,18.0,14.0,77,19.0,19.0,прохладно,1013.1,1008.6,,,,,,2026-06-05 12:00:00,2026-06-05 16:00:00,2026,6
СЗ,2.0,н/о,,н/о,18.5,13.5,73,20.0,20.0,по сезону,1013.2,1008.7,,23.8,5.0,,,2026-06-05 15:00:00,2026-06-05 19:00:00,2026,6
СЗ,2.0,н/о,,н/о,15.9,13.3,85,16.0,16.0,по сезону,1013.6,1009.1,,,,,,2026-06-05 18:00:00,2026-06-05 22:00:00,2026,6
СЗ,1.0,н/о,,н/о,13.3,12.0,92,13.0,13.0,по сезону,1013.4,1008.9,,,,,,2026-06-05 21:00:00,2026-06-06 01:00:00,2026,6
С,1.0,н/о,,н/о,12.4,12.2,99,12.0,12.0,тепло,1014.0,1009.4,,,,,,2026-06-06 00:00:00,2026-06-06 04:00:00,2026,6
СЗ,2.0,н/о,,н/о,15.1,14.0,93,15.0,15.0,тепло,1014.4,1009.9,11.3,,,,,2026-06-06 03:00:00,2026-06-06 07:00:00,2026,6
С,3.0,н/о,,н/о,19.1,14.4,74,21.0,21.0,комфорт,1014.2,1009.7,,,,,,2026-06-06 06:00:00,2026-06-06 10:00:00,2026,6
СВ,4.0,н/о,,н/о,21.5,13.5,60,24.0,24.0,комфорт,1013.9,1009.5,,,,,,2026-06-06 09:00:00,2026-06-06 13:00:00,2026,6
С,,н/о,,н/о,21.7,12.4,55,24.0,24.0,комфорт,1014.1,1009.7,,,,,,2026-06-06 12:00:00,2026-06-06 16:00:00,2026,6
С,4.0,н/о,,н/о,18.4,12.6,69,19.0,19.0,тепло,1015.0,1010.5,,22.0,,,,2026-06-06 15:00:00,2026-06-06 19:00:00,2026,6
З,2.0,н/о,,н/о,16.2,14.0,87,16.0,16.0,тепло,1015.4,1010.9,,,,,,2026-06-06 18:00:00,2026-06-06 22:00:00,2026,6
З,1.0,н/о,,н/о,15.6,13.8,89,16.0,16.0,тепло,1014.8,1010.3,,,,,,2026-06-06 21:00:00,2026-06-07 01:00:00,2026,6
СЗ,2.0,н/о,,н/о,14.1,13.6,97,13.0,13.0,тепло,1015.0,1010.5,,,,,,2026-06-07 00:00:00,2026-06-07 04:00:00,2026,6
С,3.0,н/о,,н/о,16.5,14.3,87,16.0,16.0,тепло,1015.8,1011.3,13.8,,,,,2026-06-07 03:00:00,2026-06-07 07:00:00,2026,6
СЗ,4.0,н/о,,н/о,18.7,14.7,78,19.0,19.0,тепло,1015.9,1011.4,,,,,,2026-06-07 06:00:00,2026-06-07 10:00:00,2026,6
С,,н/о,,н/о,22.3,14.2,60,26.0,26.0,жарко,1014.7,1010.3,,,,,,2026-06-07 09:00:00,2026-06-07 13:00:00,2026,6
СЗ,,н/о,,н/о,20.0,13.2,65,22.0,22.0,комфорт,1014.6,1010.1,,,,,,2026-06-07 12:00:00,2026-06-07 16:00:00,2026,6
С,5.0,н/о,,н/о,19.6,13.7,69,21.0,21.0,комфорт,1014.8,1010.4,,22.4,,,,2026-06-07 15:00:00,2026-06-07 19:00:00,2026,6
СЗ,,н/о,,н/о,15.7,14.1,90,16.0,16.0,тепло,1014.6,1010.1,,,,,,2026-06-07 18:00:00,2026-06-07 22:00:00,2026,6
СЗ,1.0,н/о,,н/о,14.3,13.0,92,15.0,15.0,тепло,1013.8,1009.3,,,,,,2026-06-07 21:00:00,2026-06-08 01:00:00,2026,6
штиль,0.0,н/о,,н/о,11.0,10.7,98,10.0,10.0,тепло,1014.0,1009.4,,,,,,2026-06-08 00:00:00,2026-06-08 04:00:00,2026,6
СВ,1.0,н/о,,н/о,16.7,13.2,80,18.0,18.0,тепло,1014.1,1009.6,9.9,,0.3,,,2026-06-08 03:00:00,2026-06-08 07:00:00,2026,6
С,2.0,н/о,,н/о,21.7,14.0,62,25.0,25.0,комфорт,1013.5,1009.1,,,,,,2026-06-08 06:00:00,2026-06-08 10:00:00,2026,6
С,5.0,н/о,,н/о,24.9,7.3,32,25.0,25.0,комфорт,1012.5,1008.1,,,,,,2026-06-08 09:00:00,2026-06-08 13:00:00,2026,6
С,5.0,н/о,,н/о,25.6,5.7,28,25.0,25.0,комфорт,1011.5,1007.1,,,,,,2026-06-08 12:00:00,2026-06-08 16:00:00,2026,6
С,3.0,н/о,,н/о,24.9,8.6,35,25.0,25.0,комфорт,1010.9,1006.5,,26.0,,,,2026-06-08 15:00:00,2026-06-08 19:00:00,2026,6
СЗ,1.0,н/о,,н/о,15.6,11.3,76,16.0,16.0,тепло,1011.4,1006.9,,,,,,2026-06-08 18:00:00,2026-06-08 22:00:00,2026,6
штиль,0.0,н/о,,н/о,13.1,11.1,88,13.0,13.0,тепло,1010.4,1005.9,,,,,,2026-06-08 21:00:00,2026-06-09 01:00:00,2026,6
ЮВ,1.0,н/о,,н/о,12.3,12.1,99,12.0,12.0,тепло,1010.4,1005.9,,,,,,2026-06-09 00:00:00,2026-06-09 04:00:00,2026,6
СЗ,2.0,н/о,,н/о,19.5,14.6,73,22.0,22.0,комфорт,1010.5,1006.1,11.5,,,,,2026-06-09 03:00:00,2026-06-09 07:00:00,2026,6
СЗ,2.0,н/о,,н/о,24.1,16.3,62,28.0,28.0,душно,1009.7,1005.4,,,,,,2026-06-09 06:00:00,2026-06-09 10:00:00,2026,6
СЗ,4.0,н/о,,н/о,26.7,14.7,48,29.0,29.0,жарко,1009.2,1004.9,,,,,,2026-06-09 09:00:00,2026-06-09 13:00:00,2026,6
С,3.0,н/о,,н/о,26.5,12.7,42,28.0,28.0,жарко,1008.6,1004.2,,,,,,2026-06-09 12:00:00,2026-06-09 16:00:00,2026,6
С,,н/о,,н/о,23.3,12.2,50,26.0,26.0,жарко,1009.1,1004.7,,27.2,,,,2026-06-09 15:00:00,2026-06-09 19:00:00,2026,6
СЗ,1.0,н/о,,н/о,18.4,13.5,73,20.0,20.0,тепло,1009.9,1005.4,,,,,,2026-06-09 18:00:00,2026-06-09 22:00:00,2026,6
штиль,0.0,н/о,,н/о,14.7,13.6,93,14.0,14.0,тепло,1009.9,1005.4,,,,,,2026-06-09 21:00:00,2026-06-10 01:00:00,2026,6
штиль,0.0,н/о,,н/о,12.3,12.1,99,12.0,12.0,по сезону,1010.5,1005.9,,,,,,2026-06-10 00:00:00,2026-06-10 04:00:00,2026,6
штиль,0.0,н/о,,н/о,17.1,16.0,93,17.0,17.0,по сезону,1011.2,1006.8,12.2,,,,,2026-06-10 03:00:00,2026-06-10 07:00:00,2026,6
СЗ,1.0,н/о,,н/о,24.7,8.2,35,25.0,25.0,комфорт,1011.1,1006.7,,,,,,2026-06-10 06:00:00,2026-06-10 10:00:00,2026,6
З,2.0,н/о,,н/о,27.3,9.1,32,27.0,27.0,жарко,1010.4,1006.0,,,,,,2026-06-10 09:00:00,2026-06-10 13:00:00,2026,6
З,2.0,н/о,,н/о,27.3,9.9,34,28.0,28.0,жарко,1009.6,1005.3,,,,,,2026-06-10 12:00:00,2026-06-10 16:00:00,2026,6
СЗ,2.0,н/о,,н/о,26.1,12.9,44,28.0,28.0,жарко,1008.9,1004.6,,27.8,,,,2026-06-10 15:00:00,2026-06-10 19:00:00,2026,6
В,2.0,н/о,,н/о,18.8,13.6,72,20.0,20.0,тепло,1010.6,1006.2,,,,,,2026-06-10 18:00:00,2026-06-10 22:00:00,2026,6
С,1.0,н/о,,н/о,13.4,12.6,95,13.0,13.0,по сезону,1011.1,1006.6,,,,,,2026-06-10 21:00:00,2026-06-11 01:00:00,2026,6
штиль,0.0,н/о,,н/о,12.2,12.2,100,11.0,11.0,по сезону,1011.8,1007.3,,,,,,2026-06-11 00:00:00,2026-06-11 04:00:00,2026,6
СЗ,2.0,н/о,,н/о,19.5,15.4,77,22.0,22.0,комфорт,1012.7,1008.3,11.9,,,,,2026-06-11 03:00:00,2026-06-11 07:00:00,2026,6
СЗ,3.0,н/о,,н/о,25.2,10.8,40,26.0,26.0,жарко,1012.7,1008.4,,,,,,2026-06-11 06:00:00,2026-06-11 10:00:00,2026,6
СЗ,,н/о,,н/о,27.4,7.4,28,27.0,27.0,жарко,1012.3,1007.9,,,,,,2026-06-11 09:00:00,2026-06-11 13:00:00,2026,6
СЗ,2.0,н/о,,н/о,27.4,11.6,37,28.0,28.0,жарко,1011.0,1006.7,,28.7,,,,2026-06-11 15:00:00,2026-06-11 19:00:00,2026,6
штиль,0.0,н/о,,н/о,20.7,13.5,63,23.0,23.0,комфорт,1011.7,1007.3,,,,,,2026-06-11 18:00:00,2026-06-11 22:00:00,2026,6
штиль,0.0,н/о,,н/о,16.4,15.2,93,16.0,16.0,тепло,1010.9,1006.5,,,,,,2026-06-11 21:00:00,2026-06-12 01:00:00,2026,6
С,1.0,н/о,,н/о,16.7,16.0,96,18.0,18.0,тепло,1010.7,1006.2,,,,,,2026-06-12 00:00:00,2026-06-12 04:00:00,2026,6
С,1.0,н/о,,н/о,18.4,17.0,92,20.0,20.0,тепло,1011.0,1006.5,15.7,,,,,2026-06-12 03:00:00,2026-06-12 07:00:00,2026,6
С,4.0,н/о,,н/о,22.1,16.8,72,26.0,26.0,душно,1010.9,1006.5,,,,,,2026-06-12 06:00:00,2026-06-12 10:00:00,2026,6
СВ,4.0,н/о,,н/о,25.5,15.4,54,29.0,29.0,душно,1010.4,1006.0,,,,,,2026-06-12 09:00:00,2026-06-12 13:00:00,2026,6
С,3.0,н/о,,н/о,25.5,13.3,47,28.0,28.0,жарко,1009.6,1005.3,,,,,,2026-06-12 12:00:00,2026-06-12 16:00:00,2026,6
С,3.0,н/о,,н/о,23.9,14.1,54,26.0,26.0,жарко,1009.2,1004.8,,26.1,,,,2026-06-12 15:00:00,2026-06-12 19:00:00,2026,6
штиль,,н/о,,н/о,16.2,15.9,98,16.0,16.0,по сезону,1009.3,1004.8,,,,,,2026-06-12 18:00:00,2026-06-12 22:00:00,2026,6
В,1.0,н/о,,н/о,15.5,15.5,100,16.0,16.0,по сезону,1008.4,1003.9,,,,,,2026-06-12 21:00:00,2026-06-13 01:00:00,2026,6
штиль,0.0,н/о,,н/о,13.6,13.6,100,13.0,13.0,по сезону,1007.6,1003.1,,,,,,2026-06-13 00:00:00,2026-06-13 04:00:00,2026,6
С,3.0,н/о,,н/о,21.0,16.4,75,25.0,25.0,комфорт,1007.1,1002.7,,,,,,2026-06-13 06:00:00,2026-06-13 10:00:00,2026,6
С,2.0,н/о,,н/о,24.0,16.7,64,28.0,28.0,душно,1005.5,1001.2,,,,,,2026-06-13 09:00:00,2026-06-13 13:00:00,2026,6
С,3.0,н/о,,н/о,22.9,17.3,71,28.0,28.0,душно,1005.1,1000.8,,,,,,2026-06-13 12:00:00,2026-06-13 16:00:00,2026,6
С,3.0,н/о,,н/о,22.4,18.1,77,28.0,28.0,душно,1004.3,1000.0,,24.3,0.3,,,2026-06-13 15:00:00,2026-06-13 19:00:00,2026,6
ЮЗ,1.0,н/о,,н/о,17.3,16.3,94,18.0,18.0,по сезону,1004.8,1000.4,,,,,,2026-06-13 18:00:00,2026-06-13 22:00:00,2026,6
Ю,1.0,н/о,,н/о,14.6,14.6,100,15.0,15.0,по сезону,1004.6,1000.1,,,,,,2026-06-13 21:00:00,2026-06-14 01:00:00,2026,6
штиль,0.0,н/о,,н/о,13.5,13.5,100,13.0,13.0,по сезону,1003.9,999.4,,,,,,2026-06-14 00:00:00,2026-06-14 04:00:00,2026,6
штиль,0.0,н/о,,н/о,19.2,19.2,100,21.0,21.0,комфорт,1003.8,999.4,13.0,,,,,2026-06-14 03:00:00,2026-06-14 07:00:00,2026,6
С,1.0,н/о,,н/о,23.4,17.5,69,29.0,29.0,душно,1003.4,999.1,,,,,,2026-06-14 06:00:00,2026-06-14 10:00:00,2026,6
СЗ,3.0,н/о,,н/о,24.6,17.5,65,29.0,29.0,душно,1002.2,997.9,,,,,,2026-06-14 09:00:00,2026-06-14 13:00:00,2026,6
С,2.0,н/о,,н/о,25.0,16.0,57,28.0,28.0,жарко,1001.8,997.5,,,,,,2026-06-14 12:00:00,2026-06-14 16:00:00,2026,6
В,3.0,н/о,,н/о,24.1,13.9,53,26.0,26.0,жарко,1002.0,997.7,,26.1,,,,2026-06-14 15:00:00,2026-06-14 19:00:00,2026,6
штиль,0.0,н/о,,н/о,17.3,15.0,86,17.0,17.0,по сезону,1002.8,998.4,,,,,,2026-06-14 18:00:00,2026-06-14 22:00:00,2026,6
штиль,0.0,н/о,,н/о,13.9,13.6,98,13.0,13.0,по сезону,1002.6,998.1,,,,,,2026-06-14 21:00:00,2026-06-15 01:00:00,2026,6
ЮВ,1.0,н/о,,н/о,12.7,12.7,100,13.0,13.0,по сезону,1002.7,998.2,,,,,,2026-06-15 00:00:00,2026-06-15 04:00:00,2026,6
штиль,0.0,н/о,,н/о,18.4,16.9,91,19.0,19.0,тепло,1003.3,998.9,12.3,,,,,2026-06-15 03:00:00,2026-06-15 07:00:00,2026,6
СВ,1.0,н/о,,н/о,24.3,16.3,61,28.0,28.0,душно,1002.8,998.5,,,,,,2026-06-15 06:00:00,2026-06-15 10:00:00,2026,6
СВ,2.0,н/о,,н/о,26.6,15.7,51,30.0,30.0,душно,1002.2,998.0,,,,,,2026-06-15 09:00:00,2026-06-15 13:00:00,2026,6
С,2.0,н/о,,н/о,26.9,14.7,47,29.0,29.0,жарко,1001.9,997.6,,,,,,2026-06-15 12:00:00,2026-06-15 16:00:00,2026,6
З,2.0,н/о,,н/о,24.4,13.7,51,27.0,27.0,жарко,1002.7,998.4,,28.1,,,,2026-06-15 15:00:00,2026-06-15 19:00:00,2026,6
З,1.0,н/о,,н/о,19.1,17.3,89,22.0,22.0,комфорт,1004.1,999.7,,,,,,2026-06-15 18:00:00,2026-06-15 22:00:00,2026,6
ЮЗ,1.0,н/о,,н/о,20.3,17.0,81,24.0,24.0,комфорт,1005.2,1000.8,,,,,,2026-06-15 21:00:00,2026-06-16 01:00:00,2026,6
З,2.0,н/о,,н/о,18.4,16.3,88,20.0,20.0,тепло,1006.3,1001.8,,,,,,2026-06-16 00:00:00,2026-06-16 04:00:00,2026,6
ЮЗ,1.0,н/о,,н/о,20.8,16.6,77,25.0,25.0,комфорт,1007.6,1003.2,17.8,,0.3,,,2026-06-16 03:00:00,2026-06-16 07:00:00,2026,6
ЮЗ,3.0,н/о,,н/о,25.9,12.6,44,28.0,28.0,жарко,1008.0,1003.7,,,,,,2026-06-16 06:00:00,2026-06-16 10:00:00,2026,6
З,,н/о,,н/о,26.5,14.9,49,29.0,29.0,жарко,1008.9,1004.6,,,,,,2026-06-16 09:00:00,2026-06-16 13:00:00,2026,6
З,,н/о,,н/о,25.8,8.2,33,26.0,26.0,жарко,1010.2,1005.9,,,,,,2026-06-16 12:00:00,2026-06-16 16:00:00,2026,6
З,3.0,н/о,,н/о,24.3,5.8,30,24.0,24.0,комфорт,1011.5,1007.1,,27.2,,,,2026-06-16 15:00:00,2026-06-16 19:00:00,2026,6
ЮЗ,2.0,н/о,,н/о,16.8,9.1,60,17.0,17.0,по сезону,1013.4,1008.9,,,,,,2026-06-16 18:00:00,2026-06-16 22:00:00,2026,6
штиль,0.0,н/о,,н/о,14.9,9.1,68,15.0,15.0,по сезону,1014.4,1009.8,,,,,,2026-06-16 21:00:00,2026-06-17 01:00:00,2026,6
ЮВ,1.0,н/о,,н/о,11.6,10.0,90,11.0,11.0,по сезону,1015.0,1010.4,,,,,,2026-06-17 00:00:00,2026-06-17 04:00:00,2026,6
ЮВ,1.0,н/о,,н/о,16.3,12.2,77,17.0,17.0,тепло,1015.4,1010.9,10.7,,,,,2026-06-17 03:00:00,2026-06-17 07:00:00,2026,6
Ю,1.0,н/о,,н/о,23.1,13.0,53,26.0,26.0,жарко,1015.3,1010.9,,,,,,2026-06-17 06:00:00,2026-06-17 10:00:00,2026,6
СЗ,2.0,н/о,,н/о,16.8,16.0,95,17.0,17.0,прохладно,1014.7,1010.3,,,,,,2026-06-17 12:00:00,2026-06-17 16:00:00,2026,6
Ю,1.0,н/о,,н/о,16.0,16.0,100,17.0,17.0,тепло,1014.8,1010.3,,,,,,2026-06-17 18:00:00,2026-06-17 22:00:00,2026,6
ЮЗ,3.0,н/о,,н/о,14.6,14.6,100,14.0,14.0,тепло,1014.8,1010.3,,,,,,2026-06-17 21:00:00,2026-06-18 01:00:00,2026,6
З,1.0,н/о,,н/о,14.1,13.5,96,14.0,14.0,тепло,1015.3,1010.8,,,,,,2026-06-18 00:00:00,2026-06-18 04:00:00,2026,6
ЮЗ,2.0,н/о,,н/о,16.6,13.8,84,17.0,17.0,тепло,1016.3,1011.8,13.4,,0.3,,,2026-06-18 03:00:00,2026-06-18 07:00:00,2026,6
З,1.0,н/о,,н/о,21.5,14.2,63,24.0,24.0,комфорт,1016.4,1012.0,,,,,,2026-06-18 06:00:00,2026-06-18 10:00:00,2026,6
З,3.0,н/о,,н/о,24.6,9.7,39,25.0,25.0,комфорт,1016.5,1012.1,,,,,,2026-06-18 09:00:00,2026-06-18 13:00:00,2026,6
З,2.0,н/о,,н/о,25.0,7.1,32,25.0,25.0,комфорт,1016.0,1011.6,,,,,,2026-06-18 12:00:00,2026-06-18 16:00:00,2026,6
СЗ,2.0,н/о,,н/о,22.1,12.5,54,25.0,25.0,комфорт,1015.7,1011.3,,26.8,,,,2026-06-18 15:00:00,2026-06-18 19:00:00,2026,6
Ю,1.0,н/о,,н/о,13.1,12.7,97,13.0,13.0,тепло,1017.0,1012.4,,,,,,2026-06-18 21:00:00,2026-06-19 01:00:00,2026,6
В,2.0,н/о,,н/о,14.3,13.9,97,14.0,14.0,тепло,1016.7,1012.2,,,,,,2026-06-19 00:00:00,2026-06-19 04:00:00,2026,6
З,1.0,н/о,,н/о,14.7,14.7,100,15.0,15.0,тепло,1016.5,1012.0,13.1,,3.0,,,2026-06-19 03:00:00,2026-06-19 07:00:00,2026,6
В,2.0,н/о,,н/о,22.1,15.0,64,26.0,26.0,душно,1016.2,1011.8,,,,,,2026-06-19 06:00:00,2026-06-19 10:00:00,2026,6
Ю,2.0,н/о,,н/о,26.3,11.3,39,27.0,27.0,жарко,1015.8,1011.5,,,,,,2026-06-19 09:00:00,2026-06-19 13:00:00,2026,6
С,3.0,н/о,,н/о,27.1,13.4,43,29.0,29.0,жарко,1014.8,1010.5,,,,,,2026-06-19 12:00:00,2026-06-19 16:00:00,2026,6
штиль,0.0,н/о,,н/о,25.8,15.5,53,29.0,29.0,душно,1014.7,1010.4,,28.7,2.0,,,2026-06-19 15:00:00,2026-06-19 19:00:00,2026,6
Ю,1.0,н/о,,н/о,18.6,17.2,92,21.0,21.0,комфорт,1014.9,1010.5,,,,,,2026-06-19 18:00:00,2026-06-19 22:00:00,2026,6
ЮЗ,,н/о,,н/о,19.3,17.0,87,21.0,21.0,комфорт,1015.4,1011.0,,,,,,2026-06-19 21:00:00,2026-06-20 01:00:00,2026,6
ЮЗ,,н/о,,н/о,17.3,17.3,100,18.0,18.0,тепло,1014.3,1009.8,,,,,,2026-06-20 00:00:00,2026-06-20 04:00:00,2026,6
ЮВ,1.0,н/о,,н/о,17.6,17.6,100,19.0,19.0,тепло,1013.7,1009.2,17.2,,16.0,,,2026-06-20 03:00:00,2026-06-20 07:00:00,2026,6
Ю,2.0,н/о,,н/о,21.6,18.7,84,26.0,26.0,душно,1013.1,1008.7,,,,,,2026-06-20 06:00:00,2026-06-20 10:00:00,2026,6
ЮЗ,3.0,н/о,,н/о,24.9,17.4,63,29.0,29.0,душно,1012.9,1008.5,,,,,,2026-06-20 09:00:00,2026-06-20 13:00:00,2026,6
З,2.0,н/о,,н/о,25.6,15.4,53,29.0,29.0,душно,1012.9,1008.6,,,,,,2026-06-20 12:00:00,2026-06-20 16:00:00,2026,6
СЗ,2.0,н/о,,н/о,24.6,16.6,61,28.0,28.0,душно,1012.4,1008.1,,25.6,2.0,,,2026-06-20 15:00:00,2026-06-20 19:00:00,2026,6
СЗ,2.0,н/о,,н/о,17.7,16.3,92,18.0,18.0,по сезону,1013.4,1008.9,,,,,,2026-06-20 18:00:00,2026-06-20 22:00:00,2026,6
СЗ,2.0,н/о,,н/о,16.1,15.5,96,16.0,16.0,по сезону,1012.8,1008.3,,,,,,2026-06-20 21:00:00,2026-06-21 01:00:00,2026,6
СЗ,2.0,н/о,,н/о,14.4,14.3,99,14.0,14.0,по сезону,1012.8,1008.3,,,,,,2026-06-21 00:00:00,2026-06-21 04:00:00,2026,6
С,2.0,н/о,,н/о,17.7,16.3,92,18.0,18.0,по сезону,1012.5,1008.1,13.9,,,,,2026-06-21 03:00:00,2026-06-21 07:00:00,2026,6
С,4.0,н/о,,н/о,20.7,16.4,76,24.0,24.0,комфорт,1012.5,1008.1,,,,,,2026-06-21 06:00:00,2026-06-21 10:00:00,2026,6
СВ,5.0,н/о,,н/о,23.3,16.1,64,28.0,28.0,душно,1011.1,1006.8,,,,,,2026-06-21 09:00:00,2026-06-21 13:00:00,2026,6
С,,н/о,,н/о,23.2,15.5,62,27.0,27.0,душно,1010.1,1005.8,,,,,,2026-06-21 12:00:00,2026-06-21 16:00:00,2026,6
С,2.0,н/о,,н/о,22.1,16.0,68,26.0,26.0,душно,1009.4,1005.1,,24.2,,,,2026-06-21 15:00:00,2026-06-21 19:00:00,2026,6
СЗ,1.0,н/о,,н/о,19.1,15.6,80,22.0,22.0,комфорт,1008.9,1004.5,,,,,,2026-06-21 18:00:00,2026-06-21 22:00:00,2026,6
С,3.0,н/о,,н/о,19.3,15.2,77,21.0,21.0,комфорт,1007.8,1003.4,,,,,,2026-06-21 21:00:00,2026-06-22 01:00:00,2026,6
СЗ,2.0,н/о,,н/о,17.8,15.0,84,18.0,18.0,тепло,1006.7,1002.3,,,,,,2026-06-22 00:00:00,2026-06-22 04:00:00,2026,6
СЗ,3.0,н/о,,н/о,17.4,15.2,87,17.0,17.0,по сезону,1006.5,1002.0,17.1,,,,,2026-06-22 03:00:00,2026-06-22 07:00:00,2026,6
З,2.0,н/о,,н/о,18.3,15.2,82,19.0,19.0,прохладно,1005.6,1001.2,,,,,,2026-06-22 06:00:00,2026-06-22 10:00:00,2026,6
ЮЗ,2.0,н/о,,н/о,17.7,16.6,93,18.0,18.0,холодно,1005.2,1000.8,,,,,,2026-06-22 09:00:00,2026-06-22 13:00:00,2026,6
З,1.0,н/о,,н/о,17.9,17.5,98,19.0,19.0,холодно,1004.3,999.9,,,,,,2026-06-22 12:00:00,2026-06-22 16:00:00,2026,6
штиль,0.0,н/о,,н/о,17.9,17.5,98,18.0,18.0,прохладно,1003.4,999.0,,18.4,5.0,,,2026-06-22 15:00:00,2026-06-22 19:00:00,2026,6
ЮЗ,3.0,н/о,,н/о,17.8,17.1,96,18.0,18.0,по сезону,1002.0,997.6,,,,,,2026-06-22 18:00:00,2026-06-22 22:00:00,2026,6
З,2.0,н/о,,н/о,18.2,17.7,97,19.0,19.0,тепло,1000.1,995.7,,,,,,2026-06-22 21:00:00,2026-06-23 01:00:00,2026,6
З,2.0,н/о,,н/о,18.1,17.0,93,19.0,19.0,тепло,999.6,995.2,,,,,,2026-06-23 00:00:00,2026-06-23 04:00:00,2026,6
СЗ,,н/о,,н/о,19.8,17.1,84,22.0,22.0,комфорт,999.5,995.1,17.6,,0.5,,,2026-06-23 03:00:00,2026-06-23 07:00:00,2026,6
З,4.0,н/о,,н/о,23.1,18.1,73,29.0,29.0,очень  душно,999.3,995.0,,,,,,2026-06-23 06:00:00,2026-06-23 10:00:00,2026,6
З,,н/о,,н/о,25.6,16.9,59,29.0,29.0,душно,999.0,994.7,,,,,,2026-06-23 09:00:00,2026-06-23 13:00:00,2026,6
С,,н/о,,н/о,23.1,17.4,70,28.0,28.0,душно,999.4,995.1,,,,,,2026-06-23 12:00:00,2026-06-23 16:00:00,2026,6
З,1.0,н/о,,н/о,18.1,17.4,96,19.0,19.0,прохладно,1001.3,996.9,,26.8,2.0,,,2026-06-23 15:00:00,2026-06-23 19:00:00,2026,6
З,1.0,н/о,,н/о,18.0,16.8,93,19.0,19.0,по сезону,1002.3,997.9,,,,,,2026-06-23 18:00:00,2026-06-23 22:00:00,2026,6
З,1.0,н/о,,н/о,17.8,17.0,95,19.0,19.0,тепло,1002.1,997.7,,,,,,2026-06-23 21:00:00,2026-06-24 01:00:00,2026,6
З,1.0,н/о,,н/о,16.4,15.6,95,17.0,17.0,тепло,1002.8,998.3,,,,,,2026-06-24 00:00:00,2026-06-24 04:00:00,2026,6
З,2.0,н/о,,н/о,18.5,16.1,86,20.0,20.0,тепло,1004.3,999.9,16.1,,1.0,,,2026-06-24 03:00:00,2026-06-24 07:00:00,2026,6
З,2.0,н/о,,н/о,21.9,16.6,72,26.0,26.0,душно,1005.5,1001.2,,,,,,2026-06-24 06:00:00,2026-06-24 10:00:00,2026,6
СЗ,3.0,н/о,,н/о,23.5,14.2,56,26.0,26.0,жарко,1006.3,1002.0,,,,,,2026-06-24 09:00:00,2026-06-24 13:00:00,2026,6
СЗ,4.0,н/о,,н/о,24.0,10.1,41,25.0,25.0,комфорт,1007.2,1002.9,,,,,,2026-06-24 12:00:00,2026-06-24 16:00:00,2026,6
СЗ,2.0,н/о,,н/о,22.7,8.3,40,24.0,24.0,комфорт,1007.9,1003.5,,24.6,,,,2026-06-24 15:00:00,2026-06-24 19:00:00,2026,6
З,1.0,н/о,,н/о,16.0,11.1,73,17.0,17.0,по сезону,1009.3,1004.8,,,,,,2026-06-24 18:00:00,2026-06-24 22:00:00,2026,6
ЮВ,1.0,н/о,,н/о,13.0,11.5,91,13.0,13.0,прохладно,1009.8,1005.3,,,,,,2026-06-24 21:00:00,2026-06-25 01:00:00,2026,6
штиль,0.0,н/о,,н/о,11.4,11.3,99,11.0,11.0,прохладно,1010.1,1005.5,,,,,,2026-06-25 00:00:00,2026-06-25 04:00:00,2026,6
С,1.0,н/о,,н/о,18.5,14.4,77,20.0,20.0,тепло,1010.4,1006.0,11.0,,,,,2026-06-25 03:00:00,2026-06-25 07:00:00,2026,6
З,2.0,н/о,,н/о,21.9,7.7,40,23.0,23.0,комфорт,1010.5,1006.1,,,,,,2026-06-25 06:00:00,2026-06-25 10:00:00,2026,6
З,2.0,н/о,,н/о,23.0,6.7,35,24.0,24.0,комфорт,1010.3,1005.9,,,,,,2026-06-25 09:00:00,2026-06-25 13:00:00,2026,6
СЗ,2.0,н/о,,н/о,24.2,4.2,27,24.0,24.0,комфорт,1009.4,1005.0,,,,,,2026-06-25 12:00:00,2026-06-25 16:00:00,2026,6
С,2.0,н/о,,н/о,23.2,6.1,33,24.0,24.0,комфорт,1008.5,1004.1,,24.5,,,,2026-06-25 15:00:00,2026-06-25 19:00:00,2026,6
штиль,0.0,н/о,,н/о,15.4,11.6,78,15.0,15.0,прохладно,1008.9,1004.4,,,,,,2026-06-25 18:00:00,2026-06-25 22:00:00,2026,6
СЗ,1.0,н/о,,н/о,15.5,13.5,88,16.0,16.0,тепло,1007.8,1003.3,,,,,,2026-06-26 00:00:00,2026-06-26 04:00:00,2026,6
С,1.0,н/о,,н/о,16.9,14.5,86,18.0,18.0,тепло,1007.1,1002.7,14.5,,,,,2026-06-26 03:00:00,2026-06-26 07:00:00,2026,6
С,2.0,н/о,,н/о,17.1,14.5,85,17.0,17.0,прохладно,1007.3,1002.9,,,,,,2026-06-26 06:00:00,2026-06-26 10:00:00,2026,6
С,3.0,н/о,,н/о,17.4,15.6,89,17.0,17.0,прохладно,1007.3,1002.9,,,,,,2026-06-26 09:00:00,2026-06-26 13:00:00,2026,6
С,4.0,н/о,,н/о,17.8,15.9,89,18.0,18.0,прохладно,1006.7,1002.3,,,,,,2026-06-26 12:00:00,2026-06-26 16:00:00,2026,6
СВ,3.0,н/о,,н/о,16.9,15.2,90,17.0,17.0,прохладно,1007.4,1003.0,,18.3,1.0,,,2026-06-26 15:00:00,2026-06-26 19:00:00,2026,6
С,2.0,н/о,,н/о,15.3,14.7,96,15.0,15.0,по сезону,1007.9,1003.4,,,,,,2026-06-26 18:00:00,2026-06-26 22:00:00,2026,6
СЗ,1.0,н/о,,н/о,14.7,14.4,98,15.0,15.0,по сезону,1007.4,1002.9,,,,,,2026-06-26 21:00:00,2026-06-27 01:00:00,2026,6
СЗ,4.0,н/о,,н/о,15.1,12.6,85,14.0,14.0,по сезону,1008.1,1003.6,13.8,,0.3,,,2026-06-27 03:00:00,2026-06-27 07:00:00,2026,6
С,5.0,н/о,,н/о,19.1,11.8,63,20.0,20.0,тепло,1008.2,1003.8,,,,,,2026-06-27 06:00:00,2026-06-27 10:00:00,2026,6
СЗ,,н/о,,н/о,20.4,8.1,45,21.0,21.0,комфорт,1008.9,1004.5,,,,,,2026-06-27 12:00:00,2026-06-27 16:00:00,2026,6
СЗ,,н/о,,н/о,11.9,7.5,74,12.0,12.0,прохладно,1010.1,1005.5,,,,,,2026-06-27 18:00:00,2026-06-27 22:00:00,2026,6
ЮВ,1.0,н/о,,н/о,8.4,7.7,95,8.0,8.0,прохладно,1009.2,1004.6,,,,,,2026-06-27 21:00:00,2026-06-28 01:00:00,2026,6
З,2.0,н/о,,н/о,12.1,9.3,83,11.0,11.0,по сезону,1008.1,1003.6,,,,,,2026-06-28 00:00:00,2026-06-28 04:00:00,2026,6
СЗ,2.0,н/о,,н/о,14.9,10.6,75,15.0,15.0,тепло,1007.8,1003.3,7.5,,,,,2026-06-28 03:00:00,2026-06-28 07:00:00,2026,6
СЗ,3.0,н/о,,н/о,17.7,8.7,56,18.0,18.0,тепло,1006.6,1002.1,,,,,,2026-06-28 06:00:00,2026-06-28 10:00:00,2026,6
СВ,2.0,н/о,,н/о,18.3,9.2,55,19.0,19.0,тепло,1005.5,1001.1,,,,,,2026-06-28 09:00:00,2026-06-28 13:00:00,2026,6
СЗ,5.0,н/о,,н/о,17.6,5.5,45,17.0,17.0,по сезону,1005.4,1001.0,,,,,,2026-06-28 12:00:00,2026-06-28 16:00:00,2026,6
СЗ,2.0,н/о,,н/о,16.4,7.8,57,17.0,17.0,тепло,1004.6,1000.1,,19.9,,,,2026-06-28 15:00:00,2026-06-28 19:00:00,2026,6
ЮВ,1.0,н/о,,н/о,9.1,9.0,99,8.0,8.0,прохладно,1003.4,998.8,,,,,,2026-06-28 21:00:00,2026-06-29 01:00:00,2026,6
ЮВ,1.0,н/о,,н/о,10.6,10.6,100,10.0,10.0,тепло,1002.5,998.0,,,,,,2026-06-29 00:00:00,2026-06-29 04:00:00,2026,6
Ю,1.0,н/о,,н/о,11.6,11.6,100,11.0,11.0,по сезону,1002.0,997.5,8.3,,3.0,,,2026-06-29 03:00:00,2026-06-29 07:00:00,2026,6
штиль,0.0,н/о,,н/о,15.7,11.4,76,16.0,16.0,тепло,1002.3,997.8,,,,,,2026-06-29 06:00:00,2026-06-29 10:00:00,2026,6
СВ,3.0,н/о,,н/о,19.4,11.0,58,21.0,21.0,комфорт,1002.9,998.5,,,,,,2026-06-29 09:00:00,2026-06-29 13:00:00,2026,6
СВ,4.0,н/о,,н/о,19.8,9.0,50,21.0,21.0,комфорт,1004.3,999.9,,,,,,2026-06-29 12:00:00,2026-06-29 16:00:00,2026,6
С,5.0,н/о,,н/о,20.6,9.5,49,22.0,22.0,комфорт,1005.1,1000.7,,20.9,1.0,,,2026-06-29 15:00:00,2026-06-29 19:00:00,2026,6
СЗ,1.0,н/о,,н/о,15.7,10.3,70,16.0,16.0,тепло,1005.6,1001.2,,,,,,2026-06-29 18:00:00,2026-06-29 22:00:00,2026,6
СЗ,1.0,н/о,,н/о,14.2,11.2,82,15.0,15.0,тепло,1005.4,1000.9,,,,,,2026-06-29 21:00:00,2026-06-30 01:00:00,2026,6
СЗ,3.0,н/о,,н/о,15.4,11.7,79,15.0,15.0,по сезону,1004.0,999.6,,,,,,2026-06-30 00:00:00,2026-06-30 04:00:00,2026,6
З,4.0,н/о,,н/о,15.2,14.4,95,14.0,14.0,холодно,1001.8,997.4,14.0,,,,,2026-06-30 03:00:00,2026-06-30 07:00:00,2026,6
СЗ,,н/о,,н/о,17.5,15.6,89,17.0,17.0,холодно,1000.1,995.7,,,,,,2026-06-30 06:00:00,2026-06-30 10:00:00,2026,6
С,,н/о,,н/о,17.3,15.8,91,17.0,17.0,холодно,1001.3,996.9,,,,,,2026-06-30 09:00:00,2026-06-30 13:00:00,2026,6
С,,н/о,,н/о,17.2,15.9,92,16.0,16.0,очень  холодно,1003.2,998.8,,,,,,2026-06-30 12:00:00,2026-06-30 16:00:00,2026,6
С,4.0,н/о,,н/о,17.5,16.0,91,17.0,17.0,прохладно,1006.3,1001.9,,,,,,2026-06-30 18:00:00,2026-06-30 22:00:00,2026,6
С,3.0,н/о,,н/о,17.6,15.9,90,18.0,18.0,по сезону,1007.0,1002.6,,,,,,2026-06-30 21:00:00,2026-07-01 01:00:00,2026,6
СЗ,1.0,н/о,,н/о,16.6,15.5,93,17.0,17.0,тепло,1007.6,1003.2,,,,,,2026-07-01 00:00:00,2026-07-01 04:00:00,2026,7
СЗ,1.0,н/о,,н/о,17.7,16.3,92,19.0,19.0,тепло,1008.3,1003.9,16.0,,,,,2026-07-01 03:00:00,2026-07-01 07:00:00,2026,7
СЗ,2.0,н/о,,н/о,19.6,17.3,87,23.0,23.0,комфорт,1008.7,1004.3,,,,,,2026-07-01 06:00:00,2026-07-01 10:00:00,2026,7
СЗ,3.0,н/о,,н/о,22.9,18.0,74,28.0,28.0,душно,1008.4,1004.1,,,,,,2026-07-01 09:00:00,2026-07-01 13:00:00,2026,7
СЗ,3.0,н/о,,н/о,24.1,18.2,70,29.0,29.0,душно,1008.3,1004.0,,,,,,2026-07-01 12:00:00,2026-07-01 16:00:00,2026,7
СЗ,3.0,н/о,,н/о,23.4,16.8,66,28.0,28.0,душно,1008.7,1004.3,,24.9,,,,2026-07-01 15:00:00,2026-07-01 19:00:00,2026,7
СЗ,2.0,н/о,,н/о,20.8,15.6,72,25.0,25.0,комфорт,1008.8,1004.5,,,,,,2026-07-01 18:00:00,2026-07-01 22:00:00,2026,7
СЗ,2.0,н/о,,н/о,19.4,14.7,74,22.0,22.0,комфорт,1008.3,1003.9,,,,,,2026-07-01 21:00:00,2026-07-02 01:00:00,2026,7
СЗ,3.0,н/о,,н/о,23.8,17.6,68,28.0,28.0,душно,1009.7,1005.3,,,,,,2026-07-02 06:00:00,2026-07-02 10:00:00,2026,7
С,4.0,н/о,,н/о,26.7,14.4,47,29.0,29.0,жарко,1009.3,1005.0,,,,,,2026-07-02 09:00:00,2026-07-02 13:00:00,2026,7
С,4.0,н/о,,н/о,27.5,13.4,42,29.0,29.0,жарко,1009.1,1004.8,,,,,,2026-07-02 12:00:00,2026-07-02 16:00:00,2026,7
СЗ,3.0,н/о,,н/о,26.2,12.6,43,28.0,28.0,жарко,1009.4,1005.0,,27.7,,,,2026-07-02 15:00:00,2026-07-02 19:00:00,2026,7
СЗ,2.0,н/о,,н/о,19.2,13.3,69,21.0,21.0,комфорт,1009.9,1005.4,,,,,,2026-07-02 18:00:00,2026-07-02 22:00:00,2026,7
СЗ,1.0,н/о,,н/о,14.9,13.6,92,15.0,15.0,по сезону,1009.8,1005.4,,,,,,2026-07-02 21:00:00,2026-07-03 01:00:00,2026,7
штиль,0.0,н/о,,н/о,13.1,12.9,99,13.0,13.0,по сезону,1010.1,1005.6,,,,,,2026-07-03 00:00:00,2026-07-03 04:00:00,2026,7
С,1.0,н/о,,н/о,20.2,17.1,82,24.0,24.0,комфорт,1010.1,1005.7,12.9,,,,,2026-07-03 03:00:00,2026-07-03 07:00:00,2026,7
С,2.0,н/о,,н/о,25.5,16.4,57,29.0,29.0,душно,1009.8,1005.5,,,,,,2026-07-03 06:00:00,2026-07-03 10:00:00,2026,7
СЗ,2.0,н/о,,н/о,27.5,9.9,33,28.0,28.0,жарко,1009.4,1005.1,,,,,,2026-07-03 09:00:00,2026-07-03 13:00:00,2026,7
СЗ,2.0,н/о,,н/о,28.4,9.9,32,29.0,29.0,жарко,1008.9,1004.6,,,,,,2026-07-03 12:00:00,2026-07-03 16:00:00,2026,7
СЗ,2.0,н/о,,н/о,27.7,9.4,32,28.0,28.0,жарко,1008.3,1004.0,,28.5,,,,2026-07-03 15:00:00,2026-07-03 19:00:00,2026,7
ЮВ,1.0,н/о,,н/о,18.7,14.8,78,21.0,21.0,комфорт,1008.4,1004.0,,,,,,2026-07-03 18:00:00,2026-07-03 22:00:00,2026,7
штиль,0.0,н/о,,н/о,16.3,15.0,92,16.0,16.0,по сезону,1007.7,1003.2,,,,,,2026-07-03 21:00:00,2026-07-04 01:00:00,2026,7
Ю,2.0,н/о,,н/о,17.9,15.0,83,18.0,18.0,тепло,1007.5,1003.1,,,,,,2026-07-04 00:00:00,2026-07-04 04:00:00,2026,7
ЮВ,1.0,н/о,,н/о,22.7,16.8,69,27.0,27.0,душно,1007.2,1002.8,15.6,,,,,2026-07-04 03:00:00,2026-07-04 07:00:00,2026,7
З,2.0,н/о,,н/о,27.1,18.6,60,32.0,32.0,очень  душно,1006.6,1002.3,,,,,,2026-07-04 06:00:00,2026-07-04 10:00:00,2026,7
С,2.0,н/о,,н/о,30.4,18.7,50,36.0,36.0,очень  душно,1006.1,1001.8,,,,,,2026-07-04 09:00:00,2026-07-04 13:00:00,2026,7
С,,н/о,,н/о,25.0,17.7,64,29.0,29.0,душно,1005.9,1001.6,,,,,,2026-07-04 12:00:00,2026-07-04 16:00:00,2026,7
штиль,0.0,н/о,,н/о,25.1,17.8,64,29.0,29.0,душно,1006.1,1001.8,,32.4,,,,2026-07-04 15:00:00,2026-07-04 19:00:00,2026,7
штиль,0.0,н/о,,н/о,21.0,18.7,87,25.0,25.0,комфорт,1006.1,1001.7,,,,,,2026-07-04 18:00:00,2026-07-04 22:00:00,2026,7
штиль,0.0,н/о,,н/о,18.8,18.3,97,20.0,20.0,тепло,1006.0,1001.6,,,,,,2026-07-04 21:00:00,2026-07-05 01:00:00,2026,7
Ю,1.0,н/о,,н/о,17.9,17.8,99,19.0,19.0,тепло,1006.1,1001.7,,,,,,2026-07-05 00:00:00,2026-07-05 04:00:00,2026,7
В,1.0,н/о,,н/о,22.7,19.7,83,29.0,29.0,очень  душно,1006.0,1001.7,17.6,,,,,2026-07-05 03:00:00,2026-07-05 07:00:00,2026,7
Ю,3.0,н/о,,н/о,29.3,17.9,50,34.0,34.0,очень  душно,1005.5,1001.2,,,,,,2026-07-05 06:00:00,2026-07-05 10:00:00,2026,7
Ю,3.0,н/о,,н/о,32.8,11.7,28,33.0,33.0,жарко,1005.2,1001.0,,,,,,2026-07-05 09:00:00,2026-07-05 13:00:00,2026,7
Ю,1.0,н/о,,н/о,23.8,16.8,65,27.0,27.0,жарко,1004.0,999.7,,,,,,2026-07-05 18:00:00,2026-07-05 22:00:00,2026,7
Ю,3.0,н/о,,н/о,23.9,15.7,60,27.0,27.0,жарко,1004.0,999.7,,,,,,2026-07-05 21:00:00,2026-07-06 01:00:00,2026,7
ЮВ,1.0,н/о,,н/о,20.1,15.3,74,24.0,24.0,комфорт,1004.7,1000.4,,,,,,2026-07-06 00:00:00,2026-07-06 04:00:00,2026,7
З,2.0,н/о,,н/о,23.0,17.1,69,28.0,28.0,душно,1006.3,1002.0,19.2,,,,,2026-07-06 03:00:00,2026-07-06 07:00:00,2026,7
З,2.0,н/о,,н/о,25.6,18.5,65,30.0,30.0,душно,1007.7,1003.4,,,,,,2026-07-06 06:00:00,2026-07-06 10:00:00,2026,7
З,2.0,н/о,,н/о,26.4,17.7,59,31.0,31.0,душно,1009.1,1004.8,,,,,,2026-07-06 09:00:00,2026-07-06 13:00:00,2026,7
З,3.0,н/о,,н/о,28.3,10.1,32,29.0,29.0,жарко,1009.4,1005.1,,,,,,2026-07-06 12:00:00,2026-07-06 16:00:00,2026,7
СЗ,2.0,н/о,,н/о,26.9,9.5,33,27.0,27.0,жарко,1009.8,1005.5,,28.5,,,,2026-07-06 15:00:00,2026-07-06 19:00:00,2026,7
Ю,1.0,н/о,,н/о,18.4,13.8,75,20.0,20.0,тепло,1011.4,1007.0,,,,,,2026-07-06 18:00:00,2026-07-06 22:00:00,2026,7
ЮВ,1.0,н/о,,н/о,15.4,14.4,94,16.0,16.0,по сезону,1012.2,1007.7,,,,,,2026-07-06 21:00:00,2026-07-07 01:00:00,2026,7
штиль,0.0,н/о,,н/о,13.1,12.8,98,13.0,13.0,тепло,1012.4,1007.9,,,,,,2026-07-07 00:00:00,2026-07-07 04:00:00,2026,7
З,1.0,н/о,,н/о,26.5,9.9,35,27.0,27.0,жарко,1013.1,1008.8,,,,,,2026-07-07 06:00:00,2026-07-07 10:00:00,2026,7
З,2.0,н/о,,н/о,28.2,8.2,28,28.0,28.0,жарко,1012.3,1008.0,,,,,,2026-07-07 09:00:00,2026-07-07 13:00:00,2026,7
ЮЗ,2.0,н/о,,н/о,29.6,6.8,24,28.0,28.0,жарко,1011.4,1007.1,,,,,,2026-07-07 12:00:00,2026-07-07 16:00:00,2026,7
З,1.0,н/о,,н/о,29.6,7.2,24,28.0,28.0,жарко,1010.9,1006.6,,30.5,,,,2026-07-07 15:00:00,2026-07-07 19:00:00,2026,7
З,1.0,н/о,,н/о,22.5,11.5,50,25.0,25.0,комфорт,1012.2,1007.8,,,,,,2026-07-07 18:00:00,2026-07-07 22:00:00,2026,7
ЮВ,1.0,н/о,,н/о,16.3,14.0,86,17.0,17.0,тепло,1013.2,1008.7,,,,,,2026-07-07 21:00:00,2026-07-08 01:00:00,2026,7
ЮВ,1.0,н/о,,н/о,13.7,13.2,97,14.0,14.0,тепло,1013.3,1008.8,,,,,,2026-07-08 00:00:00,2026-07-08 04:00:00,2026,7
штиль,0.0,н/о,,н/о,19.8,16.1,79,22.0,22.0,комфорт,1014.3,1009.9,12.9,,,,,2026-07-08 03:00:00,2026-07-08 07:00:00,2026,7
СЗ,1.0,н/о,,н/о,24.6,15.0,55,27.0,27.0,жарко,1014.1,1009.7,,,,,,2026-07-08 06:00:00,2026-07-08 10:00:00,2026,7
С,2.0,н/о,,н/о,27.7,9.6,32,28.0,28.0,жарко,1013.4,1009.1,,,,,,2026-07-08 12:00:00,2026-07-08 16:00:00,2026,7
С,1.0,н/о,,н/о,27.6,8.0,29,27.0,27.0,жарко,1013.0,1008.7,,28.0,,,,2026-07-08 15:00:00,2026-07-08 19:00:00,2026,7
Ю,1.0,н/о,,н/о,17.9,14.7,82,19.0,19.0,тепло,1013.7,1009.3,,,,,,2026-07-08 18:00:00,2026-07-08 22:00:00,2026,7
штиль,0.0,н/о,,н/о,15.4,14.7,96,15.0,15.0,тепло,1013.7,1009.2,,,,,,2026-07-08 21:00:00,2026-07-09 01:00:00,2026,7
Ю,1.0,н/о,,н/о,14.2,14.0,99,14.0,14.0,тепло,1013.7,1009.2,,,,,,2026-07-09 00:00:00,2026-07-09 04:00:00,2026,7
С,1.0,н/о,,н/о,20.0,17.8,87,24.0,24.0,комфорт,1013.4,1009.0,13.6,,,,,2026-07-09 03:00:00,2026-07-09 07:00:00,2026,7
С,2.0,н/о,,н/о,24.3,16.9,63,28.0,28.0,душно,1013.6,1009.2,,,,,,2026-07-09 06:00:00,2026-07-09 10:00:00,2026,7
С,3.0,н/о,,н/о,27.9,12.6,39,29.0,29.0,жарко,1013.3,1009.0,,,,,,2026-07-09 09:00:00,2026-07-09 13:00:00,2026,7
С,3.0,н/о,,н/о,29.1,13.3,38,31.0,31.0,жарко,1013.3,1009.0,,,,,,2026-07-09 12:00:00,2026-07-09 16:00:00,2026,7
СВ,1.0,н/о,,н/о,28.2,12.6,38,30.0,30.0,жарко,1013.8,1009.5,,29.8,,,,2026-07-09 15:00:00,2026-07-09 19:00:00,2026,7
В,1.0,н/о,,н/о,23.6,15.1,59,26.0,26.0,жарко,1015.6,1011.2,,,,,,2026-07-09 18:00:00,2026-07-09 22:00:00,2026,7
штиль,0.0,н/о,,н/о,16.6,14.7,89,16.0,16.0,тепло,1016.3,1011.8,,,,,,2026-07-09 21:00:00,2026-07-10 01:00:00,2026,7
Ю,1.0,н/о,,н/о,13.8,13.5,98,14.0,14.0,по сезону,1017.0,1012.5,,,,,,2026-07-10 00:00:00,2026-07-10 04:00:00,2026,7
штиль,0.0,н/о,,н/о,19.3,16.0,81,21.0,21.0,комфорт,1017.9,1013.4,13.0,,,,,2026-07-10 03:00:00,2026-07-10 07:00:00,2026,7
С,2.0,н/о,,н/о,29.2,12.0,35,30.0,30.0,жарко,1016.9,1012.6,,,,,,2026-07-10 09:00:00,2026-07-10 13:00:00,2026,7
штиль,0.0,н/о,,н/о,29.8,10.0,29,30.0,30.0,жарко,1015.9,1011.6,,30.6,,,,2026-07-10 15:00:00,2026-07-10 19:00:00,2026,7
штиль,0.0,н/о,,н/о,20.0,15.6,76,22.0,22.0,комфорт,1016.0,1011.6,,,,,,2026-07-10 18:00:00,2026-07-10 22:00:00,2026,7
штиль,0.0,н/о,,н/о,16.3,15.3,94,16.0,16.0,по сезону,1015.5,1011.0,,,,,,2026-07-10 21:00:00,2026-07-11 01:00:00,2026,7
Ю,1.0,н/о,,н/о,15.3,15.0,98,16.0,16.0,по сезону,1015.2,1010.7,,,,,,2026-07-11 00:00:00,2026-07-11 04:00:00,2026,7
С,1.0,н/о,,н/о,21.1,18.6,86,25.0,25.0,комфорт,1015.0,1010.6,15.0,,,,,2026-07-11 03:00:00,2026-07-11 07:00:00,2026,7
С,2.0,н/о,,н/о,27.6,16.4,50,31.0,31.0,душно,1014.4,1010.1,,,,,,2026-07-11 06:00:00,2026-07-11 10:00:00,2026,7
СВ,2.0,н/о,,н/о,30.0,12.3,34,31.0,31.0,жарко,1013.3,1009.0,,,,,,2026-07-11 09:00:00,2026-07-11 13:00:00,2026,7
С,3.0,н/о,,н/о,31.0,8.1,24,30.0,30.0,жарко,1011.9,1007.7,,,,,,2026-07-11 12:00:00,2026-07-11 16:00:00,2026,7
ЮЗ,1.0,н/о,,н/о,22.9,16.9,69,28.0,28.0,душно,1008.0,1003.6,,,,,,2026-07-12 00:00:00,2026-07-12 04:00:00,2026,7
ЮВ,1.0,н/о,,н/о,24.1,18.3,70,29.0,29.0,душно,1007.3,1002.9,21.0,,,,,2026-07-12 03:00:00,2026-07-12 07:00:00,2026,7
Ю,1.0,н/о,,н/о,27.7,19.1,59,33.0,33.0,очень  душно,1006.5,1002.2,,,,,,2026-07-12 06:00:00,2026-07-12 10:00:00,2026,7
З,2.0,н/о,,н/о,28.2,18.9,57,33.0,33.0,очень  душно,1005.9,1001.7,,,,,,2026-07-12 09:00:00,2026-07-12 13:00:00,2026,7
СЗ,3.0,н/о,,н/о,29.2,15.4,43,32.0,32.0,душно,1006.0,1001.8,,,,,,2026-07-12 12:00:00,2026-07-12 16:00:00,2026,7
З,,н/о,,н/о,28.1,8.7,30,28.0,28.0,жарко,1006.6,1002.3,,29.8,,,,2026-07-12 15:00:00,2026-07-12 19:00:00,2026,7
ЮЗ,2.0,н/о,,н/о,23.8,9.4,40,25.0,25.0,комфорт,1007.9,1003.6,,,,,,2026-07-12 18:00:00,2026-07-12 22:00:00,2026,7
З,2.0,н/о,,н/о,21.2,11.2,53,23.0,23.0,комфорт,1008.3,1003.9,,,,,,2026-07-12 21:00:00,2026-07-13 01:00:00,2026,7
ЮВ,1.0,н/о,,н/о,15.4,12.9,85,16.0,16.0,по сезону,1008.4,1003.9,,,,,,2026-07-13 00:00:00,2026-07-13 04:00:00,2026,7
Ю,1.0,н/о,,н/о,19.9,13.2,65,23.0,23.0,комфорт,1008.8,1004.4,15.0,,,,,2026-07-13 03:00:00,2026-07-13 07:00:00,2026,7
С,4.0,н/о,,н/о,26.2,12.4,42,28.0,28.0,жарко,1007.4,1003.1,,,,,,2026-07-13 09:00:00,2026-07-13 13:00:00,2026,7
З,2.0,н/о,,н/о,26.9,7.3,29,27.0,27.0,жарко,1006.8,1002.5,,29.4,,,,2026-07-13 15:00:00,2026-07-13 19:00:00,2026,7
Ю,1.0,н/о,,н/о,17.5,13.5,77,19.0,19.0,по сезону,1006.7,1002.3,,,,,,2026-07-13 18:00:00,2026-07-13 22:00:00,2026,7
Ю,1.0,н/о,,н/о,17.5,13.6,78,19.0,19.0,тепло,1005.9,1001.4,,,,,,2026-07-13 21:00:00,2026-07-14 01:00:00,2026,7
штиль,0.0,н/о,,н/о,17.5,14.4,82,17.0,17.0,тепло,1005.4,1001.0,,,,,,2026-07-14 00:00:00,2026-07-14 04:00:00,2026,7
Ю,1.0,н/о,,н/о,18.0,16.0,88,19.0,19.0,по сезону,1004.8,1000.4,15.8,,0.3,,,2026-07-14 03:00:00,2026-07-14 07:00:00,2026,7
ЮЗ,3.0,н/о,,н/о,23.0,16.9,69,28.0,28.0,душно,1004.7,1000.4,,,,,,2026-07-14 06:00:00,2026-07-14 10:00:00,2026,7
ЮЗ,,н/о,,н/о,25.9,14.6,50,28.0,28.0,жарко,1004.1,999.8,,,,,,2026-07-14 09:00:00,2026-07-14 13:00:00,2026,7
З,,н/о,,н/о,26.1,11.9,41,27.0,27.0,жарко,1004.1,999.8,,,,,,2026-07-14 12:00:00,2026-07-14 16:00:00,2026,7
З,2.0,н/о,,н/о,24.7,11.3,43,26.0,26.0,жарко,1003.8,999.5,,27.4,0.3,,,2026-07-14 15:00:00,2026-07-14 19:00:00,2026,7
штиль,0.0,н/о,,н/о,20.7,13.9,65,23.0,23.0,комфорт,1004.2,999.8,,,,,,2026-07-14 18:00:00,2026-07-14 22:00:00,2026,7
ЮЗ,2.0,н/о,,н/о,19.0,15.5,80,21.0,21.0,комфорт,1004.0,999.6,,,,,,2026-07-14 21:00:00,2026-07-15 01:00:00,2026,7
З,2.0,н/о,,н/о,17.4,16.6,95,18.0,18.0,тепло,1003.8,999.4,,,,,,2026-07-15 00:00:00,2026-07-15 04:00:00,2026,7
З,2.0,н/о,,н/о,22.7,17.2,71,28.0,28.0,душно,1004.3,999.9,,,,,,2026-07-15 06:00:00,2026-07-15 10:00:00,2026,7
СЗ,3.0,н/о,,н/о,26.9,15.5,50,30.0,30.0,душно,1004.3,1000.0,,,,,,2026-07-15 09:00:00,2026-07-15 13:00:00,2026,7
З,3.0,н/о,,н/о,25.9,13.9,47,28.0,28.0,жарко,1004.0,999.7,,,,,,2026-07-15 12:00:00,2026-07-15 16:00:00,2026,7
СЗ,2.0,н/о,,н/о,24.2,15.9,60,27.0,27.0,жарко,1004.1,999.8,,27.8,,,,2026-07-15 15:00:00,2026-07-15 19:00:00,2026,7
З,1.0,н/о,,н/о,21.7,16.4,72,26.0,26.0,душно,1004.8,1000.4,,,,,,2026-07-15 18:00:00,2026-07-15 22:00:00,2026,7
З,2.0,н/о,,н/о,20.2,16.7,80,24.0,24.0,комфорт,1004.7,1000.3,,,,,,2026-07-15 21:00:00,2026-07-16 01:00:00,2026,7
З,1.0,н/о,,н/о,18.3,16.8,91,20.0,20.0,тепло,1004.2,999.8,,,,,,2026-07-16 00:00:00,2026-07-16 04:00:00,2026,7
З,1.0,н/о,,н/о,20.7,17.7,83,26.0,26.0,душно,1004.0,999.6,17.7,,,,,2026-07-16 03:00:00,2026-07-16 07:00:00,2026,7
З,2.0,н/о,,н/о,23.4,18.5,74,30.0,30.0,очень  душно,1003.7,999.4,,,,,,2026-07-16 06:00:00,2026-07-16 10:00:00,2026,7
З,2.0,н/о,,н/о,27.5,16.3,50,31.0,31.0,душно,1002.2,997.9,,,,,,2026-07-16 09:00:00,2026-07-16 13:00:00,2026,7
СЗ,3.0,н/о,,н/о,22.7,16.0,66,27.0,27.0,душно,1000.6,996.3,,28.3,,,,2026-07-16 15:00:00,2026-07-16 19:00:00,2026,7
СЗ,1.0,н/о,,н/о,17.3,15.8,91,18.0,18.0,тепло,1000.6,996.2,,,,,,2026-07-16 21:00:00,2026-07-17 01:00:00,2026,7
ЮЗ,1.0,н/о,,н/о,16.9,16.5,97,18.0,18.0,тепло,999.5,995.1,16.2,,1.0,,,2026-07-17 03:00:00,2026-07-17 07:00:00,2026,7
ЮЗ,2.0,н/о,,н/о,17.3,16.3,94,18.0,18.0,по сезону,998.9,994.5,,,,,,2026-07-17 06:00:00,2026-07-17 10:00:00,2026,7
ЮЗ,3.0,н/о,,н/о,16.7,15.3,91,16.0,16.0,прохладно,999.3,994.9,,,,,,2026-07-17 09:00:00,2026-07-17 13:00:00,2026,7
З,3.0,н/о,,н/о,16.4,15.5,94,16.0,16.0,холодно,999.3,994.9,,,,,,2026-07-17 12:00:00,2026-07-17 16:00:00,2026,7
З,2.0,н/о,,н/о,15.5,15.4,99,15.0,15.0,прохладно,1000.1,995.6,,18.6,2.0,,,2026-07-17 15:00:00,2026-07-17 19:00:00,2026,7
З,2.0,н/о,,н/о,14.9,14.9,100,14.0,14.0,по сезону,1001.1,996.6,,,,,,2026-07-17 18:00:00,2026-07-17 22:00:00,2026,7
С,3.0,н/о,,н/о,16.1,15.1,94,16.0,16.0,тепло,1002.1,997.7,,,,,,2026-07-17 21:00:00,2026-07-18 01:00:00,2026,7
С,3.0,н/о,,н/о,14.6,14.4,99,14.0,14.0,тепло,1004.1,999.6,,,,,,2026-07-18 00:00:00,2026-07-18 04:00:00,2026,7
С,4.0,н/о,,н/о,14.6,13.4,93,13.0,13.0,по сезону,1005.4,1000.9,14.4,,10.0,,,2026-07-18 03:00:00,2026-07-18 07:00:00,2026,7
СЗ,5.0,н/о,,н/о,16.2,13.8,86,15.0,15.0,по сезону,1006.3,1001.8,,,,,,2026-07-18 06:00:00,2026-07-18 10:00:00,2026,7
СЗ,5.0,н/о,,н/о,17.2,14.9,86,17.0,17.0,по сезону,1008.1,1003.7,,,,,,2026-07-18 12:00:00,2026-07-18 16:00:00,2026,7
СЗ,2.0,н/о,,н/о,17.5,16.2,92,18.0,18.0,тепло,1008.6,1004.2,,17.5,,,,2026-07-18 15:00:00,2026-07-18 19:00:00,2026,7
СЗ,3.0,н/о,,н/о,18.2,16.6,90,19.0,19.0,тепло,1009.2,1004.8,,,,,,2026-07-19 00:00:00,2026-07-19 04:00:00,2026,7
СЗ,2.0,н/о,,н/о,19.0,17.3,90,21.0,21.0,комфорт,1009.9,1005.5,17.4,,,,,2026-07-19 03:00:00,2026-07-19 07:00:00,2026,7
СЗ,4.0,н/о,,н/о,21.1,17.8,81,25.0,25.0,комфорт,1010.1,1005.7,,,,,,2026-07-19 06:00:00,2026-07-19 10:00:00,2026,7
С,3.0,н/о,,н/о,22.8,17.9,74,28.0,28.0,душно,1010.1,1005.7,,,,,,2026-07-19 09:00:00,2026-07-19 13:00:00,2026,7
С,4.0,н/о,,н/о,22.9,18.1,74,28.0,28.0,душно,1010.6,1006.2,,,,,,2026-07-19 12:00:00,2026-07-19 16:00:00,2026,7
С,2.0,н/о,,н/о,22.5,18.2,77,28.0,28.0,душно,1010.4,1006.0,,23.7,,,,2026-07-19 15:00:00,2026-07-19 19:00:00,2026,7
СЗ,1.0,н/о,,н/о,18.0,17.4,96,19.0,19.0,тепло,1010.6,1006.2,,,,,,2026-07-19 18:00:00,2026-07-19 22:00:00,2026,7
СЗ,1.0,н/о,,н/о,16.9,16.7,99,18.0,18.0,тепло,1010.3,1005.8,,,,,,2026-07-19 21:00:00,2026-07-20 01:00:00,2026,7
СЗ,2.0,н/о,,н/о,18.6,17.7,95,20.0,20.0,тепло,1010.0,1005.6,,,,,,2026-07-20 00:00:00,2026-07-20 04:00:00,2026,7
СЗ,2.0,н/о,,н/о,20.8,18.8,88,26.0,26.0,душно,1010.6,1006.2,16.8,,,,,2026-07-20 03:00:00,2026-07-20 07:00:00,2026,7
СЗ,3.0,н/о,,н/о,26.0,18.9,65,31.0,31.0,очень  душно,1010.3,1006.0,,,,,,2026-07-20 06:00:00,2026-07-20 10:00:00,2026,7
С,,н/о,,н/о,28.8,15.7,45,32.0,32.0,душно,1009.9,1005.6,,,,,,2026-07-20 09:00:00,2026-07-20 13:00:00,2026,7
С,,н/о,,н/о,29.6,14.5,40,32.0,32.0,душно,1009.6,1005.3,,,,,,2026-07-20 12:00:00,2026-07-20 16:00:00,2026,7
С,3.0,н/о,,н/о,28.2,15.2,45,31.0,31.0,душно,1010.0,1005.7,,29.7,,,,2026-07-20 15:00:00,2026-07-20 19:00:00,2026,7
СЗ,2.0,н/о,,н/о,23.1,16.2,65,28.0,28.0,душно,1011.0,1006.7,,,,,,2026-07-20 18:00:00,2026-07-20 22:00:00,2026,7
СЗ,1.0,н/о,,н/о,18.7,15.9,84,21.0,21.0,комфорт,1011.4,1007.0,,,,,,2026-07-21 00:00:00,2026-07-21 04:00:00,2026,7
СЗ,1.0,н/о,,н/о,22.1,17.8,77,27.0,27.0,душно,1011.8,1007.4,18.4,,,,,2026-07-21 03:00:00,2026-07-21 07:00:00,2026,7
С,2.0,н/о,,н/о,26.9,19.0,62,32.0,32.0,очень  душно,1011.9,1007.6,,,,,,2026-07-21 06:00:00,2026-07-21 10:00:00,2026,7
С,4.0,н/о,,н/о,30.0,16.7,45,34.0,34.0,очень  душно,1011.7,1007.4,,,,,,2026-07-21 09:00:00,2026-07-21 13:00:00,2026,7
СЗ,3.0,н/о,,н/о,30.7,14.2,37,33.0,33.0,душно,1011.3,1007.0,,,,,,2026-07-21 12:00:00,2026-07-21 16:00:00,2026,7
СЗ,2.0,н/о,,н/о,28.6,17.1,50,33.0,33.0,очень  душно,1011.3,1007.0,,30.8,,,,2026-07-21 15:00:00,2026-07-21 19:00:00,2026,7
Ю,1.0,н/о,,н/о,18.6,17.7,95,21.0,21.0,комфорт,1012.3,1007.8,,,,,,2026-07-21 21:00:00,2026-07-22 01:00:00,2026,7
Ю,1.0,н/о,,н/о,17.2,17.1,99,18.0,18.0,тепло,1012.1,1007.6,,,,,,2026-07-22 00:00:00,2026-07-22 04:00:00,2026,7
ЮВ,2.0,н/о,,н/о,31.3,13.3,33,32.0,32.0,жарко,1009.1,1004.8,,33.1,,,,2026-07-22 15:00:00,2026-07-22 19:00:00,2026,7
Ю,1.0,н/о,,н/о,22.6,17.4,72,27.0,27.0,душно,1009.4,1005.1,,,,,,2026-07-22 18:00:00,2026-07-22 22:00:00,2026,7
ЮВ,1.0,н/о,,н/о,22.9,14.8,60,27.0,27.0,душно,1008.9,1004.5,,,,,,2026-07-22 21:00:00,2026-07-23 01:00:00,2026,7
СВ,1.0,н/о,,н/о,21.5,17.4,77,26.0,26.0,душно,1009.7,1005.3,,,,,,2026-07-23 00:00:00,2026-07-23 04:00:00,2026,7
ЮВ,2.0,н/о,,н/о,20.1,19.9,99,24.0,24.0,комфорт,1010.5,1006.1,19.2,,2.0,,,2026-07-23 03:00:00,2026-07-23 07:00:00,2026,7
ЮВ,1.0,н/о,,н/о,28.2,19.3,59,34.0,34.0,очень  душно,1008.8,1004.5,,,,,,2026-07-23 12:00:00,2026-07-23 16:00:00,2026,7
СЗ,1.0,н/о,,н/о,26.6,22.6,79,35.0,35.0,очень  душно,1008.2,1003.9,,29.2,0.8,,,2026-07-23 15:00:00,2026-07-23 19:00:00,2026,7
штиль,0.0,н/о,,н/о,20.8,20.6,99,25.0,25.0,комфорт,1008.8,1004.4,,,,,,2026-07-23 21:00:00,2026-07-24 01:00:00,2026,7
штиль,0.0,н/о,,н/о,19.8,19.8,100,23.0,23.0,комфорт,1008.7,1004.3,,,,,,2026-07-24 00:00:00,2026-07-24 04:00:00,2026,7
Ю,1.0,н/о,,н/о,20.6,20.6,100,26.0,26.0,душно,1009.3,1004.9,19.5,,,,,2026-07-24 03:00:00,2026-07-24 07:00:00,2026,7
ЮВ,1.0,н/о,,н/о,28.6,19.6,58,34.0,34.0,очень  душно,1009.3,1005.0,,,,,,2026-07-24 09:00:00,2026-07-24 13:00:00,2026,7
ЮВ,2.0,н/о,,н/о,33.6,11.9,27,34.0,34.0,очень  жарко,1007.9,1003.7,,,,,,2026-07-24 12:00:00,2026-07-24 16:00:00,2026,7
Ю,1.0,н/о,,н/о,30.1,14.6,39,32.0,32.0,жарко,1007.5,1003.3,,34.1,,,,2026-07-24 15:00:00,2026-07-24 19:00:00,2026,7
штиль,0.0,н/о,,н/о,20.8,19.4,92,25.0,25.0,комфорт,1008.4,1004.0,,,,,,2026-07-24 18:00:00,2026-07-24 22:00:00,2026,7
ЮВ,1.0,н/о,,н/о,22.2,18.6,80,27.0,27.0,душно,1008.6,1004.3,,,,,,2026-07-24 21:00:00,2026-07-25 01:00:00,2026,7
штиль,0.0,н/о,,н/о,20.5,17.6,83,24.0,24.0,комфорт,1008.8,1004.5,,,,,,2026-07-25 00:00:00,2026-07-25 04:00:00,2026,7
С,2.0,н/о,,н/о,22.7,18.2,76,28.0,28.0,душно,1009.7,1005.3,19.0,,0.3,,,2026-07-25 03:00:00,2026-07-25 07:00:00,2026,7
Ю,2.0,н/о,,н/о,29.6,16.2,44,33.0,33.0,душно,1009.8,1005.5,,,,,,2026-07-25 06:00:00,2026-07-25 10:00:00,2026,7
ЮВ,2.0,н/о,,н/о,34.0,13.7,29,35.0,35.0,очень  жарко,1009.8,1005.5,,,,,,2026-07-25 09:00:00,2026-07-25 13:00:00,2026,7
В,2.0,н/о,,н/о,36.6,9.9,20,35.0,35.0,очень  жарко,1009.0,1004.8,,,,,,2026-07-25 12:00:00,2026-07-25 16:00:00,2026,7
ЮВ,2.0,н/о,,н/о,33.2,12.5,28,33.0,33.0,жарко,1009.2,1005.0,,37.0,,,,2026-07-25 15:00:00,2026-07-25 19:00:00,2026,7
штиль,0.0,н/о,,н/о,22.0,16.3,70,26.0,26.0,душно,1009.6,1005.2,,,,,,2026-07-25 18:00:00,2026-07-25 22:00:00,2026,7
В,1.0,н/о,,н/о,19.3,16.1,82,22.0,22.0,комфорт,1010.0,1005.6,,,,,,2026-07-25 21:00:00,2026-07-26 01:00:00,2026,7
ЮВ,2.0,н/о,,н/о,24.3,12.9,49,26.0,26.0,жарко,1010.8,1006.4,,,,,,2026-07-26 00:00:00,2026-07-26 04:00:00,2026,7
В,1.0,н/о,,н/о,23.8,16.2,62,27.0,27.0,жарко,1012.2,1007.8,17.8,,,,,2026-07-26 03:00:00,2026-07-26 07:00:00,2026,7
В,2.0,н/о,,н/о,30.3,14.1,37,32.0,32.0,жарко,1012.6,1008.3,,,,,,2026-07-26 06:00:00,2026-07-26 10:00:00,2026,7
ЮВ,4.0,н/о,,н/о,37.8,8.4,17,36.0,36.0,очень  жарко,1011.9,1007.7,,,,,,2026-07-26 09:00:00,2026-07-26 13:00:00,2026,7
ЮВ,,н/о,,н/о,38.8,6.2,14,36.0,36.0,очень  жарко,1011.2,1007.0,,,,,,2026-07-26 12:00:00,2026-07-26 16:00:00,2026,7
ЮВ,,н/о,,н/о,35.6,10.0,21,34.0,34.0,очень  жарко,1011.0,1006.8,,38.9,,,,2026-07-26 15:00:00,2026-07-26 19:00:00,2026,7
ЮВ,3.0,н/о,,н/о,31.6,10.5,27,31.0,31.0,жарко,1011.3,1007.0,,,,,,2026-07-26 18:00:00,2026-07-26 22:00:00,2026,7
ЮВ,3.0,н/о,,н/о,29.2,11.0,32,30.0,30.0,жарко,1011.6,1007.3,,,,,,2026-07-26 21:00:00,2026-07-27 01:00:00,2026,7
Ю,3.0,н/о,,н/о,26.0,11.7,41,27.0,27.0,жарко,1011.5,1007.2,,,,,,2026-07-27 00:00:00,2026-07-27 04:00:00,2026,7
ЮВ,1.0,н/о,,н/о,26.9,13.2,43,29.0,29.0,жарко,1011.7,1007.4,24.6,,,,,2026-07-27 03:00:00,2026-07-27 07:00:00,2026,7
ЮВ,3.0,н/о,,н/о,34.1,10.0,23,33.0,33.0,жарко,1010.7,1006.5,,,,,,2026-07-27 06:00:00,2026-07-27 10:00:00,2026,7
Ю,,н/о,,н/о,36.3,5.2,15,34.0,34.0,очень  жарко,1009.7,1005.5,,,,,,2026-07-27 09:00:00,2026-07-27 13:00:00,2026,7
ЮВ,,н/о,,н/о,35.1,7.2,18,33.0,33.0,жарко,1008.7,1004.5,,,,,,2026-07-27 12:00:00,2026-07-27 16:00:00,2026,7
З,2.0,н/о,,н/о,31.4,8.8,25,31.0,31.0,жарко,1008.1,1003.8,,37.8,,,,2026-07-27 15:00:00,2026-07-27 19:00:00,2026,7
Ю,2.0,н/о,,н/о,21.8,20.2,91,28.0,28.0,душно,1010.3,1005.9,,,,,,2026-07-27 18:00:00,2026-07-27 22:00:00,2026,7
Ю,2.0,н/о,,н/о,21.5,19.3,87,26.0,26.0,душно,1010.1,1005.7,,,,,,2026-07-27 21:00:00,2026-07-28 01:00:00,2026,7
Ю,2.0,н/о,,н/о,20.0,18.2,89,24.0,24.0,комфорт,1010.2,1005.8,,,,,,2026-07-28 00:00:00,2026-07-28 04:00:00,2026,7
Ю,2.0,н/о,,н/о,21.5,18.8,85,26.0,26.0,душно,1011.9,1007.5,19.3,,2.0,,,2026-07-28 03:00:00,2026-07-28 07:00:00,2026,7
З,2.0,н/о,,н/о,23.5,18.8,75,28.0,28.0,душно,1012.8,1008.4,,,,,,2026-07-28 06:00:00,2026-07-28 10:00:00,2026,7
ЮЗ,3.0,н/о,,н/о,26.2,18.7,63,31.0,31.0,очень  душно,1013.3,1009.0,,,,,,2026-07-28 09:00:00,2026-07-28 13:00:00,2026,7
СЗ,2.0,н/о,,н/о,26.9,17.6,57,31.0,31.0,душно,1013.3,1009.0,,,,,,2026-07-28 12:00:00,2026-07-28 16:00:00,2026,7
СЗ,2.0,н/о,,н/о,26.6,16.7,55,30.0,30.0,душно,1013.4,1009.1,,27.7,0.3,,,2026-07-28 15:00:00,2026-07-28 19:00:00,2026,7
штиль,0.0,н/о,,н/о,18.6,16.1,85,19.0,19.0,тепло,1014.2,1009.7,,,,,,2026-07-28 18:00:00,2026-07-28 22:00:00,2026,7
Ю,1.0,н/о,,н/о,16.2,15.5,96,17.0,17.0,тепло,1014.2,1009.7,,,,,,2026-07-28 21:00:00,2026-07-29 01:00:00,2026,7
Ю,1.0,н/о,,н/о,14.6,14.6,100,15.0,15.0,тепло,1014.5,1009.9,,,,,,2026-07-29 00:00:00,2026-07-29 04:00:00,2026,7
В,1.0,н/о,,н/о,19.9,19.0,95,24.0,24.0,комфорт,1013.8,1009.3,14.0,,,,,2026-07-29 03:00:00,2026-07-29 07:00:00,2026,7
В,1.0,н/о,,н/о,26.6,16.8,55,30.0,30.0,душно,1013.1,1008.8,,,,,,2026-07-29 06:00:00,2026-07-29 10:00:00,2026,7
СВ,2.0,н/о,,н/о,28.9,12.4,36,30.0,30.0,жарко,1012.1,1007.8,,,,,,2026-07-29 09:00:00,2026-07-29 13:00:00,2026,7
СВ,2.0,н/о,,н/о,29.7,10.1,30,30.0,30.0,жарко,1011.1,1006.8,,,,,,2026-07-29 12:00:00,2026-07-29 16:00:00,2026,7
С,1.0,н/о,,н/о,28.2,13.4,40,30.0,30.0,жарко,1009.9,1005.6,,29.9,,,,2026-07-29 15:00:00,2026-07-29 19:00:00,2026,7
ЮВ,1.0,н/о,,н/о,21.0,16.1,74,26.0,26.0,душно,1009.2,1004.8,,,,,,2026-07-29 18:00:00,2026-07-29 22:00:00,2026,7
З,,н/о,,н/о,22.8,16.2,66,27.0,27.0,душно,1008.5,1004.1,,,,,,2026-07-29 21:00:00,2026-07-30 01:00:00,2026,7
В,,н/о,,н/о,17.3,17.3,100,18.0,18.0,тепло,1008.2,1003.7,,,,,,2026-07-30 00:00:00,2026-07-30 04:00:00,2026,7
Ю,2.0,н/о,,н/о,17.9,17.9,100,18.0,18.0,по сезону,1007.5,1003.1,16.5,,5.0,,,2026-07-30 03:00:00,2026-07-30 07:00:00,2026,7
ЮЗ,2.0,н/о,,н/о,21.3,17.9,81,25.0,25.0,комфорт,1008.0,1003.6,,,,,,2026-07-30 06:00:00,2026-07-30 10:00:00,2026,7
ЮЗ,3.0,н/о,,н/о,24.2,10.7,43,25.0,25.0,комфорт,1008.2,1003.9,,,,,,2026-07-30 09:00:00,2026-07-30 13:00:00,2026,7
З,,н/о,,н/о,23.4,10.7,45,26.0,26.0,жарко,1008.2,1003.9,,,,,,2026-07-30 12:00:00,2026-07-30 16:00:00,2026,7
ЮЗ,3.0,н/о,,н/о,21.9,10.4,48,24.0,24.0,комфорт,1008.6,1004.2,,24.5,0.3,,,2026-07-30 15:00:00,2026-07-30 19:00:00,2026,7
ЮЗ,4.0,н/о,,н/о,19.4,11.9,62,21.0,21.0,комфорт,1009.1,1004.7,,,,,,2026-07-30 18:00:00,2026-07-30 22:00:00,2026,7
Ю,2.0,н/о,,н/о,16.1,14.7,91,16.0,16.0,по сезону,1007.9,1003.4,,,,,,2026-07-30 21:00:00,2026-07-31 01:00:00,2026,7
Ю,2.0,н/о,,н/о,15.9,13.8,87,16.0,16.0,по сезону,1006.7,1002.2,,,,,,2026-07-31 00:00:00,2026-07-31 04:00:00,2026,7
Ю,1.0,н/о,,н/о,15.3,15.3,100,16.0,16.0,прохладно,1006.2,1001.7,14.9,,3.0,,,2026-07-31 03:00:00,2026-07-31 07:00:00,2026,7
Ю,2.0,н/о,,н/о,17.3,16.9,97,18.0,18.0,прохладно,1005.7,1001.2,,,,,,2026-07-31 06:00:00,2026-07-31 10:00:00,2026,7
З,1.0,н/о,,н/о,19.1,16.4,84,22.0,22.0,комфорт,1005.5,1001.1,,,,,,2026-07-31 09:00:00,2026-07-31 13:00:00,2026,7
С,4.0,н/о,,н/о,19.9,16.6,81,22.0,22.0,комфорт,1006.1,1001.7,,,,,,2026-07-31 12:00:00,2026-07-31 16:00:00,2026,7
З,1.0,н/о,,н/о,21.7,15.5,68,25.0,25.0,комфорт,1006.5,1002.2,,22.2,4.0,,,2026-07-31 15:00:00,2026-07-31 19:00:00,2026,7
Ю,3.0,н/о,,н/о,25.1,-1.2,18,23.0,23.0,комфорт,1016.1,1011.7,,,,,,2026-09-04 09:00:00,2026-09-04 13:00:00,2026,9
Ю,3.0,н/о,,н/о,27.7,-2.4,14,25.0,25.0,комфорт,1014.9,1010.6,,,,,,2026-09-04 12:00:00,2026-09-04 16:00:00,2026,9
Ю,2.0,н/о,,н/о,24.0,-0.1,20,23.0,23.0,комфорт,1014.7,1010.3,,,,,,2026-09-04 15:00:00,2026-09-04 19:00:00,2026,9
Ю,1.0,н/о,,н/о,17.6,4.3,41,19.0,19.0,тепло,1014.6,1010.1,,,,,,2026-09-04 18:00:00,2026-09-04 22:00:00,2026,9
Ю,2.0,н/о,,н/о,18.1,3.4,38,19.0,19.0,тепло,1013.3,1008.8,,,,,,2026-09-04 21:00:00,2026-09-05 01:00:00,2026,9
Ю,1.0,н/о,,н/о,16.5,8.6,60,17.0,17.0,тепло,1012.6,1008.1,,,,,,2026-09-05 00:00:00,2026-09-05 04:00:00,2026,9
Ю,2.0,н/о,,н/о,17.2,5.6,46,18.0,18.0,тепло,1012.6,1008.1,13.6,,,,,2026-09-05 03:00:00,2026-09-05 07:00:00,2026,9
Ю,4.0,н/о,,н/о,23.2,2.4,26,23.0,23.0,комфорт,1012.1,1007.7,,,,,,2026-09-05 06:00:00,2026-09-05 10:00:00,2026,9
ЮЗ,,н/о,,н/о,28.8,4.1,21,27.0,27.0,жарко,1010.6,1006.3,,,,,,2026-09-05 09:00:00,2026-09-05 13:00:00,2026,9
ЮЗ,,н/о,,н/о,29.1,6.9,25,28.0,28.0,жарко,1009.6,1005.3,,,,,,2026-09-05 12:00:00,2026-09-05 16:00:00,2026,9
ЮЗ,,н/о,,н/о,24.8,9.3,37,25.0,25.0,комфорт,1009.0,1004.7,,29.7,,,,2026-09-05 15:00:00,2026-09-05 19:00:00,2026,9
Ю,2.0,н/о,,н/о,20.9,9.7,49,23.0,23.0,комфорт,1009.4,1005.0,,,,,,2026-09-05 18:00:00,2026-09-05 22:00:00,2026,9
Ю,3.0,н/о,,н/о,22.4,9.8,45,24.0,24.0,комфорт,1008.6,1004.2,,,,,,2026-09-05 21:00:00,2026-09-06 01:00:00,2026,9
Ю,4.0,н/о,,н/о,21.0,10.5,51,23.0,23.0,комфорт,1007.3,1002.9,,,,,,2026-09-06 00:00:00,2026-09-06 04:00:00,2026,9
Ю,3.0,н/о,,н/о,20.0,9.9,52,22.0,22.0,комфорт,1007.3,1002.9,19.9,,,,,2026-09-06 03:00:00,2026-09-06 07:00:00,2026,9
Ю,4.0,н/о,,н/о,22.8,10.7,46,25.0,25.0,комфорт,1006.6,1002.2,,,,,,2026-09-06 06:00:00,2026-09-06 10:00:00,2026,9
СЗ,3.0,н/о,,н/о,21.8,12.5,55,24.0,24.0,комфорт,1006.9,1002.5,,,,,,2026-09-06 09:00:00,2026-09-06 13:00:00,2026,9
З,,н/о,,н/о,18.5,17.0,91,20.0,20.0,тепло,1007.9,1003.5,,,,,,2026-09-06 12:00:00,2026-09-06 16:00:00,2026,9
штиль,0.0,н/о,,н/о,16.5,16.4,99,16.0,16.0,по сезону,1008.2,1003.8,,24.1,4.0,,,2026-09-06 15:00:00,2026-09-06 19:00:00,2026,9
Ю,1.0,н/о,,н/о,16.7,16.7,100,18.0,18.0,тепло,1008.1,1003.7,,,,,,2026-09-06 18:00:00,2026-09-06 22:00:00,2026,9
штиль,0.0,н/о,,н/о,16.1,16.1,100,16.0,16.0,тепло,1008.2,1003.7,,,,,,2026-09-06 21:00:00,2026-09-07 01:00:00,2026,9
Ю,2.0,н/о,,н/о,16.1,16.1,100,16.0,16.0,тепло,1007.7,1003.2,,,,,,2026-09-07 00:00:00,2026-09-07 04:00:00,2026,9
Ю,1.0,н/о,,н/о,14.9,14.9,100,15.0,15.0,тепло,1008.2,1003.8,14.9,,11.0,,,2026-09-07 03:00:00,2026-09-07 07:00:00,2026,9
Ю,1.0,н/о,,н/о,15.1,15.1,100,16.0,16.0,тепло,1008.2,1003.7,,,,,,2026-09-07 06:00:00,2026-09-07 10:00:00,2026,9
ЮВ,1.0,н/о,,н/о,15.5,15.5,100,16.0,16.0,тепло,1007.9,1003.4,,,,,,2026-09-07 09:00:00,2026-09-07 13:00:00,2026,9
В,1.0,н/о,,н/о,15.4,15.4,100,16.0,16.0,по сезону,1007.5,1003.0,,,,,,2026-09-07 12:00:00,2026-09-07 16:00:00,2026,9
штиль,0.0,н/о,,н/о,14.4,14.4,100,14.0,14.0,по сезону,1006.5,1002.0,,15.8,7.0,,,2026-09-07 15:00:00,2026-09-07 19:00:00,2026,9
С,2.0,н/о,,н/о,13.8,13.8,100,13.0,13.0,тепло,1006.1,1001.6,,,,,,2026-09-07 18:00:00,2026-09-07 22:00:00,2026,9
С,2.0,н/о,,н/о,13.4,13.4,100,13.0,13.0,тепло,1004.3,999.8,,,,,,2026-09-07 21:00:00,2026-09-08 01:00:00,2026,9
С,3.0,н/о,,н/о,13.2,13.1,99,12.0,12.0,тепло,1002.5,998.0,,,,,,2026-09-08 00:00:00,2026-09-08 04:00:00,2026,9
С,,н/о,,н/о,12.9,12.9,100,11.0,11.0,тепло,1001.0,996.5,12.8,,15.0,,,2026-09-08 03:00:00,2026-09-08 07:00:00,2026,9
СЗ,3.0,н/о,,н/о,13.0,13.0,100,11.0,11.0,по сезону,999.2,994.7,,,,,,2026-09-08 06:00:00,2026-09-08 10:00:00,2026,9
С,,н/о,,н/о,13.7,13.7,100,11.0,11.0,по сезону,996.5,992.1,,,,,,2026-09-08 09:00:00,2026-09-08 13:00:00,2026,9
С,,н/о,,н/о,15.1,15.1,100,14.0,14.0,по сезону,995.9,991.5,,,,,,2026-09-08 12:00:00,2026-09-08 16:00:00,2026,9
СЗ,2.0,н/о,,н/о,13.8,13.8,100,13.0,13.0,тепло,996.8,992.3,,15.7,34.0,,,2026-09-08 15:00:00,2026-09-08 19:00:00,2026,9
З,2.0,н/о,,н/о,12.7,12.7,100,12.0,12.0,тепло,997.7,993.2,,,,,,2026-09-08 18:00:00,2026-09-08 22:00:00,2026,9
Ю,2.0,н/о,,н/о,11.5,11.5,100,10.0,10.0,тепло,998.1,993.6,,,,,,2026-09-08 21:00:00,2026-09-09 01:00:00,2026,9
Ю,2.0,н/о,,н/о,11.2,11.2,100,10.0,10.0,тепло,998.8,994.3,,,,,,2026-09-09 00:00:00,2026-09-09 04:00:00,2026,9
В,1.0,н/о,,н/о,10.9,10.9,100,10.0,10.0,тепло,1000.1,995.6,10.9,,7.0,,,2026-09-09 03:00:00,2026-09-09 07:00:00,2026,9
СВ,2.0,н/о,,н/о,11.8,11.2,96,11.0,11.0,тепло,1001.2,996.7,,,,,,2026-09-09 06:00:00,2026-09-09 10:00:00,2026,9
СВ,1.0,н/о,,н/о,13.1,11.1,88,13.0,13.0,тепло,1002.3,997.8,,,,,,2026-09-09 09:00:00,2026-09-09 13:00:00,2026,9
С,3.0,н/о,,н/о,13.9,11.1,83,13.0,13.0,по сезону,1003.9,999.4,,,,,,2026-09-09 12:00:00,2026-09-09 16:00:00,2026,9
С,1.0,н/о,,н/о,13.2,10.6,84,13.0,13.0,тепло,1005.5,1001.0,,14.0,,,,2026-09-09 15:00:00,2026-09-09 19:00:00,2026,9
СЗ,2.0,н/о,,н/о,10.7,10.0,95,9.0,9.0,по сезону,1006.7,1002.1,,,,,,2026-09-09 18:00:00,2026-09-09 22:00:00,2026,9
СЗ,3.0,н/о,,н/о,11.4,11.0,97,9.0,9.0,тепло,1007.0,1002.5,,,,,,2026-09-09 21:00:00,2026-09-10 01:00:00,2026,9
С,3.0,н/о,,н/о,11.2,11.2,100,9.0,9.0,по сезону,1008.4,1003.8,,,,,,2026-09-10 00:00:00,2026-09-10 04:00:00,2026,9
С,4.0,н/о,,н/о,11.0,11.0,100,8.0,8.0,прохладно,1010.6,1006.0,9.7,,2.0,,,2026-09-10 03:00:00,2026-09-10 07:00:00,2026,9
СВ,3.0,н/о,,н/о,11.9,11.0,94,10.0,10.0,прохладно,1012.0,1007.5,,,,,,2026-09-10 06:00:00,2026-09-10 10:00:00,2026,9
С,4.0,н/о,,н/о,12.9,10.9,88,11.0,11.0,холодно,1013.7,1009.2,,,,,,2026-09-10 09:00:00,2026-09-10 13:00:00,2026,9
С,3.0,н/о,,н/о,14.0,11.1,83,13.0,13.0,холодно,1014.9,1010.4,,,,,,2026-09-10 12:00:00,2026-09-10 16:00:00,2026,9
С,3.0,н/о,,н/о,13.3,11.5,89,12.0,12.0,прохладно,1016.4,1011.8,,14.9,0.3,,,2026-09-10 15:00:00,2026-09-10 19:00:00,2026,9
С,2.0,н/о,,н/о,12.5,11.5,94,11.0,11.0,по сезону,1017.6,1013.0,,,,,,2026-09-10 18:00:00,2026-09-10 22:00:00,2026,9
С,2.0,н/о,,н/о,11.8,11.7,99,11.0,11.0,по сезону,1018.0,1013.4,,,,,,2026-09-10 21:00:00,2026-09-11 01:00:00,2026,9
СЗ,1.0,н/о,,н/о,11.2,11.2,100,11.0,11.0,тепло,1018.9,1014.3,,,,,,2026-09-11 00:00:00,2026-09-11 04:00:00,2026,9
штиль,0.0,н/о,,н/о,11.5,11.5,100,11.0,11.0,по сезону,1019.3,1014.8,9.9,,,,,2026-09-11 03:00:00,2026-09-11 07:00:00,2026,9
З,1.0,н/о,,н/о,13.0,12.4,96,13.0,13.0,по сезону,1019.6,1015.0,,,,,,2026-09-11 06:00:00,2026-09-11 10:00:00,2026,9
ЮВ,1.0,н/о,,н/о,16.5,11.9,74,17.0,17.0,тепло,1019.2,1014.7,,,,,,2026-09-11 09:00:00,2026-09-11 13:00:00,2026,9
СЗ,1.0,н/о,,н/о,17.0,12.4,74,18.0,18.0,по сезону,1018.3,1013.8,,,,,,2026-09-11 12:00:00,2026-09-11 16:00:00,2026,9
ЮЗ,1.0,н/о,,н/о,13.1,11.4,89,13.0,13.0,по сезону,1017.4,1012.9,,18.1,,,,2026-09-11 15:00:00,2026-09-11 19:00:00,2026,9
Ю,2.0,н/о,,н/о,11.6,10.8,95,10.0,10.0,по сезону,1016.4,1011.8,,,,,,2026-09-11 18:00:00,2026-09-11 22:00:00,2026,9
Ю,2.0,н/о,,н/о,11.6,11.5,99,10.0,10.0,по сезону,1014.6,1010.0,,,,,,2026-09-11 21:00:00,2026-09-12 01:00:00,2026,9
Ю,3.0,н/о,,н/о,11.9,11.9,100,10.0,10.0,тепло,1012.8,1008.3,,,,,,2026-09-12 00:00:00,2026-09-12 04:00:00,2026,9
З,1.0,н/о,,н/о,13.2,13.2,100,13.0,13.0,тепло,1012.5,1007.9,10.6,,9.0,,,2026-09-12 03:00:00,2026-09-12 07:00:00,2026,9
СЗ,3.0,н/о,,н/о,15.4,13.1,86,15.0,15.0,тепло,1013.2,1008.7,,,,,,2026-09-12 06:00:00,2026-09-12 10:00:00,2026,9
СЗ,4.0,н/о,,н/о,17.2,11.5,69,17.0,17.0,тепло,1013.8,1009.3,,,,,,2026-09-12 09:00:00,2026-09-12 13:00:00,2026,9
СЗ,3.0,н/о,,н/о,17.4,10.1,62,17.0,17.0,по сезону,1014.6,1010.1,,,,,,2026-09-12 12:00:00,2026-09-12 16:00:00,2026,9
З,2.0,н/о,,н/о,15.4,10.0,70,15.0,15.0,по сезону,1015.4,1010.9,,18.0,0.3,,,2026-09-12 15:00:00,2026-09-12 19:00:00,2026,9
З,1.0,н/о,,н/о,13.7,10.0,78,14.0,14.0,тепло,1016.4,1011.8,,,,,,2026-09-12 18:00:00,2026-09-12 22:00:00,2026,9
З,1.0,н/о,,н/о,11.6,9.9,89,11.0,11.0,тепло,1016.7,1012.1,,,,,,2026-09-12 21:00:00,2026-09-13 01:00:00,2026,9
З,2.0,н/о,,н/о,11.5,9.9,90,10.0,10.0,тепло,1017.2,1012.6,,,,,,2026-09-13 00:00:00,2026-09-13 04:00:00,2026,9
ЮЗ,2.0,н/о,,н/о,11.0,9.8,92,10.0,10.0,по сезону,1018.0,1013.4,10.6,,,,,2026-09-13 03:00:00,2026-09-13 07:00:00,2026,9
З,2.0,н/о,,н/о,15.9,11.7,76,16.0,16.0,тепло,1018.4,1013.9,,,,,,2026-09-13 06:00:00,2026-09-13 10:00:00,2026,9
З,3.0,н/о,,н/о,19.2,10.4,57,20.0,20.0,тепло,1018.1,1013.6,,,,,,2026-09-13 09:00:00,2026-09-13 13:00:00,2026,9
ЮЗ,3.0,н/о,,н/о,19.7,9.8,53,21.0,21.0,комфорт,1017.9,1013.4,,,,,,2026-09-13 12:00:00,2026-09-13 16:00:00,2026,9
ЮЗ,1.0,н/о,,н/о,16.7,11.6,72,18.0,18.0,тепло,1018.0,1013.5,,20.1,,,,2026-09-13 15:00:00,2026-09-13 19:00:00,2026,9
З,1.0,н/о,,н/о,15.5,11.3,76,16.0,16.0,тепло,1018.5,1014.0,,,,,,2026-09-13 18:00:00,2026-09-13 22:00:00,2026,9
штиль,0.0,н/о,,н/о,12.1,10.6,91,11.0,11.0,тепло,1018.5,1013.9,,,,,,2026-09-13 21:00:00,2026-09-14 01:00:00,2026,9
штиль,0.0,н/о,,н/о,10.4,10.4,100,10.0,10.0,тепло,1018.9,1014.3,,,,,,2026-09-14 00:00:00,2026-09-14 04:00:00,2026,9
штиль,0.0,н/о,,н/о,10.2,10.2,100,9.0,9.0,по сезону,1019.6,1015.0,9.7,,,,,2026-09-14 03:00:00,2026-09-14 07:00:00,2026,9
штиль,0.0,н/о,,н/о,16.8,14.0,84,17.0,17.0,тепло,1020.0,1015.5,,,,,,2026-09-14 06:00:00,2026-09-14 10:00:00,2026,9
СВ,2.0,н/о,,н/о,17.9,13.1,73,18.0,18.0,тепло,1020.0,1015.5,,,,,,2026-09-14 09:00:00,2026-09-14 13:00:00,2026,9
СВ,1.0,н/о,,н/о,19.1,10.1,56,21.0,21.0,комфорт,1019.6,1015.2,,,,,,2026-09-14 12:00:00,2026-09-14 16:00:00,2026,9
штиль,0.0,н/о,,н/о,15.0,13.7,92,15.0,15.0,тепло,1019.5,1014.9,,19.5,,,,2026-09-14 15:00:00,2026-09-14 19:00:00,2026,9
штиль,0.0,н/о,,н/о,12.6,12.3,98,12.0,12.0,тепло,1019.8,1015.2,,,,,,2026-09-14 18:00:00,2026-09-14 22:00:00,2026,9
Ю,1.0,н/о,,н/о,12.6,12.6,100,12.0,12.0,тепло,1019.7,1015.2,,,,,,2026-09-14 21:00:00,2026-09-15 01:00:00,2026,9
ЮВ,1.0,н/о,,н/о,13.3,13.3,100,13.0,13.0,тепло,1019.3,1014.8,,,,,,2026-09-15 00:00:00,2026-09-15 04:00:00,2026,9
В,1.0,н/о,,н/о,13.5,13.5,100,14.0,14.0,тепло,1018.7,1014.2,12.3,,,,,2026-09-15 03:00:00,2026-09-15 07:00:00,2026,9
СВ,2.0,н/о,,н/о,17.9,14.8,82,18.0,18.0,тепло,1018.0,1013.5,,,,,,2026-09-15 06:00:00,2026-09-15 10:00:00,2026,9
СВ,3.0,н/о,,н/о,22.1,16.5,71,26.0,26.0,душно,1016.1,1011.7,,,,,,2026-09-15 09:00:00,2026-09-15 13:00:00,2026,9
В,2.0,н/о,,н/о,24.4,16.7,62,28.0,28.0,душно,1014.4,1010.0,,,,,,2026-09-15 12:00:00,2026-09-15 16:00:00,2026,9
В,1.0,н/о,,н/о,19.7,16.0,79,23.0,23.0,комфорт,1013.1,1008.7,,24.5,,,,2026-09-15 15:00:00,2026-09-15 19:00:00,2026,9
В,2.0,н/о,,н/о,18.1,15.7,86,19.0,19.0,тепло,1012.2,1007.8,,,,,,2026-09-15 18:00:00,2026-09-15 22:00:00,2026,9
ЮВ,1.0,н/о,,н/о,16.8,15.1,90,18.0,18.0,тепло,1010.5,1006.0,,,,,,2026-09-15 21:00:00,2026-09-16 01:00:00,2026,9
ЮВ,1.0,н/о,,н/о,15.1,14.5,96,16.0,16.0,тепло,1009.2,1004.8,,,,,,2026-09-16 00:00:00,2026-09-16 04:00:00,2026,9
Ю,3.0,н/о,,н/о,15.9,14.5,91,15.0,15.0,тепло,1009.4,1004.9,15.0,,,,,2026-09-16 03:00:00,2026-09-16 07:00:00,2026,9
Ю,4.0,н/о,,н/о,19.1,16.0,82,21.0,21.0,комфорт,1010.0,1005.5,,,,,,2026-09-16 06:00:00,2026-09-16 10:00:00,2026,9
Ю,4.0,н/о,,н/о,22.0,13.8,60,25.0,25.0,комфорт,1009.3,1004.9,,,,,,2026-09-16 09:00:00,2026-09-16 13:00:00,2026,9
ЮЗ,,н/о,,н/о,21.3,14.0,63,24.0,24.0,комфорт,1008.6,1004.2,,,,,,2026-09-16 12:00:00,2026-09-16 16:00:00,2026,9
ЮЗ,1.0,н/о,,н/о,18.6,15.2,81,21.0,21.0,комфорт,1009.0,1004.5,,23.2,,,,2026-09-16 15:00:00,2026-09-16 19:00:00,2026,9
ЮЗ,2.0,н/о,,н/о,17.6,15.2,86,18.0,18.0,тепло,1009.2,1004.8,,,,,,2026-09-16 18:00:00,2026-09-16 22:00:00,2026,9
СЗ,2.0,н/о,,н/о,15.7,14.9,95,16.0,16.0,тепло,1009.8,1005.3,,,,,,2026-09-16 21:00:00,2026-09-17 01:00:00,2026,9
СЗ,1.0,н/о,,н/о,14.8,13.4,91,15.0,15.0,тепло,1010.8,1006.3,,,,,,2026-09-17 00:00:00,2026-09-17 04:00:00,2026,9
СЗ,2.0,н/о,,н/о,14.2,13.3,94,14.0,14.0,тепло,1011.9,1007.4,14.2,,,,,2026-09-17 03:00:00,2026-09-17 07:00:00,2026,9
С,4.0,н/о,,н/о,14.9,13.4,91,14.0,14.0,тепло,1013.2,1008.7,14.2,,,,,2026-09-17 06:00:00,2026-09-17 10:00:00,2026,9
С,3.0,н/о,,н/о,15.4,13.1,86,15.0,15.0,тепло,1014.2,1009.7,,,,,,2026-09-17 09:00:00,2026-09-17 13:00:00,2026,9
С,3.0,н/о,,н/о,15.2,12.5,84,14.0,14.0,по сезону,1015.3,1010.8,,,,,,2026-09-17 12:00:00,2026-09-17 16:00:00,2026,9
СВ,1.0,н/о,,н/о,14.5,12.0,85,15.0,15.0,тепло,1016.0,1011.5,,15.7,,,,2026-09-17 15:00:00,2026-09-17 19:00:00,2026,9
З,1.0,н/о,,н/о,9.8,9.6,99,9.0,9.0,по сезону,1017.1,1012.5,,,,,,2026-09-17 18:00:00,2026-09-17 22:00:00,2026,9
СЗ,1.0,н/о,,н/о,8.7,8.7,100,8.0,8.0,по сезону,1017.6,1013.0,,,,,,2026-09-17 21:00:00,2026-09-18 01:00:00,2026,9
Ю,1.0,н/о,,н/о,7.0,7.0,100,6.0,6.0,по сезону,1018.2,1013.5,,,,,,2026-09-18 00:00:00,2026-09-18 04:00:00,2026,9
Ю,1.0,н/о,,н/о,5.7,5.7,100,4.0,4.0,по сезону,1019.0,1014.3,5.4,,,,,2026-09-18 03:00:00,2026-09-18 07:00:00,2026,9
штиль,0.0,н/о,,н/о,13.7,12.8,94,13.0,13.0,тепло,1019.1,1014.6,,,,,,2026-09-18 06:00:00,2026-09-18 10:00:00,2026,9
СЗ,3.0,н/о,,н/о,17.6,9.8,60,18.0,18.0,тепло,1019.2,1014.7,,,,,,2026-09-18 09:00:00,2026-09-18 13:00:00,2026,9
СЗ,1.0,н/о,,н/о,18.8,10.1,57,21.0,21.0,комфорт,1018.7,1014.2,,,,,,2026-09-18 12:00:00,2026-09-18 16:00:00,2026,9
штиль,0.0,н/о,,н/о,12.6,11.0,90,12.0,12.0,тепло,1019.2,1014.6,,19.0,,,,2026-09-18 15:00:00,2026-09-18 19:00:00,2026,9
штиль,0.0,н/о,,н/о,8.1,8.0,99,7.0,7.0,по сезону,1020.0,1015.4,,,,,,2026-09-18 18:00:00,2026-09-18 22:00:00,2026,9
Ю,1.0,н/о,,н/о,7.1,7.1,100,6.0,6.0,по сезону,1020.9,1016.2,,,,,,2026-09-18 21:00:00,2026-09-19 01:00:00,2026,9
Ю,1.0,н/о,,н/о,6.3,6.3,100,5.0,5.0,по сезону,1021.6,1016.9,,,,,,2026-09-19 00:00:00,2026-09-19 04:00:00,2026,9
ЮВ,1.0,н/о,,н/о,5.4,5.4,100,4.0,4.0,по сезону,1022.1,1017.4,3.9,,,,,2026-09-19 03:00:00,2026-09-19 07:00:00,2026,9
штиль,0.0,н/о,,н/о,15.6,12.2,80,15.0,15.0,тепло,1022.7,1018.2,,,,,,2026-09-19 06:00:00,2026-09-19 10:00:00,2026,9
З,2.0,н/о,,н/о,21.4,9.6,47,23.0,23.0,комфорт,1022.3,1017.9,,,,,,2026-09-19 09:00:00,2026-09-19 13:00:00,2026,9
СЗ,2.0,н/о,,н/о,21.5,9.3,46,23.0,23.0,комфорт,1021.9,1017.5,,,,,,2026-09-19 12:00:00,2026-09-19 16:00:00,2026,9
ЮЗ,1.0,н/о,,н/о,14.2,12.1,87,15.0,15.0,тепло,1022.6,1018.0,,22.5,,,,2026-09-19 15:00:00,2026-09-19 19:00:00,2026,9
штиль,0.0,н/о,,н/о,9.6,9.0,96,9.0,9.0,тепло,1023.2,1018.6,,,,,,2026-09-19 18:00:00,2026-09-19 22:00:00,2026,9
ЮВ,1.0,н/о,,н/о,8.5,8.5,100,8.0,8.0,тепло,1023.6,1018.9,,,,,,2026-09-19 21:00:00,2026-09-20 01:00:00,2026,9
штиль,0.0,н/о,,н/о,6.8,6.8,100,6.0,6.0,по сезону,1023.9,1019.2,,,,,,2026-09-20 00:00:00,2026-09-20 04:00:00,2026,9
ЮВ,1.0,н/о,,н/о,6.8,6.8,100,6.0,6.0,по сезону,1024.5,1019.8,5.8,,,,,2026-09-20 03:00:00,2026-09-20 07:00:00,2026,9
штиль,0.0,н/о,,н/о,17.2,14.0,81,17.0,17.0,тепло,1024.5,1020.0,,,,,,2026-09-20 06:00:00,2026-09-20 10:00:00,2026,9
ЮЗ,1.0,н/о,,н/о,23.1,12.3,51,26.0,26.0,жарко,1024.0,1019.6,,,,,,2026-09-20 09:00:00,2026-09-20 13:00:00,2026,9
З,1.0,н/о,,н/о,23.6,8.7,39,24.0,24.0,комфорт,1023.0,1018.6,,,,,,2026-09-20 12:00:00,2026-09-20 16:00:00,2026,9
ЮЗ,1.0,н/о,,н/о,15.6,13.8,89,16.0,16.0,тепло,1023.0,1018.5,,24.6,,,,2026-09-20 15:00:00,2026-09-20 19:00:00,2026,9
Ю,2.0,н/о,,н/о,13.2,11.6,90,12.0,12.0,тепло,1023.2,1018.6,,,,,,2026-09-20 18:00:00,2026-09-20 22:00:00,2026,9
СЗ,1.0,н/о,,н/о,9.1,8.9,99,8.0,8.0,по сезону,1023.2,1018.5,,,,,,2026-09-20 21:00:00,2026-09-21 01:00:00,2026,9
штиль,0.0,н/о,,н/о,8.6,8.6,100,8.0,8.0,по сезону,1023.1,1018.4,,,,,,2026-09-21 00:00:00,2026-09-21 04:00:00,2026,9
ЮВ,1.0,н/о,,н/о,7.9,7.9,100,7.0,7.0,по сезону,1023.0,1018.3,7.4,,,,,2026-09-21 03:00:00,2026-09-21 07:00:00,2026,9
Ю,1.0,н/о,,н/о,18.8,12.3,66,21.0,21.0,комфорт,1022.6,1018.1,,,,,,2026-09-21 06:00:00,2026-09-21 10:00:00,2026,9
ЮЗ,2.0,н/о,,н/о,23.9,9.0,39,25.0,25.0,комфорт,1022.1,1017.7,,,,,,2026-09-21 09:00:00,2026-09-21 13:00:00,2026,9
С,2.0,н/о,,н/о,24.0,11.2,45,25.0,25.0,комфорт,1021.3,1016.9,,,,,,2026-09-21 12:00:00,2026-09-21 16:00:00,2026,9
ЮЗ,1.0,н/о,,н/о,16.2,14.4,89,17.0,17.0,тепло,1021.2,1016.7,,25.6,,,,2026-09-21 15:00:00,2026-09-21 19:00:00,2026,9
ЮВ,1.0,н/о,,н/о,13.5,12.9,96,14.0,14.0,тепло,1021.7,1017.1,,,,,,2026-09-21 18:00:00,2026-09-21 22:00:00,2026,9
ЮВ,1.0,н/о,,н/о,10.7,10.6,99,10.0,10.0,тепло,1022.0,1017.4,,,,,,2026-09-21 21:00:00,2026-09-22 01:00:00,2026,9
Ю,1.0,н/о,,н/о,9.3,9.3,100,8.0,8.0,по сезону,1022.3,1017.7,,,,,,2026-09-22 00:00:00,2026-09-22 04:00:00,2026,9
ЮВ,1.0,н/о,,н/о,9.9,9.9,100,9.0,9.0,по сезону,1022.3,1017.7,8.2,,,,,2026-09-22 03:00:00,2026-09-22 07:00:00,2026,9
В,2.0,н/о,,н/о,15.9,11.6,76,16.0,16.0,тепло,1022.0,1017.5,,,,,,2026-09-22 06:00:00,2026-09-22 10:00:00,2026,9
В,3.0,н/о,,н/о,23.7,9.3,40,25.0,25.0,комфорт,1021.6,1017.2,,,,,,2026-09-22 09:00:00,2026-09-22 13:00:00,2026,9
СВ,2.0,н/о,,н/о,24.6,12.3,46,26.0,26.0,жарко,1021.6,1017.2,,,,,,2026-09-22 12:00:00,2026-09-22 16:00:00,2026,9
З,1.0,н/о,,н/о,20.9,12.8,60,24.0,24.0,комфорт,1021.9,1017.5,,25.8,,,,2026-09-22 15:00:00,2026-09-22 19:00:00,2026,9
ЮВ,1.0,н/о,,н/о,16.0,13.4,85,17.0,17.0,тепло,1023.0,1018.4,,,,,,2026-09-22 18:00:00,2026-09-22 22:00:00,2026,9
Ю,1.0,н/о,,н/о,17.7,13.8,78,19.0,19.0,тепло,1022.4,1017.9,,,,,,2026-09-22 21:00:00,2026-09-23 01:00:00,2026,9
ЮВ,1.0,н/о,,н/о,16.7,12.5,76,18.0,18.0,тепло,1023.2,1018.6,,,,,,2026-09-23 00:00:00,2026-09-23 04:00:00,2026,9
штиль,0.0,н/о,,н/о,14.0,12.6,91,14.0,14.0,тепло,1024.0,1019.4,14.0,,,,,2026-09-23 03:00:00,2026-09-23 07:00:00,2026,9
В,2.0,н/о,,н/о,18.3,12.9,71,19.0,19.0,тепло,1024.8,1020.3,,,,,,2026-09-23 06:00:00,2026-09-23 10:00:00,2026,9
СВ,2.0,н/о,,н/о,24.9,15.5,56,28.0,28.0,жарко,1024.4,1020.0,,,,,,2026-09-23 09:00:00,2026-09-23 13:00:00,2026,9
ЮВ,2.0,н/о,,н/о,28.5,6.0,24,27.0,27.0,жарко,1023.6,1019.2,,,,,,2026-09-23 12:00:00,2026-09-23 16:00:00,2026,9
штиль,0.0,н/о,,н/о,17.5,14.2,81,17.0,17.0,тепло,1024.3,1019.8,,28.6,,,,2026-09-23 15:00:00,2026-09-23 19:00:00,2026,9
штиль,0.0,н/о,,н/о,13.6,13.2,97,13.0,13.0,тепло,1025.3,1020.8,,,,,,2026-09-23 18:00:00,2026-09-23 22:00:00,2026,9
Ю,1.0,н/о,,н/о,12.1,12.0,99,12.0,12.0,тепло,1025.9,1021.3,,,,,,2026-09-23 21:00:00,2026-09-24 01:00:00,2026,9
Ю,1.0,н/о,,н/о,10.9,10.7,99,10.0,10.0,тепло,1026.8,1022.2,,,,,,2026-09-24 00:00:00,2026-09-24 04:00:00,2026,9
Ю,1.0,н/о,,н/о,10.6,10.6,100,10.0,10.0,по сезону,1027.5,1022.9,9.7,,,,,2026-09-24 03:00:00,2026-09-24 07:00:00,2026,9
В,1.0,н/о,,н/о,18.6,12.4,67,20.0,20.0,тепло,1027.8,1023.3,,,,,,2026-09-24 06:00:00,2026-09-24 10:00:00,2026,9
СВ,2.0,н/о,,н/о,24.6,10.8,42,26.0,26.0,жарко,1027.1,1022.6,,,,,,2026-09-24 09:00:00,2026-09-24 13:00:00,2026,9
СВ,3.0,н/о,,н/о,25.9,8.5,33,26.0,26.0,жарко,1026.3,1021.9,,,,,,2026-09-24 12:00:00,2026-09-24 16:00:00,2026,9
штиль,0.0,н/о,,н/о,16.8,13.4,80,17.0,17.0,тепло,1026.2,1021.7,,26.2,,,,2026-09-24 15:00:00,2026-09-24 19:00:00,2026,9
штиль,0.0,н/о,,н/о,12.9,11.9,94,12.0,12.0,тепло,1026.9,1022.3,,,,,,2026-09-24 18:00:00,2026-09-24 22:00:00,2026,9
Ю,1.0,н/о,,н/о,13.0,12.2,95,13.0,13.0,тепло,1027.4,1022.8,,,,,,2026-09-24 21:00:00,2026-09-25 01:00:00,2026,9
Ю,1.0,н/о,,н/о,11.2,10.9,98,11.0,11.0,тепло,1027.4,1022.8,,,,,,2026-09-25 00:00:00,2026-09-25 04:00:00,2026,9
ЮВ,1.0,н/о,,н/о,10.2,10.0,99,10.0,10.0,тепло,1028.0,1023.3,9.8,,,,,2026-09-25 03:00:00,2026-09-25 07:00:00,2026,9
В,2.0,н/о,,н/о,17.6,12.1,70,18.0,18.0,тепло,1028.3,1023.8,,,,,,2026-09-25 06:00:00,2026-09-25 10:00:00,2026,9
СВ,2.0,н/о,,н/о,24.1,14.1,54,27.0,27.0,жарко,1028.0,1023.6,,,,,,2026-09-25 09:00:00,2026-09-25 13:00:00,2026,9
В,2.0,н/о,,н/о,25.8,9.0,35,26.0,26.0,жарко,1027.6,1023.2,,,,,,2026-09-25 12:00:00,2026-09-25 16:00:00,2026,9
штиль,0.0,н/о,,н/о,16.3,14.0,86,16.0,16.0,тепло,1028.1,1023.6,,26.5,,,,2026-09-25 15:00:00,2026-09-25 19:00:00,2026,9
штиль,0.0,н/о,,н/о,13.6,12.3,92,13.0,13.0,тепло,1029.1,1024.5,,,,,,2026-09-25 18:00:00,2026-09-25 22:00:00,2026,9
Ю,1.0,н/о,,н/о,12.1,11.2,94,12.0,12.0,тепло,1029.1,1024.5,,,,,,2026-09-25 21:00:00,2026-09-26 01:00:00,2026,9
штиль,0.0,н/о,,н/о,11.2,9.8,91,11.0,11.0,тепло,1030.1,1025.4,,,,,,2026-09-26 00:00:00,2026-09-26 04:00:00,2026,9
штиль,0.0,н/о,,н/о,11.4,11.3,99,11.0,11.0,тепло,1031.0,1026.4,8.6,,,,,2026-09-26 03:00:00,2026-09-26 07:00:00,2026,9
ЮВ,2.0,н/о,,н/о,18.7,9.7,56,20.0,20.0,тепло,1031.6,1027.1,,,,,,2026-09-26 06:00:00,2026-09-26 10:00:00,2026,9
ЮВ,2.0,н/о,,н/о,21.9,6.9,38,23.0,23.0,комфорт,1032.1,1027.6,,,,,,2026-09-26 09:00:00,2026-09-26 13:00:00,2026,9
ЮВ,3.0,н/о,,н/о,21.8,5.9,36,22.0,22.0,комфорт,1032.1,1027.6,,,,,,2026-09-26 12:00:00,2026-09-26 16:00:00,2026,9
Ю,3.0,н/о,,н/о,17.8,7.8,52,18.0,18.0,тепло,1032.3,1027.7,,22.3,,,,2026-09-26 15:00:00,2026-09-26 19:00:00,2026,9
штиль,0.0,н/о,,н/о,11.4,8.0,80,11.0,11.0,тепло,1033.4,1028.8,,,,,,2026-09-26 18:00:00,2026-09-26 22:00:00,2026,9
ЮВ,1.0,н/о,,н/о,9.4,8.5,94,9.0,9.0,тепло,1033.9,1029.2,,,,,,2026-09-26 21:00:00,2026-09-27 01:00:00,2026,9
штиль,0.0,н/о,,н/о,7.5,7.2,98,6.0,6.0,по сезону,1034.6,1029.9,,,,,,2026-09-27 00:00:00,2026-09-27 04:00:00,2026,9
ЮВ,1.0,н/о,,н/о,6.4,6.1,98,5.0,5.0,по сезону,1034.9,1030.1,6.1,,,,,2026-09-27 03:00:00,2026-09-27 07:00:00,2026,9
СВ,1.0,н/о,,н/о,16.1,8.9,62,17.0,17.0,тепло,1035.2,1030.6,,,,,,2026-09-27 06:00:00,2026-09-27 10:00:00,2026,9
Ю,1.0,н/о,,н/о,20.7,1.8,29,22.0,22.0,комфорт,1034.1,1029.5,,,,,,2026-09-27 09:00:00,2026-09-27 13:00:00,2026,9
Ю,1.0,н/о,,н/о,20.4,3.3,32,22.0,22.0,комфорт,1033.0,1028.5,,,,,,2026-09-27 12:00:00,2026-09-27 16:00:00,2026,9
штиль,0.0,н/о,,н/о,13.2,8.6,74,13.0,13.0,тепло,1032.8,1028.2,,21.7,,,,2026-09-27 15:00:00,2026-09-27 19:00:00,2026,9
штиль,0.0,н/о,,н/о,8.3,7.2,93,7.0,7.0,по сезону,1032.7,1028.0,,,,,,2026-09-27 18:00:00,2026-09-27 22:00:00,2026,9
Ю,1.0,н/о,,н/о,7.1,6.8,98,6.0,6.0,по сезону,1032.5,1027.7,,,,,,2026-09-27 21:00:00,2026-09-28 01:00:00,2026,9
Ю,1.0,н/о,,н/о,6.5,6.4,99,5.0,5.0,по сезону,1032.5,1027.8,,,,,,2026-09-28 00:00:00,2026-09-28 04:00:00,2026,9
Ю,1.0,н/о,,н/о,5.1,5.1,100,4.0,4.0,по сезону,1032.1,1027.3,4.7,,,,,2026-09-28 03:00:00,2026-09-28 07:00:00,2026,9
В,2.0,н/о,,н/о,15.4,8.9,65,15.0,15.0,тепло,1031.7,1027.1,,,,,,2026-09-28 06:00:00,2026-09-28 10:00:00,2026,9
В,2.0,н/о,,н/о,20.3,5.0,37,22.0,22.0,комфорт,1030.3,1025.8,,,,,,2026-09-28 09:00:00,2026-09-28 13:00:00,2026,9
СВ,2.0,н/о,,н/о,20.5,4.7,35,22.0,22.0,комфорт,1029.0,1024.5,,,,,,2026-09-28 12:00:00,2026-09-28 16:00:00,2026,9
З,1.0,н/о,,н/о,11.9,9.3,84,12.0,12.0,тепло,1029.0,1024.3,,21.1,,,,2026-09-28 15:00:00,2026-09-28 19:00:00,2026,9
Ю,1.0,н/о,,н/о,8.3,7.8,97,7.0,7.0,по сезону,1028.8,1024.1,,,,,,2026-09-28 18:00:00,2026-09-28 22:00:00,2026,9
ЮВ,1.0,н/о,,н/о,6.1,6.0,99,5.0,5.0,по сезону,1028.5,1023.8,,,,,,2026-09-28 21:00:00,2026-09-29 01:00:00,2026,9
Ю,1.0,н/о,,н/о,6.5,6.5,100,5.0,5.0,по сезону,1028.8,1024.0,,,,,,2026-09-29 00:00:00,2026-09-29 04:00:00,2026,9
Ю,1.0,н/о,,н/о,6.5,6.4,99,5.0,5.0,по сезону,1029.1,1024.4,5.5,,,,,2026-09-29 03:00:00,2026-09-29 07:00:00,2026,9
В,1.0,н/о,,н/о,13.3,7.8,69,14.0,14.0,тепло,1029.1,1024.5,,,,,,2026-09-29 06:00:00,2026-09-29 10:00:00,2026,9
В,2.0,н/о,,н/о,19.6,2.0,31,20.0,20.0,тепло,1028.1,1023.6,,,,,,2026-09-29 09:00:00,2026-09-29 13:00:00,2026,9
В,2.0,н/о,,н/о,19.7,1.8,30,21.0,21.0,комфорт,1027.6,1023.1,,,,,,2026-09-29 12:00:00,2026-09-29 16:00:00,2026,9
штиль,0.0,н/о,,н/о,10.6,6.8,77,10.0,10.0,тепло,1028.2,1023.6,,20.3,,,,2026-09-29 15:00:00,2026-09-29 19:00:00,2026,9
штиль,0.0,н/о,,н/о,7.0,6.1,94,6.0,6.0,по сезону,1028.5,1023.8,,,,,,2026-09-29 18:00:00,2026-09-29 22:00:00,2026,9
штиль,0.0,н/о,,н/о,4.6,4.5,99,3.0,3.0,по сезону,1028.8,1024.0,,,,,,2026-09-29 21:00:00,2026-09-30 01:00:00,2026,9
Ю,1.0,н/о,,н/о,3.9,3.9,100,2.0,2.0,по сезону,1028.9,1024.1,,,,,,2026-09-30 00:00:00,2026-09-30 04:00:00,2026,9
Ю,1.0,н/о,,н/о,3.1,3.1,100,1.0,1.0,холодно,1029.0,1024.2,2.6,,,,,2026-09-30 03:00:00,2026-09-30 07:00:00,2026,9
штиль,0.0,н/о,,н/о,12.2,5.6,64,12.0,12.0,тепло,1028.8,1024.1,,,,,,2026-09-30 06:00:00,2026-09-30 10:00:00,2026,9
СВ,1.0,н/о,,н/о,18.8,2.2,33,20.0,20.0,тепло,1027.5,1023.0,,,,,,2026-09-30 09:00:00,2026-09-30 13:00:00,2026,9
штиль,0.0,н/о,,н/о,20.3,-2.4,22,20.0,20.0,тепло,1026.1,1021.6,,,,,,2026-09-30 12:00:00,2026-09-30 16:00:00,2026,9
З,1.0,н/о,,н/о,9.6,5.9,78,9.0,9.0,по сезону,1026.0,1021.4,,20.6,,,,2026-09-30 15:00:00,2026-09-30 19:00:00,2026,9
СЗ,2.0,н/о,,н/о,8.4,6.3,87,6.0,6.0,по сезону,1025.9,1021.2,,,,,,2026-09-30 18:00:00,2026-09-30 22:00:00,2026,9
З,1.0,н/о,,н/о,8.0,7.8,99,7.0,7.0,по сезону,1025.8,1021.1,,,,,,2026-09-30 21:00:00,2026-10-01 01:00:00,2026,9
